<?xml version="1.0" encoding="UTF-8"?>
<!DOCTYPE article PUBLIC "-//NLM//DTD JATS (Z39.96) Journal Archiving and Interchange DTD with MathML3 v1.1d1 20130915//EN" "JATS-archivearticle1-mathml3.dtd"><article xmlns:mml="http://www.w3.org/1998/Math/MathML" xmlns:xlink="http://www.w3.org/1999/xlink" article-type="research-article" dtd-version="1.1d1" xml:lang="en">
<front id="meta-hdr">
<journal-meta>
<journal-id journal-id-type="publisher-id">SCM</journal-id>
<journal-id journal-id-type="doi">10.1108/SCM</journal-id>
<journal-title-group>
<journal-title>Supply Chain Management: An International Journal</journal-title>
<abbrev-journal-title abbrev-type="publisher">SCM</abbrev-journal-title>
</journal-title-group>
<issn publication-format="print">1359-8546</issn>
<issn publication-format="online">1359-8546</issn>
<publisher>
<publisher-name>Emerald Publishing Limited</publisher-name>
</publisher>
</journal-meta>
<article-meta id="art-meta">
<article-id pub-id-type="publisher-id">698565</article-id>
<article-id pub-id-type="doi">10.1108/SCM-05-2022-0209</article-id>
<article-id pub-id-type="original-pdf">SCM-05-2022-0209.pdf</article-id>
<article-id pub-id-type="filename">SCM-05-2022-0209</article-id>
<article-categories>
<subj-group subj-group-type="type-of-publication">
<compound-subject>
<compound-subject-part content-type="code">research-article</compound-subject-part>
<compound-subject-part content-type="label">Research paper</compound-subject-part>
</compound-subject>
</subj-group>
<subj-group subj-group-type="subject">
<compound-subject>
<compound-subject-part content-type="code">cat-MSOP</compound-subject-part>
<compound-subject-part content-type="label">Management science &amp; operations</compound-subject-part>
</compound-subject>
<subj-group subj-group-type="subject">
<compound-subject>
<compound-subject-part content-type="code"/>
<compound-subject-part content-type="label"> Supply chain management</compound-subject-part>
</compound-subject>
</subj-group>
</subj-group>
</article-categories>
<title-group>
<article-title xml:lang="en">Managing asymmetrical supply chain relationships: psychological ownership and commitment in the agri-food sector</article-title>
</title-group>
<contrib-group>
<contrib corresp="yes" contrib-type="author">
<name-alternatives>
<name name-style="western"><surname>Suvanto</surname><given-names>Hannele</given-names></name>
<string-name name-style="western"><given-names>Hannele</given-names> <surname>Suvanto</surname>
</string-name>
</name-alternatives><email>hannele.suvanto@helsinki.fi</email><xref ref-type="aff" rid="aff1"/>
</contrib>
<contrib contrib-type="author">
<name-alternatives>
<name name-style="western"><surname>Lähdesmäki</surname><given-names>Merja</given-names></name>
<string-name name-style="western"><given-names>Merja</given-names> <surname>Lähdesmäki</surname>
</string-name>
</name-alternatives><email>merja.lahdesmaki@helsinki.fi</email><xref ref-type="aff" rid="aff1"/>
</contrib>
<aff id="aff1">Faculty of Agriculture and Forestry, Ruralia Institute, <institution-wrap><institution>University of Helsinki</institution></institution-wrap>, Seinäjoki, <country country="FI">Finland</country></aff>
</contrib-group>
<author-notes>
<corresp id="cor1">Hannele Suvanto can be contacted at: <ext-link ext-link-type="email" xlink:href="mailto:hannele.suvanto@helsinki.fi">hannele.suvanto@helsinki.fi</ext-link></corresp></author-notes>
<pub-date publication-format="electronic" date-type="pub" iso-8601-date="2023-02-28"><day>28</day><month>02</month><year>2023</year></pub-date>
<pub-date publication-format="print" date-type="pub" iso-8601-date="2023-12-18"><day>18</day><month>12</month><year>2023</year></pub-date>
<volume>28</volume><issue>7</issue>
<fpage>15</fpage><lpage>27</lpage>
<history>
<date date-type="received" iso-8601-date="2022-05-30"><day>30</day><month>05</month><year>2022</year></date>
<date date-type="revised" iso-8601-date="2022-10-03"><day>03</day><month>10</month><year>2022</year></date>
<date date-type="revised" iso-8601-date="2022-12-19"><day>19</day><month>12</month><year>2022</year></date>
<date date-type="revised" iso-8601-date="2022-12-30"><day>30</day><month>12</month><year>2022</year></date>
<date date-type="accepted" iso-8601-date="2023-01-03"><day>03</day><month>01</month><year>2023</year></date>
</history>
<permissions>
<copyright-statement>© Hannele Suvanto and Merja Lähdesmäki.</copyright-statement>
<copyright-year>2023</copyright-year>
<copyright-holder>Hannele Suvanto and Merja Lähdesmäki.</copyright-holder>
<license license-type="open-access">
<license-p>Published by Emerald Publishing Limited. This article is published under the Creative Commons Attribution (CC BY 4.0) licence. Anyone may reproduce, distribute, translate and create derivative works of this article (for both commercial &amp; non-commercial purposes), subject to full attribution to the original publication and authors. The full terms of this licence may be seen at <ext-link ext-link-type="uri" xlink:href="http://creativecommons.org/licences/by/4.0/legalcode">http://creativecommons.org/licences/by/4.0/legalcode</ext-link></license-p>
</license>
</permissions>
<self-uri content-type="pdf" xlink:href="SCM-05-2022-0209.pdf"/>
<abstract abstract-type="structured" id="abstr1" xml:lang="en">
<sec>
<title content-type="abstract-subheading">Purpose</title>
<p>In this paper, the authors integrate the psychological ownership theory with the concept of commitment to contribute to the discussion on agricultural supply chain management. The purpose of this study is to examine how farmers experience their commitment to the business relationship with the processor and how this is conveyed through the routes of psychological ownership.</p>
</sec>
<sec>
<title content-type="abstract-subheading">Design/methodology/approach</title>
<p>The empirical data are based on 14 in-depth face-to-face Finnish farmer interviews. To understand the farmers’ routes to psychological ownership, the critical incidents technique was used.</p>
</sec>
<sec>
<title content-type="abstract-subheading">Findings</title>
<p>According to the three routes to psychological ownership – control, profound knowledge and self-investment – the authors argue that farmers mainly consider their routes to be more or less blocked because of the asymmetrical power and information distribution in the business relationship with the processor. Furthermore, based on farmers’ perceptions of psychological ownership, the authors provide a farmer typology that reflects in the farmers’ willingness to commit to the business relationship. The identified types are named as satisfied, captives and leavers.</p>
</sec>
<sec>
<title content-type="abstract-subheading">Originality/value</title>
<p>By integrating the theory of psychological ownership with the concept of commitment, this study provides a more robust understanding of how farmers experience their commitment to the business relationship, thus, contributing to the literature on supply chain management in the agri-food business context. Implementation of these findings can help business partners to proactively improve their business relationships through the perceived level of commitment and to deal with critical incidents influencing the effectiveness of the whole chain.</p>
</sec>
</abstract>
<kwd-group kwd-group-type="author-generated" xml:lang="en"><kwd>Agriculture</kwd><x xml:space="preserve">, </x><kwd>Asymmetry</kwd><x xml:space="preserve">, </x><kwd>Channel relationships</kwd><x xml:space="preserve">, </x><kwd>Commitment</kwd><x xml:space="preserve">, </x><kwd>Communication</kwd><x xml:space="preserve">, </x><kwd>Critical incident</kwd><x xml:space="preserve">, </x><kwd>Food chain</kwd><x xml:space="preserve">, </x><kwd>Food industry</kwd><x xml:space="preserve">, </x><kwd>Supply chain management</kwd><x xml:space="preserve">, </x><kwd>Typology</kwd>
</kwd-group>
<counts>
<fig-count count="1"/>
<table-count count="1"/>
<equation-count count="0"/>
<ref-count count="81"/>
<page-count count="13"/>
<word-count count="11845"/>
</counts>
<custom-meta-group>
<custom-meta>
<meta-name>copyright-code</meta-name>
<meta-value>Z</meta-value>
</custom-meta>
<custom-meta>
<meta-name>deliverables</meta-name>
<meta-value>Web-ready article package</meta-value>
</custom-meta>
<custom-meta>
<meta-name>peer-reviewed</meta-name>
<meta-value>Yes</meta-value>
</custom-meta>
<custom-meta>
<meta-name>academic-content</meta-name>
<meta-value>Yes</meta-value>
</custom-meta>
<custom-meta>
<meta-name>EContentType</meta-name>
<meta-value>JOURNAL</meta-value>
</custom-meta>
<custom-meta>
<meta-name>rightslink</meta-name>
<meta-value>excluded</meta-value>
</custom-meta>
</custom-meta-group>
</article-meta>
</front>

<back>

<ref-list id="refs1">
<title>References</title>
<ref id="ref001"><mixed-citation publication-type="journal"><person-group person-group-type="author"><string-name><surname>Achrol</surname>, <given-names>R.</given-names></string-name></person-group> (<year>1997</year>), “<article-title>Changes in theory of interorganizational relations in marketing: towards a network paradigm</article-title> ”, <source>Journal of the Academy of Marketing Science</source>, Vol. <volume>25</volume> No. <issue>1</issue>, pp. <fpage>56</fpage>-<lpage>71</lpage>, doi: <pub-id pub-id-type="doi">10.1177/0092070397251006</pub-id>.</mixed-citation></ref>
<ref id="ref002"><mixed-citation publication-type="journal"><person-group person-group-type="author"><string-name><surname>Allen</surname>, <given-names>N.J.</given-names></string-name> and <string-name><surname>Meyer</surname>, <given-names>J.P.</given-names></string-name></person-group> (<year>1990</year>), “<article-title>The measurement and antecedents of affective, continuance and normative commitment to the organization</article-title>”, <source>Journal of Occupational Psychology</source>, Vol. <volume>63</volume> No. <issue>1</issue>, pp. <fpage>1</fpage>-<lpage>18</lpage>, doi: <pub-id pub-id-type="doi">10.1111/j.2044-8325.1990.tb00506.x</pub-id>.</mixed-citation></ref>
<ref id="ref003"><mixed-citation publication-type="journal"><person-group person-group-type="author"><string-name><surname>Asatryan</surname>, <given-names>V.S.</given-names></string-name> and <string-name><surname>Oh</surname>, <given-names>H.</given-names></string-name></person-group> (<year>2008</year>), “<article-title>Psychological ownership theory: an exploratory application in the restaurant industry</article-title>”, <source>Journal of Hospitality &amp; Tourism Research</source>, Vol. <volume>32</volume> No. <issue>3</issue>, pp. <fpage>363</fpage>-<lpage>386</lpage>, doi: <pub-id pub-id-type="doi">10.1177/1096348008317391</pub-id>.</mixed-citation></ref>
<ref id="ref004"><mixed-citation publication-type="journal"><person-group person-group-type="author"><string-name><surname>Bendapudi</surname>, <given-names>N.</given-names></string-name> and <string-name><surname>Berry</surname>, <given-names>L.</given-names></string-name></person-group> (<year>1997</year>), “<article-title>Customers' motivations for maintaining relationships with service providers</article-title>”, <source>Journal of Retailing</source>, Vol. <volume>73</volume> No. <issue>1</issue>, pp. <fpage>15</fpage>-<lpage>37</lpage>, doi: <pub-id pub-id-type="doi">10.1016/S0022-4359(97)90013-0</pub-id>.</mixed-citation></ref>
<ref id="ref005"><mixed-citation publication-type="journal"><person-group person-group-type="author"><string-name><surname>Berry</surname>, <given-names>L.L.</given-names></string-name></person-group> (<year>1995</year>), “<article-title>Relationship marketing of services – growing interest, emerging perspectives</article-title>”, <source>Journal of the Academy of Marketing Science</source>, Vol. <volume>23</volume> No. <issue>4</issue>, pp. <fpage>236</fpage>-<lpage>245</lpage>, doi: <pub-id pub-id-type="doi">10.1177/009207039502300402</pub-id>.</mixed-citation></ref>
<ref id="ref006"><mixed-citation publication-type="journal"><person-group person-group-type="author"><string-name><surname>Buchanan</surname>, <given-names>L.</given-names></string-name></person-group> (<year>1992</year>), “<article-title>Vertical trade relationships: the role of dependence and symmetry in attaining organizational goals</article-title>”, <source>Journal of Marketing Research</source>, Vol. <volume>29</volume> No. <issue>1</issue>, pp. <fpage>65</fpage>-<lpage>75</lpage>, doi: <pub-id pub-id-type="doi">10.1177/002224379202900106</pub-id>.</mixed-citation></ref>
<ref id="ref007"><mixed-citation publication-type="journal"><person-group person-group-type="author"><string-name><surname>Caceres</surname>, <given-names>R.C.</given-names></string-name> and <string-name><surname>Paparoidamis</surname>, <given-names>N.G.</given-names></string-name></person-group> (<year>2007</year>), “<article-title>Service quality, relationship satisfaction, trust, commitment and business‐to‐business loyalty</article-title>”, <source>European Journal of Marketing</source>, Vol. <volume>41</volume> Nos <issue>7/8</issue>, pp. <fpage>836</fpage>-<lpage>837</lpage>, doi: <pub-id pub-id-type="doi">10.1108/03090560710752429</pub-id>.</mixed-citation></ref>
<ref id="ref008"><mixed-citation publication-type="journal"><person-group person-group-type="author"><string-name><surname>Cechin</surname>, <given-names>A.</given-names></string-name>, <string-name><surname>Bijman</surname>, <given-names>J.</given-names></string-name>, <string-name><surname>Pascucci</surname>, <given-names>S.</given-names></string-name> and <string-name><surname>Omta</surname>, <given-names>O.</given-names></string-name></person-group> (<year>2013</year>), “<article-title>Decomposing the member relationship in agricultural cooperatives: implications for commitment</article-title>”, <source>Agribusiness</source>, Vol. <volume>29</volume> No. <issue>1</issue>, pp. <fpage>39</fpage>-<lpage>61</lpage>, doi: <pub-id pub-id-type="doi">10.1002/agr.21321</pub-id>.</mixed-citation></ref>
<ref id="ref009"><mixed-citation publication-type="book"><person-group person-group-type="author"><string-name><surname>Chell</surname>, <given-names>E.</given-names></string-name></person-group> (<year>2004</year>), “<article-title>Critical incident technique</article-title>”, in <person-group person-group-type="editor"><string-name><surname>Cassell</surname>, <given-names>C.a.S.Gillian</given-names></string-name></person-group> (Ed.) <source>Essential Guide to Qualitative Methods in Organisation Studies</source>, <publisher-name>SAGE Publications</publisher-name>, <publisher-loc>London</publisher-loc>.</mixed-citation></ref>
<ref id="ref010"><mixed-citation publication-type="book"><person-group person-group-type="author"><string-name><surname>Csikszentmihalyi</surname>, <given-names>M.</given-names></string-name> and <string-name><surname>Rochberg-Halton</surname>, <given-names>E.</given-names></string-name></person-group> (<year>1981</year>), <source>The Meaning of Things: Domestic Symbols and the Self</source>, <publisher-name>Cambridge University Press</publisher-name>, <publisher-loc>Cambridge</publisher-loc>.</mixed-citation></ref>
<ref id="ref011"><mixed-citation publication-type="journal"><person-group person-group-type="author"><string-name><surname>Dania</surname>, <given-names>W.</given-names></string-name>, <string-name><surname>Xing</surname>, <given-names>K.</given-names></string-name>, <string-name><surname>Amer</surname></string-name>,. and <string-name><given-names>Y.</given-names></string-name>,.<string-name><given-names>A.P.</given-names></string-name></person-group> (<year>2018</year>), “<article-title>Collaboration behavioural factors for sustainable agri-food supply chains: a systematic review</article-title>”, <source>Journal of Cleaner Production</source>, Vol. <volume>186</volume>, pp. <fpage>851</fpage>-<lpage>864</lpage>, doi: <pub-id pub-id-type="doi">10.1016/j.jclepro.2018.03.148</pub-id>.</mixed-citation></ref>
<ref id="ref012"><mixed-citation publication-type="journal"><person-group person-group-type="author"><string-name><surname>De Rosa</surname>, <given-names>M.</given-names></string-name>, <string-name><surname>McElwee</surname>, <given-names>G.</given-names></string-name> and <string-name><surname>Smith</surname>, <given-names>R.</given-names></string-name></person-group> (<year>2019</year>), “<article-title>Farm diversification strategies in response to rural policy: a case from rural Italy</article-title>”, <source>Land Use Policy</source>, Vol. <volume>81</volume>, pp. <fpage>291</fpage>-<lpage>301</lpage>, doi: <pub-id pub-id-type="doi">10.1016/j.landusepol.2018.11.006</pub-id>.</mixed-citation></ref>
<ref id="ref013"><mixed-citation publication-type="book"><person-group person-group-type="author"><string-name><surname>Dittmar</surname>, <given-names>H.</given-names></string-name></person-group> (<year>1992</year>), <source>The Social Psychology of Material Possessions: To Have Is to Be</source>, <publisher-name>St Martin's Press</publisher-name>, <publisher-loc>New York, NY</publisher-loc>.</mixed-citation></ref>
<ref id="ref014"><mixed-citation publication-type="journal"><person-group person-group-type="author"><string-name><surname>Eksoz</surname>, <given-names>C.</given-names></string-name>, <string-name><surname>Mansouri</surname>, <given-names>S.A.</given-names></string-name> and <string-name><surname>Bourlakis</surname>, <given-names>M.</given-names></string-name></person-group> (<year>2014</year>), “<article-title>Collaborative forecasting in the food supply chain: a conceptual framework</article-title>”, <source>International Journal of Production Economics</source>, Vol. <volume>158</volume>, pp. <fpage>120</fpage>-<lpage>135</lpage>, doi: <pub-id pub-id-type="doi">10.1016/j.ijpe.2014.07.031</pub-id>.</mixed-citation></ref>
<ref id="ref015"><mixed-citation publication-type="journal"><person-group person-group-type="author"><string-name><surname>Fawcett</surname>, <given-names>S.E.</given-names></string-name>, <string-name><surname>Magnan</surname>, <given-names>G.M.</given-names></string-name> and <string-name><surname>McCarter</surname>, <given-names>M.W.</given-names></string-name></person-group> (<year>2008</year>), “<article-title>Supply chain alliances and social dilemmas: bridging the barriers that impede collaboration</article-title>”, <source>International Journal of Procurement Management</source>, Vol. <volume>1</volume> No. <issue>3</issue>, pp. <fpage>318</fpage>-<lpage>341</lpage>.</mixed-citation></ref>
<ref id="ref016"><mixed-citation publication-type="journal"><person-group person-group-type="author"><string-name><surname>Fawcett</surname>, <given-names>S.E.</given-names></string-name>, <string-name><surname>Ogden</surname>, <given-names>J.A.</given-names></string-name>, <string-name><surname>Magnan</surname>, <given-names>G.M.</given-names></string-name> and <string-name><surname>Cooper</surname>, <given-names>M.B.</given-names></string-name></person-group> (<year>2006</year>), “<article-title>Organizational commitment and governance for supply chain success</article-title>”, <source>International Journal of Physical Distribution &amp; Logistics Management</source>, Vol. <volume>36</volume> No. <issue>1</issue>, pp. <fpage>22</fpage>-<lpage>35</lpage>, doi: <pub-id pub-id-type="doi">10.1108/09600030610642913</pub-id>.</mixed-citation></ref>
<ref id="ref017"><mixed-citation publication-type="journal"><person-group person-group-type="author"><string-name><surname>Fawcett</surname>, <given-names>S.E.</given-names></string-name>, <string-name><surname>Fawcett</surname>, <given-names>A.M.</given-names></string-name>, <string-name><surname>Knemeyer</surname>, <given-names>A.M.</given-names></string-name>, <string-name><surname>Brockhaus</surname>, <given-names>S.</given-names></string-name> and <string-name><surname>Webb</surname>, <given-names>G.S.</given-names></string-name></person-group> (<year>2021</year>), “<article-title>Overcoming the collaborative challenge: commitment as a super-ordinate enabler of value co-creation</article-title>”, <source>International Journal of Physical Distribution &amp; Logistics Management</source>, Vol. <volume>51</volume> No. <issue>9</issue>, pp. <fpage>1022</fpage>-<lpage>1047</lpage>, doi: <pub-id pub-id-type="doi">10.1108/IJPDLM-12-2020-0390</pub-id>.</mixed-citation></ref>
<ref id="ref018"><mixed-citation publication-type="journal"><person-group person-group-type="author"><string-name><surname>Fischer</surname>, <given-names>C.</given-names></string-name></person-group> (<year>2013</year>), “<article-title>Trust and communication in European agri‐food chains</article-title>”, <source>Supply Chain Management: An International Journal</source>, Vol. <volume>18</volume> No. <issue>2</issue>, pp. <fpage>208</fpage>-<lpage>218</lpage>, doi: <pub-id pub-id-type="doi">10.1108/13598541311318836</pub-id>.</mixed-citation></ref>
<ref id="ref019"><mixed-citation publication-type="journal"><person-group person-group-type="author"><string-name><surname>Fischer</surname>, <given-names>C.</given-names></string-name>, <string-name><surname>Hartmann</surname>, <given-names>M.</given-names></string-name>, <string-name><surname>Bavorova</surname>, <given-names>M.</given-names></string-name>, <string-name><surname>Hockmann</surname>, <given-names>H.</given-names></string-name>, <string-name><surname>Suvanto</surname>, <given-names>H.</given-names></string-name>, <string-name><surname>Viitaharju</surname>, <given-names>L.</given-names></string-name>, <string-name><surname>Leat</surname>, <given-names>P.</given-names></string-name>, <string-name><surname>Revoredo-Giha</surname>, <given-names>C.</given-names></string-name>, <string-name><surname>Henchion</surname>, <given-names>M.</given-names></string-name>, <string-name><surname>McGee</surname>, <given-names>C.</given-names></string-name>, <string-name><surname>Dybowski</surname>, <given-names>G.</given-names></string-name> and <string-name><surname>Kobuszynska</surname>, <given-names>M.</given-names></string-name></person-group> (<year>2008</year>), “<article-title>Economic relationships and B2b communication in selected European Agri-Food Chains – first emprical evidence</article-title>”, <source>International Food and Agribusiness Management Review</source>, Vol. <volume>11</volume> No. <issue>2</issue>, pp. <fpage>74</fpage>-<lpage>100</lpage>, doi: <pub-id pub-id-type="doi">10.22004/ag.econ.53645</pub-id>.</mixed-citation></ref>
<ref id="ref020"><mixed-citation publication-type="journal"><person-group person-group-type="author"><string-name><surname>Flanagan</surname>, <given-names>J.C.</given-names></string-name></person-group> (<year>1954</year>), “<article-title>The critical incident technique</article-title>”, <source>Psychological Bulletin</source>, Vol. <volume>51</volume> No. <issue>4</issue>, pp. <fpage>327</fpage>-<lpage>358</lpage>, doi: <pub-id pub-id-type="doi">10.1037/h0061470</pub-id>.</mixed-citation></ref>
<ref id="ref021"><mixed-citation publication-type="journal"><person-group person-group-type="author"><string-name><surname>Fu</surname>, <given-names>S.</given-names></string-name>, <string-name><surname>Han</surname>, <given-names>Z.</given-names></string-name> and <string-name><surname>Huo</surname>, <given-names>B.</given-names></string-name></person-group> (<year>2017</year>), “<article-title>Relational enablers of information sharing: evidence from Chinese food supply chains</article-title>”, <source>Industrial Management &amp; Data Systems</source>, Vol. <volume>117</volume> No. <issue>5</issue>, pp. <fpage>838</fpage>-<lpage>852</lpage>, doi: <pub-id pub-id-type="doi">10.1108/IMDS-04-2016-0144</pub-id>.</mixed-citation></ref>
<ref id="ref022"><mixed-citation publication-type="journal"><person-group person-group-type="author"><string-name><surname>Fu</surname>, <given-names>S.</given-names></string-name>, <string-name><surname>Li</surname>, <given-names>Z.</given-names></string-name>, <string-name><surname>Wang</surname>, <given-names>B.</given-names></string-name>, <string-name><surname>Han</surname>, <given-names>Z.</given-names></string-name> and <string-name><surname>Huo</surname>, <given-names>B.</given-names></string-name></person-group> (<year>2018</year>), “<article-title>Cooperative behavior between companies and contract farmers in Chinese agricultural supply chains: relational antecedents and consequences</article-title>”, <source>Industrial Management &amp; Data Systems</source>, Vol. <volume>118</volume> No. <issue>5</issue>, pp. <fpage>1033</fpage>-<lpage>1051</lpage>, doi: <pub-id pub-id-type="doi">10.1108/IMDS-05-2017-0194</pub-id>.</mixed-citation></ref>
<ref id="ref023"><mixed-citation publication-type="journal"><person-group person-group-type="author"><string-name><surname>Gao</surname>, <given-names>T.</given-names></string-name>, <string-name><surname>Sirgy</surname>, <given-names>M.J.</given-names></string-name> and <string-name><surname>Bird</surname>, <given-names>M.M.</given-names></string-name></person-group> (<year>2005</year>), “<article-title>Reducing buyer decision-making uncertainty in organizational purchasing: can supplier trust, commitment, and dependence help?</article-title>”, <source>Journal of Business Research</source>, Vol. <volume>58</volume> No. <issue>4</issue>, pp. <fpage>397</fpage>-<lpage>405</lpage>, doi: <pub-id pub-id-type="doi">10.1016/S0148-2963(03)00137-1</pub-id>.</mixed-citation></ref>
<ref id="ref024"><mixed-citation publication-type="journal"><person-group person-group-type="author"><string-name><surname>Gaski</surname>, <given-names>J.F.</given-names></string-name></person-group> (<year>1984</year>), “<article-title>The theory of power and conflict in channels of distribution</article-title>”, <source>Journal of Marketing</source>, Vol. <volume>48</volume> No. <issue>3</issue>, pp. <fpage>9</fpage>-<lpage>29</lpage>, doi: <pub-id pub-id-type="doi">10.1177/002224298404800303</pub-id>.</mixed-citation></ref>
<ref id="ref025"><mixed-citation publication-type="journal"><person-group person-group-type="author"><string-name><surname>Glavee-Geo</surname>, <given-names>R.</given-names></string-name>, <string-name><surname>Engelseth</surname>, <given-names>P.</given-names></string-name> and <string-name><surname>Buvik</surname>, <given-names>A.</given-names></string-name></person-group> (<year>2021</year>), “<article-title>Power imbalance and the dark side of the captive Agri-Food supplier–buyer relationship</article-title>”, <source>Journal of Business Ethics</source>, Vol. <volume>178</volume> No. <issue>3</issue>, p. <fpage>20</fpage>, doi: <pub-id pub-id-type="doi">10.1007/s10551-021-04791-7</pub-id>.</mixed-citation></ref>
<ref id="ref026"><mixed-citation publication-type="journal"><person-group person-group-type="author"><string-name><surname>Gonzalez</surname>, <given-names>C.G.</given-names></string-name></person-group> (<year>2011</year>), “<article-title>Climate change, food security, and agrobiodiversity: toward a just, resilient, and sustainable food system</article-title>”, <source>Fordham Environmental Law Review</source>, Vol. <volume>22</volume> No. <issue>3</issue>, pp. <fpage>493</fpage>-<lpage>522</lpage>, <comment>available at: <ext-link ext-link-type="uri" xlink:href="http://www.jstor.org/stable/44175833">www.jstor.org/stable/44175833</ext-link></comment></mixed-citation></ref>
<ref id="ref027"><mixed-citation publication-type="journal"><person-group person-group-type="author"><string-name><surname>Gosling</surname>, <given-names>J.</given-names></string-name>, <string-name><surname>Jia</surname>, <given-names>F.</given-names></string-name>, <string-name><surname>Gong</surname>, <given-names>Y.</given-names></string-name> and <string-name><surname>Brown</surname>, <given-names>S.</given-names></string-name></person-group> (<year>2016</year>), “<article-title>The role of supply chain leadership in the learning of sustainable practice: toward an integrated framework</article-title>”, <source>Journal of Cleaner Production</source>, Vol. <volume>137</volume> No. <issue>20</issue>, pp. <fpage>1458</fpage>-<lpage>1469</lpage>, doi: <pub-id pub-id-type="doi">10.1016/j.jclepro.2014.10.029</pub-id>.</mixed-citation></ref>
<ref id="ref028"><mixed-citation publication-type="journal"><person-group person-group-type="author"><string-name><surname>Gundlach</surname>, <given-names>G.T.</given-names></string-name>, <string-name><surname>Achrol</surname>, <given-names>R.S.</given-names></string-name> and <string-name><surname>Mentzer</surname>, <given-names>J.T.</given-names></string-name></person-group> (<year>1995</year>), “<article-title>The structure of commitment in exchange</article-title>”, <source>Journal of Marketing</source>, Vol. <volume>59</volume> No. <issue>1</issue>, pp. <fpage>78</fpage>-<lpage>92</lpage>, doi: <pub-id pub-id-type="doi">10.1177/002224299505900107</pub-id>.</mixed-citation></ref>
<ref id="ref029"><mixed-citation publication-type="confproc"><person-group person-group-type="author"><string-name><surname>Hall</surname>, <given-names>A.</given-names></string-name></person-group> (<year>2005</year>), “<article-title>Beyond the legal: psychological ownership and responsibility in the family business</article-title>”, <source>Family Business Network 16th Annual World Conference 2005 Brussels</source>, <publisher-loc>Belgium</publisher-loc>.</mixed-citation></ref>
<ref id="ref030"><mixed-citation publication-type="journal"><person-group person-group-type="author"><string-name><surname>Helper</surname>, <given-names>S.</given-names></string-name></person-group> (<year>1991</year>), “<article-title>Strategy and irreversibility in supplier relations: the case of the us automobile industry</article-title>”, <source>Business History Review</source>, Vol. <volume>65</volume> No. <issue>4</issue>, pp. <fpage>781</fpage>-<lpage>824</lpage>, doi: <pub-id pub-id-type="doi">10.2307/3117265</pub-id>.</mixed-citation></ref>
<ref id="ref031"><mixed-citation publication-type="journal"><person-group person-group-type="author"><string-name><surname>Hingley</surname>, <given-names>M.K.</given-names></string-name></person-group> (<year>2005</year>), “<article-title>Power imbalance in UK Agri-Food supply channels: learning to live with the supermarkets?</article-title>”, <source>Journal of Marketing Management</source>, Vol. <volume>21</volume> Nos <issue>1/2</issue>, pp. <fpage>62</fpage>-<lpage>88</lpage>, doi: <pub-id pub-id-type="doi">10.1362/0267257053166758</pub-id>.</mixed-citation></ref>
<ref id="ref032"><mixed-citation publication-type="journal"><person-group person-group-type="author"><string-name><surname>Hoejmose</surname>, <given-names>S.U.</given-names></string-name>, <string-name><surname>Grosvold</surname>, <given-names>J.</given-names></string-name> and <string-name><surname>Millington</surname>, <given-names>A.</given-names></string-name></person-group> (<year>2013</year>), “<article-title>Socially responsible supply chains: power asymmetries and joint dependence</article-title>”, <source>Supply Chain Management: An International Journal</source>, Vol. <volume>18</volume> No. <issue>3</issue>, pp. <fpage>277</fpage>-<lpage>291</lpage>, doi: <pub-id pub-id-type="doi">10.1108/SCM-01-2012-0033</pub-id>.</mixed-citation></ref>
<ref id="ref033"><mixed-citation publication-type="web"><person-group person-group-type="author"><collab>KPMG</collab></person-group> (<year>2013</year>), “<article-title>The agricultural and food value chain: entering a new era of cooperation: KPMG international cooperative</article-title>”, <comment>available at: <ext-link ext-link-type="uri" xlink:href="http://www.assets.kpmg/content/dam/kpmg/pdf/2013/06/agricultural-and-food-value-chain-v2.pdf">www.assets.kpmg/content/dam/kpmg/pdf/2013/06/agricultural-and-food-value-chain-v2.pdf</ext-link></comment> (accessed <date-in-citation content-type="access-date">29 November 2021</date-in-citation>).</mixed-citation></ref>
<ref id="ref034"><mixed-citation publication-type="journal"><person-group person-group-type="author"><string-name><surname>Kumar</surname>, <given-names>N.</given-names></string-name>, <string-name><surname>Scheer</surname>, <given-names>L.K.</given-names></string-name>, <string-name><surname>Steenkamp</surname></string-name>,. and <string-name><given-names>J.-B.</given-names></string-name>,.<string-name><given-names>E.M.</given-names></string-name></person-group> (<year>1995</year>), “<article-title>The effects of perceived interdependence on dealer attitudes</article-title>”, <source>Journal of Marketing Research</source>, Vol. <volume>32</volume> No. <issue>3</issue>, pp. <fpage>348</fpage>-<lpage>356</lpage>, doi: <pub-id pub-id-type="doi">10.1177/002224379503200309</pub-id>.</mixed-citation></ref>
<ref id="ref035"><mixed-citation publication-type="journal"><person-group person-group-type="author"><string-name><surname>Kwon</surname>, <given-names>I.-W.G.</given-names></string-name> and <string-name><surname>Suh</surname>, <given-names>T.</given-names></string-name></person-group> (<year>2004</year>), “<article-title>Factors affecting the level of trust and commitment in supply chain relationships</article-title>”, <source>The Journal of Supply Chain Management</source>, Vol. <volume>40</volume> No. <issue>2</issue>, pp. <fpage>4</fpage>-<lpage>14</lpage>, doi: <pub-id pub-id-type="doi">10.1111/j.1745-493X.2004.tb00165.x</pub-id>.</mixed-citation></ref>
<ref id="ref036"><mixed-citation publication-type="journal"><person-group person-group-type="author"><string-name><surname>Kwon</surname>, <given-names>I.W.G.</given-names></string-name> and <string-name><surname>Suh</surname>, <given-names>T.</given-names></string-name></person-group> (<year>2005</year>), “<article-title>Trust, commitment and relationships in supply chain management: a path analysis</article-title>”, <source>Supply Chain Management: An International Journal</source>, Vol. <volume>10</volume> No. <issue>1</issue>, pp. <fpage>26</fpage>-<lpage>33</lpage>, doi: <pub-id pub-id-type="doi">10.1108/13598540510578351</pub-id>.</mixed-citation></ref>
<ref id="ref037"><mixed-citation publication-type="journal"><person-group person-group-type="author"><string-name><surname>Lees</surname>, <given-names>N.J.</given-names></string-name> and <string-name><surname>Nuthall</surname>, <given-names>P.</given-names></string-name></person-group> (<year>2015</year>), “<article-title>Case study analysis on supplier commitment to added value agri-food supply chains in New Zealand</article-title>”, <source>Agricultural and Food Economics</source>, Vol. <volume>3</volume> No. <issue>1</issue>, pp. <fpage>1</fpage>-<lpage>16</lpage>, doi: <pub-id pub-id-type="doi">10.1186/s40100-014-0024-z</pub-id>.</mixed-citation></ref>
<ref id="ref038"><mixed-citation publication-type="journal"><person-group person-group-type="author"><string-name><surname>Letizia</surname>, <given-names>P.</given-names></string-name> and <string-name><surname>Hendrikse</surname>, <given-names>G.</given-names></string-name></person-group> (<year>2016</year>), “<article-title>Supply chain structure incentives for corporate social responsibility: an incomplete contracting analysis</article-title>”, <source>Production and Operations Management</source>, Vol. <volume>25</volume> No. <issue>11</issue>, pp. <fpage>1919</fpage>-<lpage>1941</lpage>, doi: <pub-id pub-id-type="doi">10.1111/poms.12585</pub-id>.</mixed-citation></ref>
<ref id="ref039"><mixed-citation publication-type="journal"><person-group person-group-type="author"><string-name><surname>Li</surname>, <given-names>J.</given-names></string-name>, <string-name><surname>Yuan</surname>, <given-names>L.</given-names></string-name>, <string-name><surname>Ning</surname>, <given-names>L.</given-names></string-name> and <string-name><surname>Li-Ying</surname>, <given-names>J.</given-names></string-name></person-group> (<year>2015</year>), “<article-title>Knowledge sharing and affective commitment: the mediating role of psychological ownership</article-title>”, <source>Journal of Knowledge Management</source>, Vol. <volume>19</volume> No. <issue>6</issue>, pp. <fpage>1146</fpage>-<lpage>1166</lpage>, doi: <pub-id pub-id-type="doi">10.1108/JKM-01-2015-0043</pub-id>.</mixed-citation></ref>
<ref id="ref040"><mixed-citation publication-type="journal"><person-group person-group-type="author"><string-name><surname>Liu</surname>, <given-names>J.</given-names></string-name>, <string-name><surname>Wang</surname>, <given-names>H.</given-names></string-name>, <string-name><surname>Hui</surname>, <given-names>C.</given-names></string-name> and <string-name><surname>Lee</surname>, <given-names>C.</given-names></string-name></person-group> (<year>2012</year>), “<article-title>Psychological ownership: how having control matters</article-title>”, <source>Journal of Management Studies</source>, Vol. <volume>49</volume> No. <issue>5</issue>, pp. <fpage>869</fpage>-<lpage>895</lpage>, doi: <pub-id pub-id-type="doi">10.1111/j.1467-6486.2011.01028.x</pub-id>.</mixed-citation></ref>
<ref id="ref041"><mixed-citation publication-type="book"><person-group person-group-type="author"><string-name><surname>Lu</surname>, <given-names>H.</given-names></string-name>, <string-name><surname>Batt</surname>, <given-names>P.J.</given-names></string-name> and <string-name><surname>Fischer</surname>, <given-names>C.</given-names></string-name></person-group> (<year>2010</year>), “<article-title>Best practice in relationship management: Recommendations for farmers, processors and retailers</article-title>”, in <person-group person-group-type="editor"><string-name><surname>Fischer</surname>, <given-names>C.</given-names></string-name> and <string-name><surname>Hartmann</surname>, <given-names>M.</given-names></string-name></person-group> (Eds), <source>Agri-Food Chain Relationships</source>, <publisher-name>CAB International</publisher-name>, <publisher-loc>Wallingford</publisher-loc>.</mixed-citation></ref>
<ref id="ref042"><mixed-citation publication-type="journal"><person-group person-group-type="author"><string-name><surname>Lähdesmäki</surname>, <given-names>M.</given-names></string-name> and <string-name><surname>Matilainen</surname>, <given-names>A.</given-names></string-name></person-group> (<year>2014</year>), “<article-title>Born to be a Forest owner? An empirical study of the aspects of psychological ownership in the context of inherited forests in Finland</article-title>”, <source>Scandinavian Journal of Forest Research</source>, Vol. <volume>29</volume> No. <issue>2</issue>, pp. <fpage>101</fpage>-<lpage>110</lpage>, doi: <pub-id pub-id-type="doi">10.1080/02827581.2013.869348</pub-id>.</mixed-citation></ref>
<ref id="ref043"><mixed-citation publication-type="journal"><person-group person-group-type="author"><string-name><surname>Man</surname>, <given-names>T.W.Y.</given-names></string-name> and <string-name><surname>Farquharson</surname>, <given-names>M.</given-names></string-name></person-group> (<year>2015</year>), “<article-title>Psychological ownership in Team-Based entrepreneurship education activities</article-title>”, <source>International Journal of Entrepreneurial Behavior &amp; Research</source>, Vol. <volume>21</volume> No. <issue>4</issue>, pp. <fpage>600</fpage>-<lpage>621</lpage>, doi: <pub-id pub-id-type="doi">10.1108/IJEBR-11-2012-0126</pub-id>.</mixed-citation></ref>
<ref id="ref044"><mixed-citation publication-type="journal"><person-group person-group-type="author"><string-name><surname>Matilainen</surname>, <given-names>A.</given-names></string-name> and <string-name><surname>Lähdesmäki</surname>, <given-names>M.</given-names></string-name></person-group> (<year>2014</year>), “<article-title>Nature-based tourism in private forests: stakeholder management balancing the interests of entrepreneurs and Forest owners?</article-title>”, <source>Journal of Rural Studies</source>, Vol. <volume>35</volume>, pp. <fpage>70</fpage>-<lpage>79</lpage>, doi: <pub-id pub-id-type="doi">10.1016/j.jrurstud.2014.04.007</pub-id>.</mixed-citation></ref>
<ref id="ref045"><mixed-citation publication-type="journal"><person-group person-group-type="author"><string-name><surname>Matopoulos</surname>, <given-names>A.</given-names></string-name>, <string-name><surname>Vlachopoulou</surname>, <given-names>M.</given-names></string-name>, <string-name><surname>Manthou</surname>, <given-names>V.</given-names></string-name> and <string-name><surname>Manos</surname>, <given-names>B.</given-names></string-name></person-group> (<year>2007</year>), “<article-title>A conceptual framework for supply chain collaboration: empirical evidence from the agri-food industry</article-title>”, <source>Supply Chain Management: An International Journal</source>, Vol. <volume>12</volume> No. <issue>3</issue>, pp. <fpage>177</fpage>-<lpage>186</lpage>, doi: <pub-id pub-id-type="doi">10.1108/13598540710742491</pub-id>.</mixed-citation></ref>
<ref id="ref046"><mixed-citation publication-type="confproc"><person-group person-group-type="author"><string-name><surname>Mattila</surname>, <given-names>J.</given-names></string-name> and <string-name><surname>Ikävalko</surname>, <given-names>M.</given-names></string-name></person-group> (<year>2003</year>), “<article-title>Participative strategy process in a professional organization and the concept of psychological ownership</article-title>”, <conf-name>Proceedings of the 17th Nordic Conference on Business Studies 2003 Reykjavik</conf-name>, <publisher-loc>Island</publisher-loc>.</mixed-citation></ref>
<ref id="ref047"><mixed-citation publication-type="journal"><person-group person-group-type="author"><string-name><surname>Mayhew</surname>, <given-names>M.G.</given-names></string-name>, <string-name><surname>Ashkanasy</surname>, <given-names>N.M.</given-names></string-name>, <string-name><surname>Bramble</surname>, <given-names>T.</given-names></string-name> and <string-name><surname>Gardner</surname>, <given-names>J.</given-names></string-name></person-group> (<year>2007</year>), “<article-title>A study of the antecedents and consequences of psychological ownership in organizational settings</article-title>”, <source>The Journal of Social Psychology</source>, Vol. <volume>147</volume> No. <issue>5</issue>, pp. <fpage>477</fpage>-<lpage>500</lpage>, doi: <pub-id pub-id-type="doi">10.3200/SOCP.147.5.477-500</pub-id>.</mixed-citation></ref>
<ref id="ref048"><mixed-citation publication-type="journal"><person-group person-group-type="author"><string-name><surname>Mena</surname>, <given-names>C.</given-names></string-name>, <string-name><surname>Humphries</surname>, <given-names>A.</given-names></string-name> and <string-name><surname>Choi</surname>, <given-names>T.Y.</given-names></string-name></person-group> (<year>2013</year>), “<article-title>Toward a theory of multi‐tier supply chain management</article-title>”, <source>Journal of Supply Chain Management</source>, Vol. <volume>49</volume> No. <issue>2</issue>, pp. <fpage>58</fpage>-<lpage>77</lpage>, doi: <pub-id pub-id-type="doi">10.1111/jscm.12003</pub-id>.</mixed-citation></ref>
<ref id="ref049"><mixed-citation publication-type="journal"><person-group person-group-type="author"><string-name><surname>Mohr</surname>, <given-names>J.J.</given-names></string-name>, <string-name><surname>Fisher</surname>, <given-names>R.J.</given-names></string-name> and <string-name><surname>Nevin</surname>, <given-names>J.R.</given-names></string-name></person-group> (<year>1996</year>), “<article-title>Collaborative communication in interfirm relationships: moderating effects of integration and control</article-title>”, <source>Journal of Marketing</source>, Vol. <volume>60</volume> No. <issue>3</issue>, pp. <fpage>103</fpage>-<lpage>115</lpage>, doi: <pub-id pub-id-type="doi">10.1177/002224299606000307</pub-id>.</mixed-citation></ref>
<ref id="ref050"><mixed-citation publication-type="journal"><person-group person-group-type="author"><string-name><surname>Morgan</surname>, <given-names>R.M.</given-names></string-name> and <string-name><surname>Hunt</surname>, <given-names>S.D.</given-names></string-name></person-group> (<year>1994</year>), “<article-title>The commitment-trust theory of relationship marketing</article-title>”, <source>Journal of Marketing</source>, Vol. <volume>58</volume> No. <issue>3</issue>, pp. <fpage>20</fpage>-<lpage>38</lpage>, doi: <pub-id pub-id-type="doi">10.1177/002224299405800302</pub-id>.</mixed-citation></ref>
<ref id="ref051"><mixed-citation publication-type="journal"><person-group person-group-type="author"><string-name><surname>Nilsson</surname>, <given-names>J.</given-names></string-name></person-group> (<year>2001</year>), “<article-title>Organisational principles for co-operative firms</article-title>”, <source>Scandinavian Journal of Management</source>, Vol. <volume>17</volume> No. <issue>3</issue>, pp. <fpage>329</fpage>-<lpage>356</lpage>, doi: <pub-id pub-id-type="doi">10.1016/S0956-5221(01)00010-0</pub-id>.</mixed-citation></ref>
<ref id="ref052"><mixed-citation publication-type="journal"><person-group person-group-type="author"><string-name><surname>Nilsson</surname>, <given-names>J.</given-names></string-name>, <string-name><surname>Liljenstolpe</surname>, <given-names>C.</given-names></string-name>, <string-name><surname>Westerlund Lind</surname>, <given-names>L.</given-names></string-name> and <string-name><surname>Liang</surname>, <given-names>S.</given-names></string-name></person-group> (<year>2014</year>), “<article-title>A farmer-controlled business from a farmer perspective</article-title>”, <source>Journal on Chain and Network Science</source>, Vol. <volume>14</volume> No. <issue>3</issue>, pp. <fpage>201</fpage>-<lpage>211</lpage>, doi: <pub-id pub-id-type="doi">10.3920/JCNS2014.0244</pub-id>.</mixed-citation></ref>
<ref id="ref053"><mixed-citation publication-type="book"><person-group person-group-type="author"><string-name><surname>Niska</surname>, <given-names>M.</given-names></string-name>, <string-name><surname>Hynynen</surname>, <given-names>S.-T.</given-names></string-name> and <string-name><surname>Vesala</surname>, <given-names>K.M.</given-names></string-name></person-group> (<year>2011</year>), “<article-title>Yrittäjien menestystarinat näkökulmana yrittäjyyteen ja sitä edistäviin tekijöihin</article-title>”, in <person-group person-group-type="editor"><string-name><surname>Vesala</surname>, <given-names>K.M.</given-names></string-name> and <string-name><surname>Vihinen</surname>, <given-names>H.</given-names></string-name></person-group> (Eds), <source>Yrittäjyyden Menestystarinat Ja Yrittäjyyden Edistäminen. Tapaustutkimus Yrittäjistä, Kehittäjistä Ja Politiikkadiskursseista Suupohjan Seutukunnassa. MTT Raportti 16</source>, <publisher-name>MTT</publisher-name>, <publisher-loc>Jokioinen</publisher-loc>.</mixed-citation></ref>
<ref id="ref054"><mixed-citation publication-type="journal"><person-group person-group-type="author"><string-name><surname>Niska</surname>, <given-names>M.</given-names></string-name>, <string-name><surname>Vesala</surname>, <given-names>H.T.</given-names></string-name> and <string-name><surname>Vesala</surname>, <given-names>K.M.</given-names></string-name></person-group> (<year>2012</year>), “<article-title>Peasantry and entrepreneurship as frames for farming: reflections on farmers' values and agricultural policy discourses</article-title>”, <source>Sociologia Ruralis</source>, Vol. <volume>52</volume> No. <issue>4</issue>, pp. <fpage>453</fpage>-<lpage>469</lpage>, doi: <pub-id pub-id-type="doi">10.1111/j.1467-9523.2012.00572.x</pub-id>.</mixed-citation></ref>
<ref id="ref055"><mixed-citation publication-type="journal"><person-group person-group-type="author"><string-name><surname>Nyaga</surname>, <given-names>G.N.</given-names></string-name>, <string-name><surname>Whipple</surname>, <given-names>J.M.</given-names></string-name> and <string-name><surname>Lynch</surname>, <given-names>D.F.</given-names></string-name></person-group> (<year>2010</year>), “<article-title>Examining supply chain relationships: do buyer and supplier perspectives on collaborative relationships differ?</article-title>”, <source>Journal of Operations Management</source>, Vol. <volume>28</volume> No. <issue>2</issue>, pp. <fpage>101</fpage>-<lpage>114</lpage>, doi: <pub-id pub-id-type="doi">10.1016/j.jom.2009.07.005</pub-id>.</mixed-citation></ref>
<ref id="ref056"><mixed-citation publication-type="journal"><person-group person-group-type="author"><string-name><surname>O’driscoll</surname>, <given-names>M.P.</given-names></string-name>, <string-name><surname>Pierce</surname>, <given-names>J.L.</given-names></string-name> and <string-name><surname>Coghlan</surname>, <given-names>A.-M.</given-names></string-name></person-group> (<year>2006</year>), “<article-title>The psychology of ownership: work environment structure, organizational commitment, and citizenship behaviors</article-title>”, <source>Group &amp; Organization Management</source>, Vol. <volume>31</volume> No. <issue>3</issue>, pp. <fpage>388</fpage>-<lpage>416</lpage>, doi: <pub-id pub-id-type="doi">10.1177/1059601104273066</pub-id>.</mixed-citation></ref>
<ref id="ref057"><mixed-citation publication-type="journal"><person-group person-group-type="author"><string-name><surname>Ouchi</surname>, <given-names>W.G.</given-names></string-name></person-group> (<year>1979</year>), “<article-title>A conceptual framework for the design of organizational control mechanisms</article-title>”, <source>Management Science</source>, Vol. <volume>25</volume> No. <issue>9</issue>, pp. <fpage>833</fpage>-<lpage>848</lpage>, doi: <pub-id pub-id-type="doi">10.1287/mnsc.25.9.833</pub-id>.</mixed-citation></ref>
<ref id="ref058"><mixed-citation publication-type="book"><person-group person-group-type="author"><string-name><surname>Patton</surname>, <given-names>M.Q.</given-names></string-name></person-group> (<year>2002</year>), <source>Qualitative Research &amp; Evaluation Methods</source>, <publisher-name>Sage Publications</publisher-name>, <publisher-loc>Thousands Oaks</publisher-loc>.</mixed-citation></ref>
<ref id="ref059"><mixed-citation publication-type="journal"><person-group person-group-type="author"><string-name><surname>Peck</surname>, <given-names>J.</given-names></string-name> and <string-name><surname>Shu</surname>, <given-names>S.B.</given-names></string-name></person-group> (<year>2009</year>), “<article-title>The effect of mere touch on perceived ownership</article-title>”, <source>Journal of Consumer Research</source>, Vol. <volume>36</volume> No. <issue>3</issue>, pp. <fpage>434</fpage>-<lpage>447</lpage>, doi: <pub-id pub-id-type="doi">10.1086/598614</pub-id>.</mixed-citation></ref>
<ref id="ref060"><mixed-citation publication-type="journal"><person-group person-group-type="author"><string-name><surname>Phillipson</surname>, <given-names>J.</given-names></string-name>, <string-name><surname>Gorton</surname>, <given-names>M.</given-names></string-name>, <string-name><surname>Raley</surname>, <given-names>M.</given-names></string-name> and <string-name><surname>Moxey</surname>, <given-names>A.</given-names></string-name></person-group> (<year>2004</year>), “<article-title>Treating farms as firms? The evolution of farm business support from productionist to entrepreneurial models</article-title>”, <source>Environment and Planning C: Government and Policy</source>, Vol. <volume>22</volume> No. <issue>1</issue>, pp. <fpage>31</fpage>-<lpage>54</lpage>, doi: <pub-id pub-id-type="doi">10.1068/c0238</pub-id>.</mixed-citation></ref>
<ref id="ref061"><mixed-citation publication-type="journal"><person-group person-group-type="author"><string-name><surname>Pierce</surname>, <given-names>J.L.</given-names></string-name>, <string-name><surname>Kostova</surname>, <given-names>T.</given-names></string-name> and <string-name><surname>Dirks</surname>, <given-names>K.T.</given-names></string-name></person-group> (<year>2001</year>), “<article-title>Toward a theory of psychological ownership in organizations</article-title>”, <source>The Academy of Management Review</source>, Vol. <volume>26</volume> No. <issue>2</issue>, pp. <fpage>298</fpage>-<lpage>310</lpage>, doi: <pub-id pub-id-type="doi">10.5465/amr.2001.4378028</pub-id>.</mixed-citation></ref>
<ref id="ref062"><mixed-citation publication-type="journal"><person-group person-group-type="author"><string-name><surname>Pierce</surname>, <given-names>J.L.</given-names></string-name>, <string-name><surname>Kostova</surname>, <given-names>T.</given-names></string-name> and <string-name><surname>Dirks</surname>, <given-names>K.T.</given-names></string-name></person-group> (<year>2003</year>), “<article-title>The state of psychological ownership: integrating and extending a century of research</article-title>”, <source>Review of General Psychology</source>, Vol. <volume>7</volume> No. <issue>1</issue>, pp. <fpage>84</fpage>-<lpage>107</lpage>, doi: <pub-id pub-id-type="doi">10.1037/1089-2680.7.1.84</pub-id>.</mixed-citation></ref>
<ref id="ref063"><mixed-citation publication-type="book"><person-group person-group-type="author"><string-name><surname>Poirier</surname>, <given-names>C.C.</given-names></string-name> and <string-name><surname>Houser</surname>, <given-names>W.F.</given-names></string-name></person-group> (<year>1993</year>), <source>Business Partnering for Continuous Improvement</source>, <publisher-name>Berrett-Koehler</publisher-name>, <publisher-loc>San Francisco</publisher-loc>.</mixed-citation></ref>
<ref id="ref064"><mixed-citation publication-type="journal"><person-group person-group-type="author"><string-name><surname>Prajogo</surname>, <given-names>D.</given-names></string-name> and <string-name><surname>Olhager</surname>, <given-names>J.</given-names></string-name></person-group> (<year>2012</year>), “<article-title>Supply chain integration and performance: the effects of Long-Term relationships, information technology and sharing, and logistics integration</article-title>”, <source>International Journal of Production Economics</source>, Vol. <volume>135</volume> No. <issue>1</issue>, pp. <fpage>514</fpage>-<lpage>522</lpage>, doi: <pub-id pub-id-type="doi">10.1016/j.ijpe.2011.09.001</pub-id>.</mixed-citation></ref>
<ref id="ref065"><mixed-citation publication-type="journal"><person-group person-group-type="author"><string-name><surname>Ramirez</surname>, <given-names>M.J.</given-names></string-name>, <string-name><surname>Roman</surname>, <given-names>I.E.</given-names></string-name>, <string-name><surname>Ramos</surname>, <given-names>E.</given-names></string-name> and <string-name><surname>Patrucco</surname>, <given-names>A.S.</given-names></string-name></person-group> (<year>2020</year>), “<article-title>The value of supply chain integration in the latin American agri-food industry: trust, commitment and performance outcomes</article-title>”, <source>The International Journal of Logistics Management</source>, Vol. <volume>32</volume> No. <issue>1</issue>, pp. <fpage>284</fpage>-<lpage>304</lpage>, doi: <pub-id pub-id-type="doi">10.1108/IJLM-02-2020-0097</pub-id>.</mixed-citation></ref>
<ref id="ref066"><mixed-citation publication-type="journal"><person-group person-group-type="author"><string-name><surname>Roos</surname>, <given-names>I.</given-names></string-name></person-group> (<year>2002</year>), “<article-title>Methods of investigating critical incidents: a comparative review</article-title>”, <source>Journal of Service Research</source>, Vol. <volume>4</volume> No. <issue>3</issue>, pp. <fpage>193</fpage>-<lpage>204</lpage>, doi: <pub-id pub-id-type="doi">10.1177/1094670502004003003</pub-id>.</mixed-citation></ref>
<ref id="ref067"><mixed-citation publication-type="journal"><person-group person-group-type="author"><string-name><surname>Rusu</surname>, <given-names>R.</given-names></string-name></person-group> (<year>2013</year>), “<article-title>Affective organizational commitment, continuance organizational commitment or normative organizational commitment?</article-title>”, <source>Land Forces Academy Review</source>, Vol. <volume>18</volume> No. <issue>2</issue>, pp. <fpage>192</fpage>-<lpage>197</lpage>.</mixed-citation></ref>
<ref id="ref068"><mixed-citation publication-type="journal"><person-group person-group-type="author"><string-name><surname>Schulze</surname>, <given-names>B.</given-names></string-name>, <string-name><surname>Wocken</surname>, <given-names>C.</given-names></string-name> and <string-name><surname>Spiller</surname>, <given-names>A.</given-names></string-name></person-group> (<year>2006</year>), “<article-title>Relationship quality in Agri-Food chains: supplier management in the German pork and dairy sector</article-title>”, <source>Journal on Chain and Network Science</source>, Vol. <volume>6</volume> No. <issue>1</issue>, pp. <fpage>55</fpage>-<lpage>68</lpage>, doi: <pub-id pub-id-type="doi">10.3920/JCNS2006.x065</pub-id>.</mixed-citation></ref>
<ref id="ref069"><mixed-citation publication-type="book"><person-group person-group-type="author"><string-name><surname>Spencer</surname>, <given-names>L.</given-names></string-name>, <string-name><surname>Ritchie</surname>, <given-names>J.</given-names></string-name> and <string-name><surname>O’Connor</surname>, <given-names>W.</given-names></string-name></person-group> (<year>2003</year>), “<article-title>Analysis: Practices, principles and processes</article-title>”, in <person-group person-group-type="editor"><string-name><surname>Ritchie</surname>, <given-names>J.</given-names></string-name> and <string-name><surname>Lewis</surname>, <given-names>J.</given-names></string-name></person-group> (Eds), <source>Qualitative Research Practice: A Guide for Social Science Students and Researchers</source>, <publisher-name>Sage Publications</publisher-name>.</mixed-citation></ref>
<ref id="ref070"><mixed-citation publication-type="journal"><person-group person-group-type="author"><string-name><surname>Stank</surname>, <given-names>T.</given-names></string-name>, <string-name><surname>Crum</surname>, <given-names>M.</given-names></string-name> and <string-name><surname>Arango</surname>, <given-names>M.</given-names></string-name></person-group> (<year>1999</year>), “<article-title>Benefits of interfirm coordination in food industry supply chains</article-title>”, <source>Journal of Business Logistics</source>, Vol. <volume>20</volume> No. <issue>2</issue>, pp. <fpage>21</fpage>-<lpage>41</lpage>.</mixed-citation></ref>
<ref id="ref071"><mixed-citation publication-type="journal"><person-group person-group-type="author"><string-name><surname>Stapley</surname>, <given-names>E.</given-names></string-name>, <string-name><surname>O’Keeffe</surname>, <given-names>S.</given-names></string-name> and <string-name><surname>Midgley</surname>, <given-names>N.</given-names></string-name></person-group> (<year>2022</year>), “<article-title>Developing typologies in qualitative research: the use of Ideal-Type analysis</article-title>”, <source>International Journal of Qualitative Methods</source>, Vol. <volume>21</volume>, pp. <fpage>1</fpage>-<lpage>9</lpage>, doi: <pub-id pub-id-type="doi">10.1177/16094069221100633</pub-id>.</mixed-citation></ref>
<ref id="ref072"><mixed-citation publication-type="journal"><person-group person-group-type="author"><string-name><surname>Stock</surname>, <given-names>P.V.</given-names></string-name> and <string-name><surname>Forney</surname>, <given-names>J.</given-names></string-name></person-group> (<year>2014</year>), “<article-title>Farmer autonomy and the farming self</article-title>”, <source>Journal of Rural Studies</source>, Vol. <volume>36</volume>, pp. <fpage>160</fpage>-<lpage>171</lpage>, doi: <pub-id pub-id-type="doi">10.1016/j.jrurstud.2014.07.004</pub-id>.</mixed-citation></ref>
<ref id="ref073"><mixed-citation publication-type="journal"><person-group person-group-type="author"><string-name><surname>Stock</surname>, <given-names>P.V.</given-names></string-name>, <string-name><surname>Forney</surname>, <given-names>J.</given-names></string-name>, <string-name><surname>Emery</surname>, <given-names>S.B.</given-names></string-name> and <string-name><surname>Wittman</surname>, <given-names>H.</given-names></string-name></person-group> (<year>2014</year>), “<article-title>Neoliberal natures on the farm: farmer autonomy and cooperation in comparative perspective</article-title>”, <source>Journal of Rural Studies</source>, Vol. <volume>36</volume>, pp. <fpage>411</fpage>-<lpage>422</lpage>, doi: <pub-id pub-id-type="doi">10.1016/j.jrurstud.2014.06.001</pub-id>.</mixed-citation></ref>
<ref id="ref074"><mixed-citation publication-type="journal"><person-group person-group-type="author"><string-name><surname>Suvanto</surname>, <given-names>H.</given-names></string-name>, <string-name><surname>Niemi</surname>, <given-names>J.K.</given-names></string-name> and <string-name><surname>Lähdesmäki</surname>, <given-names>M.</given-names></string-name></person-group> (<year>2020</year>), “<article-title>Entrepreneurial identity and farmers' protein crop cultivation choices</article-title>”, <source>Journal of Rural Studies</source>, Vol. <volume>75</volume>, pp. <fpage>174</fpage>-<lpage>184</lpage>, doi: <pub-id pub-id-type="doi">10.1016/j.jrurstud.2020.01.022</pub-id>.</mixed-citation></ref>
<ref id="ref075"><mixed-citation publication-type="journal"><person-group person-group-type="author"><string-name><surname>Thompson</surname>, <given-names>N.M.</given-names></string-name>, <string-name><surname>Bir</surname>, <given-names>C.</given-names></string-name> and <string-name><surname>Olynk Widmar</surname>, <given-names>N.J.</given-names></string-name></person-group> (<year>2019</year>), “<article-title>Farmer perceptions of risk in 2017</article-title>”, <source>Agribusiness</source>, Vol. <volume>35</volume> No. <issue>2</issue>, pp. <fpage>182</fpage>-<lpage>199</lpage>, <comment>available at: <ext-link ext-link-type="uri" xlink:href="http://www.onlinelibrary.wiley.com/doi/abs/10.1002/agr.21566">www.onlinelibrary.wiley.com/doi/abs/10.1002/agr.21566</ext-link></comment></mixed-citation></ref>
<ref id="ref076"><mixed-citation publication-type="journal"><person-group person-group-type="author"><string-name><surname>Tripp</surname>, <given-names>D.</given-names></string-name></person-group> (<year>1994</year>), “<article-title>Teachers’ lives, critical incidents, and professional practice</article-title>”, <source>International Journal of Qualitative Studies in Education</source>, Vol. <volume>7</volume> No. <issue>1</issue>, pp. <fpage>65</fpage>-<lpage>76</lpage>, doi: <pub-id pub-id-type="doi">10.1080/0951839940070105</pub-id>.</mixed-citation></ref>
<ref id="ref077"><mixed-citation publication-type="journal"><person-group person-group-type="author"><string-name><surname>Van Dyne</surname>, <given-names>L.</given-names></string-name> and <string-name><surname>Pierce</surname>, <given-names>J.L.</given-names></string-name></person-group> (<year>2004</year>), “<article-title>Psychological ownership and feelings of possession: three field studies predicting employee attitudes and organizational citizenship behavior</article-title>”, <source>Journal of Organizational Behavior</source>, Vol. <volume>25</volume> No. <issue>4</issue>, pp. <fpage>439</fpage>-<lpage>459</lpage>, doi: <pub-id pub-id-type="doi">10.1002/job.249</pub-id>.</mixed-citation></ref>
<ref id="ref078"><mixed-citation publication-type="journal"><person-group person-group-type="author"><string-name><surname>van Rijn</surname>, <given-names>F.</given-names></string-name>, <string-name><surname>Fort</surname>, <given-names>R.</given-names></string-name>, <string-name><surname>Ruben</surname>, <given-names>R.</given-names></string-name>, <string-name><surname>Koster</surname>, <given-names>T.</given-names></string-name> and <string-name><surname>Beekman</surname>, <given-names>G.</given-names></string-name></person-group> (<year>2020</year>), “<article-title>Does certification improve hired labour conditions and wageworker conditions at banana plantations?</article-title>”, <source>Agriculture and Human Values</source>, Vol. <volume>37</volume> No. <issue>2</issue>, pp. <fpage>353</fpage>-<lpage>370</lpage>, doi: <pub-id pub-id-type="doi">10.1007/s10460-019-09990-7</pub-id>.</mixed-citation></ref>
<ref id="ref079"><mixed-citation publication-type="journal"><person-group person-group-type="author"><string-name><surname>Vandewalle</surname>, <given-names>D.</given-names></string-name>, <string-name><surname>Van Dyne</surname>, <given-names>L.</given-names></string-name> and <string-name><surname>Kostova</surname>, <given-names>T.</given-names></string-name></person-group> (<year>1995</year>), “<article-title>Psychological ownership: an empirical examination of its consequences</article-title>”, <source>Group &amp; Organization Management</source>, Vol. <volume>20</volume> No. <issue>2</issue>, pp. <fpage>210</fpage>-<lpage>226</lpage>, doi: <pub-id pub-id-type="doi">10.1177/1059601195202008</pub-id>.</mixed-citation></ref>
<ref id="ref080"><mixed-citation publication-type="journal"><person-group person-group-type="author"><string-name><surname>Yang</surname>, <given-names>Y.</given-names></string-name>, <string-name><surname>Pham</surname>, <given-names>M.H.</given-names></string-name>, <string-name><surname>Yang</surname>, <given-names>B.</given-names></string-name>, <string-name><surname>Sun</surname>, <given-names>J.W.</given-names></string-name> and <string-name><surname>Tran</surname>, <given-names>P.N.T.</given-names></string-name></person-group> (<year>2021</year>), “<article-title>Improving vegetable supply chain collaboration: a case study in Vietnam</article-title>”, <source>Supply Chain Management: An International Journal</source>, Vol. <volume>27</volume> No. <issue>1</issue>, pp. <fpage>54</fpage>-<lpage>65</lpage>, doi: <pub-id pub-id-type="doi">10.1108/SCM-05-2020-0194</pub-id>.</mixed-citation></ref>
<ref id="ref081"><mixed-citation publication-type="book"><person-group person-group-type="author"><string-name><surname>Zhao</surname>, <given-names>G.</given-names></string-name>, <string-name><surname>Liu</surname>, <given-names>S.</given-names></string-name> and <string-name><surname>Lopez</surname>, <given-names>C.</given-names></string-name></person-group> (<year>2017</year>), “<article-title>A literature review on risk sources and resilience factors in Agri-Food supply chains</article-title>”, in <person-group person-group-type="editor"><string-name><surname>Camarinha-Matos</surname>, <given-names>L.</given-names></string-name>, <string-name><surname>Afsarmanesh</surname>, <given-names>H.</given-names></string-name> and <string-name><surname>Fornasiero</surname>, <given-names>R.</given-names></string-name></person-group>, eds. <source>Working Conference on Virtual Enterprises. Collaboration in a Data-Rich World, PRO-VE 2017, IFIP Advances in Information and Communication Technology, 2017</source>, <publisher-name>Springer</publisher-name>, <publisher-loc>Cham</publisher-loc>.</mixed-citation></ref></ref-list></back>
</article>