<?xml version="1.0" encoding="UTF-8"?>
<!DOCTYPE article PUBLIC "-//NLM//DTD JATS (Z39.96) Journal Archiving and Interchange DTD with MathML3 v1.1d1 20130915//EN" "JATS-archivearticle1-mathml3.dtd"><article xmlns:mml="http://www.w3.org/1998/Math/MathML" xmlns:xlink="http://www.w3.org/1999/xlink" xmlns:xsi="http://www.w3.org/2001/XMLSchema-instance" dtd-version="1.1d1" xml:lang="en" article-type="research-article"><front id="meta-hdr">
<journal-meta>
<journal-id journal-id-type="publisher-id">JHTT</journal-id>
<journal-id journal-id-type="doi">10.1108/JHTT</journal-id>
<journal-title-group>
<journal-title>Journal of Hospitality and Tourism Technology</journal-title>
<abbrev-journal-title abbrev-type="publisher">JHTT</abbrev-journal-title>
</journal-title-group>
<issn publication-format="print">1757-9880</issn>
<issn publication-format="online">1757-9880</issn>
<publisher>
<publisher-name>Emerald Publishing Limited</publisher-name>
</publisher>
</journal-meta>
<article-meta id="art-meta">
<article-id pub-id-type="publisher-id">721973</article-id>
<article-id pub-id-type="doi">10.1108/JHTT-09-2023-0255</article-id>
<article-id pub-id-type="original-pdf">JHTT-09-2023-0255.pdf</article-id>
<article-id pub-id-type="filename">JHTT-09-2023-0255</article-id>
<article-categories>
<subj-group subj-group-type="type-of-publication">
<compound-subject>
<compound-subject-part content-type="code">research-article</compound-subject-part>
<compound-subject-part content-type="label">Research paper</compound-subject-part>
</compound-subject>
</subj-group>
<subj-group subj-group-type="subject">
<compound-subject>
<compound-subject-part content-type="code">cat-THOS</compound-subject-part>
<compound-subject-part content-type="label">Tourism &amp; hospitality</compound-subject-part>
</compound-subject>
<subj-group subj-group-type="subject">
<compound-subject>
<compound-subject-part content-type="code">cat-TTY</compound-subject-part>
<compound-subject-part content-type="label">Tourism technology</compound-subject-part>
</compound-subject>
<subj-group subj-group-type="subject">
<compound-subject>
<compound-subject-part content-type="code">cat-EITM</compound-subject-part>
<compound-subject-part content-type="label">E-commerce in tourism</compound-subject-part>
</compound-subject>
<subj-group subj-group-type="subject">
<compound-subject>
<compound-subject-part content-type="code">cat-THOS</compound-subject-part>
<compound-subject-part content-type="label">Tourism &amp; hospitality</compound-subject-part>
</compound-subject>
<subj-group subj-group-type="subject">
<compound-subject>
<compound-subject-part content-type="code">cat-TTY</compound-subject-part>
<compound-subject-part content-type="label">Tourism technology</compound-subject-part>
</compound-subject>
<subj-group subj-group-type="subject">
<compound-subject>
<compound-subject-part content-type="code">cat-EINT</compound-subject-part>
<compound-subject-part content-type="label">E-Intermediaries in tourism</compound-subject-part>
</compound-subject>
<subj-group subj-group-type="subject">
<compound-subject>
<compound-subject-part content-type="code">cat-THOS</compound-subject-part>
<compound-subject-part content-type="label">Tourism &amp; hospitality</compound-subject-part>
</compound-subject>
<subj-group subj-group-type="subject">
<compound-subject>
<compound-subject-part content-type="code">cat-TTY</compound-subject-part>
<compound-subject-part content-type="label">Tourism technology</compound-subject-part>
</compound-subject>
<subj-group subj-group-type="subject">
<compound-subject>
<compound-subject-part content-type="code">cat-LSGPS</compound-subject-part>
<compound-subject-part content-type="label">Location-based services/global positioning systems</compound-subject-part>
</compound-subject>
<subj-group subj-group-type="subject">
<compound-subject>
<compound-subject-part content-type="code">cat-THOS</compound-subject-part>
<compound-subject-part content-type="label">Tourism &amp; hospitality</compound-subject-part>
</compound-subject>
<subj-group subj-group-type="subject">
<compound-subject>
<compound-subject-part content-type="code">cat-TTY</compound-subject-part>
<compound-subject-part content-type="label">Tourism technology</compound-subject-part>
</compound-subject>
<subj-group subj-group-type="subject">
<compound-subject>
<compound-subject-part content-type="code">cat-MWTT</compound-subject-part>
<compound-subject-part content-type="label">Mobile/wireless technologies in tourism</compound-subject-part>
</compound-subject>
</subj-group>
</subj-group>
</subj-group>
</subj-group>
</subj-group>
</subj-group>
</subj-group>
</subj-group>
</subj-group>
</subj-group>
</subj-group>
</subj-group>
</article-categories>
<title-group>
<article-title xml:lang="en">A novel deep learning method to use feature complementarity for review helpfulness prediction</article-title>
</title-group>
<contrib-group>
<contrib contrib-type="author"><name-alternatives><name name-style="western"><surname>Li</surname><given-names>Xinzhe</given-names></name><string-name name-style="western"><given-names>Xinzhe</given-names> <surname>Li</surname></string-name>
</name-alternatives><email>lixz@khu.ac.kr</email><xref ref-type="aff" rid="aff1"/></contrib>
<contrib corresp="yes" contrib-type="author"><name-alternatives><name name-style="western"><surname>Li</surname><given-names>Qinglong</given-names></name><string-name name-style="western"><given-names>Qinglong</given-names> <surname>Li</surname></string-name>
</name-alternatives><email>leecy@khu.ac.kr</email><xref ref-type="aff" rid="aff1"/></contrib>
<contrib contrib-type="author"><name-alternatives><name name-style="western"><surname>Jeong</surname><given-names>Dasom</given-names></name><string-name name-style="western"><given-names>Dasom</given-names> <surname>Jeong</surname></string-name>
</name-alternatives><email>jeongdasom@khu.ac.kr</email><xref ref-type="aff" rid="aff1"/></contrib>
<contrib contrib-type="author"><name-alternatives><name name-style="western"><surname>Kim</surname><given-names>Jaekyeong</given-names></name><string-name name-style="western"><given-names>Jaekyeong</given-names> <surname>Kim</surname></string-name>
</name-alternatives><email>jaek@khu.ac.kr</email><xref ref-type="aff" rid="aff2"/></contrib>
<aff id="aff1">Department of Big Data Analytics, <institution-wrap><institution>Kyung Hee University</institution></institution-wrap>, Seoul, <country country="KR">Republic of Korea</country></aff>
<aff id="aff2">Department of Big Data Analytics and School of Management, <institution-wrap><institution>Kyung Hee University</institution></institution-wrap>, Seoul, <country country="KR">Republic of Korea</country></aff>
</contrib-group>
<author-notes>
<corresp id="cor1">Qinglong Li can be contacted at: <ext-link ext-link-type="email" xlink:href="mailto:leecy@khu.ac.kr">leecy@khu.ac.kr</ext-link></corresp></author-notes>
<pub-date publication-format="electronic" date-type="pub" iso-8601-date="2024-05-07"><day>07</day><month>05</month><year>2024</year></pub-date>
<pub-date publication-format="print" date-type="pub" iso-8601-date="2024-08-05"><day>05</day><month>08</month><year>2024</year></pub-date>
<volume>15</volume><issue>4</issue>
<fpage>534</fpage><lpage>550</lpage>
<history>
<date date-type="received" iso-8601-date="2023-09-07"><day>07</day><month>09</month><year>2023</year></date>
<date date-type="revised" iso-8601-date="2024-01-03"><day>03</day><month>01</month><year>2024</year></date>
<date date-type="revised" iso-8601-date="2024-03-07"><day>07</day><month>03</month><year>2024</year></date>
<date date-type="accepted" iso-8601-date="2024-03-08"><day>08</day><month>03</month><year>2024</year></date>
</history>
<permissions>
<copyright-statement>© Emerald Publishing Limited</copyright-statement>
<copyright-year>2024</copyright-year>
<copyright-holder>Emerald Publishing Limited</copyright-holder>
<license license-type="publisher">
<license-p>Licensed re-use rights only</license-p>
</license>
</permissions>
<self-uri content-type="pdf" xlink:href="JHTT-09-2023-0255.pdf"/>
<abstract abstract-type="structured" id="abstr1" xml:lang="en">
<sec><title content-type="abstract-subheading">Purpose</title>
<p>Most previous studies predicting review helpfulness ignored the significance of deep features embedded in review text and instead relied on hand-crafted features. Hand-crafted and deep features have the advantages of high interpretability and predictive accuracy. This study aims to propose a novel review helpfulness prediction model that uses deep learning (DL) techniques to consider the complementarity between hand-crafted and deep features.</p>
</sec>
<sec><title content-type="abstract-subheading">Design/methodology/approach</title>
<p>First, an advanced convolutional neural network was applied to extract deep features from unstructured review text. Second, this study used previous studies to extract hand-crafted features that impact the helpfulness of reviews and enhance their interpretability. Third, this study incorporated deep and hand-crafted features into a review helpfulness prediction model and evaluated its performance using the Yelp.com data set. To measure the performance of the proposed model, this study used 2,417,796 restaurant reviews.</p>
</sec>
<sec><title content-type="abstract-subheading">Findings</title>
<p>Extensive experiments confirmed that the proposed methodology performs better than traditional machine learning methods. Moreover, this study confirms through an empirical analysis that combining hand-crafted and deep features demonstrates better prediction performance.</p>
</sec>
<sec><title content-type="abstract-subheading">Originality/value</title>
<p>To the best of the authors’ knowledge, this is one of the first studies to apply DL techniques and use structured and unstructured data to predict review helpfulness in the restaurant context. In addition, an advanced feature-fusion method was adopted to better use the extracted feature information and identify the complementarity between features.</p>
</sec>
</abstract>
<abstract abstract-type="structured" id="abstr2" xml:lang="zh">
<p>种利用特征互补性进行评论有用性预测的新型深度学习方法</p>
<sec><title content-type="abstract-subheading">研究目的</title>
<p>大多数先前预测评论有用性的研究忽视了嵌入在评论文本中的深层特征的重要性, 而主要依赖手工制作的特征。手工制作和深层特征具有高解释性和预测准确性的优势。本研究提出了一种新颖的评论有用性预测模型, 利用深度学习技术来考虑手工制作特征和深层特征之间的互补性。</p>
</sec>
<sec><title content-type="abstract-subheading">研究方法</title>
<p>首先, 采用先进的卷积神经网络从非结构化的评论文本中提取深层特征。其次, 本研究利用先前研究中提取的手工制作特征, 这些特征影响了评论的有用性并增强了其解释性。第三, 本研究将深层特征和手工制作特征结合到一个评论有用性预测模型中, 并使用Yelp.com数据集对其性能进行评估。为了衡量所提出模型的性能, 本研究使用了2,417,796条餐厅评论。</p>
</sec>
<sec><title content-type="abstract-subheading">研究发现</title>
<p>广泛的实验验证了所提出的方法优于传统的机器学习方法。此外, 通过实证分析, 本研究证实了结合手工制作和深层特征可以展现出更好的预测性能。</p>
</sec>
<sec><title content-type="abstract-subheading">研究创新</title>
<p>据我们所知, 这是首个在餐厅评论预测中应用深度学习技术, 并结合了结构化和非结构化数据来预测评论有用性的研究之一。此外, 本研究采用了先进的特征融合方法, 更好地利用了提取的特征信息, 并识别了特征之间的互补性。</p>
</sec></abstract>
<kwd-group kwd-group-type="author-generated" xml:lang="en"><kwd>Review helpfulness prediction</kwd><x xml:space="preserve">, </x><kwd>Convolutional neural network</kwd><x xml:space="preserve">, </x><kwd>Deep learning</kwd><x xml:space="preserve">, </x><kwd>Hospitality industry</kwd><x xml:space="preserve">, </x><kwd>Online reviews</kwd><x xml:space="preserve">, </x><kwd>Feature complementarity</kwd>
</kwd-group>
<kwd-group kwd-group-type="author-generated" xml:lang="zh"><kwd>评论有用性预测</kwd><x xml:space="preserve">, </x><kwd>卷积神经网络</kwd><x xml:space="preserve">, </x><kwd>深度学习</kwd><x xml:space="preserve">, </x><kwd>酒店业</kwd><x xml:space="preserve">, </x><kwd>在线评论</kwd><x xml:space="preserve">, </x><kwd>特征互补性</kwd>
</kwd-group>
<counts>
<fig-count count="2"/>
<table-count count="3"/>
<equation-count count="0"/>
<ref-count count="43"/>
<page-count count="17"/>
<word-count count="8209"/>
</counts>
<custom-meta-group>
<custom-meta>
<meta-name>copyright-code</meta-name>
<meta-value>M</meta-value>
</custom-meta>
<custom-meta>
<meta-name>deliverables</meta-name>
<meta-value>Web-ready article package</meta-value>
</custom-meta>
<custom-meta>
<meta-name>peer-reviewed</meta-name>
<meta-value>Yes</meta-value>
</custom-meta>
<custom-meta>
<meta-name>academic-content</meta-name>
<meta-value>Yes</meta-value>
</custom-meta>
<custom-meta>
<meta-name>EContentType</meta-name>
<meta-value>JOURNAL</meta-value>
</custom-meta>
<custom-meta>
<meta-name>rightslink</meta-name>
<meta-value>included</meta-value>
</custom-meta>
</custom-meta-group>
</article-meta>
</front>

<back>

<ref-list id="refs1">
<title>References</title>
<ref id="ref001"><mixed-citation publication-type="journal"><person-group person-group-type="author"><string-name><surname>Aghakhani</surname>, <given-names>N.</given-names></string-name>, <string-name><surname>Oh</surname>, <given-names>O.</given-names></string-name>, <string-name><surname>Gregg</surname>, <given-names>D.G.</given-names></string-name> and <string-name><surname>Karimi</surname>, <given-names>J.</given-names></string-name></person-group> (<year>2021</year>), “<article-title>Online review consistency matters: an elaboration likelihood model perspective</article-title>”, <source>Information Systems Frontiers</source>, Vol. <volume>23</volume> No. <issue>5</issue>, p. <fpage>1287</fpage>-<lpage>1301</lpage>.</mixed-citation></ref>
<ref id="ref002"><mixed-citation publication-type="journal"><person-group person-group-type="author"><string-name><surname>Arenas-Márquez</surname>, <given-names>F.J.</given-names></string-name>, <string-name><surname>Martinez-Torres</surname>, <given-names>R.</given-names></string-name> and <string-name><surname>Toral</surname>, <given-names>S.</given-names></string-name></person-group> (<year>2021</year>), “<article-title>Convolutional neural encoding of online reviews for the identification of travel group type topics on TripAdvisor</article-title>”, <source>Information Processing and Management</source>, Vol. <volume>58</volume> No. <issue>5</issue>, p. <fpage>102645</fpage>.</mixed-citation></ref>
<ref id="ref003"><mixed-citation publication-type="journal"><person-group person-group-type="author"><string-name><surname>Bagherzadeh</surname>, <given-names>S.</given-names></string-name>, <string-name><surname>Shokouhyar</surname>, <given-names>S.</given-names></string-name>, <string-name><surname>Jahani</surname>, <given-names>H.</given-names></string-name> and <string-name><surname>Sigala</surname>, <given-names>M.</given-names></string-name></person-group> (<year>2021</year>), “<article-title>A generalizable sentiment analysis method for creating a hotel dictionary: using big data on TripAdvisor hotel reviews</article-title>”, <source>Journal of Hospitality and Tourism Technology</source>, Vol. <volume>12</volume> No. <issue>2</issue>, pp. <fpage>210</fpage>-<lpage>238</lpage>.</mixed-citation></ref>
<ref id="ref004"><mixed-citation publication-type="journal"><person-group person-group-type="author"><string-name><surname>Chatterjee</surname>, <given-names>S.</given-names></string-name></person-group> (<year>2020</year>), “<article-title>Drivers of helpfulness of online hotel reviews: a sentiment and emotion mining approach</article-title>”, <source>International Journal of Hospitality Management</source>, Vol. <volume>85</volume>, p. <fpage>102356</fpage>.</mixed-citation></ref>
<ref id="ref005"><mixed-citation publication-type="journal"><person-group person-group-type="author"><string-name><surname>Chen</surname>, <given-names>G.</given-names></string-name>, <string-name><surname>Xiao</surname>, <given-names>S.</given-names></string-name>, <string-name><surname>Zhang</surname>, <given-names>C.</given-names></string-name> and <string-name><surname>Wang</surname>, <given-names>W.</given-names></string-name></person-group> (<year>2022</year>), “<article-title>An orthogonal-space-learning-based method for selecting semantically helpful reviews</article-title>”, <source>Electronic Commerce Research and Applications</source>, Vol. <volume>53</volume>, p. <fpage>101154</fpage>.</mixed-citation></ref>
<ref id="ref006"><mixed-citation publication-type="journal"><person-group person-group-type="author"><string-name><surname>Du</surname>, <given-names>J.</given-names></string-name>, <string-name><surname>Zheng</surname>, <given-names>L.</given-names></string-name>, <string-name><surname>He</surname>, <given-names>J.</given-names></string-name>, <string-name><surname>Rong</surname>, <given-names>J.</given-names></string-name>, <string-name><surname>Wang</surname>, <given-names>H.</given-names></string-name> and <string-name><surname>Zhang</surname>, <given-names>Y.</given-names></string-name></person-group> (<year>2020</year>), “<article-title>An interactive network for end-to-end review helpfulness modeling</article-title>”, <source>Data Science and Engineering</source>, Vol. <volume>5</volume> No. <issue>3</issue>, pp. <fpage>261</fpage>-<lpage>279</lpage>.</mixed-citation></ref>
<ref id="ref007"><mixed-citation publication-type="journal"><person-group person-group-type="author"><string-name><surname>Essien</surname>, <given-names>A.</given-names></string-name> and <string-name><surname>Chukwukelu</surname>, <given-names>G.</given-names></string-name></person-group> (<year>2022</year>), “<article-title>Deep learning in hospitality and tourism: a research framework agenda for future research</article-title>”, <source>International Journal of Contemporary Hospitality Management</source>, Vol. <volume>34</volume> No. <issue>12</issue>, pp. <fpage>4480</fpage>-<lpage>4515</lpage>.</mixed-citation></ref>
<ref id="ref008"><mixed-citation publication-type="journal"><person-group person-group-type="author"><string-name><surname>Fang</surname>, <given-names>B.</given-names></string-name>, <string-name><surname>Ye</surname>, <given-names>Q.</given-names></string-name>, <string-name><surname>Kucukusta</surname>, <given-names>D.</given-names></string-name> and <string-name><surname>Law</surname>, <given-names>R.</given-names></string-name></person-group> (<year>2016</year>), “<article-title>Analysis of the perceived value of online tourism reviews: influence of readability and reviewer characteristics</article-title>”, <source>Tourism Management</source>, Vol. <volume>52</volume>, pp. <fpage>498</fpage>-<lpage>506</lpage>.</mixed-citation></ref>
<ref id="ref009"><mixed-citation publication-type="journal"><person-group person-group-type="author"><string-name><surname>Filieri</surname>, <given-names>R.</given-names></string-name>, <string-name><surname>Raguseo</surname>, <given-names>E.</given-names></string-name> and <string-name><surname>Vitari</surname>, <given-names>C.</given-names></string-name></person-group> (<year>2021</year>), “<article-title>Extremely negative ratings and online consumer review helpfulness: the moderating role of product quality signals</article-title>”, <source>Journal of Travel Research</source>, Vol. <volume>60</volume> No. <issue>4</issue>, pp. <fpage>699</fpage>-<lpage>717</lpage>.</mixed-citation></ref>
<ref id="ref010"><mixed-citation publication-type="journal"><person-group person-group-type="author"><string-name><surname>Ghose</surname>, <given-names>A.</given-names></string-name> and <string-name><surname>Ipeirotis</surname>, <given-names>P.G.</given-names></string-name></person-group> (<year>2010</year>), “<article-title>Estimating the helpfulness and economic impact of product reviews: mining text and reviewer characteristics</article-title>”, <source>IEEE Transactions on Knowledge and Data Engineering</source>, Vol. <volume>23</volume> No. <issue>10</issue>, pp. <fpage>1498</fpage>-<lpage>1512</lpage>.</mixed-citation></ref>
<ref id="ref011"><mixed-citation publication-type="journal"><person-group person-group-type="author"><string-name><surname>Huang</surname>, <given-names>G.-H.</given-names></string-name>, <string-name><surname>Chang</surname>, <given-names>C.-T.</given-names></string-name>, <string-name><surname>Bilgihan</surname>, <given-names>A.</given-names></string-name> and <string-name><surname>Okumus</surname>, <given-names>F.</given-names></string-name></person-group> (<year>2020</year>), “<article-title>Helpful or harmful? A double-edged sword of emoticons in online review helpfulness</article-title>”, <source>Tourism Management</source>, Vol. <volume>81</volume>, p. <fpage>104135</fpage>.</mixed-citation></ref>
<ref id="ref012"><mixed-citation publication-type="journal"><person-group person-group-type="author"><string-name><surname>Hu</surname>, <given-names>Y.-H.</given-names></string-name> and <string-name><surname>Chen</surname>, <given-names>K.</given-names></string-name></person-group> (<year>2016</year>), “<article-title>Predicting hotel review helpfulness: the impact of review visibility, and interaction between hotel stars and review ratings</article-title>”, <source>International Journal of Information Management</source>, Vol. <volume>36</volume> No. <issue>6</issue>, pp. <fpage>929</fpage>-<lpage>944</lpage>.</mixed-citation></ref>
<ref id="ref013"><mixed-citation publication-type="journal"><person-group person-group-type="author"><string-name><surname>Hu</surname>, <given-names>X.</given-names></string-name> and <string-name><surname>Yang</surname>, <given-names>Y.</given-names></string-name></person-group> (<year>2021</year>), “<article-title>What makes online reviews helpful in tourism and hospitality? a bare-bones meta-analysis</article-title>”, <source>Journal of Hospitality Marketing and Management</source>, Vol. <volume>30</volume> No. <issue>2</issue>, pp. <fpage>139</fpage>-<lpage>158</lpage>.</mixed-citation></ref>
<ref id="ref014"><mixed-citation publication-type="journal"><person-group person-group-type="author"><string-name><surname>Hu</surname>, <given-names>Y.-H.</given-names></string-name>, <string-name><surname>Chen</surname>, <given-names>K.</given-names></string-name> and <string-name><surname>Lee</surname>, <given-names>P.-J.</given-names></string-name></person-group> (<year>2017</year>), “<article-title>The effect of user-controllable filters on the prediction of online hotel reviews</article-title>”, <source>Information and Management</source>, Vol. <volume>54</volume> No. <issue>6</issue>, pp. <fpage>728</fpage>-<lpage>744</lpage>.</mixed-citation></ref>
<ref id="ref015"><mixed-citation publication-type="journal"><person-group person-group-type="author"><string-name><surname>Krishnamoorthy</surname>, <given-names>S.</given-names></string-name></person-group> (<year>2015</year>), “<article-title>Linguistic features for review helpfulness prediction</article-title>”, <source>Expert Systems with Applications</source>, Vol. <volume>42</volume> No. <issue>7</issue>, pp. <fpage>3751</fpage>-<lpage>3759</lpage>.</mixed-citation></ref>
<ref id="ref016"><mixed-citation publication-type="journal"><person-group person-group-type="author"><string-name><surname>Kwon</surname>, <given-names>W.</given-names></string-name>, <string-name><surname>Lee</surname>, <given-names>M.</given-names></string-name>, <string-name><surname>Back</surname>, <given-names>K.-J.</given-names></string-name> and <string-name><surname>Lee</surname>, <given-names>K.Y.</given-names></string-name></person-group> (<year>2021</year>), “<article-title>Assessing restaurant review helpfulness through big data: dual-process and social influence theory</article-title>”, <source>Journal of Hospitality and Tourism Technology</source>, Vol. <volume>12</volume> No. <issue>2</issue>, pp. <fpage>177</fpage>-<lpage>195</lpage>.</mixed-citation></ref>
<ref id="ref017"><mixed-citation publication-type="journal"><person-group person-group-type="author"><string-name><surname>Lascu</surname>, <given-names>D.-N.</given-names></string-name>, <string-name><surname>Bearden</surname>, <given-names>W.O.</given-names></string-name> and <string-name><surname>Rose</surname>, <given-names>R.L.</given-names></string-name></person-group> (<year>1995</year>), “<article-title>Norm extremity and interpersonal influences on consumer conformity</article-title>”, <source>Journal of Business Research</source>, Vol. <volume>32</volume> No. <issue>3</issue>, pp. <fpage>201</fpage>-<lpage>212</lpage>.</mixed-citation></ref>
<ref id="ref018"><mixed-citation publication-type="journal"><person-group person-group-type="author"><string-name><surname>Lee</surname>, <given-names>S.</given-names></string-name> and <string-name><surname>Choeh</surname>, <given-names>J.Y.</given-names></string-name></person-group> (<year>2014</year>), “<article-title>Predicting the helpfulness of online reviews using multilayer perceptron neural networks</article-title>”, <source>Expert Systems with Applications</source>, Vol. <volume>41</volume> No. <issue>6</issue>, pp. <fpage>3041</fpage>-<lpage>3046</lpage>.</mixed-citation></ref>
<ref id="ref019"><mixed-citation publication-type="journal"><person-group person-group-type="author"><string-name><surname>Lee</surname>, <given-names>P.-J.</given-names></string-name>, <string-name><surname>Hu</surname>, <given-names>Y.-H.</given-names></string-name> and <string-name><surname>Lu</surname>, <given-names>K.-T.</given-names></string-name></person-group> (<year>2018</year>), “<article-title>Assessing the helpfulness of online hotel reviews: a classification-based approach</article-title>”, <source>Telematics and Informatics</source>, Vol. <volume>35</volume> No. <issue>2</issue>, pp. <fpage>436</fpage>-<lpage>445</lpage>.</mixed-citation></ref>
<ref id="ref020"><mixed-citation publication-type="journal"><person-group person-group-type="author"><string-name><surname>Lee</surname>, <given-names>M.</given-names></string-name>, <string-name><surname>Jeong</surname>, <given-names>M.</given-names></string-name> and <string-name><surname>Lee</surname>, <given-names>J.</given-names></string-name></person-group> (<year>2017</year>), “<article-title>Roles of negative emotions in customers’ perceived helpfulness of hotel reviews on a user-generated review website: a text mining approach</article-title>”, <source>International Journal of Contemporary Hospitality Management</source>, Vol. <volume>29</volume> No. <issue>2</issue>, pp. <fpage>762</fpage>-<lpage>783</lpage>.</mixed-citation></ref>
<ref id="ref021"><mixed-citation publication-type="journal"><person-group person-group-type="author"><string-name><surname>Lee</surname>, <given-names>M.</given-names></string-name>, <string-name><surname>Kwon</surname>, <given-names>W.</given-names></string-name> and <string-name><surname>Back</surname>, <given-names>K.-J.</given-names></string-name></person-group> (<year>2021</year>), “<article-title>Artificial intelligence for hospitality big data analytics: developing a prediction model of restaurant review helpfulness for customer decision-making</article-title>”, <source>International Journal of Contemporary Hospitality Management</source>, Vol. <volume>33</volume> No. <issue>6</issue>, pp. <fpage>2117</fpage>-<lpage>2136</lpage>.</mixed-citation></ref>
<ref id="ref022"><mixed-citation publication-type="journal"><person-group person-group-type="author"><string-name><surname>Liang</surname>, <given-names>S.</given-names></string-name>, <string-name><surname>Schuckert</surname>, <given-names>M.</given-names></string-name> and <string-name><surname>Law</surname>, <given-names>R.</given-names></string-name></person-group> (<year>2019</year>), “<article-title>How to improve the stated helpfulness of hotel reviews? A multilevel approach</article-title>”, <source>International Journal of Contemporary Hospitality Management</source>, Vol. <volume>31</volume> No. <issue>2</issue>, pp. <fpage>953</fpage>-<lpage>977</lpage>.</mixed-citation></ref>
<ref id="ref023"><mixed-citation publication-type="journal"><person-group person-group-type="author"><string-name><surname>Li</surname>, <given-names>X.</given-names></string-name>, <string-name><surname>Li</surname>, <given-names>Q.</given-names></string-name> and <string-name><surname>Kim</surname>, <given-names>J.</given-names></string-name></person-group> (<year>2023</year>), “<article-title>A review helpfulness modeling mechanism for online E-commerce: multi-channel CNN end-to-end approach</article-title>”, <source>Applied Artificial Intelligence</source>, Vol. <volume>37</volume> No. <issue>1</issue>, p. <fpage>2166226</fpage>.</mixed-citation></ref>
<ref id="ref024"><mixed-citation publication-type="journal"><person-group person-group-type="author"><string-name><surname>Li</surname>, <given-names>Q.</given-names></string-name>, <string-name><surname>Jang</surname>, <given-names>D.</given-names></string-name>, <string-name><surname>Kim</surname>, <given-names>D.</given-names></string-name> and <string-name><surname>Kim</surname>, <given-names>J.</given-names></string-name></person-group> (<year>2023</year>), “<article-title>Restaurant recommendation model using textual information to estimate consumer preference: evidence from an online restaurant platform</article-title>”, <source>Journal of Hospitality and Tourism Technology</source>, Vol. <volume>14</volume> No. <issue>5</issue>, pp. <fpage>857</fpage>-<lpage>877</lpage>.</mixed-citation></ref>
<ref id="ref025"><mixed-citation publication-type="journal"><person-group person-group-type="author"><string-name><surname>Liu</surname>, <given-names>Z.</given-names></string-name> and <string-name><surname>Park</surname>, <given-names>S.</given-names></string-name></person-group> (<year>2015</year>), “<article-title>What makes a useful online review? Implication for travel product websites</article-title>”, <source>Tourism Management</source>, Vol. <volume>47</volume>, pp. <fpage>140</fpage>-<lpage>151</lpage>.</mixed-citation></ref>
<ref id="ref026"><mixed-citation publication-type="journal"><person-group person-group-type="author"><string-name><surname>Liu</surname>, <given-names>Z.</given-names></string-name> and <string-name><surname>Zhao</surname>, <given-names>W.</given-names></string-name></person-group> (<year>2023</year>), “<article-title>Chinese sentiment analysis model by integrating multi-granularity semantic features</article-title>”, <source>Data Technologies and Applications</source>, Vol. <volume>57</volume> No. <issue>4</issue>.</mixed-citation></ref>
<ref id="ref027"><mixed-citation publication-type="journal"><person-group person-group-type="author"><string-name><surname>Liu</surname>, <given-names>J.</given-names></string-name>, <string-name><surname>Hu</surname>, <given-names>S.</given-names></string-name>, <string-name><surname>Mehraliyev</surname>, <given-names>F.</given-names></string-name> and <string-name><surname>Liu</surname>, <given-names>H.</given-names></string-name></person-group> (<year>2023</year>), “<article-title>Text classification in tourism and hospitality–a deep learning perspective</article-title>”, <source>International Journal of Contemporary Hospitality Management</source>, Vol. <volume>35</volume> No. <issue>12</issue>,</mixed-citation></ref>
<ref id="ref028"><mixed-citation publication-type="journal"><person-group person-group-type="author"><string-name><surname>Luo</surname>, <given-names>Y.</given-names></string-name> and <string-name><surname>Xu</surname>, <given-names>X.</given-names></string-name></person-group> (<year>2021</year>), “<article-title>Comparative study of deep learning models for analyzing online restaurant reviews in the era of the COVID-19 pandemic</article-title>”, <source>International Journal of Hospitality Management</source>, Vol. <volume>94</volume>, p. <fpage>102849</fpage>.</mixed-citation></ref>
<ref id="ref029"><mixed-citation publication-type="journal"><person-group person-group-type="author"><string-name><surname>Luo</surname>, <given-names>Y.</given-names></string-name>, <string-name><surname>Tang</surname>, <given-names>L.R.</given-names></string-name>, <string-name><surname>Kim</surname>, <given-names>E.</given-names></string-name> and <string-name><surname>Wang</surname>, <given-names>X.</given-names></string-name></person-group> (<year>2020</year>), “<article-title>Finding the reviews on yelp that actually matter to me: Innovative approach of improving recommender systems</article-title>”, <source>International Journal of Hospitality Management</source>, Vol. <volume>91</volume>, p. <fpage>102697</fpage>.</mixed-citation></ref>
<ref id="ref030"><mixed-citation publication-type="journal"><person-group person-group-type="author"><string-name><surname>Moro</surname>, <given-names>S.</given-names></string-name> and <string-name><surname>Esmerado</surname>, <given-names>J.</given-names></string-name></person-group> (<year>2021</year>), “<article-title>An integrated model to explain online review helpfulness in hospitality</article-title>”, <source>Journal of Hospitality and Tourism Technology</source>, Vol. <volume>12</volume> No. <issue>2</issue>, pp. <fpage>239</fpage>-<lpage>253</lpage>.</mixed-citation></ref>
<ref id="ref031"><mixed-citation publication-type="journal"><person-group person-group-type="author"><string-name><surname>Nakayama</surname>, <given-names>M.</given-names></string-name> and <string-name><surname>Wan</surname>, <given-names>Y.</given-names></string-name></person-group> (<year>2019</year>), “<article-title>Same sushi, different impressions: a cross-cultural analysis of yelp reviews</article-title>”, <source>Information Technology and Tourism</source>, Vol. <volume>21</volume> No. <issue>2</issue>, pp. <fpage>181</fpage>-<lpage>207</lpage>.</mixed-citation></ref>
<ref id="ref032"><mixed-citation publication-type="journal"><person-group person-group-type="author"><string-name><surname>Oh</surname>, <given-names>S.</given-names></string-name>, <string-name><surname>Ji</surname>, <given-names>H.</given-names></string-name>, <string-name><surname>Kim</surname>, <given-names>J.</given-names></string-name>, <string-name><surname>Park</surname>, <given-names>E.</given-names></string-name> and <string-name><surname>del Pobil</surname>, <given-names>A.P.</given-names></string-name></person-group> (<year>2022</year>), “<article-title>Deep learning model based on expectation-confirmation theory to predict customer satisfaction in hospitality service</article-title>”, <source>Information Technology and Tourism</source>, Vol. <volume>24</volume> No. <issue>1</issue>, pp. <fpage>109</fpage>-<lpage>126</lpage>.</mixed-citation></ref>
<ref id="ref033"><mixed-citation publication-type="journal"><person-group person-group-type="author"><string-name><surname>Olmedilla</surname>, <given-names>M.</given-names></string-name>, <string-name><surname>Martínez-Torres</surname>, <given-names>M.R.</given-names></string-name> and <string-name><surname>Toral</surname>, <given-names>S.</given-names></string-name></person-group> (<year>2022</year>), “<article-title>Prediction and modelling online reviews helpfulness using 1d convolutional neural networks</article-title>”, <source>Expert Systems with Applications</source>, Vol. <volume>198</volume>, p. <fpage>116787</fpage>.</mixed-citation></ref>
<ref id="ref034"><mixed-citation publication-type="journal"><person-group person-group-type="author"><string-name><surname>Park</surname>, <given-names>S.</given-names></string-name> and <string-name><surname>Nicolau</surname>, <given-names>J.L.</given-names></string-name></person-group> (<year>2015</year>), “<article-title>Asymmetric effects of online consumer reviews</article-title>”, <source>Annals of Tourism Research</source>, Vol. <volume>50</volume>, pp. <fpage>67</fpage>-<lpage>83</lpage>.</mixed-citation></ref>
<ref id="ref035"><mixed-citation publication-type="journal"><person-group person-group-type="author"><string-name><surname>Puh</surname>, <given-names>K.</given-names></string-name> and <string-name><surname>Bagić Babac</surname>, <given-names>M.</given-names></string-name></person-group> (<year>2023</year>), “<article-title>Predicting sentiment and rating of tourist reviews using machine learning</article-title>”, <source>Journal of Hospitality and Tourism Insights</source>, Vol. <volume>6</volume> No. <issue>3</issue>, pp. <fpage>1188</fpage>-<lpage>1204</lpage>.</mixed-citation></ref>
<ref id="ref036"><mixed-citation publication-type="journal"><person-group person-group-type="author"><string-name><surname>Ren</surname>, <given-names>G.</given-names></string-name>, <string-name><surname>Diao</surname>, <given-names>L.</given-names></string-name>, <string-name><surname>Guo</surname>, <given-names>F.</given-names></string-name> and <string-name><surname>Hong</surname>, <given-names>T.</given-names></string-name></person-group> (<year>2024</year>), “<article-title>A co-attention based multi-modal fusion network for review helpfulness prediction</article-title>”, <source>Information Processing and Management</source>, Vol. <volume>61</volume> No. <issue>1</issue>, p. <fpage>103573</fpage>.</mixed-citation></ref>
<ref id="ref037"><mixed-citation publication-type="journal"><person-group person-group-type="author"><string-name><surname>Ren</surname>, <given-names>G.</given-names></string-name> and <string-name><surname>Hong</surname>, <given-names>T.</given-names></string-name></person-group> (<year>2019</year>), “<article-title>Examining the relationship between specific negative emotions and the perceived helpfulness of online reviews</article-title>”, <source>Information Processing and Management</source>, Vol. <volume>56</volume> No. <issue>4</issue>, pp. <fpage>1425</fpage>-<lpage>1438</lpage>.</mixed-citation></ref>
<ref id="ref038"><mixed-citation publication-type="journal"><person-group person-group-type="author"><string-name><surname>Stamolampros</surname>, <given-names>P.</given-names></string-name> and <string-name><surname>Korfiatis</surname>, <given-names>N.</given-names></string-name></person-group> (<year>2018</year>), “<article-title>Exploring the behavioral drivers of review valence: the direct and indirect effects of multiple psychological distances</article-title>”, <source>International Journal of Contemporary Hospitality Management</source>, Vol. <volume>30</volume> No. <issue>10</issue>, pp. <fpage>3083</fpage>-<lpage>3099</lpage>.</mixed-citation></ref>
<ref id="ref039"><mixed-citation publication-type="journal"><person-group person-group-type="author"><string-name><surname>Tsai</surname>, <given-names>C.-F.</given-names></string-name>, <string-name><surname>Chen</surname>, <given-names>K.</given-names></string-name>, <string-name><surname>Hu</surname>, <given-names>Y.-H.</given-names></string-name> and <string-name><surname>Chen</surname>, <given-names>W.-K.</given-names></string-name></person-group> (<year>2020</year>), “<article-title>Improving text summarization of online hotel reviews with review helpfulness and sentiment</article-title>”, <source>Tourism Management</source>, Vol. <volume>80</volume>, p. <fpage>104122</fpage>.</mixed-citation></ref>
<ref id="ref040"><mixed-citation publication-type="journal"><person-group person-group-type="author"><string-name><surname>Yang</surname>, <given-names>J.</given-names></string-name>, <string-name><surname>Du</surname>, <given-names>X.</given-names></string-name>, <string-name><surname>Hung</surname>, <given-names>J.-L.</given-names></string-name> and <string-name><surname>Tu</surname>, <given-names>C.-H.</given-names></string-name></person-group> (<year>2022</year>), “<article-title>Analyzing online discussion data for understanding the student's critical thinking</article-title>”, <source>Data Technologies and Applications</source>, Vol. <volume>56</volume> No. <issue>2</issue>, pp. <fpage>303</fpage>-<lpage>326</lpage>.</mixed-citation></ref>
<ref id="ref041"><mixed-citation publication-type="journal"><person-group person-group-type="author"><string-name><surname>Yoo</surname>, <given-names>M.</given-names></string-name>, <string-name><surname>Singh</surname>, <given-names>A.K.</given-names></string-name> and <string-name><surname>Loewy</surname>, <given-names>N.</given-names></string-name></person-group> (<year>2024</year>), “<article-title>Predicting hotel booking cancelation with machine learning techniques</article-title>”, <source>Journal of Hospitality and Tourism Technology</source>, Vol. <volume>15</volume> No. <issue>1</issue>, pp. <fpage>54</fpage>-<lpage>69</lpage>.</mixed-citation></ref>
<ref id="ref042"><mixed-citation publication-type="journal"><person-group person-group-type="author"><string-name><surname>Zhang</surname>, <given-names>Y.</given-names></string-name> and <string-name><surname>Lin</surname>, <given-names>Z.</given-names></string-name></person-group> (<year>2018</year>), “<article-title>Predicting the helpfulness of online product reviews: a multilingual approach</article-title>”, <source>Electronic Commerce Research and Applications</source>, Vol. <volume>27</volume>, pp. <fpage>1</fpage>-<lpage>10</lpage>.</mixed-citation></ref>
<ref id="ref043"><mixed-citation publication-type="journal"><person-group person-group-type="author"><string-name><surname>Zheng</surname>, <given-names>T.</given-names></string-name>, <string-name><surname>Wu</surname>, <given-names>F.</given-names></string-name>, <string-name><surname>Law</surname>, <given-names>R.</given-names></string-name>, <string-name><surname>Qiu</surname>, <given-names>Q.</given-names></string-name> and <string-name><surname>Wu</surname>, <given-names>R.</given-names></string-name></person-group> (<year>2021</year>), “<article-title>Identifying unreliable online hospitality reviews with biased user-given ratings: a deep learning forecasting approach</article-title>”, <source>International Journal of Hospitality Management</source>, Vol. <volume>92</volume>, p. <fpage>102658</fpage>.</mixed-citation></ref></ref-list></back>
</article>