<?xml version="1.0" encoding="UTF-8"?>
<!DOCTYPE article PUBLIC "-//NLM//DTD JATS (Z39.96) Journal Archiving and Interchange DTD with MathML3 v1.1d1 20130915//EN" "JATS-archivearticle1-mathml3.dtd"><article xmlns:mml="http://www.w3.org/1998/Math/MathML" xmlns:xsi="http://www.w3.org/2001/XMLSchema-instance" xmlns:xlink="http://www.w3.org/1999/xlink" article-type="research-article" dtd-version="1.1d1" xml:lang="en"><front id="meta-hdr"><journal-meta><journal-id journal-id-type="publisher-id">QROM</journal-id><journal-id journal-id-type="doi">10.1108/QROM</journal-id><journal-title-group><journal-title>Qualitative Research in Organizations and Management: An International Journal</journal-title><abbrev-journal-title abbrev-type="publisher">QROM</abbrev-journal-title></journal-title-group><issn publication-format="print">1746-5648</issn><publisher><publisher-name>Emerald Publishing Limited</publisher-name></publisher></journal-meta><article-meta id="art-meta"><article-id pub-id-type="publisher-id">710524</article-id><article-id pub-id-type="doi">10.1108/QROM-05-2022-2349</article-id><article-id pub-id-type="original-pdf">QROM-05-2022-2349.pdf</article-id><article-id pub-id-type="filename">QROM-05-2022-2349</article-id><article-categories><subj-group subj-group-type="type-of-publication"><compound-subject><compound-subject-part content-type="code">research-article</compound-subject-part><compound-subject-part content-type="label">Research paper</compound-subject-part></compound-subject></subj-group><subj-group subj-group-type="subject"><compound-subject><compound-subject-part content-type="code">cat-MSOP</compound-subject-part><compound-subject-part content-type="label">Management science &amp; operations</compound-subject-part></compound-subject></subj-group><subj-group subj-group-type="subject"><compound-subject><compound-subject-part content-type="code"/><compound-subject-part content-type="label">Management science/operations research</compound-subject-part></compound-subject></subj-group><subj-group subj-group-type="subject"><compound-subject><compound-subject-part content-type="code"/><compound-subject-part content-type="label">Qualitative techniques</compound-subject-part></compound-subject></subj-group><subj-group subj-group-type="subject"><compound-subject><compound-subject-part content-type="code"/><compound-subject-part content-type="label">Research methods</compound-subject-part></compound-subject></subj-group><subj-group subj-group-type="subject"><compound-subject><compound-subject-part content-type="code"/><compound-subject-part content-type="label">Qualitative research</compound-subject-part></compound-subject></subj-group></article-categories><title-group><article-title xml:lang="en">Revealing white supremacy culture in an organization that supports queer and trans youth</article-title><alt-title alt-title-type="running-head">White supremacy culture in an organization</alt-title></title-group><contrib-group><contrib contrib-type="author" corresp="yes"><contrib-id contrib-id-type="orcid">https://orcid.org/0000-0003-0013-5813</contrib-id><name-alternatives><name name-style="western"><surname>Christensen</surname><given-names>M. Candace</given-names></name><string-name name-style="western"><given-names>M. Candace</given-names> <surname>Christensen</surname></string-name></name-alternatives><email>mcanchri@umich.edu</email><xref ref-type="aff" rid="aff1"/></contrib><contrib contrib-type="author"><contrib-id contrib-id-type="orcid">https://orcid.org/0000-0001-8414-6303</contrib-id><name-alternatives><name name-style="western"><surname>Elías</surname><given-names>María Verónica</given-names></name><string-name name-style="western"><given-names>María Verónica</given-names> <surname>Elías</surname></string-name></name-alternatives><email>mariaveronica.elias@utsa.edu</email><xref ref-type="aff" rid="aff2"/></contrib><contrib contrib-type="author"><name-alternatives><name name-style="western"><surname>Alcocer</surname><given-names>Érica</given-names></name><string-name name-style="western"><given-names>Érica</given-names> <surname>Alcocer</surname></string-name></name-alternatives><email>itsonlyerica@gmail.com</email><xref ref-type="aff" rid="aff3"/></contrib><contrib contrib-type="author"><name-alternatives><name name-style="western"><surname>Vicente</surname><given-names>Shannyn</given-names></name><string-name name-style="western"><given-names>Shannyn</given-names> <surname>Vicente</surname></string-name></name-alternatives><email>andbreathe.com@gmail.com</email><xref ref-type="aff" rid="aff4"/></contrib><aff id="aff1"><institution-wrap><institution>Department of Social Work</institution></institution-wrap>, <institution-wrap><institution>The University of Texas at San Antonio</institution></institution-wrap>, San Antonio, Texas, <country country="US">USA</country></aff><aff id="aff2">Department of Public Administration, <institution-wrap><institution>The University of Texas at San Antonio</institution></institution-wrap>, San Antonio, Texas, <country country="US">USA</country></aff><aff id="aff3"><institution-wrap><institution>San Antonio Pride Center</institution></institution-wrap>, San Antonio, Texas, <country country="US">USA</country></aff><aff id="aff4"><institution-wrap><institution>Inbodied</institution></institution-wrap>, San Antonio, Texas, <country country="US">USA</country></aff></contrib-group><author-notes><corresp id="cor1">M. Candace Christensen can be contacted at: <ext-link ext-link-type="email" xlink:href="mailto:mcanchri@umich.edu">mcanchri@umich.edu</ext-link></corresp></author-notes><pub-date publication-format="electronic" date-type="pub" iso-8601-date="2023-10-31"><day>31</day><month>10</month><year>2023</year></pub-date><pub-date publication-format="print" date-type="pub" iso-8601-date="2023-11-07"><day>07</day><month>11</month><year>2023</year></pub-date><volume>18</volume><issue>4</issue><fpage>326</fpage><lpage>349</lpage><history><date date-type="received" iso-8601-date="2022-05-29"><day>29</day><month>05</month><year>2022</year></date><date date-type="revised" iso-8601-date="2023-01-21"><day>21</day><month>01</month><year>2023</year></date><date date-type="revised" iso-8601-date="2023-05-31"><day>31</day><month>05</month><year>2023</year></date><date date-type="revised" iso-8601-date="2023-07-31"><day>31</day><month>07</month><year>2023</year></date><date date-type="accepted" iso-8601-date="2023-09-03"><day>03</day><month>09</month><year>2023</year></date></history><permissions><copyright-statement>© Emerald Publishing Limited</copyright-statement><copyright-year>2023</copyright-year><copyright-holder>Emerald Publishing Limited</copyright-holder><license license-type="publisher"><license-p>Licensed re-use rights only</license-p></license></permissions><self-uri content-type="pdf" xlink:href="QROM-05-2022-2349.pdf"/><abstract abstract-type="structured" id="abstr1" xml:lang="en"><sec><title content-type="abstract-subheading">Purpose</title><p>This study aims to illustrate how white supremacy culture can be produced within nonprofit organizations with a mandate to serve marginalized communities and provide practical suggestions for preventing oppression.</p></sec><sec><title content-type="abstract-subheading">Design/methodology/approach</title><p>The site of inquiry was a nonprofit organization in south central Texas that provides social support to queer and trans youth. Through critical ethnography, the researchers evaluated the organization's processes and structure (including hierarchy, decision-making, fundraising and interactions between leaders, partners and affected groups) to explore how the organization perpetuated attributes of white supremacy culture.</p></sec><sec><title content-type="abstract-subheading">Findings</title><p>Data reveal that the organization alienates the youth, volunteers and employees through defensiveness, fear of open conflict, paternalism, perfectionism and power-hoarding.</p></sec><sec><title content-type="abstract-subheading">Originality/value</title><p>A dearth of research focuses on how white supremacy culture manifests in organizations serving marginalized communities. This paper addresses this gap by focusing on a nonprofit organization in central Texas that supports queer and trans youth. The authors offer recommendations for addressing white supremacy culture in organizations and suggest future research opportunities.</p></sec></abstract><kwd-group kwd-group-type="author-generated" xml:lang="en"><kwd>White supremacy</kwd><x xml:space="preserve">, </x><kwd>Intersectionality</kwd><x xml:space="preserve">, </x><kwd>Youth studies</kwd><x xml:space="preserve">, </x><kwd>Queer and trans youth</kwd><x xml:space="preserve">, </x><kwd>LGBTQ youth</kwd><x xml:space="preserve">, </x><kwd>Nonprofit organizations</kwd><x xml:space="preserve">, </x><kwd>Nonprofit</kwd><x xml:space="preserve">, </x><kwd>NGOs</kwd><x xml:space="preserve">, </x><kwd>Critical ethnography</kwd><x xml:space="preserve">, </x><kwd>Critical theory</kwd><x xml:space="preserve">, </x><kwd>Interpretation</kwd></kwd-group><counts><fig-count count="1"/><table-count count="1"/><equation-count count="0"/><ref-count count="86"/><page-count count="24"/><word-count count="12711"/></counts><custom-meta-group><custom-meta><meta-name>peer-reviewed</meta-name><meta-value>Yes</meta-value></custom-meta><custom-meta><meta-name>academic-content</meta-name><meta-value>Yes</meta-value></custom-meta><custom-meta><meta-name>EContentType</meta-name><meta-value>Journal</meta-value></custom-meta><custom-meta><meta-name>rightslink</meta-name><meta-value>included</meta-value></custom-meta></custom-meta-group></article-meta></front><back><ref-list id="refs1"><title>References</title><ref id="ref001"><mixed-citation publication-type="web"><person-group person-group-type="author"><string-name><surname>Abdallah</surname>, <given-names>C.</given-names></string-name></person-group> (<year>2017</year>), “<article-title>Ethnography as writing: how creative nonfiction can inspire organizational ethnographers</article-title>”. doi: <pub-id pub-id-type="doi">10.4324/9781315686103-12</pub-id>.</mixed-citation></ref><ref id="ref002"><mixed-citation publication-type="journal"><person-group person-group-type="author"><string-name><surname>Acker</surname>, <given-names>J.</given-names></string-name></person-group> (<year>2004</year>), “<article-title>Gender, capitalism and globalization</article-title>”, <source>Critical Sociology</source>, Vol. <volume>30</volume> No. <issue>1</issue>, pp. <fpage>17</fpage>-<lpage>41</lpage>, doi: <pub-id pub-id-type="doi">10.1163/156916304322981668</pub-id>.</mixed-citation></ref><ref id="ref003"><mixed-citation publication-type="journal"><person-group person-group-type="author"><string-name><surname>Acker</surname>, <given-names>J.</given-names></string-name></person-group> (<year>2006</year>), “<article-title>Inequality regimes: gender, class, and race in organizations</article-title>”, <source>Gender and Society</source>, Vol. <volume>20</volume> No. <issue>4</issue>, pp. <fpage>441</fpage>-<lpage>464</lpage>, doi: <pub-id pub-id-type="doi">10.1177/0891243206289499</pub-id>.</mixed-citation></ref><ref id="ref082"><mixed-citation publication-type="book"><person-group person-group-type="author"><string-name><surname>Alexander</surname>, <given-names>M.</given-names></string-name></person-group> (<year>2012</year>), <source>The New Jim Crow: Mass Incarceration in the Age of Colorblindness</source>, <publisher-name>The New Press</publisher-name>.</mixed-citation></ref><ref id="ref004"><mixed-citation publication-type="journal"><person-group person-group-type="author"><string-name><surname>Annati</surname>, <given-names>A.</given-names></string-name> and <string-name><surname>Ramsey</surname>, <given-names>L.R.</given-names></string-name></person-group> (<year>2022</year>), “<article-title>Lesbian perceptions of stereotypical and sexualized media portrayals</article-title>”, <source>Sexuality and Culture</source>, Vol. <volume>26</volume> No. <issue>1</issue>, pp. <fpage>312</fpage>-<lpage>338</lpage>, doi: <pub-id pub-id-type="doi">10.1007/s12119-021-09892-z</pub-id>.</mixed-citation></ref><ref id="ref005"><mixed-citation publication-type="journal"><person-group person-group-type="author"><string-name><surname>Anzani</surname>, <given-names>A.</given-names></string-name>, <string-name><surname>Siboni</surname>, <given-names>L.</given-names></string-name>, <string-name><surname>Lindley</surname>, <given-names>L.</given-names></string-name>, <string-name><surname>Paz Galupo</surname>, <given-names>M.</given-names></string-name> and <string-name><surname>Prunas</surname>, <given-names>A.</given-names></string-name></person-group> (<year>2023</year>), “<article-title>From abstinence to deviance: sexual stereotypes associated with transgender and Nonbinary individual</article-title>”, <source>Sexuality Research and Social Policy [Preprint]</source>, doi: <pub-id pub-id-type="doi">10.1007/s13178-023-00842-y</pub-id>.</mixed-citation></ref><ref id="ref007"><mixed-citation publication-type="book"><person-group person-group-type="author"><string-name><surname>Baldridge</surname>, <given-names>B.J.</given-names></string-name></person-group> (<year>2019</year>), <source>Reclaiming Community: Race and the Uncertain Future of Youth Work</source>, <publisher-name>Stanford University Press</publisher-name>, <publisher-loc>Stanford</publisher-loc>.</mixed-citation></ref><ref id="ref008"><mixed-citation publication-type="journal"><person-group person-group-type="author"><string-name><surname>Boyett</surname>, <given-names>M.</given-names></string-name>, <string-name><surname>Santarella</surname>, <given-names>M.</given-names></string-name>, <string-name><surname>Milligan</surname>, <given-names>T.</given-names></string-name>, <string-name><surname>DeChants</surname>, <given-names>J.</given-names></string-name>, <string-name><surname>Williams</surname>, <given-names>O.</given-names></string-name>, <string-name><surname>Bender</surname>, <given-names>K.</given-names></string-name>, <string-name><surname>Shelton</surname>, <given-names>J.</given-names></string-name> and <string-name><surname>Chassman</surname>, <given-names>S.</given-names></string-name></person-group> (<year>2021</year>), “<article-title>Understanding young people’s navigation of housing barriers through a white supremacy lens</article-title>”, <source>Child and Adolescent Social Work Journal [Preprint]</source>, Vol. <volume>40</volume>, pp. <fpage>643</fpage>-<lpage>654</lpage>, doi: <pub-id pub-id-type="doi">10.1007/s10560-021-00804-6</pub-id>.</mixed-citation></ref><ref id="ref083"><mixed-citation publication-type="book"><person-group person-group-type="author"><string-name><surname>Brown</surname>, <given-names>B.</given-names></string-name></person-group> (<year>2018</year>), <source>Dare to Lead: Brave Work. Tough Conversations. Whole Hearts</source>, <publisher-name>Random House Publishing Group</publisher-name>.</mixed-citation></ref><ref id="ref093"><mixed-citation publication-type="book"><person-group person-group-type="author"><string-name><surname>Burkhard</surname>, <given-names>B.M.</given-names></string-name>, <string-name><surname>Robinson</surname>, <given-names>K.M.</given-names></string-name>, <string-name><surname>Murray</surname>, <given-names>E.D.</given-names></string-name> and <string-name><surname>Lerner</surname>, <given-names>R.M.</given-names></string-name></person-group> (<year>2020</year>), <source>Positive Youth Development: Theory and Perspective, The Encyclopedia of Child and Adolescent Development</source>, <publisher-name>John Wiley &amp; Sons</publisher-name>, pp. <fpage>1</fpage>-<lpage>12</lpage>.</mixed-citation></ref><ref id="ref009"><mixed-citation publication-type="journal"><person-group person-group-type="author"><string-name><surname>Capous-Desyllas</surname>, <given-names>M.</given-names></string-name> and <string-name><surname>Mountz</surname>, <given-names>S.</given-names></string-name></person-group> (<year>2019</year>), “<article-title>Using photovoice methodology to Illuminate the experiences of LGBTQ former foster youth</article-title>”, <source>Child and Youth Services</source>, Vol. <volume>40</volume> No. <issue>3</issue>, pp. <fpage>267</fpage>-<lpage>307</lpage>, doi: <pub-id pub-id-type="doi">10.1080/0145935X.2019.1583099</pub-id>.</mixed-citation></ref><ref id="ref094"><mixed-citation publication-type="journal"><person-group person-group-type="author"><string-name><surname>Centre for Community Organizations (COCo)</surname></string-name>, <string-name><surname>Jones</surname>, <given-names>K.</given-names></string-name> and <string-name><surname>Okun</surname>, <given-names>T.</given-names></string-name></person-group> (<year>2019</year>), “<article-title>White supremacy culture in organizations”, available at</article-title>: <ext-link ext-link-type="uri" xlink:href="https://coco-net.org/wp-content/uploads/2019/11/Coco-WhiteSupCulture-ENG4.pdf (accessed:">https://coco-net.org/wp-content/uploads/2019/11/Coco-WhiteSupCulture-ENG4.pdf</ext-link> (<comment>accessed</comment> <date-in-citation>8 January 2021</date-in-citation>).</mixed-citation></ref><ref id="ref010"><mixed-citation publication-type="journal"><person-group person-group-type="author"><string-name><surname>Cho</surname>, <given-names>S.</given-names></string-name>, <string-name><surname>Crenshaw</surname>, <given-names>K.W.</given-names></string-name> and <string-name><surname>McCall</surname>, <given-names>L.</given-names></string-name></person-group> (<year>2013</year>), “<article-title>Toward a field of intersectionality studies: theory, applications, and praxis</article-title>”, <source>Signs</source>, Vol. <volume>38</volume> No. <issue>4</issue>, pp. <fpage>785</fpage>-<lpage>810</lpage>, doi: <pub-id pub-id-type="doi">10.1086/669608</pub-id>.</mixed-citation></ref><ref id="ref084"><mixed-citation publication-type="other"><person-group person-group-type="author"><string-name><surname>Christensen</surname>, <given-names>M.C.</given-names></string-name>, <string-name><surname>Jeon</surname>, <given-names>J.</given-names></string-name>, <string-name><surname>Hostetter</surname>, <given-names>R.</given-names></string-name>, <string-name><surname>Doyle</surname>, <given-names>M.</given-names></string-name> and <string-name><surname>Kynn</surname>, <given-names>J.</given-names></string-name></person-group> (<year>2023</year>), “<article-title>Facilitators and barriers to sexual and gender minority youth development: addressing accessibility and ‘Isms’, building collaborations, and supporting mental health in community-based organizations</article-title>”, <source>Children and Youth Services Review</source>, Vol. <volume>152</volume>, <elocation-id>107079</elocation-id>, doi: <pub-id pub-id-type="doi">10.1016/j.childyouth.2023.107079</pub-id>.</mixed-citation></ref><ref id="ref085"><mixed-citation publication-type="other"><person-group person-group-type="author"><string-name><surname>Christensen</surname>, <given-names>M.C.</given-names></string-name>, <string-name><surname>Todić</surname>, <given-names>J.</given-names></string-name> and <string-name><surname>McMahon</surname>, <given-names>S.M.</given-names></string-name></person-group> (<year>2022</year>), “<article-title>Bridging the Grey gap: conducting Grey literature reviews for ethical social work practice and research</article-title>”, <source>Journal of the Society for Social Work and Research</source>, Vol. <volume>13</volume> No. <issue>3</issue>, pp. <fpage>609</fpage>-<lpage>635</lpage>, doi: <pub-id pub-id-type="doi">10.1086/717731</pub-id>.</mixed-citation></ref><ref id="ref011"><mixed-citation publication-type="book"><person-group person-group-type="author"><string-name><surname>Collins</surname>, <given-names>P.H.</given-names></string-name></person-group> (<year>2000</year>), <source>Black Feminist Thought: Knowledge, Consciousness, and the Politics of Empowerment</source>, <edition>2nd.</edition>, <publisher-name>Routledge</publisher-name>, <publisher-loc>New York, NY</publisher-loc>.</mixed-citation></ref><ref id="ref012"><mixed-citation publication-type="book"><person-group person-group-type="author"><string-name><surname>Collins</surname>, <given-names>P.H.</given-names></string-name></person-group> (<year>2019</year>), <source>Intersectionality as Critical Social Theory</source>, <publisher-name>Duke University Press</publisher-name>, <publisher-loc>Durham, NC</publisher-loc>.</mixed-citation></ref><ref id="ref013"><mixed-citation publication-type="book"><person-group person-group-type="author"><string-name><surname>Collins</surname>, <given-names>P.H.</given-names></string-name> and <string-name><surname>Bilge</surname>, <given-names>S.</given-names></string-name></person-group> (<year>2020</year>), <source>Intersectionality</source>, <edition>2nd ed.</edition>, <publisher-name>Polity Press</publisher-name>, <publisher-loc>Oxford</publisher-loc>.</mixed-citation></ref><ref id="ref014"><mixed-citation publication-type="web"><person-group person-group-type="author"><collab>Combahee River Collective</collab></person-group> (<year>1977</year>), “<article-title>The Combahee River Collective statement</article-title>”, <comment>available at:</comment> <ext-link ext-link-type="uri" xlink:href="https://www.blackpast.org/african-american-history/combahee-river-collective-statement-1977/">https://www.blackpast.org/african-american-history/combahee-river-collective-statement-1977/</ext-link></mixed-citation></ref><ref id="ref015"><mixed-citation publication-type="journal"><person-group person-group-type="author"><string-name><surname>Crenshaw</surname>, <given-names>K.</given-names></string-name></person-group> (<year>1989</year>), “<article-title>Demarginalizing the intersection of race and sex: a black feminist critique of antidiscrimination doctrine, feminist theory and antiracist policies</article-title>”, <source>University of Chicago Legal Forum</source>, Vol. <volume>1989</volume> No. <issue>1</issue>, pp. <fpage>139</fpage>-<lpage>167</lpage>.</mixed-citation></ref><ref id="ref016"><mixed-citation publication-type="book"><person-group person-group-type="author"><string-name><surname>Davis</surname>, <given-names>A.Y.</given-names></string-name></person-group> (<year>1981</year>), <source>Women, Race, and Class</source>, <publisher-name>Random House</publisher-name>, <publisher-loc>New York, NY</publisher-loc>.</mixed-citation></ref><ref id="ref017"><mixed-citation publication-type="book"><person-group person-group-type="author"><string-name><surname>Delgado</surname>, <given-names>R.</given-names></string-name> and <string-name><surname>Stefancic</surname>, <given-names>J.</given-names></string-name></person-group> (<year>2012</year>), <source>Critical Race Theory: An Introduction</source>, <edition>2nd ed.</edition>, <publisher-name>NYU Press</publisher-name>, <publisher-loc>New York, NY</publisher-loc>.</mixed-citation></ref><ref id="ref018"><mixed-citation publication-type="book"><person-group person-group-type="author"><string-name><surname>Desmond</surname>, <given-names>M.</given-names></string-name></person-group> (<year>2023</year>), <source>Poverty, by America</source>, <publisher-name>Random House</publisher-name>, <publisher-loc>New York, NY</publisher-loc>.</mixed-citation></ref><ref id="ref019"><mixed-citation publication-type="book"><person-group person-group-type="author"><string-name><surname>Drame</surname>, <given-names>E.R.</given-names></string-name> and <string-name><surname>Irby</surname>, <given-names>D.J.</given-names></string-name></person-group> (<year>2016</year>), <source>Black Participatory Research: Power, Identity, and the Struggle for Justice in Education</source>, <publisher-name>Springer</publisher-name>, <publisher-loc>New York, NY</publisher-loc>.</mixed-citation></ref><ref id="ref020"><mixed-citation publication-type="book"><person-group person-group-type="author"><string-name><surname>Dreyfus</surname>, <given-names>H.L.</given-names></string-name> and <string-name><surname>Rabinow</surname>, <given-names>P.</given-names></string-name></person-group> (<year>2014</year>), <source>Michel Foucault: Beyond Structuralism and Hermeneutics</source>, <publisher-name>Routledge</publisher-name>, <publisher-loc>New York, NY</publisher-loc>.</mixed-citation></ref><ref id="ref021"><mixed-citation publication-type="book"><person-group person-group-type="author"><string-name><surname>Du Bois</surname>, <given-names>W.E.B.</given-names></string-name></person-group> (<year>2014</year>), <source>The Problem of the Color Line at the Turn of the Twentieth Century: The Essential Early Essays</source>, <publisher-name>Fordham Univ Press</publisher-name>, <publisher-loc>New York, NY</publisher-loc>.</mixed-citation></ref><ref id="ref090"><mixed-citation publication-type="journal"><person-group person-group-type="author"><string-name><surname>Elías</surname>, <given-names>M.V.</given-names></string-name></person-group> (<year>2020</year>), “<article-title>Phenomenology in public administration: bridging the theory–practice gap</article-title>”, <source>Administration ad Society</source>, Vol. <volume>52</volume> No. <issue>10</issue>, pp. <fpage>1516</fpage>-<lpage>1537</lpage>.</mixed-citation></ref><ref id="ref091"><mixed-citation publication-type="journal"><person-group person-group-type="author"><string-name><surname>Elías</surname>, <given-names>M.V.</given-names></string-name></person-group> (<year>2022</year>), “<article-title>Practice as lived experience: the missing link in public administration research</article-title>”, <source>Public Administration Quarterly</source>, Vol. <volume>46</volume> No. <issue>1</issue>, pp. <fpage>67</fpage>-<lpage>88</lpage>.</mixed-citation></ref><ref id="ref022"><mixed-citation publication-type="journal"><person-group person-group-type="author"><string-name><surname>Felner</surname>, <given-names>J.K.</given-names></string-name>, <string-name><surname>Dudley</surname>, <given-names>T.D.</given-names></string-name> and <string-name><surname>Ramirez-Valles</surname>, <given-names>J.</given-names></string-name></person-group> (<year>2018</year>), “<article-title>Anywhere but here”: querying spatial stigma as a social determinant of health among youth of color accessing LGBTQ services in Chicago's Boystown</article-title>”, <source>Social Science and Medicine</source>, Vol. <volume>213</volume>, pp. <fpage>181</fpage>-<lpage>189</lpage>, doi: <pub-id pub-id-type="doi">10.1016/j.socscimed.2018.08.001</pub-id>.</mixed-citation></ref><ref id="ref023"><mixed-citation publication-type="journal"><person-group person-group-type="author"><string-name><surname>Ferree</surname>, <given-names>M.M.</given-names></string-name></person-group> (<year>2018</year>), “<article-title>Intersectionality as theory and practice</article-title>”, <source>Contemporary Sociology</source>, Vol. <volume>47</volume> No. <issue>2</issue>, pp. <fpage>127</fpage>-<lpage>132</lpage>, doi: <pub-id pub-id-type="doi">10.1177/0094306118755390</pub-id>.</mixed-citation></ref><ref id="ref024"><mixed-citation publication-type="journal"><person-group person-group-type="author"><string-name><surname>Fine</surname>, <given-names>M.</given-names></string-name> and <string-name><surname>Torre</surname>, <given-names>M.E.</given-names></string-name></person-group> (<year>2019</year>), “<article-title>Critical participatory action research: a feminist project for validity and solidarity</article-title>”, <source>Psychology of Women Quarterly</source>, Vol. <volume>43</volume> No. <issue>4</issue>, pp. <fpage>433</fpage>-<lpage>444</lpage>, doi: <pub-id pub-id-type="doi">10.1177/0361684319865255</pub-id>.</mixed-citation></ref><ref id="ref025"><mixed-citation publication-type="book-chapter"><person-group person-group-type="author"><string-name><surname>Follett</surname>, <given-names>M.</given-names></string-name></person-group> (<year>2003</year>), “<chapter-title>Power</chapter-title>”, in <source>Dynamic Administration: The Collected Papers of Mary Parker Follett</source>, <comment>available at:</comment> <ext-link ext-link-type="uri" xlink:href="https://www.routledge.com/Dynamic-Administration-The-Collected-Papers-of-Mary-Parker-Follett/Metcalf-Urwick/p/book/9780415279857">https://www.routledge.com/Dynamic-Administration-The-Collected-Papers-of-Mary-Parker-Follett/Metcalf-Urwick/p/book/9780415279857</ext-link> (<comment>accessed</comment> <date-in-citation content-type="access-date">13 February 2022</date-in-citation>).</mixed-citation></ref><ref id="ref026"><mixed-citation publication-type="book"><person-group person-group-type="author"><string-name><surname>Foucault</surname>, <given-names>M.</given-names></string-name></person-group> (<year>1980</year>), <source>Power/knowledge: Selected Interviews and Other Writings, 1972-1977</source>, <publisher-name>Pantheon Books</publisher-name>, <publisher-loc>New York, NY</publisher-loc>.</mixed-citation></ref><ref id="ref027"><mixed-citation publication-type="book"><person-group person-group-type="author"><string-name><surname>Freire</surname>, <given-names>P.</given-names></string-name></person-group> (<year>2018</year>), <source>Pedagogy of the Oppressed: 50th Anniversary Edition</source>, <publisher-name>Bloomsbury Publishing USA</publisher-name>, <publisher-loc>New York, NY</publisher-loc>.</mixed-citation></ref><ref id="ref028"><mixed-citation publication-type="journal"><person-group person-group-type="author"><string-name><surname>Furlong</surname>, <given-names>M.</given-names></string-name> and <string-name><surname>Brophy</surname>, <given-names>L.</given-names></string-name></person-group> (<year>2022</year>), “<article-title>Appreciating the fear of conflict and the possibilities in disagreement</article-title>”, <source>The British Journal of Social Work</source>, Vol. <volume>52</volume> No. <issue>3</issue>, pp. <fpage>1456</fpage>-<lpage>1473</lpage>, doi: <pub-id pub-id-type="doi">10.1093/bjsw/bcab153</pub-id>.</mixed-citation></ref><ref id="ref029"><mixed-citation publication-type="journal"><person-group person-group-type="author"><string-name><surname>Gilgun</surname>, <given-names>J.F.</given-names></string-name></person-group> (<year>2015</year>), “<article-title>Beyond description to interpretation and theory in qualitative social work research</article-title>”, <source>Qualitative Social Work</source>, Vol. <volume>14</volume> No. <issue>6</issue>, pp. <fpage>741</fpage>-<lpage>752</lpage>, doi: <pub-id pub-id-type="doi">10.1177/1473325015606513</pub-id>.</mixed-citation></ref><ref id="ref092"><mixed-citation publication-type="journal"><person-group person-group-type="author"><string-name><surname>Ginwright</surname>, <given-names>S.</given-names></string-name> and <string-name><surname>James</surname>, <given-names>T.</given-names></string-name></person-group> (<year>2002</year>), “<article-title>From assets to agents of change: social justice, organizing, and youth development</article-title>”, <source>New Directions for Youth Development</source>, Vol. <volume>2002</volume> No. <issue>96</issue>, pp. <fpage>27</fpage>-<lpage>46</lpage>, doi: <pub-id pub-id-type="doi">10.1002/yd.25</pub-id>.</mixed-citation></ref><ref id="ref030"><mixed-citation publication-type="journal"><person-group person-group-type="author"><string-name><surname>Hanna</surname>, <given-names>M.D.</given-names></string-name>, <string-name><surname>Arnold-Renicker</surname>, <given-names>H.</given-names></string-name> and <string-name><surname>Garza</surname>, <given-names>B.</given-names></string-name></person-group> (<year>2021</year>), “<article-title>Abolishing whiteness: preparing MSW social work students for anti-racist practice</article-title>”, <source>Advances in Social Work</source>, Vol. <volume>21</volume> Nos <issue>2/3</issue>, pp. <fpage>588</fpage>-<lpage>615</lpage>, doi: <pub-id pub-id-type="doi">10.18060/24484</pub-id>.</mixed-citation></ref><ref id="ref031"><mixed-citation publication-type="book"><person-group person-group-type="author"><string-name><surname>hooks</surname>, <given-names>b.</given-names></string-name></person-group> (<year>1984</year>), <source>Feminist Theory: From Margin to Center</source>, <publisher-name>South End Press</publisher-name>, <publisher-loc>Boston, MA</publisher-loc>.</mixed-citation></ref><ref id="ref032"><mixed-citation publication-type="book"><person-group person-group-type="author"><string-name><surname>hooks</surname>, <given-names>b.</given-names></string-name></person-group> (<year>2010</year>), <source>Understanding Patriarchy</source>, <publisher-name>Louisville Anarchist Federation</publisher-name>, <publisher-loc>Kentucky</publisher-loc>.</mixed-citation></ref><ref id="ref033"><mixed-citation publication-type="book"><person-group person-group-type="author"><string-name><surname>hooks</surname>, <given-names>b.</given-names></string-name></person-group> (<year>2013</year>), <source>Writing beyond Race: Living Theory and Practice</source>, <publisher-name>Routledge</publisher-name>, <publisher-loc>New York, NY</publisher-loc>.</mixed-citation></ref><ref id="ref034"><mixed-citation publication-type="journal"><person-group person-group-type="author"><string-name><surname>Horowitz</surname>, <given-names>J.M.</given-names></string-name>, <string-name><surname>Parker</surname>, <given-names>K.</given-names></string-name> and <string-name><surname>Stepler</surname>, <given-names>R.</given-names></string-name></person-group> (<year>2017</year>), “<article-title>Wide partisan gaps in U.S. over how far the country has come on gender equality</article-title>”, <source>Pew Research Center’s Social and Demographic Trends Project</source>, Vol. <volume>18</volume>, <comment>October, available at:</comment> <ext-link ext-link-type="uri" xlink:href="https://www.pewresearch.org/social-trends/2017/10/18/wide-partisan-gaps-in-u-s-over-how-far-the-country-has-come-on-gender-equality/">https://www.pewresearch.org/social-trends/2017/10/18/wide-partisan-gaps-in-u-s-over-how-far-the-country-has-come-on-gender-equality/</ext-link> (<comment>accessed</comment> <date-in-citation content-type="access-date">24 May 2023</date-in-citation>).</mixed-citation></ref><ref id="ref035"><mixed-citation publication-type="journal"><person-group person-group-type="author"><string-name><surname>Horowitz</surname>, <given-names>J.M.</given-names></string-name>, <string-name><surname>Igielnik</surname>, <given-names>R.</given-names></string-name> and <string-name><surname>Kochhar</surname>, <given-names>R.</given-names></string-name></person-group> (<year>2020</year>), “<article-title>Most Americans say there is too much economic inequality in the U.S., but fewer than half call it a top priority</article-title>”, <source>Pew Research Center’s Social and Demographic Trends Project</source>, Vol. <volume>9</volume>, <comment>January, available at:</comment> <ext-link ext-link-type="uri" xlink:href="https://www.pewresearch.org/social-trends/2020/01/09/most-americans-say-there-is-too-much-economic-inequality-in-the-u-s-but-fewer-than-half-call-it-a-top-priority/">https://www.pewresearch.org/social-trends/2020/01/09/most-americans-say-there-is-too-much-economic-inequality-in-the-u-s-but-fewer-than-half-call-it-a-top-priority/</ext-link> (<comment>accessed</comment> <date-in-citation content-type="access-date">24 May 2023</date-in-citation>).</mixed-citation></ref><ref id="ref087"><mixed-citation publication-type="book"><person-group person-group-type="author"><string-name><surname>INCITE!</surname></string-name></person-group> (<year>2017</year>), <source>The Revolution will not be Funded: Beyond the Non-Profit Industrial Complex</source>, <publisher-name>Duke University Press</publisher-name>, <publisher-loc>Durham, NC</publisher-loc>.</mixed-citation></ref><ref id="ref036"><mixed-citation publication-type="book"><person-group person-group-type="author"><string-name><surname>Jayaraman</surname>, <given-names>S.</given-names></string-name></person-group> (<year>2021</year>), <source>One Fair Wage: Ending Subminimum Pay in America</source>, <publisher-name>The New Press</publisher-name>, <publisher-loc>New York, NY</publisher-loc>.</mixed-citation></ref><ref id="ref037"><mixed-citation publication-type="book-chapter">(<year>2021</year>), in <person-group person-group-type="editor"><string-name><surname>Jenkins</surname>, <given-names>D.</given-names></string-name> and <string-name><surname>Leroy</surname>, <given-names>J.</given-names></string-name></person-group> (Eds), <source>Histories of Racial Capitalism</source>, <publisher-name>Columbia University Press</publisher-name>, p. <fpage>288</fpage>.</mixed-citation></ref><ref id="ref038"><mixed-citation publication-type="web"><person-group person-group-type="author"><string-name><surname>Jones</surname>, <given-names>K.</given-names></string-name> and <string-name><surname>Okun</surname>, <given-names>T.</given-names></string-name></person-group> (<year>2001</year>), “<article-title>White supremacy culture</article-title>”, <comment>available at:</comment> <ext-link ext-link-type="uri" xlink:href="http://www.cwsworkshop.org/PARC_site_B/dr-culture.html">http://www.cwsworkshop.org/PARC_site_B/dr-culture.html</ext-link> (<comment>accessed</comment> <date-in-citation content-type="access-date">8 January 2021</date-in-citation>).</mixed-citation></ref><ref id="ref039"><mixed-citation publication-type="web"><person-group person-group-type="author"><string-name><surname>Kendi</surname>, <given-names>I.X.</given-names></string-name></person-group> (<year>2021</year>), “<article-title>Our new postracial myth, the Atlantic</article-title>”, <comment>available at:</comment> <ext-link ext-link-type="uri" xlink:href="https://www.theatlantic.com/ideas/archive/2021/06/our-new-postracial-myth/619261/">https://www.theatlantic.com/ideas/archive/2021/06/our-new-postracial-myth/619261/</ext-link> (<comment>accessed</comment> <date-in-citation content-type="access-date">24 May 2023</date-in-citation>).</mixed-citation></ref><ref id="ref040"><mixed-citation publication-type="book-chapter"><person-group person-group-type="author"><string-name><surname>Lee</surname>, <given-names>J.-A.</given-names></string-name></person-group> (<year>2014</year>), “<chapter-title>Teaching white settler subjects antiracist feminisms</chapter-title>”, in <source>Exploring Race in Predominantly White Classrooms</source>, <publisher-name>Routledge</publisher-name>.</mixed-citation></ref><ref id="ref041"><mixed-citation publication-type="book-chapter"><person-group person-group-type="author"><string-name><surname>Levchak</surname>, <given-names>C.C.</given-names></string-name></person-group> (<year>2018</year>), “<chapter-title>Microaggressions, macroaggressions, and modern racism</chapter-title>”, in <source>Microaggressions and Modern Racism: Endurance and Evolution</source>, <publisher-name>Springer International Publishing</publisher-name>, <publisher-loc>Cham</publisher-loc>, pp. <fpage>13</fpage>-<lpage>69</lpage>, doi: <pub-id pub-id-type="doi">10.1007/978-3-319-70332-9_2</pub-id>.</mixed-citation></ref><ref id="ref042"><mixed-citation publication-type="book"><person-group person-group-type="author"><string-name><surname>Lu</surname>, <given-names>A.</given-names></string-name>, <string-name><surname>Elias</surname>, <given-names>J.</given-names></string-name>, <string-name><surname>June</surname>, <given-names>A. W.</given-names></string-name>, <string-name><surname>Charles</surname>, <given-names>J.B.</given-names></string-name>, <string-name><surname>Huiskes</surname>, <given-names>H.</given-names></string-name>, <string-name><surname>Marijolovic</surname>, <given-names>K.</given-names></string-name>, <string-name><surname>Roberts-Grmela</surname>, <given-names>J.</given-names></string-name>, <collab>Schermele, Z.,</collab> and <string-name><surname>Surovell</surname>, <given-names>E.</given-names></string-name></person-group> (<year>2023</year>), <source>DEI Legislation Tracker</source>, <publisher-name>The Chronicle of Higher Education</publisher-name>, Vol. <volume>16</volume>, <comment>May, available at:</comment> <ext-link ext-link-type="uri" xlink:href="https://www.chronicle.com/article/here-are-the-states-where-lawmakers-are-seeking-to-ban-colleges-dei-efforts">https://www.chronicle.com/article/here-are-the-states-where-lawmakers-are-seeking-to-ban-colleges-dei-efforts</ext-link> <comment>(accessed 24 May 2023)</comment>.</mixed-citation></ref><ref id="ref043"><mixed-citation publication-type="book"><person-group person-group-type="author"><string-name><surname>Madison</surname>, <given-names>D.S.</given-names></string-name></person-group> (<year>2020</year>), <source>Critical Ethnography: Method, Ethics, and Performance</source>, <publisher-name>SAGE Publications</publisher-name>, <publisher-loc>Thousand Oaks, CA</publisher-loc>.</mixed-citation></ref><ref id="ref044"><mixed-citation publication-type="journal"><person-group person-group-type="author"><string-name><surname>McCready</surname>, <given-names>L.T.</given-names></string-name></person-group> (<year>2004</year>), “<article-title>Some challenges facing queer youth programs in urban high schools</article-title>”, <source>Journal of Gay and Lesbian Issues in Education</source>, Vol. <volume>1</volume> No. <issue>3</issue>, pp. <fpage>37</fpage>-<lpage>51</lpage>, doi: <pub-id pub-id-type="doi">10.1300/J367v01n03_05</pub-id>.</mixed-citation></ref><ref id="ref045"><mixed-citation publication-type="journal"><person-group person-group-type="author"><string-name><surname>McKinzie</surname>, <given-names>A.E.</given-names></string-name> and <string-name><surname>Richards</surname>, <given-names>P.L.</given-names></string-name></person-group> (<year>2019</year>), “<article-title>An argument for context-driven intersectionality</article-title>”, <source>Sociology Compass</source>, Vol. <volume>13</volume> No. <issue>4</issue>, p. <fpage>e12671</fpage>, doi: <pub-id pub-id-type="doi">10.1111/soc4.12671</pub-id>.</mixed-citation></ref><ref id="ref046"><mixed-citation publication-type="journal"><person-group person-group-type="author"><string-name><surname>McSwain</surname>, <given-names>C.</given-names></string-name> and <string-name><surname>Koss</surname>, <given-names>S.</given-names></string-name></person-group> (<year>2019</year>), “<article-title>Discussion: how does racism show up in nonprofit work?</article-title>”, <source>National Juvenile Justice Network</source>, <comment>available at:</comment> <ext-link ext-link-type="uri" xlink:href="https://www.njjn.org/article/discussion-how-does-racism-show-up-in-nonprofit-work">https://www.njjn.org/article/discussion-how-does-racism-show-up-in-nonprofit-work</ext-link> (<comment>accessed</comment> <date-in-citation content-type="access-date">28 December 2021</date-in-citation>).</mixed-citation></ref><ref id="ref088"><mixed-citation publication-type="other"><person-group person-group-type="author"><string-name><surname>Melhado</surname>, <given-names>W.</given-names></string-name> and <string-name><surname>Ngyuen</surname>, <given-names>A.</given-names></string-name></person-group> (<year>2023</year>), “<article-title>Texas republicans have filed dozens of bills affecting LGBTQ people. Here's what they'd do”, The Texas Tribune</article-title>, <comment>available at:</comment> <ext-link ext-link-type="uri" xlink:href="https://www.texastribune.org/2023/03/06/texas-legislature-lgbtq-bills/">https://www.texastribune.org/2023/03/06/texas-legislature-lgbtq-bills/</ext-link> <comment>(accessed 27 May 2023)</comment>.</mixed-citation></ref><ref id="ref047"><mixed-citation publication-type="web"><person-group person-group-type="author"><collab>Movement Advancement Project</collab></person-group> (<year>2022</year>), “<article-title>Movement advancement project, state profiles, Texas</article-title>”, <comment>available at:</comment> <ext-link ext-link-type="uri" xlink:href="https://www.lgbtmap.org/equality-maps/profile_state/TX">https://www.lgbtmap.org/equality-maps/profile_state/TX</ext-link> (<comment>accessed</comment> <date-in-citation content-type="access-date">13 February 2022</date-in-citation>).</mixed-citation></ref><ref id="ref048"><mixed-citation publication-type="journal"><person-group person-group-type="author"><string-name><surname>Murib</surname>, <given-names>Z.</given-names></string-name></person-group> (<year>2020</year>), “<article-title>Administering biology: how ‘bathroom bills’ criminalize and stigmatize trans and gender nonconforming people in public space</article-title>”, <source>Administrative Theory and Praxis</source>, Vol. <volume>42</volume> No. <issue>2</issue>, pp. <fpage>153</fpage>-<lpage>171</lpage>, doi: <pub-id pub-id-type="doi">10.1080/10841806.2019.1659048</pub-id>.</mixed-citation></ref><ref id="ref049"><mixed-citation publication-type="web"><person-group person-group-type="author"><string-name><surname>Nguyen</surname>, <given-names>A.</given-names></string-name></person-group> (<year>2023</year>), “<article-title>Texas expected to ban puberty blockers, hormone treatments for trans kids, the Texas Tribune</article-title>”, <comment>available at:</comment> <ext-link ext-link-type="uri" xlink:href="https://www.texastribune.org/2023/05/17/texas-trans-kids-health-care-ban-sb14/">https://www.texastribune.org/2023/05/17/texas-trans-kids-health-care-ban-sb14/</ext-link> (<comment>accessed</comment> <date-in-citation content-type="access-date">24 May 2023</date-in-citation>).</mixed-citation></ref><ref id="ref050"><mixed-citation publication-type="journal"><person-group person-group-type="author"><string-name><surname>Nickels</surname>, <given-names>A.E.</given-names></string-name> and <string-name><surname>Leach</surname>, <given-names>K.A.</given-names></string-name></person-group> (<year>2021</year>), “<article-title>Toward a more just nonprofit sector: leveraging a critical approach to disrupt and dismantle white masculine space</article-title>”, <source>Public Integrity</source>, Vol. <volume>23</volume> No. <issue>5</issue>, pp. <fpage>515</fpage>-<lpage>530</lpage>, doi: <pub-id pub-id-type="doi">10.1080/10999922.2020.1870833</pub-id>.</mixed-citation></ref><ref id="ref051"><mixed-citation publication-type="journal"><person-group person-group-type="author"><string-name><surname>Outlaw</surname>, <given-names>J.</given-names></string-name></person-group> (<year>2021</year>), “<article-title>The office door</article-title>”, <source>Stanford Social Innovation Review</source>, <comment>available at:</comment> <ext-link ext-link-type="uri" xlink:href="https://ssir.org/articles/entry/the_office_door">https://ssir.org/articles/entry/the_office_door</ext-link> (<comment>accessed</comment> <date-in-citation content-type="access-date">28 December 2021</date-in-citation>).</mixed-citation></ref><ref id="ref052"><mixed-citation publication-type="book-chapter"><person-group person-group-type="author"><string-name><surname>Pope</surname>, <given-names>M.</given-names></string-name></person-group> (<year>2015</year>), “<chapter-title>Paternalism in educating and developing our youth: the perpetuation of inequality</chapter-title>”, in <source>Youth and Inequality in Education</source>, <publisher-name>Routledge</publisher-name>.</mixed-citation></ref><ref id="ref053"><mixed-citation publication-type="book"><person-group person-group-type="author"><string-name><surname>Puri</surname>, <given-names>S.</given-names></string-name></person-group> (<year>2021</year>), <source>The Shadows of Empire: How Imperial History Shapes Our World</source>, <publisher-name>Pegasus Books</publisher-name>, <publisher-loc>New York, NY</publisher-loc>.</mixed-citation></ref><ref id="ref054"><mixed-citation publication-type="journal"><person-group person-group-type="author"><string-name><surname>Rabaka</surname>, <given-names>R.</given-names></string-name></person-group> (<year>2007</year>), “<article-title>The souls of white folk: W.E.B. Du Bois's critique of white supremacy and contributions to critical white studies</article-title>”, <source>Journal of African American Studies</source>, Vol. <volume>11</volume> No. <issue>1</issue>, pp. <fpage>1</fpage>-<lpage>15</lpage>.</mixed-citation></ref><ref id="ref055"><mixed-citation publication-type="journal"><person-group person-group-type="author"><string-name><surname>Ramey</surname>, <given-names>H.L.</given-names></string-name></person-group> (<year>2013</year>), “<article-title>Organizational outcomes of youth involvement in organizational decision making: a synthesis of qualitative research</article-title>”, <source>Journal of Community Psychology</source>, Vol. <volume>41</volume> No. <issue>4</issue>, pp. <fpage>488</fpage>-<lpage>504</lpage>, doi: <pub-id pub-id-type="doi">10.1002/jcop.21553</pub-id>.</mixed-citation></ref><ref id="ref056"><mixed-citation publication-type="journal"><person-group person-group-type="author"><string-name><surname>Ray</surname>, <given-names>V.</given-names></string-name></person-group> (<year>2019</year>), “<article-title>A Theory of racialized organizations</article-title>”, <source>American Sociological Review</source>, Vol. <volume>84</volume> No. <issue>1</issue>, pp. <fpage>26</fpage>-<lpage>53</lpage>, doi: <pub-id pub-id-type="doi">10.1177/0003122418822335</pub-id>.</mixed-citation></ref><ref id="ref057"><mixed-citation publication-type="book"><person-group person-group-type="author"><string-name><surname>Reich</surname>, <given-names>R.B.</given-names></string-name></person-group> (<year>2020</year>), <source>The System: Who Rigged it, How We Fix it</source>, <publisher-name>Knopf Doubleday Publishing Group</publisher-name>, <publisher-loc>New York, NY</publisher-loc>.</mixed-citation></ref><ref id="ref058"><mixed-citation publication-type="journal"><person-group person-group-type="author"><string-name><surname>Rosenberg</surname>, <given-names>R.</given-names></string-name></person-group> (<year>2017</year>), “<article-title>The whiteness of gay urban belonging: criminalizing LGBTQ youth of color in queer spaces of care</article-title>”, <source>Urban Geography</source>, Vol. <volume>38</volume> No. <issue>1</issue>, pp. <fpage>137</fpage>-<lpage>148</lpage>, doi: <pub-id pub-id-type="doi">10.1080/02723638.2016.1239498</pub-id>.</mixed-citation></ref><ref id="ref059"><mixed-citation publication-type="book"><person-group person-group-type="author"><string-name><surname>Schwabish</surname>, <given-names>J.A.</given-names></string-name></person-group> (<year>2020</year>), <source>Elevate the Debate: A Multilayered Approach to Communicating Your Research</source>, <publisher-name>John Wiley &amp; Sons</publisher-name>, <publisher-loc>Hoboken, NJ</publisher-loc>.</mixed-citation></ref><ref id="ref060"><mixed-citation publication-type="journal"><person-group person-group-type="author"><string-name><surname>Sprague Martinez</surname>, <given-names>L.</given-names></string-name>, <string-name><surname>Richards-Schuster</surname>, <given-names>K.</given-names></string-name>, <string-name><surname>Teixeira</surname>, <given-names>S.</given-names></string-name> and <string-name><surname>Ausberger</surname>, <given-names>A.</given-names></string-name></person-group> (<year>2018</year>), “<article-title>The Power of prevention and youth voice: a strategy for social work to ensure youths healthy development</article-title>”, <source>Social Work</source>, Vol. <volume>63</volume> No. <issue>2</issue>, pp. <fpage>135</fpage>-<lpage>143</lpage>, doi: <pub-id pub-id-type="doi">10.1093/sw/swx059</pub-id>.</mixed-citation></ref><ref id="ref061"><mixed-citation publication-type="book"><person-group person-group-type="author"><string-name><surname>Taylor</surname>, <given-names>K.-Y.</given-names></string-name></person-group> (<year>2016</year>), <source>From #BlackLivesMatter to Black Liberation</source>, <publisher-name>Haymarket Books</publisher-name>, <publisher-loc>Chicago, IL</publisher-loc>.</mixed-citation></ref><ref id="ref062"><mixed-citation publication-type="web"><person-group person-group-type="author"><string-name><surname>Traynor</surname>, <given-names>B.</given-names></string-name> and <string-name><surname>Edmond</surname>, <given-names>D.</given-names></string-name></person-group> (<year>2021</year>), “<article-title>Why we need to disrupt perfectionism for more inclusive workplaces</article-title>”, <comment>available at:</comment> <ext-link ext-link-type="uri" xlink:href="https://www.answerlab.com/hcw/disrupting-perfectionism">https://www.answerlab.com/hcw/disrupting-perfectionism</ext-link> (<comment>accessed</comment> <date-in-citation content-type="access-date">28 December 2021</date-in-citation>).</mixed-citation></ref><ref id="ref063"><mixed-citation publication-type="book"><person-group person-group-type="author"><string-name><surname>Valdary</surname>, <given-names>C.</given-names></string-name></person-group> (<year>2014</year>), <source>Dear White People: Well-Meaning Paternalism Is Still Racist</source>, <publisher-name>The Daily Beast</publisher-name>, Vol. <volume>9</volume>, <comment>December, available at:</comment> <ext-link ext-link-type="uri" xlink:href="https://www.thedailybeast.com/articles/2014/12/09/dear-white-people-well-meaning-paternalism-is-still-racist">https://www.thedailybeast.com/articles/2014/12/09/dear-white-people-well-meaning-paternalism-is-still-racist</ext-link> (<comment>accessed</comment> <date-in-citation content-type="access-date">28 December 2021</date-in-citation>).</mixed-citation></ref><ref id="ref064"><mixed-citation publication-type="journal"><person-group person-group-type="author"><string-name><surname>Wagaman</surname>, <given-names>M.A.</given-names></string-name></person-group> (<year>2016</year>), “<article-title>Promoting empowerment among LGBTQ youth: a social justice youth development approach</article-title>”, <source>Child and Adolescent Social Work Journal</source>, Vol. <volume>33</volume> No. <issue>5</issue>, pp. <fpage>395</fpage>-<lpage>405</lpage>, doi: <pub-id pub-id-type="doi">10.1007/s10560-016-0435-7</pub-id>.</mixed-citation></ref><ref id="ref065"><mixed-citation publication-type="web"><person-group person-group-type="author"><string-name><surname>Whitehurst-Gibson</surname>, <given-names>L.</given-names></string-name> and <string-name><surname>Kendrick</surname>, <given-names>B.</given-names></string-name></person-group> (<year>2021</year>), “<article-title>Peace for communities of color: a conversation between a black woman and a white woman on shifting power and the need for radical imagination in the nonprofit sector</article-title>”. doi: <pub-id pub-id-type="doi">10.21974/XR8W-6B74</pub-id>.</mixed-citation></ref><ref id="ref066"><mixed-citation publication-type="book"><person-group person-group-type="author"><string-name><surname>Wilkerson</surname>, <given-names>I.</given-names></string-name></person-group> (<year>2020</year>), <source>Caste: The Origins of Our Discontents</source>, <publisher-name>Random House Publishing Group</publisher-name>, <publisher-loc>New York, NY</publisher-loc>.</mixed-citation></ref><ref id="ref067"><mixed-citation publication-type="web"><person-group person-group-type="author"><string-name><surname>Winters</surname>, <given-names>M.-F.</given-names></string-name></person-group> (<year>2020</year>), “<article-title>Equity and inclusion: the roots of organizational well-being (SSIR)</article-title>”, <comment>available at:</comment> <ext-link ext-link-type="uri" xlink:href="https://ssir.org/articles/entry/equity_and_inclusion_the_roots_of_organizational_well_being">https://ssir.org/articles/entry/equity_and_inclusion_the_roots_of_organizational_well_being</ext-link> (<comment>accessed</comment> <date-in-citation content-type="access-date">17 November 2021</date-in-citation>).</mixed-citation></ref><ref id="ref068"><mixed-citation publication-type="web"><person-group person-group-type="author"><collab>World Medical Association</collab></person-group> (<year>2021</year>), “<article-title>The world medical association-WMA declaration of Helsinki – ethical principles for medical research involving human subjects</article-title>”, <comment>available at:</comment> <ext-link ext-link-type="uri" xlink:href="https://www.wma.net/policies-post/wma-declaration-of-helsinki-ethical-principles-for-medical-research-involving-human-subjects/">https://www.wma.net/policies-post/wma-declaration-of-helsinki-ethical-principles-for-medical-research-involving-human-subjects/</ext-link> (<comment>accessed</comment> <date-in-citation content-type="access-date">13 February 2022</date-in-citation>).</mixed-citation></ref><ref id="ref069"><mixed-citation publication-type="journal"><person-group person-group-type="author"><string-name><surname>Wulff</surname>, <given-names>H.</given-names></string-name></person-group> (<year>2021</year>), “<article-title>Writing anthropology</article-title>”, <source>Cambridge Encyclopedia of Anthropology</source> <comment>[Preprint], available at:</comment> <ext-link ext-link-type="uri" xlink:href="https://www.anthroencyclopedia.com/entry/writing-anthropology">https://www.anthroencyclopedia.com/entry/writing-anthropology</ext-link> (<comment>accessed</comment> <date-in-citation content-type="access-date">17 May 2023</date-in-citation>).</mixed-citation></ref><ref id="ref070"><mixed-citation publication-type="journal"><person-group person-group-type="author"><string-name><surname>Zeldin</surname>, <given-names>S.</given-names></string-name>, <string-name><surname>Camino</surname>, <given-names>L.</given-names></string-name> and <string-name><surname>Mook</surname>, <given-names>C.</given-names></string-name></person-group> (<year>2005</year>), “<article-title>The adoption of innovation in youth organizations: creating the conditions for youth–adult partnerships</article-title>”, <source>Journal of Community Psychology</source>, Vol. <volume>33</volume> No. <issue>1</issue>, pp. <fpage>121</fpage>-<lpage>135</lpage>, doi: <pub-id pub-id-type="doi">10.1002/jcop.20044</pub-id>.</mixed-citation></ref></ref-list><ref-list id="refs2"><title>Further reading</title><ref id="ref073"><mixed-citation publication-type="journal"><person-group person-group-type="author"><string-name><surname>Batts</surname>, <given-names>H.</given-names></string-name>, <string-name><surname>Joseph</surname>, <given-names>R.</given-names></string-name> and <string-name><surname>Stoeffler</surname>, <given-names>S.W.</given-names></string-name></person-group> (<year>2021</year>), “<article-title>Addressing engagement suppression in black and brown racialized communities</article-title>”, <source>Social Development Issues</source>, Vol. <volume>43</volume>, pp. <fpage>21</fpage>-<lpage>33</lpage>.</mixed-citation></ref><ref id="ref076"><mixed-citation publication-type="book"><person-group person-group-type="author"><string-name><surname>Collins</surname>, <given-names>P.H.</given-names></string-name></person-group> (<year>2004</year>), <source>Black Sexual Politics: African Americans, Gender, and the New Racism</source>, <publisher-name>Routledge</publisher-name>.</mixed-citation></ref><ref id="ref077"><mixed-citation publication-type="book-chapter"><person-group person-group-type="author"><string-name><surname>Gullion</surname>, <given-names>J.S.</given-names></string-name></person-group> (<year>2016</year>), “<chapter-title>Writing ethnography</chapter-title>”, in <source>Writing Ethnography</source>, <publisher-name>Brill</publisher-name>, <comment>available at:</comment> <ext-link ext-link-type="uri" xlink:href="https://brill.com/display/title/37862">https://brill.com/display/title/37862</ext-link> (<comment>accessed</comment> <date-in-citation content-type="access-date">17 May 2023</date-in-citation>).</mixed-citation></ref><ref id="ref078"><mixed-citation publication-type="journal"><person-group person-group-type="author"><string-name><surname>Inayatulla</surname>, <given-names>S.</given-names></string-name> and <string-name><surname>Robinson</surname>, <given-names>H.</given-names></string-name></person-group> (<year>2020</year>), “<article-title>Backwards and in high heels”: the invisibility and underrepresentation of femme(inist) administrative labor in academia</article-title>”, <source>Administrative Theory and Praxis</source>, Vol. <volume>42</volume> No. <issue>2</issue>, pp. <fpage>212</fpage>-<lpage>232</lpage>, doi: <pub-id pub-id-type="doi">10.1080/10841806.2019.1659045</pub-id>.</mixed-citation></ref><ref id="ref080"><mixed-citation publication-type="journal"><person-group person-group-type="author"><string-name><surname>Portillo</surname>, <given-names>S.</given-names></string-name>, <string-name><surname>Humphrey</surname>, <given-names>N.</given-names></string-name> and <string-name><surname>Bearfield</surname>, <given-names>D.A.</given-names></string-name></person-group> (<year>2022</year>), “<article-title>Representative bureaucracy theory and the implicit embrace of whiteness and masculinity</article-title>”, <source>Public Administration Review</source>, Vol. <volume>82</volume> No. <issue>3</issue>, pp. <fpage>594</fpage>-<lpage>597</lpage>, doi: <pub-id pub-id-type="doi">10.1111/puar.13477</pub-id>.</mixed-citation></ref><ref id="ref081"><mixed-citation publication-type="journal"><person-group person-group-type="author"><string-name><surname>Yavorsky</surname>, <given-names>J.E.</given-names></string-name></person-group> (<year>2016</year>), “<article-title>Cisgendered organizations: trans women and inequality in the workplace</article-title>”, <source>Sociological Forum</source>, Vol. <volume>31</volume> No. <issue>4</issue>, pp. <fpage>948</fpage>-<lpage>969</lpage>.</mixed-citation></ref></ref-list></back></article>