<?xml version="1.0" encoding="UTF-8"?>
<!DOCTYPE article PUBLIC "-//NLM//DTD JATS (Z39.96) Journal Archiving and Interchange DTD with MathML3 v1.1d1 20130915//EN" "JATS-archivearticle1-mathml3.dtd"><article xmlns:mml="http://www.w3.org/1998/Math/MathML" xmlns:xlink="http://www.w3.org/1999/xlink" article-type="research-article" dtd-version="1.1d1" xml:lang="en">
<front id="meta-hdr">
<journal-meta>
<journal-id journal-id-type="publisher-id">SCM</journal-id>
<journal-id journal-id-type="doi">10.1108/SCM</journal-id>
<journal-title-group>
<journal-title>Supply Chain Management: An International Journal</journal-title>
<abbrev-journal-title abbrev-type="publisher">SCM</abbrev-journal-title>
</journal-title-group>
<issn publication-format="print">1359-8546</issn>
<issn publication-format="online">1359-8546</issn>
<publisher>
<publisher-name>Emerald Publishing Limited</publisher-name>
</publisher>
</journal-meta>
<article-meta id="art-meta">
<article-id pub-id-type="publisher-id">703197</article-id>
<article-id pub-id-type="doi">10.1108/SCM-08-2022-0312</article-id>
<article-id pub-id-type="original-pdf">SCM-08-2022-0312.pdf</article-id>
<article-id pub-id-type="filename">SCM-08-2022-0312</article-id>
<article-categories>
<subj-group subj-group-type="type-of-publication">
<compound-subject>
<compound-subject-part content-type="code">research-article</compound-subject-part>
<compound-subject-part content-type="label">Research paper</compound-subject-part>
</compound-subject>
</subj-group>
<subj-group subj-group-type="subject">
<compound-subject>
<compound-subject-part content-type="code">cat-MSOP</compound-subject-part>
<compound-subject-part content-type="label">Management science &amp; operations</compound-subject-part>
</compound-subject>
<subj-group subj-group-type="subject">
<compound-subject>
<compound-subject-part content-type="code"/>
<compound-subject-part content-type="label">Supply chain management</compound-subject-part>
</compound-subject>
</subj-group>
</subj-group>
</article-categories>
<title-group>
<article-title xml:lang="en">The impact of procurement digitalization on supply chain resilience: empirical evidence from Finland</article-title>
</title-group>
<contrib-group>
<contrib corresp="yes" contrib-type="author">
<name-alternatives>
<name name-style="western"><surname>Harju</surname><given-names>Aleksi</given-names></name>
<string-name name-style="western"><given-names>Aleksi</given-names> <surname>Harju</surname>
</string-name>
</name-alternatives><email>aleksi.harju@lut.fi</email><xref ref-type="aff" rid="aff1"/>
</contrib>
<contrib contrib-type="author">
<name-alternatives>
<name name-style="western"><surname>Hallikas</surname><given-names>Jukka</given-names></name>
<string-name name-style="western"><given-names>Jukka</given-names> <surname>Hallikas</surname>
</string-name>
</name-alternatives><email>jukka.hallikas@lut.fi</email><xref ref-type="aff" rid="aff1"/>
</contrib>
<contrib contrib-type="author">
<name-alternatives>
<name name-style="western"><surname>Immonen</surname><given-names>Mika</given-names></name>
<string-name name-style="western"><given-names>Mika</given-names> <surname>Immonen</surname>
</string-name>
</name-alternatives><email>mika.immonen@lut.fi</email><xref ref-type="aff" rid="aff1"/>
</contrib>
<contrib contrib-type="author">
<name-alternatives>
<name name-style="western"><surname>Lintukangas</surname><given-names>Katrina</given-names></name>
<string-name name-style="western"><given-names>Katrina</given-names> <surname>Lintukangas</surname>
</string-name>
</name-alternatives><email>katrina.lintukangas@lut.fi</email><xref ref-type="aff" rid="aff1"/>
</contrib>
<aff id="aff1">Business School, <institution-wrap><institution>LUT University</institution></institution-wrap>, Lappeenranta, <country country="FI">Finland</country></aff>
</contrib-group>
<author-notes>
<corresp id="cor1">Aleksi Harju can be contacted at: <ext-link ext-link-type="email" xlink:href="mailto:aleksi.harju@lut.fi">aleksi.harju@lut.fi</ext-link></corresp></author-notes>
<pub-date publication-format="electronic" date-type="pub" iso-8601-date="2023-05-16"><day>16</day><month>05</month><year>2023</year></pub-date>
<pub-date publication-format="print" date-type="pub" iso-8601-date="2023-12-18"><day>18</day><month>12</month><year>2023</year></pub-date>
<volume>28</volume><issue>7</issue>
<fpage>62</fpage><lpage>76</lpage>
<history>
<date date-type="received" iso-8601-date="2022-08-09"><day>09</day><month>08</month><year>2022</year></date>
<date date-type="revised" iso-8601-date="2022-12-13"><day>13</day><month>12</month><year>2022</year></date>
<date date-type="revised" iso-8601-date="2023-02-20"><day>20</day><month>02</month><year>2023</year></date>
<date date-type="revised" iso-8601-date="2023-04-18"><day>18</day><month>04</month><year>2023</year></date>
<date date-type="accepted" iso-8601-date="2023-04-21"><day>21</day><month>04</month><year>2023</year></date>
</history>
<permissions>
<copyright-statement>© Aleksi Harju, Jukka Hallikas, Mika Immonen and Katrina Lintukangas.</copyright-statement>
<copyright-year>2023</copyright-year>
<copyright-holder>Aleksi Harju, Jukka Hallikas, Mika Immonen and Katrina Lintukangas.</copyright-holder>
<license license-type="open-access">
<license-p>Published by Emerald Publishing Limited. This article is published under the Creative Commons Attribution (CC BY 4.0) licence. Anyone may reproduce, distribute, translate and create derivative works of this article (for both commercial &amp; non-commercial purposes), subject to full attribution to the original publication and authors. The full terms of this licence may be seen at <ext-link ext-link-type="uri" xlink:href="http://creativecommons.org/licences/by/4.0/legalcode">http://creativecommons.org/licences/by/4.0/legalcode</ext-link></license-p>
</license>
</permissions>
<self-uri content-type="pdf" xlink:href="SCM-08-2022-0312.pdf"/>
<abstract abstract-type="structured" id="abstr1" xml:lang="en">
<sec>
<title content-type="abstract-subheading">Purpose</title>
<p>The purpose of this study is to investigate the role of procurement digitalization in reducing uncertainty in the supply chain (SC) and how it relates to mitigating SC risks and improving SC resilience (SCRES).</p>
</sec>
<sec>
<title content-type="abstract-subheading">Design/methodology/approach</title>
<p>Based on survey data collected from the procurement functions of 147 Finnish firms, this study conceptualizes data analytics, information sharing and procurement process digitalization as drivers of procurement digitalization and investigates their impact on SC risk management and SCRES by using partial least squares path modeling.</p>
</sec>
<sec>
<title content-type="abstract-subheading">Findings</title>
<p>Procurement digitalization through data analytics and digital process maturity requires effective information sharing among SC partners and SC risk management to be able to improve SCRES. Procurement digitalization increases information-processing capacities and reduces uncertainty in the SC.</p>
</sec>
<sec>
<title content-type="abstract-subheading">Originality/value</title>
<p>This study contributes to the understanding on the relationships between procurement digitalization and SCRES.</p>
</sec>
</abstract>
<kwd-group kwd-group-type="author-generated" xml:lang="en">
<kwd>Procurement digitalization</kwd><x xml:space="preserve">, </x>
<kwd>Supply chain resilience</kwd><x xml:space="preserve">, </x>
<kwd>Data analytics</kwd><x xml:space="preserve">, </x>
<kwd>Information sharing</kwd><x xml:space="preserve">, </x>
<kwd>Information processing theory</kwd>
</kwd-group>
<counts>
<fig-count count="1"/>
<table-count count="4"/>
<equation-count count="0"/>
<ref-count count="109"/>
<page-count count="15"/>
<word-count count="12772"/>
</counts>
<custom-meta-group>
<custom-meta><meta-name>copyright-code</meta-name><meta-value>Z</meta-value></custom-meta><custom-meta><meta-name>deliverables</meta-name><meta-value>Web-ready article package</meta-value></custom-meta><custom-meta><meta-name>peer-reviewed</meta-name><meta-value>Yes</meta-value></custom-meta><custom-meta><meta-name>academic-content</meta-name><meta-value>Yes</meta-value></custom-meta><custom-meta><meta-name>EContentType</meta-name><meta-value>JOURNAL</meta-value></custom-meta><custom-meta><meta-name>rightslink</meta-name><meta-value>excluded</meta-value></custom-meta>
</custom-meta-group>
</article-meta>
</front>

<back>
<ref-list id="refs1">
<title>References</title>
<ref id="ref001"><mixed-citation publication-type="journal"><person-group person-group-type="author"><string-name><surname>Abelson</surname>, <given-names>R.P.</given-names></string-name></person-group> (<year>1985</year>), “<article-title>A variance explanation paradox. when a little is a lot</article-title>”, <source>Psychological Bulletin</source>, Vol. <volume>97</volume> No. <issue>1</issue>, pp. <fpage>129</fpage>-<lpage>133</lpage>, doi: <pub-id pub-id-type="doi">10.1037/0033-2909.97.1.129</pub-id>.</mixed-citation></ref>
<ref id="ref002"><mixed-citation publication-type="journal"><person-group person-group-type="author"><string-name><surname>Acito</surname>, <given-names>F.</given-names></string-name> and <string-name><surname>Khatri</surname>, <given-names>V.</given-names></string-name></person-group> (<year>2014</year>), “<article-title>Business analytics: why now and what next?</article-title>”, <source>Business Horizons</source>, Vol. <volume>57</volume> No. <issue>5</issue>, pp. <fpage>565</fpage>-<lpage>570</lpage>, doi: <pub-id pub-id-type="doi">10.1016/j.bushor.2014.06.001</pub-id>.</mixed-citation></ref>
<ref id="ref003"><mixed-citation publication-type="journal"><person-group person-group-type="author"><string-name><surname>Ali</surname>, <given-names>A.</given-names></string-name>, <string-name><surname>Mahfouz</surname>, <given-names>A.</given-names></string-name> and <string-name><surname>Arisha</surname>, <given-names>A.</given-names></string-name></person-group> (<year>2017</year>), “<article-title>Analysing supply chain resilience: integrating the constructs in a concept mapping framework via a systematic literature review</article-title>”, <source>Supply Chain Management: An International Journal</source>, Vol. <volume>22</volume> No. <issue>1</issue>, pp. <fpage>16</fpage>-<lpage>39</lpage>, doi: <pub-id pub-id-type="doi">10.1108/SCM-06-2016-0197</pub-id>.</mixed-citation></ref>
<ref id="ref004"><mixed-citation publication-type="journal"><person-group person-group-type="author"><string-name><surname>Ambulkar</surname>, <given-names>S.</given-names></string-name>, <string-name><surname>Blackhurst</surname>, <given-names>J.</given-names></string-name> and <string-name><surname>Grawe</surname>, <given-names>S.</given-names></string-name></person-group> (<year>2015</year>), “<article-title>Firm’s resilience to supply chain disruptions: scale development and empirical examination</article-title>”, <source>Journal of Operations Management</source>, Vols <volume>33/34</volume> No. <issue>1</issue>, pp. <fpage>111</fpage>-<lpage>122</lpage>, doi: <pub-id pub-id-type="doi">10.1016/j.jom.2014.11.002</pub-id>.</mixed-citation></ref>
<ref id="ref005"><mixed-citation publication-type="journal"><person-group person-group-type="author"><string-name><surname>Astrachan</surname>, <given-names>C.B.</given-names></string-name>, <string-name><surname>Patel</surname>, <given-names>V.K.</given-names></string-name> and <string-name><surname>Wanzenried</surname>, <given-names>G.</given-names></string-name></person-group> (<year>2014</year>), “<article-title>A comparative study of CB-SEM and PLS-SEM for theory development in family firm research</article-title>”, <source>Journal of Family Business Strategy</source>, Vol. <volume>5</volume> No. <issue>1</issue>, pp. <fpage>116</fpage>-<lpage>128</lpage>, doi: <pub-id pub-id-type="doi">10.1016/j.jfbs.2013.12.002</pub-id>.</mixed-citation></ref>
<ref id="ref006"><mixed-citation publication-type="journal"><person-group person-group-type="author"><string-name><surname>Barratt</surname>, <given-names>M.</given-names></string-name> and <string-name><surname>Oke</surname>, <given-names>A.</given-names></string-name></person-group> (<year>2007</year>), “<article-title>Antecedents of supply chain visibility in retail supply chains: a resource-based theory perspective</article-title>”, <source>Journal of Operations Management</source>, Vol. <volume>25</volume> No. <issue>6</issue>, pp. <fpage>1217</fpage>-<lpage>1233</lpage>, doi: <pub-id pub-id-type="doi">10.1016/j.jom.2007.01.003</pub-id>.</mixed-citation></ref>
<ref id="ref007"><mixed-citation publication-type="journal"><person-group person-group-type="author"><string-name><surname>Baryannis</surname>, <given-names>G.</given-names></string-name>, <string-name><surname>Validi</surname>, <given-names>S.</given-names></string-name>, <string-name><surname>Dani</surname>, <given-names>S.</given-names></string-name> and <string-name><surname>Antoniou</surname>, <given-names>G.</given-names></string-name></person-group> (<year>2019</year>), “<article-title>Supply chain risk management and artificial intelligence: state of the art and future research directions</article-title>”, <source>International Journal of Production Research</source>, Vol. <volume>57</volume> No. <issue>7</issue>, pp. <fpage>2179</fpage>-<lpage>2202</lpage>, doi: <pub-id pub-id-type="doi">10.1080/00207543.2018.1530476</pub-id>.</mixed-citation></ref>
<ref id="ref008"><mixed-citation publication-type="journal"><person-group person-group-type="author"><string-name><surname>Baumgartner</surname>, <given-names>H.</given-names></string-name>, <string-name><surname>Weijters</surname>, <given-names>B.</given-names></string-name> and <string-name><surname>Pieters</surname>, <given-names>R.</given-names></string-name></person-group> (<year>2021</year>), “<article-title>The biasing effect of common method variance: some clarifications</article-title>”, <source>Journal of the Academy of Marketing Science</source>, Vol. <volume>49</volume> No. <issue>2</issue>, pp. <fpage>221</fpage>-<lpage>235</lpage>.</mixed-citation></ref>
<ref id="ref009"><mixed-citation publication-type="journal"><person-group person-group-type="author"><string-name><surname>Bienhaus</surname>, <given-names>F.</given-names></string-name> and <string-name><surname>Haddud</surname>, <given-names>A.</given-names></string-name></person-group> (<year>2018</year>), “<article-title>Procurement 4.0: factors influencing the digitisation of procurement and supply chains</article-title>”, <source>Business Process Management Journal</source>, Vol. <volume>24</volume> No. <issue>4</issue>, pp. <fpage>965</fpage>-<lpage>984</lpage>, doi: <pub-id pub-id-type="doi">10.1108/BPMJ-06-2017-0139</pub-id>.</mixed-citation></ref>
<ref id="ref010"><mixed-citation publication-type="journal"><person-group person-group-type="author"><string-name><surname>Blackhurst</surname>, <given-names>J.</given-names></string-name>, <string-name><surname>Craighead</surname>, <given-names>C.W.</given-names></string-name>, <string-name><surname>Elkins</surname>, <given-names>D.</given-names></string-name> and <string-name><surname>Handfield</surname>, <given-names>R.B.</given-names></string-name></person-group> (<year>2005</year>), “<article-title>An empirically derived agenda of critical research issues for managing supply-chain disruptions</article-title>”, <source>International Journal of Production Research</source>, Vol. <volume>43</volume> No. <issue>19</issue>, pp. <fpage>4067</fpage>-<lpage>4081</lpage>, doi: <pub-id pub-id-type="doi">10.1080/00207540500151549</pub-id>.</mixed-citation></ref>
<ref id="ref011"><mixed-citation publication-type="journal"><person-group person-group-type="author"><string-name><surname>Bode</surname>, <given-names>C.</given-names></string-name>, <string-name><surname>Wagner</surname>, <given-names>S.M.</given-names></string-name>, <string-name><surname>Petersen</surname>, <given-names>K.J.</given-names></string-name> and <string-name><surname>Ellram</surname>, <given-names>L.M.</given-names></string-name></person-group> (<year>2011</year>), “<article-title>Understanding responses to supply chain disruptions: insights from information processing and resource dependence perspectives</article-title>”, <source>Academy of Management Journal</source>, Vol. <volume>54</volume> No. <issue>4</issue>, pp. <fpage>833</fpage>-<lpage>856</lpage>, doi: <pub-id pub-id-type="doi">10.1007/BF00859739</pub-id>.</mixed-citation></ref>
<ref id="ref012"><mixed-citation publication-type="journal"><person-group person-group-type="author"><string-name><surname>Brandon-Jones</surname>, <given-names>E.</given-names></string-name>, <string-name><surname>Squire</surname>, <given-names>B.</given-names></string-name>, <string-name><surname>Autry</surname>, <given-names>C.W.</given-names></string-name> and <string-name><surname>Petersen</surname>, <given-names>K.J.</given-names></string-name></person-group> (<year>2014</year>), “<article-title>A contingent resource-based perspective of supply chain resilience and robustness</article-title>”, <source>Journal of Supply Chain Management</source>, Vol. <volume>50</volume> No. <issue>3</issue>, pp. <fpage>55</fpage>-<lpage>73</lpage>, doi: <pub-id pub-id-type="doi">10.1111/jscm.12050</pub-id>.</mixed-citation></ref>
<ref id="ref013"><mixed-citation publication-type="journal"><person-group person-group-type="author"><string-name><surname>Brinch</surname>, <given-names>M.</given-names></string-name>, <string-name><surname>Stentoft</surname>, <given-names>J.</given-names></string-name>, <string-name><surname>Jensen</surname>, <given-names>J.K.</given-names></string-name> and <string-name><surname>Rajkumar</surname>, <given-names>C.</given-names></string-name></person-group> (<year>2018</year>), “<article-title>Practitioners understanding of big data and its applications in supply chain management</article-title>”, <source>International Journal of Logistics Management</source>, Vol. <volume>29</volume> No. <issue>2</issue>, pp. <fpage>555</fpage>-<lpage>574</lpage>, doi: <pub-id pub-id-type="doi">10.1108/IJLM-05-2017-0115</pub-id>.</mixed-citation></ref>
<ref id="ref014"><mixed-citation publication-type="journal"><person-group person-group-type="author"><string-name><surname>Burnard</surname>, <given-names>K.</given-names></string-name> and <string-name><surname>Bhamra</surname>, <given-names>R.</given-names></string-name></person-group> (<year>2011</year>), “<article-title>Organisational resilience: development of a conceptual framework for organisational responses</article-title>”, <source>International Journal of Production Research</source>, Vol. <volume>49</volume> No. <issue>18</issue>, pp. <fpage>5581</fpage>-<lpage>5599</lpage>, doi: <pub-id pub-id-type="doi">10.1080/00207543.2011.563827</pub-id>.</mixed-citation></ref>
<ref id="ref015"><mixed-citation publication-type="journal"><person-group person-group-type="author"><string-name><surname>Büyüközkan</surname>, <given-names>G.</given-names></string-name> and <string-name><surname>Göçer</surname>, <given-names>F.</given-names></string-name></person-group> (<year>2018</year>), “<article-title>Digital supply chain: literature review and a proposed framework for future research</article-title>”, <source>Computers in Industry</source>, Vol. <volume>97</volume>, pp. <fpage>157</fpage>-<lpage>177</lpage>, doi: <pub-id pub-id-type="doi">10.1016/j.compind.2018.02.010</pub-id>.</mixed-citation></ref>
<ref id="ref016"><mixed-citation publication-type="journal"><person-group person-group-type="author"><collab>Cenfetelli and Bassellier</collab></person-group> (<year>2009</year>), “<article-title>Interpretation of formative measurement in information systems research</article-title>”, <source>MIS Quarterly</source>, Vol. <volume>33</volume> No. <issue>4</issue>, p. <fpage>689</fpage>, doi: <pub-id pub-id-type="doi">10.2307/20650323</pub-id>.</mixed-citation></ref>
<ref id="ref017"><mixed-citation publication-type="journal"><person-group person-group-type="author"><string-name><surname>Chae</surname>, <given-names>B.</given-names></string-name></person-group> (<year>2015</year>), “<article-title>Insights from hashtag #supplychain and twitter analytics: considering twitter and twitter data for supply chain practice and research</article-title>”, <source>International Journal of Production Economics</source>, Vol. <volume>165</volume>, pp. <fpage>247</fpage>-<lpage>259</lpage>, doi: <pub-id pub-id-type="doi">10.1016/j.ijpe.2014.12.037</pub-id>.</mixed-citation></ref>
<ref id="ref018"><mixed-citation publication-type="journal"><person-group person-group-type="author"><string-name><surname>Chen</surname>, <given-names>I.J.</given-names></string-name> and <string-name><surname>Paulraj</surname>, <given-names>A.</given-names></string-name></person-group> (<year>2004</year>), “<article-title>Towards a theory of supply chain management: the constructs and measurements</article-title>”, <source>Journal of Operations Management</source>, Vol. <volume>22</volume> No. <issue>2</issue>, pp. <fpage>119</fpage>-<lpage>150</lpage>, doi: <pub-id pub-id-type="doi">10.1016/j.jom.2003.12.007</pub-id>.</mixed-citation></ref>
<ref id="ref019"><mixed-citation publication-type="journal"><person-group person-group-type="author"><string-name><surname>Chen</surname>, <given-names>D.Q.</given-names></string-name>, <string-name><surname>Preston</surname>, <given-names>D.S.</given-names></string-name> and <string-name><surname>Swink</surname>, <given-names>M.</given-names></string-name></person-group> (<year>2015</year>), “<article-title>How the use of big data analytics affects value creation in supply chain management</article-title>”, <source>Journal of Management Information Systems</source>, Vol. <volume>32</volume> No. <issue>4</issue>, pp. <fpage>4</fpage>-<lpage>39</lpage>, doi: <pub-id pub-id-type="doi">10.1080/07421222.2015.1138364</pub-id>.</mixed-citation></ref>
<ref id="ref020"><mixed-citation publication-type="journal"><person-group person-group-type="author"><string-name><surname>Choi</surname>, <given-names>T.-M.</given-names></string-name>, <string-name><surname>Wallace</surname>, <given-names>S.W.</given-names></string-name> and <string-name><surname>Wang</surname>, <given-names>Y.</given-names></string-name></person-group> (<year>2018</year>), “<article-title>Big data analytics in operations management</article-title>”, <source>Production and Operations Management</source>, Vol. <volume>27</volume> No. <issue>10</issue>, pp. <fpage>1868</fpage>-<lpage>1883</lpage>, doi: <pub-id pub-id-type="doi">10.1111/poms.12838</pub-id>.</mixed-citation></ref>
<ref id="ref021"><mixed-citation publication-type="journal"><person-group person-group-type="author"><string-name><surname>Chowdhury</surname>, <given-names>M.M.H.</given-names></string-name> and <string-name><surname>Quaddus</surname>, <given-names>M.</given-names></string-name></person-group> (<year>2016</year>), “<article-title>Supply chain readiness, response and recovery for resilience</article-title>”, <source>Supply Chain Management: An International Journal</source>, Vol. <volume>21</volume> No. <issue>6</issue>, pp. <fpage>709</fpage>-<lpage>731</lpage>, doi: <pub-id pub-id-type="doi">10.1108/SCM-12-2015-0463</pub-id>.</mixed-citation></ref>
<ref id="ref022"><mixed-citation publication-type="journal"><person-group person-group-type="author"><string-name><surname>Chowdhury</surname>, <given-names>M.M.H.</given-names></string-name>, <string-name><surname>Quaddus</surname>, <given-names>M.</given-names></string-name> and <string-name><surname>Agarwal</surname>, <given-names>R.</given-names></string-name></person-group> (<year>2019</year>), “<article-title>Supply chain resilience for performance: role of relational practices and network complexities</article-title>”, <source>Supply Chain Management: An International Journal</source>, Vol. <volume>24</volume> No. <issue>5</issue>, pp. <fpage>659</fpage>-<lpage>676</lpage>, doi: <pub-id pub-id-type="doi">10.1108/SCM-09-2018-0332</pub-id>.</mixed-citation></ref>
<ref id="ref023"><mixed-citation publication-type="journal"><person-group person-group-type="author"><string-name><surname>Christopher</surname>, <given-names>M.</given-names></string-name> and <string-name><surname>Lee</surname>, <given-names>H.</given-names></string-name></person-group> (<year>2004</year>), “<article-title>Mitigating supply chain risk through improved confidence</article-title>”, <source>International Journal of Physical Distribution &amp; Logistics Management</source>, Vol. <volume>34</volume> No. <issue>5</issue>, pp. <fpage>388</fpage>-<lpage>396</lpage>, doi: <pub-id pub-id-type="doi">10.1108/09600030410545436</pub-id>.</mixed-citation></ref>
<ref id="ref024"><mixed-citation publication-type="journal"><person-group person-group-type="author"><string-name><surname>Christopher</surname>, <given-names>M.</given-names></string-name> and <string-name><surname>Peck</surname>, <given-names>H.</given-names></string-name></person-group> (<year>2004</year>), “<article-title>Building the resilient supply chain</article-title>”, <source>The International Journal of Logistics Management</source>, Vol. <volume>15</volume> No. <issue>2</issue>, pp. <fpage>1</fpage>-<lpage>14</lpage>, doi: <pub-id pub-id-type="doi">10.1108/09574090410700275</pub-id>.</mixed-citation></ref>
<ref id="ref025"><mixed-citation publication-type="journal"><person-group person-group-type="author"><string-name><surname>Colicchia</surname>, <given-names>C.</given-names></string-name>, <string-name><surname>Creazza</surname>, <given-names>A.</given-names></string-name>, <string-name><surname>Noè</surname>, <given-names>C.</given-names></string-name> and <string-name><surname>Strozzi</surname>, <given-names>F.</given-names></string-name></person-group> (<year>2019</year>), “<article-title>Information sharing in supply chains: a review of risks and opportunities using the systematic literature network analysis (SLNA)</article-title>”, <source>Supply Chain Management: An International Journal</source>, Vol. <volume>24</volume> No. <issue>1</issue>, pp. <fpage>5</fpage>-<lpage>21</lpage>, doi: <pub-id pub-id-type="doi">10.1108/SCM-01-2018-0003</pub-id>.</mixed-citation></ref>
<ref id="ref026"><mixed-citation publication-type="journal"><person-group person-group-type="author"><string-name><surname>Davila</surname>, <given-names>A.</given-names></string-name> and <string-name><surname>Gupta</surname>, <given-names>M.</given-names></string-name></person-group> (<year>2003</year>), “<article-title>Moving procurement systems to the internet: the adoption and use of e-procurement technology models</article-title>”, <source>European Management Journal</source>, Vol. <volume>21</volume> No. <issue>1</issue>, pp. <fpage>11</fpage>-<lpage>23</lpage>, doi: <pub-id pub-id-type="doi">10.1016/S0263-2373(02)00155-X</pub-id>.</mixed-citation></ref>
<ref id="ref027"><mixed-citation publication-type="journal"><person-group person-group-type="author"><string-name><surname>Diamantopoulos</surname>, <given-names>A.</given-names></string-name></person-group> (<year>2011</year>), “<article-title>Incorporating formative measures into covariance-based structural equation models</article-title>”, <source>MIS Quarterly</source>, Vol. <volume>35</volume> No. <issue>2</issue>, p. <fpage>335</fpage>, doi: <pub-id pub-id-type="doi">10.2307/23044046</pub-id>.</mixed-citation></ref>
<ref id="ref028"><mixed-citation publication-type="journal"><person-group person-group-type="author"><string-name><surname>Diamantopoulos</surname>, <given-names>A.</given-names></string-name>, <string-name><surname>Riefler</surname>, <given-names>P.</given-names></string-name> and <string-name><surname>Roth</surname>, <given-names>K.P.</given-names></string-name></person-group> (<year>2008</year>), “<article-title>Advancing formative measurement models</article-title>”, <source>Journal of Business Research</source>, Vol. <volume>61</volume> No. <issue>12</issue>, pp. <fpage>1203</fpage>-<lpage>1218</lpage>, doi: <pub-id pub-id-type="doi">10.1016/j.jbusres.2008.01.009</pub-id>.</mixed-citation></ref>
<ref id="ref029"><mixed-citation publication-type="journal"><person-group person-group-type="author"><string-name><surname>Dubey</surname>, <given-names>R.</given-names></string-name>, <string-name><surname>Gunasekaran</surname>, <given-names>A.</given-names></string-name>, <string-name><surname>Childe</surname>, <given-names>S.J.</given-names></string-name>, <string-name><surname>Fosso Wamba</surname>, <given-names>S.</given-names></string-name>, <string-name><surname>Roubaud</surname>, <given-names>D.</given-names></string-name> and <string-name><surname>Foropon</surname>, <given-names>C.</given-names></string-name></person-group> (<year>2021</year>), “<article-title>Empirical investigation of data analytics capability and organizational flexibility as complements to supply chain resilience</article-title>”, <source>International Journal of Production Research</source>, Vol. <volume>59</volume> No. <issue>1</issue>, pp. <fpage>110</fpage>-<lpage>128</lpage>, doi: <pub-id pub-id-type="doi">10.1080/00207543.2019.1582820</pub-id>.</mixed-citation></ref>
<ref id="ref030"><mixed-citation publication-type="journal"><person-group person-group-type="author"><string-name><surname>Dubey</surname>, <given-names>R.</given-names></string-name>, <string-name><surname>Luo</surname>, <given-names>Z.</given-names></string-name>, <string-name><surname>Gunasekaran</surname>, <given-names>A.</given-names></string-name>, <string-name><surname>Akter</surname>, <given-names>S.</given-names></string-name>, <string-name><surname>Hazen</surname>, <given-names>B.T.</given-names></string-name> and <string-name><surname>Douglas</surname>, <given-names>M.A.</given-names></string-name></person-group> (<year>2018</year>), “<article-title>Big data and predictive analytics in humanitarian supply chains: enabling visibility and coordination in the presence of swift trust</article-title>”, <source>The International Journal of Logistics Management</source>, Vol. <volume>29</volume> No. <issue>2</issue>, pp. <fpage>485</fpage>-<lpage>512</lpage>, doi: <pub-id pub-id-type="doi">10.1108/IJLM-02-2017-0039</pub-id>.</mixed-citation></ref>
<ref id="ref031"><mixed-citation publication-type="journal"><person-group person-group-type="author"><string-name><surname>El Baz</surname>, <given-names>J.</given-names></string-name> and <string-name><surname>Ruel</surname>, <given-names>S.</given-names></string-name></person-group> (<year>2021</year>), “<article-title>Can supply chain risk management practices mitigate the disruption impacts on supply chains’ resilience and robustness? Evidence from an empirical survey in a covid-19 outbreak era</article-title>”, <source>International Journal of Production Economics</source>, Vol. <volume>233</volume>, p. <fpage>107972</fpage>, doi: <pub-id pub-id-type="doi">10.1016/j.ijpe.2020.107972</pub-id>.</mixed-citation></ref>
<ref id="ref032"><mixed-citation publication-type="journal"><person-group person-group-type="author"><string-name><surname>Fan</surname>, <given-names>Y.</given-names></string-name> and <string-name><surname>Stevenson</surname>, <given-names>M.</given-names></string-name></person-group> (<year>2018</year>), “<article-title>A review of supply chain risk management: definition, theory, and research agenda</article-title>”, <source>International Journal of Physical Distribution &amp; Logistics Management</source>, Vol. <volume>48</volume> No. <issue>3</issue>, pp. <fpage>205</fpage>-<lpage>230</lpage>, doi: <pub-id pub-id-type="doi">10.1108/IJPDLM-01-2017-0043</pub-id>.</mixed-citation></ref>
<ref id="ref033"><mixed-citation publication-type="journal"><person-group person-group-type="author"><string-name><surname>Fan</surname>, <given-names>H.</given-names></string-name>, <string-name><surname>Li</surname>, <given-names>G.</given-names></string-name>, <string-name><surname>Sun</surname>, <given-names>H.</given-names></string-name> and <string-name><surname>Cheng</surname>, <given-names>T.C.E.</given-names></string-name></person-group> (<year>2017</year>), “<article-title>An information processing perspective on supply chain risk management: antecedents, mechanism, and consequences</article-title>”, <source>International Journal of Production Economics</source>, Vol. <volume>185</volume>, pp. <fpage>63</fpage>-<lpage>75</lpage>, doi: <pub-id pub-id-type="doi">10.1016/j.ijpe.2016.11.015</pub-id>.</mixed-citation></ref>
<ref id="ref034"><mixed-citation publication-type="journal"><person-group person-group-type="author"><string-name><surname>Fawcett</surname>, <given-names>S.E.</given-names></string-name>, <string-name><surname>Magnan</surname>, <given-names>G.M.</given-names></string-name> and <string-name><surname>McCarter</surname>, <given-names>M.W.</given-names></string-name></person-group> (<year>2008</year>), “<article-title>Benefits, barriers, and bridges to effective supply chain management</article-title>”, <source>Supply Chain Management: An International Journal</source>, Vol. <volume>13</volume> No. <issue>1</issue>, pp. <fpage>35</fpage>-<lpage>48</lpage>, doi: <pub-id pub-id-type="doi">10.1108/13598540810850300</pub-id>.</mixed-citation></ref>
<ref id="ref035"><mixed-citation publication-type="journal"><person-group person-group-type="author"><string-name><surname>Fawcett</surname>, <given-names>S.E.</given-names></string-name>, <string-name><surname>Osterhaus</surname>, <given-names>P.</given-names></string-name>, <string-name><surname>Magnan</surname>, <given-names>G.M.</given-names></string-name>, <string-name><surname>Brau</surname>, <given-names>J.C.</given-names></string-name> and <string-name><surname>McCarter</surname>, <given-names>M.W.</given-names></string-name></person-group> (<year>2007</year>), “<article-title>Information sharing and supply chain performance: the role of connectivity and willingness</article-title>”, <source>Supply Chain Management: An International Journal</source>, Vol. <volume>12</volume> No. <issue>5</issue>, pp. <fpage>358</fpage>-<lpage>368</lpage>, doi: <pub-id pub-id-type="doi">10.1108/13598540710776935</pub-id>.</mixed-citation></ref>
<ref id="ref036"><mixed-citation publication-type="journal"><person-group person-group-type="author"><string-name><surname>Fischer-Preßler</surname>, <given-names>D.</given-names></string-name>, <string-name><surname>Eismann</surname>, <given-names>K.</given-names></string-name>, <string-name><surname>Pietrowski</surname>, <given-names>R.</given-names></string-name>, <string-name><surname>Fischbach</surname>, <given-names>K.</given-names></string-name> and <string-name><surname>Schoder</surname>, <given-names>D.</given-names></string-name></person-group> (<year>2020</year>), “<article-title>Information technology and risk management in supply chains</article-title>”, <source>International Journal of Physical Distribution and Logistics Management</source>, Vol. <volume>50</volume> No. <issue>2</issue>, pp. <fpage>233</fpage>-<lpage>254</lpage>, doi: <pub-id pub-id-type="doi">10.1108/IJPDLM-04-2019-0119</pub-id>.</mixed-citation></ref>
<ref id="ref037"><mixed-citation publication-type="journal"><person-group person-group-type="author"><string-name><surname>Fornell</surname>, <given-names>C.</given-names></string-name> and <string-name><surname>Larcker</surname>, <given-names>D.F.</given-names></string-name></person-group> (<year>1981</year>), “<article-title>Evaluating structural equation models with unobservable variables and measurement error</article-title>”, <source>Journal of Marketing Research</source>, Vol. <volume>18</volume> No. <issue>1</issue>, p. <fpage>39</fpage>, doi: <pub-id pub-id-type="doi">10.2307/3151312</pub-id>.</mixed-citation></ref>
<ref id="ref038"><mixed-citation publication-type="book"><person-group person-group-type="author"><string-name><surname>Galbraith</surname>, <given-names>J.R.</given-names></string-name></person-group> (<year>1973</year>), <source>Designing Complex Organizations</source>, <publisher-name>Addison-Wesley Pub. Co</publisher-name>, <publisher-loc>Reading, MA</publisher-loc>.</mixed-citation></ref>
<ref id="ref039"><mixed-citation publication-type="journal"><person-group person-group-type="author"><string-name><surname>Galbraith</surname>, <given-names>J.R.</given-names></string-name></person-group> (<year>1974</year>), “<article-title>Organization design: an information processing view</article-title>”, <source>Interfaces</source>, Vol. <volume>4</volume> No. <issue>3</issue>, pp. <fpage>28</fpage>-<lpage>36</lpage>, doi: <pub-id pub-id-type="doi">10.1287/inte.4.3.28</pub-id>.</mixed-citation></ref>
<ref id="ref040"><mixed-citation publication-type="journal"><person-group person-group-type="author"><string-name><surname>Gefen</surname>, <given-names>D.</given-names></string-name> and <string-name><surname>Straub</surname>, <given-names>D.</given-names></string-name></person-group> (<year>2005</year>), “<article-title>A practical guide to factorial validity using PLS-graph: tutorial and annotated example</article-title>”, <source>Communications of the Association for Information Systems</source>, Vol. <volume>16</volume> No. <issue>1</issue>, p. <fpage>5</fpage>, doi: <pub-id pub-id-type="doi">10.17705/1CAIS.01605</pub-id>.</mixed-citation></ref>
<ref id="ref041"><mixed-citation publication-type="journal"><person-group person-group-type="author"><string-name><surname>Giannakis</surname>, <given-names>M.</given-names></string-name> and <string-name><surname>Louis</surname>, <given-names>M.</given-names></string-name></person-group> (<year>2011</year>), “<article-title>A multi-agent based framework for supply chain risk management</article-title>”, <source>Journal of Purchasing and Supply Management</source>, Vol. <volume>17</volume> No. <issue>1</issue>, pp. <fpage>23</fpage>-<lpage>31</lpage>, doi: <pub-id pub-id-type="doi">10.1016/j.pursup.2010.05.001</pub-id>.</mixed-citation></ref>
<ref id="ref042"><mixed-citation publication-type="journal"><person-group person-group-type="author"><string-name><surname>Hair</surname>, <given-names>J.</given-names></string-name>, <string-name><surname>Hollingsworth</surname>, <given-names>C.L.</given-names></string-name>, <string-name><surname>Randolph</surname>, <given-names>A.B.</given-names></string-name> and <string-name><surname>Chong</surname>, <given-names>A.Y.L.</given-names></string-name></person-group> (<year>2017</year>), “<article-title>An updated and expanded assessment of PLS-SEM in information systems research</article-title>”, <source>Industrial Management &amp; Data Systems</source>, Vol. <volume>117</volume> No. <issue>3</issue>, pp. <fpage>442</fpage>-<lpage>458</lpage>, doi: <pub-id pub-id-type="doi">10.1108/IMDS-04-2016-0130</pub-id>.</mixed-citation></ref>
<ref id="ref043"><mixed-citation publication-type="journal"><person-group person-group-type="author"><string-name><surname>Hair</surname>, <given-names>J.F.</given-names></string-name>, <string-name><surname>Ringle</surname>, <given-names>C.M.</given-names></string-name> and <string-name><surname>Sarstedt</surname>, <given-names>M.</given-names></string-name></person-group> (<year>2011</year>), “<article-title>PLS-SEM: indeed a silver bullet</article-title>”, <source>Journal of Marketing Theory and Practice</source>, Vol. <volume>19</volume> No. <issue>2</issue>, pp. <fpage>139</fpage>-<lpage>152</lpage>, doi: <pub-id pub-id-type="doi">10.2753/MTP1069-6679190202</pub-id>.</mixed-citation></ref>
<ref id="ref045"><mixed-citation publication-type="journal"><person-group person-group-type="author"><string-name><surname>Hair</surname>, <given-names>J.</given-names></string-name>, <string-name><surname>Sarstedt</surname>, <given-names>M.</given-names></string-name> and <string-name><surname>Ringle</surname>, <given-names>C.</given-names></string-name></person-group> (<year>2019b</year>), “<article-title>Rethinking some of the rethinking of partial least squares</article-title>”, <source>European Journal of Marketing</source>, Vol. <volume>53</volume> No. <issue>4</issue>, pp. <fpage>566</fpage>-<lpage>584</lpage>, doi: <pub-id pub-id-type="doi">10.1108/EJM-10-2018-0665/FULL/XML</pub-id>.</mixed-citation></ref>
<ref id="ref044"><mixed-citation publication-type="journal"><person-group person-group-type="author"><string-name><surname>Hair</surname>, <given-names>J.</given-names></string-name>, <string-name><surname>Risher</surname>, <given-names>J.</given-names></string-name>, <string-name><surname>Sarstedt</surname>, <given-names>M.</given-names></string-name> and <string-name><surname>Ringle</surname>, <given-names>C.</given-names></string-name></person-group> (<year>2019a</year>), “<article-title>When to use and how to report the results of PLS-SEM</article-title>”, <source>European Business Review</source>, Vol. <volume>31</volume> No. <issue>1</issue>, pp. <fpage>2</fpage>-<lpage>24</lpage>, doi: <pub-id pub-id-type="doi">10.1108/EBR-11-2018-0203</pub-id>.</mixed-citation></ref>
<ref id="ref046"><mixed-citation publication-type="journal"><person-group person-group-type="author"><string-name><surname>Hallikas</surname>, <given-names>J.</given-names></string-name> and <string-name><surname>Lintukangas</surname>, <given-names>K.</given-names></string-name></person-group> (<year>2016</year>), “<article-title>Purchasing and supply: an investigation of risk management performance</article-title>”, <source>International Journal of Production Economics</source>, Vol. <volume>171</volume>, pp. <fpage>487</fpage>-<lpage>494</lpage>, doi: <pub-id pub-id-type="doi">10.1016/j.ijpe.2015.09.013</pub-id>.</mixed-citation></ref>
<ref id="ref047"><mixed-citation publication-type="journal"><person-group person-group-type="author"><string-name><surname>Hallikas</surname>, <given-names>J.</given-names></string-name>, <string-name><surname>Immonen</surname>, <given-names>M.</given-names></string-name> and <string-name><surname>Brax</surname>, <given-names>S.</given-names></string-name></person-group> (<year>2021</year>), “<article-title>Digitalizing procurement: the impact of data analytics on supply chain performance</article-title>”, <source>Supply Chain Management: An International Journal</source>, Vol. <volume>26</volume> No. <issue>5</issue>, pp. <fpage>629</fpage>-<lpage>646</lpage>, doi: <pub-id pub-id-type="doi">10.1108/SCM-05-2020-0201</pub-id>.</mixed-citation></ref>
<ref id="ref048"><mixed-citation publication-type="journal"><person-group person-group-type="author"><string-name><surname>Handfield</surname>, <given-names>R.</given-names></string-name>, <string-name><surname>Jeong</surname>, <given-names>S.</given-names></string-name> and <string-name><surname>Choi</surname>, <given-names>T.</given-names></string-name></person-group> (<year>2019</year>), “<article-title>Emerging procurement technology: data analytics and cognitive analytics</article-title>”, <source>International Journal of Physical Distribution &amp; Logistics Management</source>, Vol. <volume>49</volume> No. <issue>10</issue>, pp. <fpage>972</fpage>-<lpage>1002</lpage>, doi: <pub-id pub-id-type="doi">10.1108/IJPDLM-11-2017-0348</pub-id>.</mixed-citation></ref>
<ref id="ref049"><mixed-citation publication-type="journal"><person-group person-group-type="author"><string-name><surname>Haverila</surname>, <given-names>M.</given-names></string-name>, <string-name><surname>McLaughlin</surname>, <given-names>C.</given-names></string-name>, <string-name><surname>Haverila</surname>, <given-names>K.C.</given-names></string-name> and <string-name><surname>Viskovics</surname>, <given-names>J.</given-names></string-name></person-group> (<year>2020</year>), “<article-title>Brand community motives and their impact on brand community engagement: variations between diverse audiences</article-title>”, <source>Management Decision</source>, Vol. <volume>59</volume> No. <issue>9</issue>, pp. <fpage>2286</fpage>-<lpage>2308</lpage>, doi: <pub-id pub-id-type="doi">10.1108/MD-06-2020-0683</pub-id>.</mixed-citation></ref>
<ref id="ref050"><mixed-citation publication-type="journal"><person-group person-group-type="author"><string-name><surname>Hazen</surname>, <given-names>B.T.</given-names></string-name>, <string-name><surname>Boone</surname>, <given-names>C.A.</given-names></string-name>, <string-name><surname>Ezell</surname>, <given-names>J.D.</given-names></string-name> and <string-name><surname>Jones-Farmer</surname>, <given-names>L.A.</given-names></string-name></person-group> (<year>2014</year>), “<article-title>Data quality for data science, predictive analytics, and big data in supply chain management: an introduction to the problem and suggestions for research and applications</article-title>”, <source>International Journal of Production Economics</source>, Vol. <volume>154</volume>, pp. <fpage>72</fpage>-<lpage>80</lpage>, doi: <pub-id pub-id-type="doi">10.1016/j.ijpe.2014.04.018</pub-id>.</mixed-citation></ref>
<ref id="ref051"><mixed-citation publication-type="journal"><person-group person-group-type="author"><string-name><surname>Hendricks</surname>, <given-names>K.B.</given-names></string-name> and <string-name><surname>Singhal</surname>, <given-names>V.R.</given-names></string-name></person-group> (<year>2005</year>), “<article-title>An empirical analysis of the effect of supply chain disruptions on long-run stock price performance and equity risk of the firm</article-title>”, <source>Production and Operations Management</source>, Vol. <volume>14</volume> No. <issue>1</issue>, pp. <fpage>35</fpage>-<lpage>52</lpage>, doi: <pub-id pub-id-type="doi">10.1111/j.1937-5956.2005.tb00008.x</pub-id>.</mixed-citation></ref>
<ref id="ref052"><mixed-citation publication-type="journal"><person-group person-group-type="author"><string-name><surname>Henseler</surname>, <given-names>J.</given-names></string-name></person-group>, <italic>et al.</italic> (<year>2014</year>), “<article-title>Common beliefs and reality about PLS</article-title>”, <source>Organizational Research Methods</source>, Vol. <volume>17</volume> No. <issue>2</issue>, pp. <fpage>182</fpage>-<lpage>209</lpage>, doi: <pub-id pub-id-type="doi">10.1177/1094428114526928</pub-id>.</mixed-citation></ref>
<ref id="ref053"><mixed-citation publication-type="journal"><person-group person-group-type="author"><string-name><surname>Henseler</surname>, <given-names>J.</given-names></string-name>, <string-name><surname>Ringle</surname>, <given-names>C.M.</given-names></string-name> and <string-name><surname>Sinkovics</surname>, <given-names>R.R.</given-names></string-name></person-group> (<year>2009</year>), “<article-title>The use of partial least squares path modeling in international marketing</article-title>”, <source>Advances in International Marketing</source>, Vol. <volume>20</volume>, pp. <fpage>277</fpage>-<lpage>319</lpage>, doi: <pub-id pub-id-type="doi">10.1108/S1474-7979(2009)0000020014</pub-id>.</mixed-citation></ref>
<ref id="ref054"><mixed-citation publication-type="journal"><person-group person-group-type="author"><string-name><surname>Ho</surname>, <given-names>W.</given-names></string-name>, <string-name><surname>Zheng</surname>, <given-names>T.</given-names></string-name>, <string-name><surname>Yildiz</surname>, <given-names>H.</given-names></string-name> and <string-name><surname>Talluri</surname>, <given-names>S.</given-names></string-name></person-group> (<year>2015</year>), “<article-title>Supply chain risk management: a literature review</article-title>”, <source>International Journal of Production Research</source>, Vol. <volume>53</volume> No. <issue>16</issue>, pp. <fpage>5031</fpage>-<lpage>5069</lpage>, doi: <pub-id pub-id-type="doi">10.1080/00207543.2015.1030467</pub-id>.</mixed-citation></ref>
<ref id="ref055"><mixed-citation publication-type="journal"><person-group person-group-type="author"><string-name><surname>Ivanov</surname>, <given-names>D.</given-names></string-name>, <string-name><surname>Dolgui</surname>, <given-names>A.</given-names></string-name> and <string-name><surname>Sokolov</surname>, <given-names>B.</given-names></string-name></person-group> (<year>2019</year>), “<article-title>The impact of digital technology and industry 4.0 on the ripple effect and supply chain risk analytics</article-title>”, <source>International Journal of Production Research</source>, Vol. <volume>57</volume> No. <issue>3</issue>, pp. <fpage>829</fpage>-<lpage>846</lpage>, doi: <pub-id pub-id-type="doi">10.1080/00207543.2018.1488086</pub-id>.</mixed-citation></ref>
<ref id="ref056"><mixed-citation publication-type="journal"><person-group person-group-type="author"><string-name><surname>Jüttner</surname>, <given-names>U.</given-names></string-name></person-group> (<year>2005</year>), “<article-title>Supply chain risk management: understanding the business requirements from a practitioner perspective</article-title>”, <source>The International Journal of Logistics Management</source>, Vol. <volume>16</volume> No. <issue>1</issue>, pp. <fpage>120</fpage>-<lpage>141</lpage>, doi: <pub-id pub-id-type="doi">10.1108/09574090510617385</pub-id>.</mixed-citation></ref>
<ref id="ref057"><mixed-citation publication-type="journal"><person-group person-group-type="author"><string-name><surname>Jüttner</surname>, <given-names>U.</given-names></string-name> and <string-name><surname>Maklan</surname>, <given-names>S.</given-names></string-name></person-group> (<year>2011</year>), “<article-title>Supply chain resilience in the global financial crisis: an empirical study</article-title>”, <source>Supply Chain Management: An International Journal</source>, Vol. <volume>16</volume> No. <issue>4</issue>, pp. <fpage>246</fpage>-<lpage>259</lpage>, doi: <pub-id pub-id-type="doi">10.1108/13598541111139062</pub-id>.</mixed-citation></ref>
<ref id="ref058"><mixed-citation publication-type="journal"><person-group person-group-type="author"><string-name><surname>Kache</surname>, <given-names>F.</given-names></string-name> and <string-name><surname>Seuring</surname>, <given-names>S.</given-names></string-name></person-group> (<year>2017</year>), “<article-title>Challenges and opportunities of digital information at the intersection of big data analytics and supply chain management</article-title>”, <source>International Journal of Operations &amp; Production Management</source>, Vol. <volume>37</volume> No. <issue>1</issue>, pp. <fpage>10</fpage>-<lpage>36</lpage>, doi: <pub-id pub-id-type="doi">10.1108/IJOPM-02-2015-0078</pub-id>.</mixed-citation></ref>
<ref id="ref059"><mixed-citation publication-type="journal"><person-group person-group-type="author"><string-name><surname>Kauppi</surname>, <given-names>K.</given-names></string-name>, <string-name><surname>Longoni</surname>, <given-names>A.</given-names></string-name>, <string-name><surname>Caniato</surname>, <given-names>F.</given-names></string-name> and <string-name><surname>Kuula</surname>, <given-names>M.</given-names></string-name></person-group> (<year>2016</year>), “<article-title>Managing country disruption risks and improving operational performance: risk management along integrated supply chains</article-title>”, <source>International Journal of Production Economics</source>, Vol. <volume>182</volume>, pp. <fpage>484</fpage>-<lpage>495</lpage>, doi: <pub-id pub-id-type="doi">10.1016/j.ijpe.2016.10.006</pub-id>.</mixed-citation></ref>
<ref id="ref060"><mixed-citation publication-type="journal"><person-group person-group-type="author"><string-name><surname>Kembro</surname>, <given-names>J.</given-names></string-name>, <string-name><surname>Näslund</surname>, <given-names>D.</given-names></string-name> and <string-name><surname>Olhager</surname>, <given-names>J.</given-names></string-name></person-group> (<year>2017</year>), “<article-title>Information sharing across multiple supply chain tiers: a Delphi study on antecedents</article-title>”, <source>International Journal of Production Economics</source>, Vol. <volume>193</volume>, pp. <fpage>77</fpage>-<lpage>86</lpage>, doi: <pub-id pub-id-type="doi">10.1016/j.ijpe.2017.06.032</pub-id>.</mixed-citation></ref>
<ref id="ref061"><mixed-citation publication-type="book"><person-group person-group-type="author"><string-name><surname>Kline</surname>, <given-names>R.B.</given-names></string-name></person-group> (<year>2011</year>), <source>Principles and Practice of Structural Equation Modeling</source>, <edition>3rd ed.</edition>, <publisher-name>The Guilford Press</publisher-name>, <publisher-loc>New York, NY</publisher-loc>.</mixed-citation></ref>
<ref id="ref062"><mixed-citation publication-type="book"><person-group person-group-type="author"><string-name><surname>Kock</surname>, <given-names>N.</given-names></string-name></person-group> (<year>2017</year>), “<article-title>Common method bias: a full collinearity assessment method for PLS-SEM</article-title>”, in <source>Partial Least Squares Path Modeling</source>, <publisher-loc>Cham</publisher-loc>: <publisher-name>Springer International Publishing</publisher-name>, pp. <fpage>245</fpage>-<lpage>257</lpage>, doi: <pub-id pub-id-type="doi">10.1007/978-3-319-64069-3_11</pub-id>.</mixed-citation></ref>
<ref id="ref063"><mixed-citation publication-type="journal"><person-group person-group-type="author"><string-name><surname>Li</surname>, <given-names>S.</given-names></string-name> and <string-name><surname>Lin</surname>, <given-names>B.</given-names></string-name></person-group> (<year>2006</year>), “<article-title>Accessing information sharing and information quality in supply chain management</article-title>”, <source>Decision Support Systems</source>, Vol. <volume>42</volume> No. <issue>3</issue>, pp. <fpage>1641</fpage>-<lpage>1656</lpage>, doi: <pub-id pub-id-type="doi">10.1016/j.dss.2006.02.011</pub-id>.</mixed-citation></ref>
<ref id="ref064"><mixed-citation publication-type="journal"><person-group person-group-type="author"><string-name><surname>Li</surname>, <given-names>G.</given-names></string-name>, <string-name><surname>Fan</surname>, <given-names>H.</given-names></string-name>, <string-name><surname>Lee</surname>, <given-names>P.K.C.</given-names></string-name> and <string-name><surname>Cheng</surname>, <given-names>T.C.E.</given-names></string-name></person-group> (<year>2015</year>), “<article-title>Joint supply chain risk management: an agency and collaboration perspective</article-title>”, <source>International Journal of Production Economics</source>, Vol. <volume>164</volume>, pp. <fpage>83</fpage>-<lpage>94</lpage>, doi: <pub-id pub-id-type="doi">10.1016/j.ijpe.2015.02.021</pub-id>.</mixed-citation></ref>
<ref id="ref065"><mixed-citation publication-type="journal"><person-group person-group-type="author"><string-name><surname>Li</surname>, <given-names>S.</given-names></string-name>, <string-name><surname>Ragu-Nathan</surname>, <given-names>B.</given-names></string-name>, <string-name><surname>Ragu-Nathan</surname>, <given-names>T.S.</given-names></string-name> and <string-name><surname>Subba Rao</surname>, <given-names>S.</given-names></string-name></person-group> (<year>2006</year>), “<article-title>The impact of supply chain management practices on competitive advantage and organizational performance</article-title>”, <source>Omega</source>, Vol. <volume>34</volume> No. <issue>2</issue>, pp. <fpage>107</fpage>-<lpage>124</lpage>, doi: <pub-id pub-id-type="doi">10.1016/j.omega.2004.08.002</pub-id>.</mixed-citation></ref>
<ref id="ref066"><mixed-citation publication-type="journal"><person-group person-group-type="author"><string-name><surname>Little</surname>, <given-names>T.D.</given-names></string-name>, <string-name><surname>Cunningham</surname>, <given-names>W.A.</given-names></string-name>, <string-name><surname>Shahar</surname>, <given-names>G.</given-names></string-name> and <string-name><surname>Widaman</surname>, <given-names>K.F.</given-names></string-name></person-group> (<year>2002</year>), “<article-title>To parcel or not to parcel: exploring the question, weighing the merits</article-title>”, <source>Structural Equation Modeling: A Multidisciplinary Journal</source>, Vol. <volume>9</volume> No. <issue>2</issue>, pp. <fpage>151</fpage>-<lpage>173</lpage>, doi: <pub-id pub-id-type="doi">10.1207/S15328007SEM0902_1</pub-id>.</mixed-citation></ref>
<ref id="ref067"><mixed-citation publication-type="journal"><person-group person-group-type="author"><string-name><surname>Manuj</surname>, <given-names>I.</given-names></string-name> and <string-name><surname>Mentzer</surname>, <given-names>J.T.</given-names></string-name></person-group> (<year>2008</year>), “<article-title>Global supply chain risk management</article-title>”, <source>Journal of Business Logistics</source>, Vol. <volume>29</volume> No. <issue>1</issue>, pp. <fpage>133</fpage>-<lpage>155</lpage>, doi: <pub-id pub-id-type="doi">10.1002/j.2158-1592.2008.tb00072.x</pub-id>.</mixed-citation></ref>
<ref id="ref068"><mixed-citation publication-type="journal"><person-group person-group-type="author"><string-name><surname>Mentzer</surname>, <given-names>J.T.</given-names></string-name>, <string-name><surname>DeWitt</surname>, <given-names>W.</given-names></string-name>, <string-name><surname>Keebler</surname>, <given-names>J.S.</given-names></string-name>, <string-name><surname>Min</surname>, <given-names>S.</given-names></string-name>, <string-name><surname>Nix</surname>, <given-names>N.W.</given-names></string-name>, <string-name><surname>Smith</surname>, <given-names>C.D.</given-names></string-name> and <string-name><surname>Zacharia</surname>, <given-names>Z.G.</given-names></string-name></person-group> (<year>2001</year>), “<article-title>Defining supply chain management</article-title>”, <source>Journal of Business Logistics</source>, Vol. <volume>22</volume> No. <issue>2</issue>, pp. <fpage>1</fpage>-<lpage>25</lpage>, doi: <pub-id pub-id-type="doi">10.1002/j.2158-1592.2001.tb00001.x</pub-id>.</mixed-citation></ref>
<ref id="ref069"><mixed-citation publication-type="journal"><person-group person-group-type="author"><string-name><surname>Nasiri</surname>, <given-names>M.</given-names></string-name>, <string-name><surname>Ukko</surname>, <given-names>J.</given-names></string-name>, <string-name><surname>Saunila</surname>, <given-names>M.</given-names></string-name> and <string-name><surname>Rantala</surname>, <given-names>T.</given-names></string-name></person-group> (<year>2020</year>), “<article-title>Managing the digital supply chain: the role of smart technologies</article-title>”, <source>Technovation</source>, Vols <volume>96/97</volume>, pp. <fpage>1</fpage>-<lpage>6</lpage>, doi: <pub-id pub-id-type="doi">10.1016/j.technovation.2020.102121</pub-id>.</mixed-citation></ref>
<ref id="ref070"><mixed-citation publication-type="journal"><person-group person-group-type="author"><string-name><surname>Norrman</surname>, <given-names>A.</given-names></string-name> and <string-name><surname>Jansson</surname>, <given-names>U.</given-names></string-name></person-group> (<year>2004</year>), “<article-title>Ericsson’s proactive supply chain risk management approach after a serious sub‐supplier accident</article-title>”, <source>International Journal of Physical Distribution &amp; Logistics Management</source>, Vol. <volume>34</volume> No. <issue>5</issue>, pp. <fpage>434</fpage>-<lpage>456</lpage>, doi: <pub-id pub-id-type="doi">10.1108/09600030410545463</pub-id>.</mixed-citation></ref>
<ref id="ref071"><mixed-citation publication-type="journal"><person-group person-group-type="author"><string-name><surname>Pettit</surname>, <given-names>T.J.</given-names></string-name>, <string-name><surname>Fiksel</surname>, <given-names>J.</given-names></string-name> and <string-name><surname>Croxton</surname>, <given-names>K.L.</given-names></string-name></person-group> (<year>2010</year>), “<article-title>Ensuring supply chain resilience: development of a conceptual framework</article-title>”, <source>Journal of Business Logistics</source>, Vol. <volume>31</volume> No. <issue>1</issue>, pp. <fpage>1</fpage>-<lpage>21</lpage>, doi: <pub-id pub-id-type="doi">10.1002/j.2158-1592.2010.tb00125.x</pub-id>.</mixed-citation></ref>
<ref id="ref072"><mixed-citation publication-type="journal"><person-group person-group-type="author"><string-name><surname>Ponomarov</surname>, <given-names>S.Y.</given-names></string-name> and <string-name><surname>Holcomb</surname>, <given-names>M.C.</given-names></string-name></person-group> (<year>2009</year>), “<article-title>Understanding the concept of supply chain resilience</article-title>”, <source>The International Journal of Logistics Management</source>, Vol. <volume>20</volume> No. <issue>1</issue>, pp. <fpage>124</fpage>-<lpage>143</lpage>, doi: <pub-id pub-id-type="doi">10.1108/09574090910954873</pub-id>.</mixed-citation></ref>
<ref id="ref073"><mixed-citation publication-type="journal"><person-group person-group-type="author"><string-name><surname>Premkumar</surname>, <given-names>G.</given-names></string-name>, <string-name><surname>Ramamurthy</surname>, <given-names>K.</given-names></string-name> and <string-name><surname>Saunders</surname>, <given-names>C.S.</given-names></string-name></person-group> (<year>2005</year>), “<article-title>Information processing view of organizations: an exploratory examination of fit in the context of interorganizational relationships</article-title>”, <source>Journal of Management Information Systems</source>, Vol. <volume>22</volume> No. <issue>1</issue>, pp. <fpage>257</fpage>-<lpage>294</lpage>.</mixed-citation></ref>
<ref id="ref074"><mixed-citation publication-type="journal"><person-group person-group-type="author"><string-name><surname>Prentice</surname>, <given-names>D.A.</given-names></string-name> and <string-name><surname>Miller</surname>, <given-names>D.T.</given-names></string-name></person-group> (<year>1992</year>), “<article-title>When small effects are impressive</article-title>”, <source>Psychological Bulletin</source>, Vol. <volume>112</volume> No. <issue>1</issue>, pp. <fpage>160</fpage>-<lpage>164</lpage>, doi: <pub-id pub-id-type="doi">10.1037/0033-2909.112.1.160</pub-id>.</mixed-citation></ref>
<ref id="ref075"><mixed-citation publication-type="journal"><person-group person-group-type="author"><string-name><surname>Rai</surname>, <given-names>A.</given-names></string-name>, <string-name><surname>Patnayakuni</surname>, <given-names>R.</given-names></string-name> and <string-name><surname>Seth</surname>, <given-names>N.</given-names></string-name></person-group> (<year>2006</year>), “<article-title>Firm performance impacts of digitally enabled supply chain integration capabilities</article-title>”, <source>MIS Quarterly: Management Information Systems</source>, Vol. <volume>30</volume> No. <issue>2</issue>, pp. <fpage>225</fpage>-<lpage>246</lpage>, doi: <pub-id pub-id-type="doi">10.2307/25148729</pub-id>.</mixed-citation></ref>
<ref id="ref076"><mixed-citation publication-type="journal"><person-group person-group-type="author"><string-name><surname>Ritchie</surname>, <given-names>B.</given-names></string-name> and <string-name><surname>Brindley</surname>, <given-names>C.</given-names></string-name></person-group> (<year>2007</year>), “<article-title>Supply chain risk management and performance: a guiding framework for future development</article-title>”, <source>International Journal of Operations and Production Management</source>, Vol. <volume>27</volume> No. <issue>3</issue>, pp. <fpage>303</fpage>-<lpage>322</lpage>, doi: <pub-id pub-id-type="doi">10.1108/01443570710725563</pub-id>.</mixed-citation></ref>
<ref id="ref077"><mixed-citation publication-type="journal"><person-group person-group-type="author"><string-name><surname>Sarstedt</surname>, <given-names>M.</given-names></string-name>, <string-name><surname>Ringle</surname>, <given-names>C.M.</given-names></string-name>, <string-name><surname>Henseler</surname>, <given-names>J.</given-names></string-name> and <string-name><surname>Hair</surname>, <given-names>J.F.</given-names></string-name></person-group> (<year>2014</year>), “<article-title>On the emancipation of PLS-SEM: a commentary on Rigdon (2012)</article-title>”, <source>Long Range Planning</source>, Vol. <volume>47</volume> No. <issue>3</issue>, pp. <fpage>154</fpage>-<lpage>160</lpage>, doi: <pub-id pub-id-type="doi">10.1016/J.LRP.2014.02.007</pub-id>.</mixed-citation></ref>
<ref id="ref078"><mixed-citation publication-type="journal"><person-group person-group-type="author"><string-name><surname>Schriber</surname>, <given-names>S.</given-names></string-name> and <string-name><surname>Löwstedt</surname>, <given-names>J.</given-names></string-name></person-group> (<year>2020</year>), “<article-title>Reconsidering ordinary and dynamic capabilities in strategic change</article-title>”, <source>European Management Journal</source>, Vol. <volume>38</volume> No. <issue>3</issue>, pp. <fpage>377</fpage>-<lpage>387</lpage>, doi: <pub-id pub-id-type="doi">10.1016/j.emj.2019.12.006</pub-id>.</mixed-citation></ref>
<ref id="ref079"><mixed-citation publication-type="journal"><person-group person-group-type="author"><string-name><surname>Seyedghorban</surname>, <given-names>Z.</given-names></string-name>, <string-name><surname>Samson</surname>, <given-names>D.</given-names></string-name> and <string-name><surname>Tahernejad</surname>, <given-names>H.</given-names></string-name></person-group> (<year>2020</year>), “<article-title>Digitalization opportunities for the procurement function: pathways to maturity</article-title>”, <source>International Journal of Operations &amp; Production Management</source>, Vol. <volume>40</volume> No. <issue>11</issue>, pp. <fpage>1685</fpage>-<lpage>1693</lpage>, doi: <pub-id pub-id-type="doi">10.1108/IJOPM-04-2020-0214</pub-id>.</mixed-citation></ref>
<ref id="ref080"><mixed-citation publication-type="journal"><person-group person-group-type="author"><string-name><surname>Sheffi</surname>, <given-names>Y.</given-names></string-name> and <string-name><surname>Rice</surname>, <given-names>J.B.</given-names></string-name></person-group> (<year>2005</year>), “<article-title>A supply chain view of the resilient enterprise</article-title>”, <source>MIT Sloan Management Review</source>, Vol. <volume>47</volume> No. <issue>1</issue>, pp. <fpage>41</fpage>-<lpage>48</lpage>.</mixed-citation></ref>
<ref id="ref081"><mixed-citation publication-type="journal"><person-group person-group-type="author"><string-name><surname>Smith</surname>, <given-names>A.D.</given-names></string-name></person-group> (<year>2009</year>), “<article-title>The impact of e-procurement systems on customer relationship management: a multiple case study</article-title>”, <source>International Journal of Procurement Management</source>, Vol. <volume>2</volume> No. <issue>3</issue>, p. <fpage>314</fpage>, doi: <pub-id pub-id-type="doi">10.1504/IJPM.2009.024814</pub-id>.</mixed-citation></ref>
<ref id="ref082"><mixed-citation publication-type="journal"><person-group person-group-type="author"><string-name><surname>Smith</surname>, <given-names>G.</given-names></string-name>, <string-name><surname>Watson</surname>, <given-names>K.</given-names></string-name>, <string-name><surname>Baker</surname>, <given-names>W.</given-names></string-name> and <string-name><surname>Pokorski</surname>, <given-names>J.</given-names></string-name></person-group> (<year>2007</year>), “<article-title>A critical balance: collaboration and security in the it-enabled supply chain</article-title>”, <source>International Journal of Production Research</source>, Vol. <volume>45</volume> No. <issue>11</issue>, pp. <fpage>2595</fpage>-<lpage>2613</lpage>, doi: <pub-id pub-id-type="doi">10.1080/00207540601020544</pub-id>.</mixed-citation></ref>
<ref id="ref083"><mixed-citation publication-type="journal"><person-group person-group-type="author"><string-name><surname>Souza</surname>, <given-names>G.C.</given-names></string-name></person-group> (<year>2014</year>), “<article-title>Supply chain analytics</article-title>”, <source>Business Horizons</source>, Vol. <volume>57</volume> No. <issue>5</issue>, pp. <fpage>595</fpage>-<lpage>605</lpage>, doi: <pub-id pub-id-type="doi">10.1016/j.bushor.2014.06.004</pub-id>.</mixed-citation></ref>
<ref id="ref084"><mixed-citation publication-type="journal"><person-group person-group-type="author"><string-name><surname>Spieske</surname>, <given-names>A.</given-names></string-name> and <string-name><surname>Birkel</surname>, <given-names>H.</given-names></string-name></person-group> (<year>2021</year>), “<article-title>Improving supply chain resilience through industry 4.0: a systematic literature review under the impressions of the covid-19 pandemic</article-title>”, <source>Computers &amp; Industrial Engineering</source>, Vol. <volume>158</volume>, p. <fpage>107452</fpage>, doi: <pub-id pub-id-type="doi">10.1016/j.cie.2021.107452</pub-id>.</mixed-citation></ref>
<ref id="ref085"><mixed-citation publication-type="journal"><person-group person-group-type="author"><string-name><surname>Srai</surname>, <given-names>J.S.</given-names></string-name> and <string-name><surname>Lorentz</surname>, <given-names>H.</given-names></string-name></person-group> (<year>2019</year>), “<article-title>Developing design principles for the digitalisation of purchasing and supply management</article-title>”, <source>Journal of Purchasing and Supply Management</source>, Vol. <volume>25</volume> No. <issue>1</issue>, pp. <fpage>78</fpage>-<lpage>98</lpage>, doi: <pub-id pub-id-type="doi">10.1016/j.pursup.2018.07.001</pub-id>.</mixed-citation></ref>
<ref id="ref086"><mixed-citation publication-type="journal"><person-group person-group-type="author"><string-name><surname>Srinivasan</surname>, <given-names>R.</given-names></string-name> and <string-name><surname>Swink</surname>, <given-names>M.</given-names></string-name></person-group> (<year>2018</year>), “<article-title>An investigation of visibility and flexibility as complements to supply chain analytics: an organizational information processing theory perspective</article-title>”, <source>Production and Operations Management</source>, Vol. <volume>27</volume> No. <issue>10</issue>, pp. <fpage>1849</fpage>-<lpage>1867</lpage>, doi: <pub-id pub-id-type="doi">10.1111/poms.12746</pub-id>.</mixed-citation></ref>
<ref id="ref087"><mixed-citation publication-type="journal"><person-group person-group-type="author"><string-name><surname>Sullivan</surname>, <given-names>G.M.</given-names></string-name> and <string-name><surname>Feinn</surname>, <given-names>R.</given-names></string-name></person-group> (<year>2012</year>), “<article-title>Using effect size – or why the <italic>p</italic> value is not enough</article-title>”, <source>Journal of Graduate Medical Education</source>, Vol. <volume>4</volume> No. <issue>3</issue>, pp. <fpage>279</fpage>-<lpage>282</lpage>, doi: <pub-id pub-id-type="doi">10.4300/jgme-d-12-00156.1</pub-id>.</mixed-citation></ref>
<ref id="ref088"><mixed-citation publication-type="journal"><person-group person-group-type="author"><string-name><surname>Swaminathan</surname>, <given-names>J.M.</given-names></string-name> and <string-name><surname>Tayur</surname>, <given-names>S.R.</given-names></string-name></person-group> (<year>2003</year>), “<article-title>Models for supply chains in e-business</article-title>”, <source>Management Science</source>, Vol. <volume>49</volume> No. <issue>10</issue>, pp. <fpage>1387</fpage>-<lpage>1406</lpage>, doi: <pub-id pub-id-type="doi">10.1287/mnsc.49.10.1387.17309</pub-id>.</mixed-citation></ref>
<ref id="ref089"><mixed-citation publication-type="journal"><person-group person-group-type="author"><string-name><surname>Thun</surname>, <given-names>J.H.</given-names></string-name> and <string-name><surname>Hoenig</surname>, <given-names>D.</given-names></string-name></person-group> (<year>2011</year>), “<article-title>An empirical analysis of supply chain risk management in the German automotive industry</article-title>”, <source>International Journal of Production Economics</source>, Vol. <volume>131</volume> No. <issue>1</issue>, pp. <fpage>242</fpage>-<lpage>249</lpage>, doi: <pub-id pub-id-type="doi">10.1016/j.ijpe.2009.10.010</pub-id>.</mixed-citation></ref>
<ref id="ref090"><mixed-citation publication-type="journal"><person-group person-group-type="author"><string-name><surname>Tjahjono</surname>, <given-names>B.</given-names></string-name>, <string-name><surname>Esplugues</surname>, <given-names>C.</given-names></string-name>, <string-name><surname>Ares</surname>, <given-names>E.</given-names></string-name> and <string-name><surname>Pelaez</surname>, <given-names>G.</given-names></string-name></person-group> (<year>2017</year>), “<article-title>What does Industry 4.0 mean to supply chain?</article-title>”, <source>Procedia Manufacturing</source>, Vol. <volume>13</volume>, pp. <fpage>1175</fpage>-<lpage>1182</lpage>, doi: <pub-id pub-id-type="doi">10.1016/j.promfg.2017.09.191</pub-id>.</mixed-citation></ref>
<ref id="ref091"><mixed-citation publication-type="journal"><person-group person-group-type="author"><string-name><surname>Trautmann</surname>, <given-names>G.</given-names></string-name>, <string-name><surname>Turkulainen</surname>, <given-names>V.</given-names></string-name>, <string-name><surname>Hartmann</surname>, <given-names>E.</given-names></string-name> and <string-name><surname>Bals</surname>, <given-names>L.</given-names></string-name></person-group> (<year>2009</year>), “<article-title>Integration in the global sourcing organization – an information processing perspective</article-title>”, <source>Journal of Supply Chain Management</source>, Vol. <volume>45</volume> No. <issue>2</issue>, pp. <fpage>57</fpage>-<lpage>74</lpage>, doi: <pub-id pub-id-type="doi">10.1111/j.1745-493X.2009.03163.x</pub-id>.</mixed-citation></ref>
<ref id="ref092"><mixed-citation publication-type="journal"><person-group person-group-type="author"><string-name><surname>Trkman</surname>, <given-names>P.</given-names></string-name> and <string-name><surname>McCormack</surname>, <given-names>K.</given-names></string-name></person-group> (<year>2010</year>), “<article-title>Estimating the benefits and risks of implementing e-procurement</article-title>”, <source>IEEE Transactions on Engineering Management</source>, Vol. <volume>57</volume> No. <issue>2</issue>, pp. <fpage>338</fpage>-<lpage>349</lpage>, doi: <pub-id pub-id-type="doi">10.1109/TEM.2009.2033046</pub-id>.</mixed-citation></ref>
<ref id="ref093"><mixed-citation publication-type="journal"><person-group person-group-type="author"><string-name><surname>Trkman</surname>, <given-names>P.</given-names></string-name>, <string-name><surname>McCormack</surname>, <given-names>K.</given-names></string-name>, <string-name><surname>De Oliveira</surname>, <given-names>M.P.V.</given-names></string-name> and <string-name><surname>Ladeira</surname>, <given-names>M.B.</given-names></string-name></person-group> (<year>2010</year>), “<article-title>The impact of business analytics on supply chain performance</article-title>”, <source>Decision Support Systems</source>, Vol. <volume>49</volume> No. <issue>3</issue>, pp. <fpage>318</fpage>-<lpage>327</lpage>, doi: <pub-id pub-id-type="doi">10.1016/j.dss.2010.03.007</pub-id>.</mixed-citation></ref>
<ref id="ref094"><mixed-citation publication-type="journal"><person-group person-group-type="author"><string-name><surname>Tukamuhabwa</surname>, <given-names>B.R.</given-names></string-name>, <string-name><surname>Stevenson</surname>, <given-names>M.</given-names></string-name>, <string-name><surname>Busby</surname>, <given-names>J.</given-names></string-name> and <string-name><surname>Zorzini</surname>, <given-names>M.</given-names></string-name></person-group> (<year>2015</year>), “<article-title>Supply chain resilience: definition, review and theoretical foundations for further study</article-title>”, <source>International Journal of Production Research</source>, Vol. <volume>53</volume> No. <issue>18</issue>, pp. <fpage>5592</fpage>-<lpage>5623</lpage>, doi: <pub-id pub-id-type="doi">10.1080/00207543.2015.1037934</pub-id>.</mixed-citation></ref>
<ref id="ref095"><mixed-citation publication-type="journal"><person-group person-group-type="author"><string-name><surname>Tummala</surname>, <given-names>R.</given-names></string-name> and <string-name><surname>Schoenherr</surname>, <given-names>T.</given-names></string-name></person-group> (<year>2011</year>), “<article-title>Assessing and managing risks using the supply chain risk management process (SCRMP)</article-title>”, <source>Supply Chain Management: An International Journal</source>, Vol. <volume>16</volume> No. <issue>6</issue>, pp. <fpage>474</fpage>-<lpage>483</lpage>, doi: <pub-id pub-id-type="doi">10.1108/13598541111171165</pub-id>.</mixed-citation></ref>
<ref id="ref096"><mixed-citation publication-type="journal"><person-group person-group-type="author"><string-name><surname>Tushman</surname>, <given-names>M.L.</given-names></string-name> and <string-name><surname>Nadler</surname>, <given-names>D.A.</given-names></string-name></person-group> (<year>1978</year>), “<article-title>Information processing as an integrating concept in organizational design</article-title>”, <source>Academy of Management Review</source>, Vol. <volume>3</volume> No. <issue>3</issue>, pp. <fpage>613</fpage>-<lpage>624</lpage>, doi: <pub-id pub-id-type="doi">10.5465/amr.1978.4305791</pub-id>.</mixed-citation></ref>
<ref id="ref097"><mixed-citation publication-type="journal"><person-group person-group-type="author"><string-name><surname>Van Hoek</surname>, <given-names>R.</given-names></string-name></person-group> (<year>2020</year>), “<article-title>Research opportunities for a more resilient post-Covid-19 supply chain – closing the gap between research findings and industry practice</article-title>”, <source>International Journal of Operations and Production Management</source>, Vol. <volume>40</volume> No. <issue>4</issue>, pp. <fpage>341</fpage>-<lpage>355</lpage>, doi: <pub-id pub-id-type="doi">10.1108/IJOPM-03-2020-0165</pub-id>.</mixed-citation></ref>
<ref id="ref098"><mixed-citation publication-type="book"><person-group person-group-type="author"><string-name><surname>Van Weele</surname>, <given-names>A.J.</given-names></string-name></person-group> (<year>2014</year>), <source>Purchasing &amp; Supply Chain Management: Analysis, Strategy, Planning and Practice</source>, <edition>6th ed.</edition>, <publisher-name>Cengage Learning</publisher-name>, <publisher-loc>Andover</publisher-loc>.</mixed-citation></ref>
<ref id="ref099"><mixed-citation publication-type="journal"><person-group person-group-type="author"><string-name><surname>Viale</surname>, <given-names>L.</given-names></string-name> and <string-name><surname>Zouari</surname>, <given-names>D.</given-names></string-name></person-group> (<year>2020</year>), “<article-title>Impact of digitalization on procurement: the case of robotic process automation</article-title>”, <source>Supply Chain Forum: An International Journal</source>, Vol. <volume>21</volume> No. <issue>3</issue>, pp. <fpage>185</fpage>-<lpage>195</lpage>, doi: <pub-id pub-id-type="doi">10.1080/16258312.2020.1776089</pub-id>.</mixed-citation></ref>
<ref id="ref0100"><mixed-citation publication-type="journal"><person-group person-group-type="author"><string-name><surname>Wagner</surname>, <given-names>S.M.</given-names></string-name> and <string-name><surname>Bode</surname>, <given-names>C.</given-names></string-name></person-group> (<year>2006</year>), “<article-title>An empirical investigation into supply chain vulnerability</article-title>”, <source>Journal of Purchasing and Supply Management</source>, Vol. <volume>12</volume> No. <issue>6</issue>, pp. <fpage>301</fpage>-<lpage>312</lpage>, doi: <pub-id pub-id-type="doi">10.1016/j.pursup.2007.01.004</pub-id>.</mixed-citation></ref>
<ref id="ref0101"><mixed-citation publication-type="journal"><person-group person-group-type="author"><string-name><surname>Wagner</surname>, <given-names>S.M.</given-names></string-name> and <string-name><surname>Bode</surname>, <given-names>C.</given-names></string-name></person-group> (<year>2008</year>), “<article-title>An empirical examination of supply chain performance along several dimensions of risk</article-title>”, <source>Journal of Business Logistics</source>, Vol. <volume>29</volume> No. <issue>1</issue>, pp. <fpage>307</fpage>-<lpage>325</lpage>, doi: <pub-id pub-id-type="doi">10.1002/j.2158-1592.2008.tb00081.x</pub-id>.</mixed-citation></ref>
<ref id="ref0102"><mixed-citation publication-type="journal"><person-group person-group-type="author"><string-name><surname>Wang</surname>, <given-names>G.</given-names></string-name>, <string-name><surname>Gunasekaran</surname>, <given-names>A.</given-names></string-name>, <string-name><surname>Ngai</surname>, <given-names>E.W.T.</given-names></string-name> and <string-name><surname>Papadopoulos</surname>, <given-names>T.</given-names></string-name></person-group> (<year>2016</year>), “<article-title>Big data analytics in logistics and supply chain management: certain investigations for research and applications</article-title>”, <source>International Journal of Production Economics</source>, Vol. <volume>176</volume>, pp. <fpage>98</fpage>-<lpage>110</lpage>, doi: <pub-id pub-id-type="doi">10.1016/j.ijpe.2016.03.014</pub-id>.</mixed-citation></ref>
<ref id="ref0103"><mixed-citation publication-type="journal"><person-group person-group-type="author"><string-name><surname>Wieland</surname>, <given-names>A.</given-names></string-name> and <string-name><surname>Wallenburg</surname>, <given-names>M.C.</given-names></string-name></person-group> (<year>2012</year>), “<article-title>Dealing with supply chain risks: linking risk</article-title>”, <source>International Journal of Physical Distribution &amp; Logistics Management</source>, Vol. <volume>42</volume> No. <issue>10</issue>, pp. <fpage>887</fpage>-<lpage>905</lpage>, doi: <pub-id pub-id-type="doi">10.1108/09600031211281411</pub-id>.</mixed-citation></ref>
<ref id="ref0104"><mixed-citation publication-type="journal"><person-group person-group-type="author"><string-name><surname>Wu</surname>, <given-names>L.</given-names></string-name>, <string-name><surname>Yue</surname>, <given-names>X.</given-names></string-name>, <string-name><surname>Jin</surname>, <given-names>A.</given-names></string-name> and <string-name><surname>Yen</surname>, <given-names>D.C.</given-names></string-name></person-group> (<year>2016</year>), “<article-title>Smart supply chain management: a review and implications for future research</article-title>”, <source>The International Journal of Logistics Management</source>, Vol. <volume>27</volume> No. <issue>2</issue>, pp. <fpage>395</fpage>-<lpage>417</lpage>, doi: <pub-id pub-id-type="doi">10.1108/IJLM-02-2014-0035</pub-id>.</mixed-citation></ref>
<ref id="ref0105"><mixed-citation publication-type="journal"><person-group person-group-type="author"><string-name><surname>Zekhnini</surname>, <given-names>K.</given-names></string-name>, <string-name><surname>Cherrafi</surname>, <given-names>A.</given-names></string-name>, <string-name><surname>Bouhaddou</surname>, <given-names>I.</given-names></string-name>, <string-name><surname>Benghabrit</surname>, <given-names>Y.</given-names></string-name> and <string-name><surname>Garza-Reyes</surname>, <given-names>J.A.</given-names></string-name></person-group> (<year>2021</year>), “<article-title>Supply chain management 4.0: a literature review and research framework</article-title>”, <source>Benchmarking: An International Journal</source>, Vol. <volume>28</volume> No. <issue>2</issue>, pp. <fpage>465</fpage>-<lpage>501</lpage>, doi: <pub-id pub-id-type="doi">10.1108/BIJ-04-2020-0156</pub-id>.</mixed-citation></ref>
<ref id="ref0106"><mixed-citation publication-type="journal"><person-group person-group-type="author"><string-name><surname>Zhou</surname>, <given-names>H.</given-names></string-name> and <string-name><surname>Benton</surname>, <given-names>W.C.</given-names></string-name></person-group> (<year>2007</year>), “<article-title>Supply chain practice and information sharing</article-title>”, <source>Journal of Operations Management</source>, Vol. <volume>25</volume> No. <issue>6</issue>, pp. <fpage>1348</fpage>-<lpage>1365</lpage>, doi: <pub-id pub-id-type="doi">10.1016/j.jom.2007.01.009</pub-id>.</mixed-citation></ref>
<ref id="ref0107"><mixed-citation publication-type="journal"><person-group person-group-type="author"><string-name><surname>Zhu</surname>, <given-names>Z.</given-names></string-name>, <string-name><surname>Zhao</surname>, <given-names>J.</given-names></string-name>, <string-name><surname>Tang</surname>, <given-names>X.</given-names></string-name> and <string-name><surname>Zhang</surname>, <given-names>Y.</given-names></string-name></person-group> (<year>2015</year>), “<article-title>Leveraging e-business process for business value: a layered structure perspective</article-title>”, <source>Information &amp; Management</source>, Vol. <volume>52</volume> No. <issue>6</issue>, pp. <fpage>679</fpage>-<lpage>691</lpage>, doi: <pub-id pub-id-type="doi">10.1016/j.im.2015.05.004</pub-id>.</mixed-citation></ref>
<ref id="ref0108"><mixed-citation publication-type="journal"><person-group person-group-type="author"><string-name><surname>Zouari</surname>, <given-names>D.</given-names></string-name>, <string-name><surname>Ruel</surname>, <given-names>S.</given-names></string-name> and <string-name><surname>Viale</surname>, <given-names>L.</given-names></string-name></person-group> (<year>2021</year>), “<article-title>Does digitalising the supply chain contribute to its resilience?</article-title>”, <source>International Journal of Physical Distribution &amp; Logistics Management</source>, Vol. <volume>51</volume> No. <issue>2</issue>, pp. <fpage>149</fpage>-<lpage>180</lpage>, doi: <pub-id pub-id-type="doi">10.1108/IJPDLM-01-2020-0038</pub-id>.</mixed-citation></ref>
<ref id="ref0109"><mixed-citation publication-type="journal"><person-group person-group-type="author"><string-name><surname>Zsidisin</surname>, <given-names>G.A.</given-names></string-name>, <string-name><surname>Ellram</surname>, <given-names>L.M.</given-names></string-name>, <string-name><surname>Carter</surname>, <given-names>J.R.</given-names></string-name> and <string-name><surname>Cavinato</surname>, <given-names>J.L.</given-names></string-name></person-group> (<year>2004</year>), “<article-title>An analysis of supply risk assessment techniques</article-title>”, <source>International Journal of Physical Distribution &amp; Logistics Management</source>, Vol. <volume>34</volume> No. <issue>5</issue>, pp. <fpage>397</fpage>-<lpage>413</lpage>, doi: <pub-id pub-id-type="doi">10.1108/09600030410545445</pub-id>.</mixed-citation></ref></ref-list>
</back>
</article>