<?xml version="1.0" encoding="UTF-8"?>
<!DOCTYPE article PUBLIC "-//NLM//DTD JATS (Z39.96) Journal Archiving and Interchange DTD with MathML3 v1.1d1 20130915//EN" "JATS-archivearticle1-mathml3.dtd"><article xmlns:mml="http://www.w3.org/1998/Math/MathML" xmlns:xlink="http://www.w3.org/1999/xlink" article-type="research-article" dtd-version="1.1d1" xml:lang="en">
<front id="meta-hdr">
<journal-meta>
<journal-id journal-id-type="publisher-id">SCM</journal-id>
<journal-id journal-id-type="doi">10.1108/SCM</journal-id>
<journal-title-group>
<journal-title>Supply Chain Management: An International Journal</journal-title>
<abbrev-journal-title abbrev-type="publisher">SCM</abbrev-journal-title>
</journal-title-group>
<issn publication-format="print">1359-8546</issn>
<issn publication-format="online">1359-8546</issn>
<publisher>
<publisher-name>Emerald Publishing Limited</publisher-name>
</publisher>
</journal-meta>
<article-meta id="art-meta">
<article-id pub-id-type="publisher-id">713149</article-id>
<article-id pub-id-type="doi">10.1108/SCM-05-2023-0274</article-id>
<article-id pub-id-type="original-pdf">SCM-05-2023-0274.pdf</article-id>
<article-id pub-id-type="filename">SCM-05-2023-0274</article-id>
<article-categories>
<subj-group subj-group-type="type-of-publication">
<compound-subject>
<compound-subject-part content-type="code">research-article</compound-subject-part>
<compound-subject-part content-type="label">Research paper</compound-subject-part>
</compound-subject>
</subj-group>
<subj-group subj-group-type="subject">
<compound-subject>
<compound-subject-part content-type="code">cat-MSOP</compound-subject-part>
<compound-subject-part content-type="label">Management science &amp; operations</compound-subject-part>
</compound-subject>
<subj-group subj-group-type="subject">
<compound-subject>
<compound-subject-part content-type="code"/>
<compound-subject-part content-type="label"> Supply chain management</compound-subject-part>
</compound-subject>
</subj-group>
</subj-group>
</article-categories>
<title-group>
<article-title xml:lang="en">Supply chain 4.0 ambidexterity and lean supply chain management: interrelationships and effect on the focal firm’s operational performance</article-title>
</title-group>
<contrib-group>
<contrib corresp="yes" contrib-type="author">
<name-alternatives>
<name name-style="western"><surname>Roldán Bravo</surname><given-names>María Isabel</given-names></name>
<string-name name-style="western"><given-names>María Isabel</given-names> <surname>Roldán Bravo</surname>
</string-name>
</name-alternatives><email>mrbravo@ujaen.es</email><xref ref-type="aff" rid="aff1"/>
</contrib>
<contrib contrib-type="author">
<name-alternatives>
<name name-style="western"><surname>Maqueira-Marin</surname><given-names>Juan Manuel</given-names></name>
<string-name name-style="western"><given-names>Juan Manuel</given-names> <surname>Maqueira-Marin</surname>
</string-name>
</name-alternatives><email>maqueira@ujaen.es</email><xref ref-type="aff" rid="aff1"/>
</contrib>
<contrib contrib-type="author">
<name-alternatives>
<name name-style="western"><surname>Moyano-Fuentes</surname><given-names>José</given-names></name>
<string-name name-style="western"><given-names>José</given-names> <surname>Moyano-Fuentes</surname>
</string-name>
</name-alternatives><email>jmoyano@ujaen.es</email><xref ref-type="aff" rid="aff1"/>
</contrib>
<aff id="aff1">Department of Business Organization, Marketing and Sociology, <institution-wrap><institution>University of Jaén</institution></institution-wrap>, Jaén, <country country="ES">Spain</country></aff>
</contrib-group>
<author-notes>
<corresp id="cor1">María Isabel Roldán Bravo can be contacted at: <ext-link ext-link-type="email" xlink:href="mailto:mrbravo@ujaen.es">mrbravo@ujaen.es</ext-link></corresp></author-notes>
<pub-date publication-format="electronic" date-type="pub" iso-8601-date="2023-11-20"><day>20</day><month>11</month><year>2023</year></pub-date>
<pub-date publication-format="print" date-type="pub" iso-8601-date="2023-12-18"><day>18</day><month>12</month><year>2023</year></pub-date>
<volume>28</volume><issue>7</issue>
<fpage>112</fpage><lpage>128</lpage>
<history>
<date date-type="received" iso-8601-date="2023-05-31"><day>31</day><month>05</month><year>2023</year></date>
<date date-type="revised" iso-8601-date="2023-09-21"><day>21</day><month>09</month><year>2023</year></date>
<date date-type="revised" iso-8601-date="2023-11-01"><day>01</day><month>11</month><year>2023</year></date>
<date date-type="accepted" iso-8601-date="2023-11-02"><day>02</day><month>11</month><year>2023</year></date>
</history>
<permissions>
<copyright-statement>© María Isabel Roldán Bravo, Juan Manuel Maqueira-Marin and José Moyano-Fuentes.</copyright-statement>
<copyright-year>2023</copyright-year>
<copyright-holder>María Isabel Roldán Bravo, Juan Manuel Maqueira-Marin and José Moyano-Fuentes.</copyright-holder>
<license license-type="open-access">
<license-p>Published by Emerald Publishing Limited. This article is published under the Creative Commons Attribution (CC BY 4.0) licence. Anyone may reproduce, distribute, translate and create derivative works of this article (for both commercial &amp; non-commercial purposes), subject to full attribution to the original publication and authors. The full terms of this licence may be seen at <ext-link ext-link-type="uri" xlink:href="http://creativecommons.org/licences/by/4.0/legalcode">http://creativecommons.org/licences/by/4.0/legalcode</ext-link></license-p>
</license>
</permissions>
<self-uri content-type="pdf" xlink:href="SCM-05-2023-0274.pdf"/>
<abstract abstract-type="structured" id="abstr1" xml:lang="en">
<sec>
<title content-type="abstract-subheading">Purpose</title>
<p>The purpose of this paper is twofold: firstly, to provide a measurement instrument for supply chain 4.0 ambidexterity by applying the theoretical perspective of ambidexterity to advance Industry 4.0; secondly, to empirically analyse how supply chain 4.0 ambidexterity and lean supply chain management contribute to enhancing the focal firm’s operational performance.</p>
</sec>
<sec>
<title content-type="abstract-subheading">Design/methodology/approach</title>
<p>Empirical results are obtained through analysis of survey data from a sample of 209 Spanish focal firms in industrial sectors in an intermediate position in the supply chain. Structural equation modelling was performed to test the three proposed hypotheses.</p>
</sec>
<sec>
<title content-type="abstract-subheading">Findings</title>
<p>Drawing on resource orchestration theory and the relational resource-based view, this study empirically demonstrates the full mediating role of lean supply chain management in the relationship between supply chain 4.0 ambidexterity and the focal firm’s operational performance.</p>
</sec>
<sec>
<title content-type="abstract-subheading">Originality/value</title>
<p>Although recent research has highlighted the pertinence of applying inter-organisational ambidexterity to foster Industry 4.0 (Hofmann <italic>et al.</italic>, 2019), to the best of the authors’ knowledge, this is one of the first studies to apply this theoretical framework to explain the transition to supply chain 4.0. In addition, to date, to the best of the authors’ knowledge, no study exists that has developed a measurement scale and used this concept in an empirical analysis to advance theory development.</p>
</sec>
</abstract>
<kwd-group kwd-group-type="author-generated" xml:lang="en">
<kwd>Supply chain 4.0 ambidexterity</kwd><x xml:space="preserve">, </x>
<kwd>Operational performance</kwd><x xml:space="preserve">, </x>
<kwd>Lean supply chain management</kwd><x xml:space="preserve">, </x>
<kwd>Industry 4.0 technologies</kwd><x xml:space="preserve">, </x>
<kwd>Resource orchestration theory</kwd>
</kwd-group>
<counts>
<fig-count count="3"/>
<table-count count="3"/>
<equation-count count="0"/>
<ref-count count="106"/>
<page-count count="17"/>
<word-count count="14345"/>
</counts>
<custom-meta-group>
<custom-meta>
<meta-name>copyright-code</meta-name>
<meta-value>Z</meta-value>
</custom-meta>
<custom-meta>
<meta-name>deliverables</meta-name>
<meta-value>Web-ready article package</meta-value>
</custom-meta>
<custom-meta>
<meta-name>peer-reviewed</meta-name>
<meta-value>Yes</meta-value>
</custom-meta>
<custom-meta>
<meta-name>academic-content</meta-name>
<meta-value>Yes</meta-value>
</custom-meta>
<custom-meta>
<meta-name>EContentType</meta-name>
<meta-value>JOURNAL</meta-value>
</custom-meta>
<custom-meta>
<meta-name>rightslink</meta-name>
<meta-value>excluded</meta-value>
</custom-meta>
</custom-meta-group>
</article-meta>
</front>

<back>

<ref-list id="refs1">
<title>References</title>
<ref id="ref001"><mixed-citation publication-type="journal"><person-group person-group-type="author"><string-name><surname>Agyabeng-Mensah</surname>, <given-names>Y.</given-names></string-name>, <string-name><surname>Ahenkorah</surname>, <given-names>E.</given-names></string-name>, <string-name><surname>Afum</surname>, <given-names>E.</given-names></string-name> and <string-name><surname>Owusu</surname>, <given-names>D.</given-names></string-name></person-group> (<year>2020</year>), “<article-title>The influence of lean management and environmental practices on relative competitive quality advantage and performance</article-title>”, <source>Journal of Manufacturing Technology Management</source>, Vol. <volume>31</volume> No. <issue>7</issue>, pp. <fpage>1351</fpage>-<lpage>1372</lpage>.</mixed-citation></ref>
<ref id="ref002"><mixed-citation publication-type="journal"><person-group person-group-type="author"><string-name><surname>Ahmed</surname>, <given-names>M.U.</given-names></string-name>, <string-name><surname>Pagell</surname>, <given-names>M.</given-names></string-name>, <string-name><surname>Kristal</surname>, <given-names>M.M.</given-names></string-name> and <string-name><surname>Gattiker</surname>, <given-names>T.F.</given-names></string-name></person-group> (<year>2019</year>), “<article-title>Micro-foundations of supply chain integration: an activity-based analysis</article-title>”, <source>Logistics</source>, Vol. <volume>3</volume> No. <issue>2</issue>, pp. <fpage>1</fpage>-<lpage>17</lpage>.</mixed-citation></ref>
<ref id="ref003"><mixed-citation publication-type="journal"><person-group person-group-type="author"><string-name><surname>Alamshah</surname>, <given-names>F.</given-names></string-name> and <string-name><surname>Yunus</surname>, <given-names>E.N.</given-names></string-name></person-group> (<year>2022</year>), “<article-title>Achieving supply chain 4.0 and the importance of agility, ambidexterity, and organizational culture: a case of Indonesia</article-title>”, <source>Journal of Open Innovation: Technology, Market, and Complexity</source>, Vol. <volume>8</volume> No. <issue>2</issue>, p. <fpage>83</fpage>.</mixed-citation></ref>
<ref id="ref004"><mixed-citation publication-type="journal"><person-group person-group-type="author"><string-name><surname>Apte</surname>, <given-names>U.M.</given-names></string-name> and <string-name><surname>Goh</surname>, <given-names>C.H.</given-names></string-name></person-group> (<year>2004</year>), “<article-title>Applying lean manufacturing principles to information intensive services</article-title>”, <source>International Journal of Services Technology and Management</source>, Vol. <volume>5</volume> Nos <issue>5/6</issue>, pp. <fpage>488</fpage>-<lpage>506</lpage>.</mixed-citation></ref>
<ref id="ref005"><mixed-citation publication-type="journal"><person-group person-group-type="author"><string-name><surname>Arya</surname>, <given-names>B.</given-names></string-name> and <string-name><surname>Lin</surname>, <given-names>Z.</given-names></string-name></person-group> (<year>2007</year>), “<article-title>Understanding collaboration outcomes form an extended resource-based view perspective: the roles of organizational characteristics, partner attributes, and network structures</article-title>”, <source>Journal of Management</source>, Vol. <volume>33</volume> No. <issue>5</issue>, pp. <fpage>697</fpage>-<lpage>723</lpage>.</mixed-citation></ref>
<ref id="ref006"><mixed-citation publication-type="journal"><person-group person-group-type="author"><string-name><surname>Aslam</surname>, <given-names>H.</given-names></string-name>, <string-name><surname>Qadeer Khan</surname>, <given-names>A.</given-names></string-name>, <string-name><surname>Rashid</surname>, <given-names>K.</given-names></string-name> and <string-name><surname>Rehman</surname>, <given-names>S.</given-names></string-name></person-group> (<year>2020</year>), “<article-title>Achieving supply chain resilience: the role of supply chain ambidexterity and supply chain agility</article-title>”, <source>Journal of Manufacturing Technology Management</source>, Vol. <volume>31</volume> No. <issue>6</issue>, pp. <fpage>1185</fpage>-<lpage>1204</lpage>.</mixed-citation></ref>
<ref id="ref007"><mixed-citation publication-type="journal"><person-group person-group-type="author"><string-name><surname>Azadegan</surname>, <given-names>A.</given-names></string-name> and <string-name><surname>Dooley</surname>, <given-names>K.J.</given-names></string-name></person-group> (<year>2010</year>), “<article-title>Supplier innovativeness, organizational learning styles and manufacturer performance: an empirical assessment</article-title>”, <source>Journal of Operations Management</source>, Vol. <volume>28</volume> No. <issue>6</issue>, pp. <fpage>488</fpage>-<lpage>505</lpage>.</mixed-citation></ref>
<ref id="ref008"><mixed-citation publication-type="journal"><person-group person-group-type="author"><string-name><surname>Bagozzi</surname>, <given-names>R.P.</given-names></string-name> and <string-name><surname>Yi</surname>, <given-names>Y.</given-names></string-name></person-group> (<year>1988</year>), “<article-title>On the evaluation of structural equation models</article-title>”, <source>Journal of the Academy of Marketing Science</source>, Vol. <volume>16</volume> No. <issue>1</issue>, pp. <fpage>74</fpage>-<lpage>94</lpage>.</mixed-citation></ref>
<ref id="ref009"><mixed-citation publication-type="journal"><person-group person-group-type="author"><string-name><surname>Belhadi</surname>, <given-names>A.</given-names></string-name>, <string-name><surname>Kamble</surname>, <given-names>S.</given-names></string-name>, <string-name><surname>Gunasekaran</surname>, <given-names>A.</given-names></string-name> and <string-name><surname>Mani</surname>, <given-names>V.</given-names></string-name></person-group> (<year>2022a</year>), “<article-title>Analyzing the mediating role of organizational ambidexterity and digital business transformation on industry 4.0 capabilities and sustainable supply chain performance</article-title>”, <source>Supply Chain Management: An International Journal</source>, Vol. <volume>27</volume> No. <issue>6</issue>, pp. <fpage>696</fpage>-<lpage>711</lpage>.</mixed-citation></ref>
<ref id="ref010"><mixed-citation publication-type="journal"><person-group person-group-type="author"><string-name><surname>Belhadi</surname>, <given-names>A.</given-names></string-name>, <string-name><surname>Kamble</surname>, <given-names>S.S.</given-names></string-name>, <string-name><surname>Venkatesh</surname>, <given-names>M.</given-names></string-name>, <string-name><surname>Chiappetta Jabbour</surname>, <given-names>C.J.</given-names></string-name> and <string-name><surname>Benkhati</surname>, <given-names>I.</given-names></string-name></person-group> (<year>2022b</year>), “<article-title>Building supply chain resilience and efficiency through additive manufacturing: an ambidextrous perspective on the dynamic capability view</article-title>”, <source>International Journal of Production Economics</source>, Vol. <volume>249</volume>, p. <fpage>108516</fpage>.</mixed-citation></ref>
<ref id="ref011"><mixed-citation publication-type="journal"><person-group person-group-type="author"><string-name><surname>Benzidia</surname>, <given-names>S.</given-names></string-name>, <string-name><surname>Makaoui</surname>, <given-names>N.</given-names></string-name> and <string-name><surname>Subramanian</surname>, <given-names>N.</given-names></string-name></person-group> (<year>2021</year>), “<article-title>Impact of ambidexterity of blockchain technology and social factors on new product development: a supply chain and Industry 4.0 perspective</article-title>”, <source>Technological Forecasting and Social Change</source>, Vol. <volume>169</volume>, p. <fpage>120819</fpage>.</mixed-citation></ref>
<ref id="ref012"><mixed-citation publication-type="journal"><person-group person-group-type="author"><string-name><surname>Carvalho</surname>, <given-names>H.</given-names></string-name>, <string-name><surname>Govindan</surname>, <given-names>K.</given-names></string-name>, <string-name><surname>Azevedo</surname>, <given-names>S.</given-names></string-name> and <string-name><surname>Cruz-Machado</surname>, <given-names>V.</given-names></string-name></person-group> (<year>2017</year>), “<article-title>Modelling green and lean supply chains: an eco-efficiency perspective</article-title>”, <source>Resources, Conservation and Recycling</source>, Vol. <volume>120</volume>, pp. <fpage>75</fpage>-<lpage>87</lpage>.</mixed-citation></ref>
<ref id="ref013"><mixed-citation publication-type="journal"><person-group person-group-type="author"><string-name><surname>Chiou</surname>, <given-names>T.Y.</given-names></string-name>, <string-name><surname>Chan</surname>, <given-names>H.K.</given-names></string-name>, <string-name><surname>Letice</surname>, <given-names>F.</given-names></string-name> and <string-name><surname>Choung</surname>, <given-names>S.H.</given-names></string-name></person-group> (<year>2011</year>), “<article-title>The influence of greening the suppliers and green innovation on environmental performance and competitive advantage in Taiwan</article-title>”, <source>Transportation Research Part E: Logistics and Transportation Review</source>, Vol. <volume>47</volume> No. <issue>6</issue>, pp. <fpage>822</fpage>-<lpage>836</lpage>.</mixed-citation></ref>
<ref id="ref014"><mixed-citation publication-type="journal"><person-group person-group-type="author"><string-name><surname>Chu</surname>, <given-names>N.</given-names></string-name>, <string-name><surname>Nie</surname>, <given-names>X.</given-names></string-name>, <string-name><surname>Xu</surname>, <given-names>J.</given-names></string-name> and <string-name><surname>Li</surname>, <given-names>K.</given-names></string-name></person-group> (<year>2021</year>), “<article-title>A systematic approach of lean supply chain management in shipbuilding</article-title>”, <source>SN Applied Sciences</source>, Vol. <volume>3</volume> No. <issue>5</issue>, pp. <fpage>1</fpage>-<lpage>11</lpage>.</mixed-citation></ref>
<ref id="ref015"><mixed-citation publication-type="journal"><person-group person-group-type="author"><string-name><surname>Ciano</surname>, <given-names>M.P.</given-names></string-name>, <string-name><surname>Dallasega</surname>, <given-names>P.</given-names></string-name>, <string-name><surname>Orzes</surname>, <given-names>G.</given-names></string-name> and <string-name><surname>Rossi</surname>, <given-names>T.</given-names></string-name></person-group> (<year>2020</year>), “<article-title>One-to-one relationships between Industry 4.0 technologies and lean production techniques: a multiple case study</article-title>”, <source>International Journal of Production Research</source>, Vol. <volume>59</volume> No. <issue>5</issue>, pp. <fpage>1386</fpage>-<lpage>1410</lpage>.</mixed-citation></ref>
<ref id="ref016"><mixed-citation publication-type="journal"><person-group person-group-type="author"><string-name><surname>Danese</surname>, <given-names>P.</given-names></string-name>, <string-name><surname>Romano</surname>, <given-names>P.</given-names></string-name> and <string-name><surname>Bortolotti</surname>, <given-names>T.</given-names></string-name></person-group> (<year>2012</year>), “<article-title>JIT production, JIT supply and performance: investigating the moderating effects</article-title>”, <source>Industrial Management &amp; Data Systems</source>, Vol. <volume>112</volume> No. <issue>3</issue>, pp. <fpage>441</fpage>-<lpage>465</lpage>.</mixed-citation></ref>
<ref id="ref017"><mixed-citation publication-type="journal"><person-group person-group-type="author"><string-name><surname>Dixit</surname>, <given-names>A.</given-names></string-name>, <string-name><surname>Kumar</surname>, <given-names>S.</given-names></string-name> and <string-name><surname>Kumar</surname>, <given-names>P.</given-names></string-name></person-group> (<year>2022</year>), “<article-title>Does lean and sustainable manufacturing lead to Industry 4.0 adoption: the mediating role of ambidextrous innovation capabilities</article-title>”, <source>Technological Forecasting and Social Change</source>, Vol. <volume>175</volume>, p. <fpage>121328</fpage>.</mixed-citation></ref>
<ref id="ref018"><mixed-citation publication-type="journal"><person-group person-group-type="author"><string-name><surname>Erboz</surname>, <given-names>G.</given-names></string-name>, <string-name><surname>Yumurtacı Hüseyinoğlu</surname>, <given-names>I.Ö.</given-names></string-name> and <string-name><surname>Szegedi</surname>, <given-names>Z.</given-names></string-name></person-group> (<year>2021</year>), “<article-title>The partial mediating role of supply chain integration between Industry 4.0 and supply chain performance</article-title>”, <source>Supply Chain Management</source>.</mixed-citation></ref>
<ref id="ref019"><mixed-citation publication-type="journal"><person-group person-group-type="author"><string-name><surname>Fornell</surname>, <given-names>C.</given-names></string-name> and <string-name><surname>Larcker</surname>, <given-names>D.F.</given-names></string-name></person-group> (<year>1981</year>), “<article-title>Evaluating structural equation models with unobservable variables and measurement error</article-title>”, <source>Journal of Marketing Research</source>, Vol. <volume>18</volume> No. <issue>1</issue>, pp. <fpage>39</fpage>-<lpage>50</lpage>.</mixed-citation></ref>
<ref id="ref020"><mixed-citation publication-type="journal"><person-group person-group-type="author"><string-name><surname>Frank</surname>, <given-names>A.G.</given-names></string-name>, <string-name><surname>Santos Dalenogareb</surname>, <given-names>L.</given-names></string-name> and <string-name><surname>Ayalac</surname>, <given-names>N.F.</given-names></string-name></person-group> (<year>2019</year>), “<article-title>Industry 4.0 technologies: implementation patterns in manufacturing companies</article-title>”, <source>International Journal of Production Economics</source>, Vol. <volume>210</volume>, pp. <fpage>15</fpage>-<lpage>26</lpage>.</mixed-citation></ref>
<ref id="ref021"><mixed-citation publication-type="journal"><person-group person-group-type="author"><string-name><surname>Frederico</surname>, <given-names>G.F.</given-names></string-name>, <string-name><surname>Garza-Reyes</surname>, <given-names>J.A.</given-names></string-name>, <string-name><surname>Anosike</surname>, <given-names>A.</given-names></string-name> and <string-name><surname>Kumar</surname>, <given-names>V.</given-names></string-name></person-group> (<year>2020</year>), “<article-title>Supply chain 4.0: concepts, maturity and research agenda</article-title>”, <source>Supply Chain Management: An International Journal</source>, Vol. <volume>25</volume> No. <issue>2</issue>, pp. <fpage>262</fpage>-<lpage>282</lpage>.</mixed-citation></ref>
<ref id="ref022"><mixed-citation publication-type="journal"><person-group person-group-type="author"><string-name><surname>Garcia-Buendia</surname>, <given-names>N.</given-names></string-name>, <string-name><surname>Moyano-Fuentes</surname>, <given-names>J.</given-names></string-name> and <string-name><surname>Maqueira Marín</surname>, <given-names>J.M.</given-names></string-name></person-group> (<year>2021</year>), “<article-title>Lean supply chain management and performance relationships: what has been done and what is left to do</article-title>”, <source>CIRP Journal of Manufacturing Science and Technology</source>, Vol. <volume>32</volume>, pp. <fpage>405</fpage>-<lpage>423</lpage>.</mixed-citation></ref>
<ref id="ref023"><mixed-citation publication-type="journal"><person-group person-group-type="author"><string-name><surname>Garcia-Buendia</surname>, <given-names>N.</given-names></string-name>, <string-name><surname>Moyano-Fuentes</surname>, <given-names>J.</given-names></string-name>, <string-name><surname>Maqueira</surname>, <given-names>J.M.</given-names></string-name> and <string-name><surname>Avella</surname>, <given-names>L.</given-names></string-name></person-group> (<year>2023</year>), “<article-title>The lean supply chain management response to technology uncertainty: consequences for operational performance and competitiveness</article-title>”, <source>Journal of Manufacturing Technology Management</source>, Vol. <volume>34</volume> No. <issue>1</issue>, pp. <fpage>67</fpage>-<lpage>86</lpage>.</mixed-citation></ref>
<ref id="ref024"><mixed-citation publication-type="journal"><person-group person-group-type="author"><string-name><surname>Gastaldi</surname>, <given-names>L.</given-names></string-name>, <string-name><surname>Appio</surname>, <given-names>F.P.</given-names></string-name>, <string-name><surname>Corso</surname>, <given-names>M.</given-names></string-name> and <string-name><surname>Pistorio</surname>, <given-names>A.</given-names></string-name></person-group> (<year>2018</year>), “<article-title>Managing the exploration-exploitation paradox in healthcare</article-title>”, <source>Business Process Management Journal</source>, Vol. <volume>24</volume> No. <issue>5</issue>, pp. <fpage>1200</fpage>-<lpage>1234</lpage>.</mixed-citation></ref>
<ref id="ref025"><mixed-citation publication-type="journal"><person-group person-group-type="author"><string-name><surname>Gastaldi</surname>, <given-names>L.</given-names></string-name>, <string-name><surname>Lessanibahri</surname>, <given-names>S.</given-names></string-name>, <string-name><surname>Tedaldi</surname>, <given-names>G.</given-names></string-name> and <string-name><surname>Miragliotta</surname>, <given-names>G.</given-names></string-name></person-group> (<year>2022</year>), “<article-title>Companies’ adoption of smart technologies to achieve structural ambidexterity: an analysis with SEM</article-title>”, <source>Technological Forecasting and Social Change</source>, Vol. <volume>174</volume>, p. <fpage>121187</fpage>.</mixed-citation></ref>
<ref id="ref026"><mixed-citation publication-type="journal"><person-group person-group-type="author"><string-name><surname>Ghadge</surname>, <given-names>A.</given-names></string-name>, <string-name><surname>Er Kara</surname>, <given-names>M.</given-names></string-name>, <string-name><surname>Moradlou</surname>, <given-names>H.</given-names></string-name> and <string-name><surname>Goswami</surname>, <given-names>M.</given-names></string-name></person-group> (<year>2020</year>), “<article-title>The impact of Industry 4.0 implementation on supply chains</article-title>”, <source>Journal of Manufacturing Technology Management</source>, Vol. <volume>31</volume> No. <issue>4</issue>, pp. <fpage>669</fpage>-<lpage>686</lpage>.</mixed-citation></ref>
<ref id="ref027"><mixed-citation publication-type="journal"><person-group person-group-type="author"><string-name><surname>Ghobakhloo</surname>, <given-names>M.</given-names></string-name></person-group> (<year>2018</year>), “<article-title>The future of manufacturing industry: a strategic roadmap toward Industry 4.0</article-title>”, <source>Journal of Manufacturing Technology Management</source>, Vol. <volume>29</volume> No. <issue>6</issue>, pp. <fpage>910</fpage>-<lpage>936</lpage>.</mixed-citation></ref>
<ref id="ref028"><mixed-citation publication-type="journal"><person-group person-group-type="author"><string-name><surname>Ghobakhloo</surname>, <given-names>M.</given-names></string-name></person-group> (<year>2019</year>), “<article-title>Determinants of information and digital technology implementation for smart manufacturing</article-title>”, <source>International Journal of Production Research</source>, Vol. <volume>58</volume> No. <issue>8</issue>, pp. <fpage>2384</fpage>-<lpage>2405</lpage>.</mixed-citation></ref>
<ref id="ref029"><mixed-citation publication-type="journal"><person-group person-group-type="author"><string-name><surname>Green</surname>, <given-names>K.W.</given-names></string-name>, <string-name><surname>Inman</surname>, <given-names>A.</given-names></string-name>, <string-name><surname>Sower</surname>, <given-names>V.E.</given-names></string-name> and <string-name><surname>Zelbst</surname>, <given-names>P.J.</given-names></string-name></person-group> (<year>2019</year>), “<article-title>Impact of JIT, TQM and green supply chain practices on environmental sustainability</article-title>”, <source>Journal of Manufacturing Technology Management</source>, Vol. <volume>30</volume> No. <issue>1</issue>, pp. <fpage>26</fpage>-<lpage>47</lpage>.</mixed-citation></ref>
<ref id="ref030"><mixed-citation publication-type="journal"><person-group person-group-type="author"><string-name><surname>Güner</surname>, <given-names>A.R.</given-names></string-name>, <string-name><surname>Murat</surname>, <given-names>A.</given-names></string-name> and <string-name><surname>Chinnam</surname>, <given-names>R.B.</given-names></string-name></person-group> (<year>2012</year>), “<article-title>Dynamic routing under recurrent and non-recurrent congestion using real-time ITS information</article-title>”, <source>Computers &amp; Operations Research</source>, Vol. <volume>39</volume> No. <issue>2</issue>, pp. <fpage>358</fpage>-<lpage>373</lpage>.</mixed-citation></ref>
<ref id="ref031"><mixed-citation publication-type="book"><person-group person-group-type="author"><string-name><surname>Hair</surname>, <given-names>J.F.</given-names></string-name>, <string-name><surname>Black</surname>, <given-names>W.C.</given-names></string-name>, <string-name><surname>Babin</surname>, <given-names>B.J.</given-names></string-name> and <string-name><surname>Anderson</surname>, <given-names>R.E.</given-names></string-name></person-group> (<year>2009</year>), <source>Multivariate Data Analysis</source>, <publisher-name>Prentice Hall</publisher-name>, <publisher-loc>London</publisher-loc>.</mixed-citation></ref>
<ref id="ref032"><mixed-citation publication-type="book"><person-group person-group-type="author"><string-name><surname>Helfat</surname>, <given-names>C.E.</given-names></string-name>, <string-name><surname>Finkelstein</surname>, <given-names>S.</given-names></string-name>, <string-name><surname>Mitchell</surname>, <given-names>W.</given-names></string-name>, <string-name><surname>Peteraf</surname>, <given-names>M.</given-names></string-name>, <string-name><surname>Singh</surname>, <given-names>H.</given-names></string-name>, <string-name><surname>Teece</surname>, <given-names>D.</given-names></string-name> and <string-name><surname>Winter</surname>, <given-names>S.G.</given-names></string-name></person-group> (<year>2007</year>), <source>Dynamic Capabilities: Understanding Strategic Change in Organizations</source>, <publisher-name>Blackwell</publisher-name>, <publisher-loc>Malden, MA</publisher-loc>.</mixed-citation></ref>
<ref id="ref033"><mixed-citation publication-type="journal"><person-group person-group-type="author"><string-name><surname>Hitt</surname>, <given-names>M.A.</given-names></string-name>, <string-name><surname>Carnes</surname>, <given-names>C.M.</given-names></string-name> and <string-name><surname>Xu</surname>, <given-names>K.</given-names></string-name></person-group> (<year>2016</year>), “<article-title>A current view of resource-based theory in operations management: a response to Bromiley and Rau</article-title>”, <source>Journal of Operations Management</source>, Vol. <volume>41</volume> No. <issue>1</issue>, pp. <fpage>107</fpage>-<lpage>109</lpage>.</mixed-citation></ref>
<ref id="ref034"><mixed-citation publication-type="journal"><person-group person-group-type="author"><string-name><surname>Hofmann</surname>, <given-names>E.</given-names></string-name> and <string-name><surname>Rüsch</surname>, <given-names>M.</given-names></string-name></person-group> (<year>2017</year>), “<article-title>Industry 4.0 and the current status as well as future prospects on logistics</article-title>”, <source>Computers in Industry</source>, Vol. <volume>89</volume>, pp. <fpage>23</fpage>-<lpage>34</lpage>.</mixed-citation></ref>
<ref id="ref035"><mixed-citation publication-type="journal"><person-group person-group-type="author"><string-name><surname>Hofmann</surname>, <given-names>E.</given-names></string-name>, <string-name><surname>Sternberg</surname>, <given-names>H.</given-names></string-name>, <string-name><surname>Chen</surname>, <given-names>H.</given-names></string-name>, <string-name><surname>Pflaum</surname>, <given-names>A.</given-names></string-name> and <string-name><surname>Prockl</surname>, <given-names>G.</given-names></string-name></person-group> (<year>2019</year>), “<article-title>Guest editorial</article-title>”, <source>International Journal of Physical Distribution &amp; Logistics Management</source>, Vol. <volume>49</volume> No. <issue>10</issue>, pp. <fpage>945</fpage>-<lpage>955</lpage>.</mixed-citation></ref>
<ref id="ref036"><mixed-citation publication-type="journal"><person-group person-group-type="author"><string-name><surname>Hooshang</surname>, <given-names>M.B.</given-names></string-name></person-group> (<year>2010</year>), “<article-title>A decision support system for improving performance of inventory management in a supply chain network</article-title>”, <source>International Journal of Productivity and Performance Management</source>, Vol. <volume>59</volume> No. <issue>5</issue>, pp. <fpage>452</fpage>-<lpage>467</lpage>.</mixed-citation></ref>
<ref id="ref037"><mixed-citation publication-type="journal"><person-group person-group-type="author"><string-name><surname>Iyer</surname>, <given-names>K.N.S.</given-names></string-name>, <string-name><surname>Srivastava</surname>, <given-names>P.</given-names></string-name> and <string-name><surname>Srinivasan</surname>, <given-names>M.</given-names></string-name></person-group> (<year>2019</year>), “<article-title>Performance implications of lean in supply chains: exploring the role of learning orientation and relational resources</article-title>”, <source>International Journal of Production Economics</source>, Vol. <volume>216</volume>, pp. <fpage>94</fpage>-<lpage>104</lpage>.</mixed-citation></ref>
<ref id="ref038"><mixed-citation publication-type="journal"><person-group person-group-type="author"><string-name><surname>Jafari</surname>, <given-names>H.</given-names></string-name>, <string-name><surname>Ghaderi</surname>, <given-names>H.</given-names></string-name>, <string-name><surname>Eslami</surname>, <given-names>M.H.</given-names></string-name> and <string-name><surname>Malik</surname>, <given-names>M.</given-names></string-name></person-group> (<year>2022</year>), “<article-title>Leveraging supply integration, mass customization and manufacturing flexibility capabilities and the contingency of innovation orientation</article-title>”, <source>Supply Chain Management: An International Journal</source>, Vol. <volume>27</volume> No. <issue>7</issue>, pp. <fpage>194</fpage>-<lpage>210</lpage>.</mixed-citation></ref>
<ref id="ref039"><mixed-citation publication-type="journal"><person-group person-group-type="author"><string-name><surname>Jin</surname>, <given-names>Y.</given-names></string-name>, <string-name><surname>Vonderembse</surname>, <given-names>M.</given-names></string-name>, <string-name><surname>Ragu-Nathan</surname>, <given-names>T.S.</given-names></string-name> and <string-name><surname>Turnehim Smith</surname>, <given-names>J.</given-names></string-name></person-group> (<year>2014</year>), “<article-title>Exploring relationships among IT-enabled sharing capability, supply chain flexibility, and competitive performance</article-title>”, <source>International Journal of Production Economics</source>, Vol. <volume>153</volume>, pp. <fpage>24</fpage>-<lpage>34</lpage>.</mixed-citation></ref>
<ref id="ref040"><mixed-citation publication-type="book"><person-group person-group-type="author"><string-name><surname>Kaplan</surname>, <given-names>D.</given-names></string-name></person-group> (<year>2000</year>), <source>Structural Equation Modeling: Foundations and Extensions</source>, <publisher-name>Sage Publications</publisher-name>, <publisher-loc>Thousand Oaks, CA</publisher-loc>.</mixed-citation></ref>
<ref id="ref041"><mixed-citation publication-type="journal"><person-group person-group-type="author"><string-name><surname>Kauppi</surname>, <given-names>K.</given-names></string-name> and <string-name><surname>Luzzini</surname>, <given-names>D.</given-names></string-name></person-group> (<year>2022</year>), “<article-title>Measuring institutional pressures in a supply chain context: scale development and testing</article-title>”, <source>Supply Chain Management: An International Journal</source>, Vol. <volume>27</volume> No. <issue>7</issue>, pp. <fpage>79</fpage>-<lpage>107</lpage>.</mixed-citation></ref>
<ref id="ref042"><mixed-citation publication-type="book"><person-group person-group-type="author"><string-name><surname>Kline</surname>, <given-names>R.B.</given-names></string-name></person-group> (<year>1998</year>), <source>Principles and Practice of Structural Equation Modeling</source>, <publisher-name>Guilford Press</publisher-name>, <publisher-loc>New York, NY</publisher-loc>.</mixed-citation></ref>
<ref id="ref043"><mixed-citation publication-type="journal"><person-group person-group-type="author"><string-name><surname>Kristal</surname>, <given-names>M.M.</given-names></string-name>, <string-name><surname>Huang</surname>, <given-names>X.</given-names></string-name> and <string-name><surname>Roth</surname>, <given-names>A.V.</given-names></string-name></person-group> (<year>2010</year>), “<article-title>The effect of an ambidextrous supply chain strategy on combinative competitive capabilities and business performance</article-title>”, <source>Journal of Operations Management</source>, Vol. <volume>28</volume> No. <issue>5</issue>, pp. <fpage>415</fpage>-<lpage>429</lpage>.</mixed-citation></ref>
<ref id="ref044"><mixed-citation publication-type="journal"><person-group person-group-type="author"><string-name><surname>Kumar</surname>, <given-names>V.</given-names></string-name>, <string-name><surname>Jabarzadeh</surname>, <given-names>Y.</given-names></string-name>, <string-name><surname>Jeihouni</surname>, <given-names>P.</given-names></string-name> and <string-name><surname>Garza-Reyes</surname>, <given-names>J.A.</given-names></string-name></person-group> (<year>2020</year>), “<article-title>Learning orientation and innovation performance: the mediating role of operations strategy and supply chain integration</article-title>”, <source>Supply Chain Management: An International Journal</source>, Vol. <volume>25</volume> No. <issue>4</issue>, pp. <fpage>457</fpage>-<lpage>474</lpage>.</mixed-citation></ref>
<ref id="ref045"><mixed-citation publication-type="journal"><person-group person-group-type="author"><string-name><surname>Lavie</surname>, <given-names>D.</given-names></string-name></person-group> (<year>2006</year>), “<article-title>The competitive advantage of interconnected firms: an extension of the resource-based view</article-title>”, <source>Academy of Management Review</source>, Vol. <volume>31</volume> No. <issue>3</issue>, pp. <fpage>638</fpage>-<lpage>658</lpage>.</mixed-citation></ref>
<ref id="ref046"><mixed-citation publication-type="journal"><person-group person-group-type="author"><string-name><surname>Li</surname>, <given-names>X.</given-names></string-name>, <string-name><surname>Shen</surname>, <given-names>G.Q.</given-names></string-name>, <string-name><surname>Wu</surname>, <given-names>P.</given-names></string-name>, <string-name><surname>Fan</surname>, <given-names>H.</given-names></string-name>, <string-name><surname>Wu</surname>, <given-names>H.</given-names></string-name> and <string-name><surname>Teng</surname>, <given-names>Y.</given-names></string-name></person-group> (<year>2018</year>), “<article-title>RBL-PHP: simulation of lean construction and information technologies for prefabrication housing production</article-title>”, <source>Journal of Management in Engineering</source>, Vol. <volume>34</volume> No. <issue>2</issue>, pp. <fpage>1</fpage>-<lpage>18</lpage>.</mixed-citation></ref>
<ref id="ref047"><mixed-citation publication-type="journal"><person-group person-group-type="author"><string-name><surname>Lin</surname>, <given-names>C.</given-names></string-name> and <string-name><surname>Lin</surname>, <given-names>M.</given-names></string-name></person-group> (<year>2019</year>), “<article-title>The determinants of using cloud supply chain adoption</article-title>”, <source>Industrial Management &amp; Data Systems</source>, Vol. <volume>119</volume> No. <issue>2</issue>, pp. <fpage>351</fpage>-<lpage>366</lpage>.</mixed-citation></ref>
<ref id="ref048"><mixed-citation publication-type="journal"><person-group person-group-type="author"><string-name><surname>Liu</surname>, <given-names>S.</given-names></string-name>, <string-name><surname>Leat</surname>, <given-names>M.</given-names></string-name>, <string-name><surname>Moizer</surname>, <given-names>J.</given-names></string-name>, <string-name><surname>Megicks</surname>, <given-names>P.</given-names></string-name> and <string-name><surname>Kasturiratne</surname>, <given-names>D.</given-names></string-name></person-group> (<year>2013</year>), “<article-title>A decision-focused knowledge management framework to support collaborative decision making for lean supply chain management</article-title>”, <source>International Journal of Production Research</source>, Vol. <volume>51</volume> No. <issue>7</issue>, pp. <fpage>2123</fpage>-<lpage>2137</lpage>.</mixed-citation></ref>
<ref id="ref049"><mixed-citation publication-type="journal"><person-group person-group-type="author"><string-name><surname>Liu</surname>, <given-names>H.</given-names></string-name>, <string-name><surname>Wei</surname>, <given-names>S.</given-names></string-name>, <string-name><surname>Ke</surname>, <given-names>W.</given-names></string-name>, <string-name><surname>Kee Wei</surname>, <given-names>K.</given-names></string-name> and <string-name><surname>Hua</surname>, <given-names>Z.</given-names></string-name></person-group> (<year>2016</year>), “<article-title>The configuration between supply chain integration and information technology competency: a resource orchestration perspective</article-title>”, <source>Journal of Operations Management</source>, Vol. <volume>44</volume> No. <issue>1</issue>, pp. <fpage>1</fpage>-<lpage>17</lpage>.</mixed-citation></ref>
<ref id="ref050"><mixed-citation publication-type="journal"><person-group person-group-type="author"><string-name><surname>Maqueira</surname>, <given-names>J.M.</given-names></string-name>, <string-name><surname>Novais</surname>, <given-names>L.</given-names></string-name> and <string-name><surname>Bruque</surname>, <given-names>S.</given-names></string-name></person-group> (<year>2021</year>), “<article-title>Total eclipse on business performance and mass personalization: how supply chain flexibility eclipses lean production direct effect</article-title>”, <source>Supply Chain Management: An International Journal</source>, Vol. <volume>26</volume> No. <issue>2</issue>, pp. <fpage>256</fpage>-<lpage>278</lpage>.</mixed-citation></ref>
<ref id="ref051"><mixed-citation publication-type="journal"><person-group person-group-type="author"><string-name><surname>March</surname>, <given-names>J.G.</given-names></string-name></person-group> (<year>1991</year>), “<article-title>Exploration and exploitation in organizational learning</article-title>”, <source>Organization Science</source>, Vol. <volume>2</volume> No. <issue>1</issue>, pp. <fpage>71</fpage>-<lpage>87</lpage>.</mixed-citation></ref>
<ref id="ref052"><mixed-citation publication-type="journal"><person-group person-group-type="author"><string-name><surname>Miao</surname>, <given-names>F.</given-names></string-name>, <string-name><surname>Wang</surname>, <given-names>G.</given-names></string-name> and <string-name><surname>Jiraporn</surname>, <given-names>P.</given-names></string-name></person-group> (<year>2018</year>), “<article-title>Key supplier involvement in IT-enabled operations: when does it lead to improved performance?</article-title>”, <source>Industrial Marketing Management</source>, Vol. <volume>75</volume>, pp. <fpage>134</fpage>-<lpage>145</lpage>.</mixed-citation></ref>
<ref id="ref053"><mixed-citation publication-type="journal"><person-group person-group-type="author"><string-name><surname>Minguela-Rata</surname>, <given-names>B.</given-names></string-name>, <string-name><surname>Maqueira</surname>, <given-names>J.M.</given-names></string-name>, <string-name><surname>Rojo</surname>, <given-names>A.</given-names></string-name> and <string-name><surname>Moyano-Fuentes</surname>, <given-names>J.</given-names></string-name></person-group> (<year>2023</year>), “<article-title>Unraveling the black box of supply chain flexibility in lean production environments</article-title>”, <source>Supply Chain Management: An International Journal</source>, doi: <pub-id pub-id-type="doi">10.1108/SCM-05-2023-0266</pub-id>.</mixed-citation></ref>
<ref id="ref054"><mixed-citation publication-type="journal"><person-group person-group-type="author"><string-name><surname>Moyano-Fuentes</surname>, <given-names>J.</given-names></string-name>, <string-name><surname>Bruque-Cámara</surname>, <given-names>S.</given-names></string-name> and <string-name><surname>Maqueira- Marín</surname>, <given-names>J.M.</given-names></string-name></person-group> (<year>2019</year>), “<article-title>Development and validation of a lean supply chain management measurement instrument</article-title>”, <source>Production Planning &amp; Control</source>, Vol. <volume>30</volume> No. <issue>1</issue>, pp. <fpage>20</fpage>-<lpage>32</lpage>.</mixed-citation></ref>
<ref id="ref055"><mixed-citation publication-type="journal"><person-group person-group-type="author"><string-name><surname>Moyano-Fuentes</surname>, <given-names>J.</given-names></string-name>, <string-name><surname>Maqueira-Marín</surname>, <given-names>J.M.</given-names></string-name>, <string-name><surname>Martínez-Jurado</surname>, <given-names>P.J.</given-names></string-name> and <string-name><surname>Sacristán-Díaz</surname>, <given-names>M.</given-names></string-name></person-group> (<year>2021</year>), “<article-title>Extending lean management along the supply chain: impact on efficiency</article-title>”, <source>Journal of Manufacturing Technology Management</source>, Vol. <volume>32</volume> No. <issue>1</issue>, pp. <fpage>63</fpage>-<lpage>84</lpage>.</mixed-citation></ref>
<ref id="ref056"><mixed-citation publication-type="journal"><person-group person-group-type="author"><string-name><surname>Novais</surname>, <given-names>L.</given-names></string-name>, <string-name><surname>Maqueira-Marín</surname>, <given-names>J.M.</given-names></string-name> and <string-name><surname>Ortiz-Bas</surname>, <given-names>A.</given-names></string-name></person-group> (<year>2019</year>), “<article-title>A systematic literature review of cloud computing use in supply chain integration</article-title>”, <source>Computers &amp; Industrial Engineering</source>, Vol. <volume>129</volume>, pp. <fpage>296</fpage>-<lpage>314</lpage>.</mixed-citation></ref>
<ref id="ref057"><mixed-citation publication-type="journal"><person-group person-group-type="author"><string-name><surname>Novais</surname>, <given-names>L.</given-names></string-name>, <string-name><surname>Maqueira-Marín</surname>, <given-names>J.M.</given-names></string-name> and <string-name><surname>Moyano-Fuentes</surname>, <given-names>J.</given-names></string-name></person-group> (<year>2020</year>), “<article-title>Lean production implementation, cloud-supported logistics and supply chain integration: interrelationships and effects on business performance</article-title>”, <source>The International Journal of Logistics Management</source>, Vol. <volume>31</volume> No. <issue>3</issue>, pp. <fpage>629</fpage>-<lpage>663</lpage>.</mixed-citation></ref>
<ref id="ref058"><mixed-citation publication-type="journal"><person-group person-group-type="author"><string-name><surname>Nunnally</surname>, <given-names>J.C.</given-names></string-name> and <string-name><surname>Bernstein</surname>, <given-names>I.H.</given-names></string-name></person-group> (<year>1994</year>), “<article-title>The assessment of reliability</article-title>”, <source>Psychometric Theory</source>, Vol. <volume>3</volume> No. <issue>1</issue>, pp. <fpage>248</fpage>-<lpage>292</lpage>.</mixed-citation></ref>
<ref id="ref059"><mixed-citation publication-type="journal"><person-group person-group-type="author"><string-name><surname>Núñez-Merino</surname>, <given-names>M.</given-names></string-name>, <string-name><surname>Maqueira-Marín</surname>, <given-names>J.M.</given-names></string-name>, <string-name><surname>Moyano-Fuentes</surname>, <given-names>J.</given-names></string-name> and <string-name><surname>Martínez-Jurado</surname>, <given-names>P.J.</given-names></string-name></person-group> (<year>2020</year>), “<article-title>Information and digital technologies of Industry 4.0 and lean supply chain management: a systematic literature review</article-title>”, <source>International Journal of Production Research</source>, Vol. <volume>58</volume> No. <issue>16</issue>, pp. <fpage>5034</fpage>-<lpage>5061</lpage>.</mixed-citation></ref>
<ref id="ref060"><mixed-citation publication-type="journal"><person-group person-group-type="author"><string-name><surname>Ojha</surname>, <given-names>D.</given-names></string-name>, <string-name><surname>Acharya</surname>, <given-names>C.</given-names></string-name> and <string-name><surname>Cooper</surname>, <given-names>D.</given-names></string-name></person-group> (<year>2018</year>), “<article-title>Transformational leadership and supply chain ambidexterity: mediating role of supply chain organizational learning and moderating role of uncertainty</article-title>”, <source>International Journal of Production Economics</source>, Vol. <volume>197</volume>, pp. <fpage>215</fpage>-<lpage>231</lpage>.</mixed-citation></ref>
<ref id="ref061"><mixed-citation publication-type="journal"><person-group person-group-type="author"><string-name><surname>Oliveira-Dias</surname>, <given-names>D.</given-names></string-name>, <string-name><surname>Maqueira</surname>, <given-names>J.M.</given-names></string-name> and <string-name><surname>Moyano-Fuentes</surname>, <given-names>J.</given-names></string-name></person-group> (<year>2022a</year>), “<article-title>The link between information and digital technologies of Industry 4.0 and agile supply chain: mapping current research and establishing new research avenues</article-title>”, <source>Computers &amp; Industrial Engineering</source>, Vol. <volume>167</volume>, p. <fpage>108000</fpage>.</mixed-citation></ref>
<ref id="ref062"><mixed-citation publication-type="journal"><person-group person-group-type="author"><string-name><surname>Oliveira-Dias</surname>, <given-names>D.</given-names></string-name>, <string-name><surname>Moyano-Fuentes</surname>, <given-names>J.</given-names></string-name> and <string-name><surname>Maqueira-Marín</surname>, <given-names>J.M.</given-names></string-name></person-group> (<year>2022b</year>), “<article-title>Understanding the relationships between information technology and lean and agile supply chain strategies: a systematic literature review</article-title>”, <source>Annals of Operations Research</source>, Vol. <volume>312</volume> No. <issue>2</issue>, pp. <fpage>973</fpage>-<lpage>1005</lpage>.</mixed-citation></ref>
<ref id="ref063"><mixed-citation publication-type="journal"><person-group person-group-type="author"><string-name><surname>Oliveira-Dias</surname>, <given-names>D.</given-names></string-name>, <string-name><surname>Maqueira Marín</surname>, <given-names>J.M.</given-names></string-name> and <string-name><surname>Moyano-Fuentes</surname>, <given-names>J.</given-names></string-name></person-group> (<year>2023</year>), “<article-title>Lean and agile supply chain strategies: the role of mature and emerging information technologies</article-title>”, <source>The International Journal of Logistics Management</source>, Vol. <volume>33</volume> No. <issue>5</issue>, pp. <fpage>221</fpage>-<lpage>243</lpage>.</mixed-citation></ref>
<ref id="ref064"><mixed-citation publication-type="journal"><person-group person-group-type="author"><string-name><surname>Partanen</surname>, <given-names>J.</given-names></string-name>, <string-name><surname>Marko</surname>, <given-names>K.</given-names></string-name>, <string-name><surname>Patel</surname>, <given-names>P.</given-names></string-name> and <string-name><surname>Parida</surname>, <given-names>V.</given-names></string-name></person-group> (<year>2020</year>), “<article-title>Supply chain ambidexterity and manufacturing SME performance: the moderating roles of network capability and strategic information flow</article-title>”, <source>International Journal of Production Economics</source>, Vol. <volume>221</volume>, p. <fpage>107470</fpage>.</mixed-citation></ref>
<ref id="ref065"><mixed-citation publication-type="journal"><person-group person-group-type="author"><string-name><surname>Podsakoff</surname>, <given-names>P.M.</given-names></string-name>, <string-name><surname>MacKenzie</surname>, <given-names>S.B.</given-names></string-name>, <string-name><surname>Lee</surname>, <given-names>J.</given-names></string-name> and <string-name><surname>Podsakoff</surname>, <given-names>N.P.</given-names></string-name></person-group> (<year>2003</year>), “<article-title>Common method biases in behavioral research: a critical review of the literature and recommended remedies</article-title>”, <source>Journal of Applied Psychology</source>, Vol. <volume>88</volume> No. <issue>5</issue>, pp. <fpage>879</fpage>-<lpage>903</lpage>.</mixed-citation></ref>
<ref id="ref066"><mixed-citation publication-type="journal"><person-group person-group-type="author"><string-name><surname>Powell</surname>, <given-names>T.C.</given-names></string-name> and <string-name><surname>Dent-Micallef</surname>, <given-names>A.</given-names></string-name></person-group> (<year>1997</year>), “<article-title>Information technology as competitive advantage: the role of human, business, and technology resources</article-title>”, <source>Strategic Management Journal</source>, Vol. <volume>18</volume> No. <issue>5</issue>, pp. <fpage>375</fpage>-<lpage>405</lpage>.</mixed-citation></ref>
<ref id="ref067"><mixed-citation publication-type="journal"><person-group person-group-type="author"><string-name><surname>Prajogo</surname>, <given-names>D.</given-names></string-name>, <string-name><surname>Oke</surname>, <given-names>A.</given-names></string-name> and <string-name><surname>Olhager</surname>, <given-names>J.</given-names></string-name></person-group> (<year>2016</year>), “<article-title>Supply chain processes. Linking supply logistics integration, supply performance, lean processes and competitive performance</article-title>”, <source>International Journal of Operations &amp; Production Management</source>, Vol. <volume>36</volume> No. <issue>2</issue>, pp. <fpage>220</fpage>-<lpage>238</lpage>.</mixed-citation></ref>
<ref id="ref068"><mixed-citation publication-type="journal"><person-group person-group-type="author"><string-name><surname>Preacher</surname>, <given-names>K.J.</given-names></string-name> and <string-name><surname>Hayes</surname>, <given-names>A.F.</given-names></string-name></person-group> (<year>2008</year>), “<article-title>Asymptotic and resampling strategies for assessing and comparing indirect effects in multiple mediator models</article-title>”, <source>Behavior Research Methods</source>, Vol. <volume>40</volume> No. <issue>3</issue>, pp. <fpage>879</fpage>-<lpage>891</lpage>.</mixed-citation></ref>
<ref id="ref069"><mixed-citation publication-type="journal"><person-group person-group-type="author"><string-name><surname>Qamar</surname>, <given-names>A.</given-names></string-name>, <string-name><surname>Hall</surname>, <given-names>M.A.</given-names></string-name> and <string-name><surname>Collinson</surname>, <given-names>S.</given-names></string-name></person-group> (<year>2018</year>), “<article-title>Lean versus agile production: flexibility trade-offs within the automotive supply chain</article-title>”, <source>International Journal of Production Research</source>, Vol. <volume>56</volume> No. <issue>11</issue>, pp. <fpage>3974</fpage>-<lpage>3993</lpage>.</mixed-citation></ref>
<ref id="ref070"><mixed-citation publication-type="journal"><person-group person-group-type="author"><string-name><surname>Qrunfleh</surname>, <given-names>S.</given-names></string-name> and <string-name><surname>Tarafdar</surname>, <given-names>M.</given-names></string-name></person-group> (<year>2013</year>), “<article-title>Lean and agile supply chain strategies and supply chain responsiveness: the role of strategic supplier partnership and postponement</article-title>”, <source>Supply Chain Management: An International Journal</source>, Vol. <volume>18</volume> No. <issue>6</issue>, pp. <fpage>571</fpage>-<lpage>582</lpage>.</mixed-citation></ref>
<ref id="ref071"><mixed-citation publication-type="journal"><person-group person-group-type="author"><string-name><surname>Rauch</surname>, <given-names>E.</given-names></string-name>, <string-name><surname>Damian</surname>, <given-names>A.</given-names></string-name>, <string-name><surname>Holzner</surname>, <given-names>P.</given-names></string-name> and <string-name><surname>Matt</surname>, <given-names>D.T.</given-names></string-name></person-group> (<year>2016</year>), “<article-title>Lean hospitality-application of lean management methods in the hotel sector</article-title>”, <source>Procedia CIRP</source>, Vol. <volume>41</volume>, pp. <fpage>614</fpage>-<lpage>619</lpage>.</mixed-citation></ref>
<ref id="ref072"><mixed-citation publication-type="journal"><person-group person-group-type="author"><string-name><surname>Rhee</surname>, <given-names>J.</given-names></string-name>, <string-name><surname>Taekyung</surname>, <given-names>P.</given-names></string-name> and <string-name><surname>Do-Hyung</surname>, <given-names>L.</given-names></string-name></person-group> (<year>2010</year>), “<article-title>Drivers of innovativeness and performance for innovative SMEs in South Korea: mediation of learning orientation</article-title>”, <source>Technovation</source>, Vol. <volume>30</volume> No. <issue>1</issue>, pp. <fpage>65</fpage>-<lpage>75</lpage>.</mixed-citation></ref>
<ref id="ref073"><mixed-citation publication-type="journal"><person-group person-group-type="author"><string-name><surname>Rintala</surname>, <given-names>O.</given-names></string-name>, <string-name><surname>Laari</surname>, <given-names>S.</given-names></string-name>, <string-name><surname>Solakivi</surname>, <given-names>T.</given-names></string-name>, <string-name><surname>Töyli</surname>, <given-names>J.</given-names></string-name>, <string-name><surname>Nikulainen</surname>, <given-names>R.</given-names></string-name> and <string-name><surname>Ojala</surname>, <given-names>L.</given-names></string-name></person-group> (<year>2022</year>), “<article-title>Revisiting the relationship between environmental and financial performance: the moderating role of ambidexterity in logistics</article-title>”, <source>International Journal of Production Economics</source>, Vol. <volume>248</volume>, p. <fpage>108479</fpage>.</mixed-citation></ref>
<ref id="ref074"><mixed-citation publication-type="journal"><person-group person-group-type="author"><string-name><surname>Rojo</surname>, <given-names>A.G.B.</given-names></string-name>, <string-name><surname>Perez-Arostegui</surname>, <given-names>M.N.</given-names></string-name> and <string-name><surname>Llorens-Montes</surname>, <given-names>J.</given-names></string-name></person-group> (<year>2020a</year>), “<article-title>Ambidexterity and IT competence can improve supply chain flexibility? A resource orchestration approach</article-title>”, <source>Journal of Purchasing and Supply Management</source>, Vol. <volume>26</volume> No. <issue>2</issue>, p. <fpage>100610</fpage>.</mixed-citation></ref>
<ref id="ref075"><mixed-citation publication-type="journal"><person-group person-group-type="author"><string-name><surname>Rojo</surname>, <given-names>A.G.B.</given-names></string-name>, <string-name><surname>Llorens-Montes</surname>, <given-names>F.J.</given-names></string-name>, <string-name><surname>Perez-Arostegui</surname>, <given-names>M.N.</given-names></string-name> and <string-name><surname>Stevenson</surname>, <given-names>M.</given-names></string-name></person-group> (<year>2020b</year>), “<article-title>Ambidextrous supply chain strategy and supply chain flexibility: the contingent effect of ISO 9001</article-title>”, <source>Industrial Management &amp; Data Systems</source>, Vol. <volume>120</volume> No. <issue>9</issue>, pp. <fpage>1691</fpage>-<lpage>1714</lpage>.</mixed-citation></ref>
<ref id="ref076"><mixed-citation publication-type="journal"><person-group person-group-type="author"><string-name><surname>Rosin</surname>, <given-names>F.</given-names></string-name>, <string-name><surname>Forget</surname>, <given-names>P.</given-names></string-name>, <string-name><surname>Lamouri</surname>, <given-names>S.</given-names></string-name> and <string-name><surname>Pellerin</surname>, <given-names>R.</given-names></string-name></person-group> (<year>2019</year>), “<article-title>Impacts of Industry 4.0 technologies on lean principles</article-title>”, <source>International Journal of Production Research</source>, Vol. <volume>58</volume> No. <issue>6</issue>, pp. <fpage>1644</fpage>-<lpage>1661</lpage>.</mixed-citation></ref>
<ref id="ref077"><mixed-citation publication-type="confproc"><person-group person-group-type="author"><string-name><surname>Rossini</surname>, <given-names>M.</given-names></string-name> and <string-name><surname>Portioli-Staudacher</surname>, <given-names>A.P.</given-names></string-name></person-group> (<year>2016</year>), “<article-title>Lean supply chain planning: a performance evaluation through simulation</article-title>”, <source>MATEC Web of Conference proceedings of the 5th International Conference on Transportation and Traffic Engineering, EDP Sciences</source>, <conf-loc>Lucerne</conf-loc>, pp. <fpage>8</fpage>-<lpage>12</lpage>.</mixed-citation></ref>
<ref id="ref078"><mixed-citation publication-type="journal"><person-group person-group-type="author"><string-name><surname>Rossini</surname>, <given-names>M.</given-names></string-name>, <string-name><surname>Costa</surname>, <given-names>F.</given-names></string-name>, <string-name><surname>Tortorella</surname>, <given-names>G.L.</given-names></string-name> and <string-name><surname>Portioli-Staudacher</surname>, <given-names>A.</given-names></string-name></person-group> (<year>2019</year>), “<article-title>The interrelation between industry 4.0 and lean production: an empirical study on European manufacturers</article-title>”, <source>The International Journal of Advanced Manufacturing Technology</source>, Vol. <volume>102</volume> Nos <issue>9/12</issue>, pp. <fpage>3963</fpage>-<lpage>3976</lpage>.</mixed-citation></ref>
<ref id="ref079"><mixed-citation publication-type="journal"><person-group person-group-type="author"><string-name><surname>Roy</surname>, <given-names>M.</given-names></string-name> and <string-name><surname>Roy</surname>, <given-names>A.</given-names></string-name></person-group> (<year>2019</year>), “<article-title>Nexus of Internet of Things (IoT) and big data: roadmap for smart management systems (SMgS)</article-title>”, <source>IEEE Engineering Management Review</source>, Vol. <volume>47</volume> No. <issue>2</issue>, pp. <fpage>53</fpage>-<lpage>65</lpage>.</mixed-citation></ref>
<ref id="ref080"><mixed-citation publication-type="journal"><person-group person-group-type="author"><string-name><surname>Ruiz-Benitez</surname>, <given-names>R.</given-names></string-name>, <string-name><surname>Lopez</surname>, <given-names>C.</given-names></string-name> and <string-name><surname>Real</surname>, <given-names>J.C.</given-names></string-name></person-group> (<year>2019</year>), “<article-title>Achieving sustainability through the lean and resilient management of the supply chain</article-title>”, <source>International Journal of Physical Distribution &amp; Logistics Management</source>, Vol. <volume>49</volume> No. <issue>2</issue>, pp. <fpage>122</fpage>-<lpage>155</lpage>.</mixed-citation></ref>
<ref id="ref081"><mixed-citation publication-type="journal"><person-group person-group-type="author"><string-name><surname>Sanders</surname>, <given-names>A.</given-names></string-name>, <string-name><surname>Elangeswaran</surname>, <given-names>C.</given-names></string-name> and <string-name><surname>Wulfsberg</surname>, <given-names>J.</given-names></string-name></person-group> (<year>2016</year>), “<article-title>Industry 4.0 implies lean manufacturing: research activities in Industry 4.0 function as enablers for lean manufacturing</article-title>”, <source>Journal of Industrial Engineering and Management</source>, Vol. <volume>9</volume> No. <issue>3</issue>, pp. <fpage>811</fpage>-<lpage>833</lpage>.</mixed-citation></ref>
<ref id="ref082"><mixed-citation publication-type="journal"><person-group person-group-type="author"><string-name><surname>Sharma</surname>, <given-names>P.</given-names></string-name> and <string-name><surname>Kulkarni</surname>, <given-names>M.S.</given-names></string-name></person-group> (<year>2016</year>), “<article-title>Framework for a dynamic and responsive: time separated lean-agile spare parts replenishment system in army</article-title>”, <source>International Journal of Productivity and Performance Management</source>, Vol. <volume>65</volume> No. <issue>2</issue>, pp. <fpage>207</fpage>-<lpage>222</lpage>.</mixed-citation></ref>
<ref id="ref083"><mixed-citation publication-type="journal"><person-group person-group-type="author"><string-name><surname>Sharma</surname>, <given-names>V.</given-names></string-name>, <string-name><surname>Raut</surname>, <given-names>R.D.</given-names></string-name>, <string-name><surname>Mangla</surname>, <given-names>S.K.</given-names></string-name>, <string-name><surname>Narkhede</surname>, <given-names>B.E.</given-names></string-name>, <string-name><surname>Luthra</surname>, <given-names>S.</given-names></string-name> and <string-name><surname>Gokhale</surname>, <given-names>R.</given-names></string-name></person-group> (<year>2021</year>), “<article-title>A systematic literature review to integrate lean, agile, resilient, green and sustainable paradigms in the supply chain management</article-title>”, <source>Business Strategy and the Environment</source>, Vol. <volume>30</volume> No. <issue>2</issue>, pp. <fpage>1191</fpage>-<lpage>1212</lpage>.</mixed-citation></ref>
<ref id="ref084"><mixed-citation publication-type="journal"><person-group person-group-type="author"><string-name><surname>Shrout</surname>, <given-names>P.E.</given-names></string-name> and <string-name><surname>Bolger</surname>, <given-names>N.</given-names></string-name></person-group> (<year>2002</year>), “<article-title>Mediation in experimental and nonexperimental studies: new procedures and recommendations</article-title>”, <source>Psychological Methods</source>, Vol. <volume>7</volume> No. <issue>4</issue>, pp. <fpage>422</fpage>-<lpage>445</lpage>.</mixed-citation></ref>
<ref id="ref085"><mixed-citation publication-type="journal"><person-group person-group-type="author"><string-name><surname>Siddh</surname>, <given-names>M.M.</given-names></string-name>, <string-name><surname>Soni</surname>, <given-names>G.</given-names></string-name>, <string-name><surname>Jain</surname>, <given-names>R.</given-names></string-name>, <string-name><surname>Sharma</surname>, <given-names>M.K.</given-names></string-name> and <string-name><surname>Yadav</surname>, <given-names>V.</given-names></string-name></person-group> (<year>2021</year>), “<article-title>A framework for managing the agri-fresh food supply chain quality in Indian industry</article-title>”, <source>Management of Environmental Quality: An International Journal</source>, Vol. <volume>32</volume> No. <issue>2</issue>, pp. <fpage>436</fpage>-<lpage>45</lpage>.</mixed-citation></ref>
<ref id="ref086"><mixed-citation publication-type="journal"><person-group person-group-type="author"><string-name><surname>Sirmon</surname>, <given-names>D.G.</given-names></string-name>, <string-name><surname>Hitt</surname>, <given-names>M.A.</given-names></string-name> and <string-name><surname>Ireland</surname>, <given-names>R.D.</given-names></string-name></person-group> (<year>2007</year>), “<article-title>Managing firm resources in dynamic environments to create value: looking inside the black box</article-title>”, <source>Academy of Management Review</source>, Vol. <volume>32</volume> No. <issue>1</issue>, pp. <fpage>273</fpage>-<lpage>292</lpage>.</mixed-citation></ref>
<ref id="ref087"><mixed-citation publication-type="journal"><person-group person-group-type="author"><string-name><surname>Sirmon</surname>, <given-names>D.G.</given-names></string-name>, <string-name><surname>Hitt</surname>, <given-names>M.A.</given-names></string-name>, <string-name><surname>Ireland</surname>, <given-names>R.D.</given-names></string-name> and <string-name><surname>Gilbert</surname>, <given-names>B.A.</given-names></string-name></person-group> (<year>2011</year>), “<article-title>Resource orchestration to create competitive advantage: breadth, depth and life cycle effects</article-title>”, <source>Journal of Management</source>, Vol. <volume>37</volume> No. <issue>5</issue>, pp. <fpage>1390</fpage>-<lpage>1412</lpage>.</mixed-citation></ref>
<ref id="ref088"><mixed-citation publication-type="journal"><person-group person-group-type="author"><string-name><surname>Sramek</surname>, <given-names>B.D.</given-names></string-name>, <string-name><surname>Germain</surname>, <given-names>R.</given-names></string-name> and <string-name><surname>Krotov</surname>, <given-names>K.</given-names></string-name></person-group> (<year>2015</year>), “<article-title>Examining the process R&amp;D investment–performance chain in supply chain operations: the effect of centralization</article-title>”, <source>International Journal of Production Economics</source>, Vol. <volume>167</volume>, pp. <fpage>246</fpage>-<lpage>256</lpage>.</mixed-citation></ref>
<ref id="ref089"><mixed-citation publication-type="journal"><person-group person-group-type="author"><string-name><surname>Taylor</surname>, <given-names>A.</given-names></string-name> and <string-name><surname>Helfat</surname>, <given-names>C.</given-names></string-name></person-group> (<year>2009</year>), “<article-title>Organizational linkages for surviving technological change: complementary assets, middle management, and ambidexterity</article-title>”, <source>Organization Science</source>, Vol. <volume>20</volume> No. <issue>4</issue>, pp. <fpage>718</fpage>-<lpage>739</lpage>.</mixed-citation></ref>
<ref id="ref090"><mixed-citation publication-type="journal"><person-group person-group-type="author"><string-name><surname>Tiwari</surname>, <given-names>S.</given-names></string-name></person-group> (<year>2020</year>), “<article-title>Supply chain integration and Industry 4.0: a systematic literature review</article-title>”, <source>Benchmarking: An International Journal</source>, Vol. <volume>28</volume> No. <issue>3</issue>, pp. <fpage>990</fpage>-<lpage>1030</lpage>.</mixed-citation></ref>
<ref id="ref091"><mixed-citation publication-type="journal"><person-group person-group-type="author"><string-name><surname>Tortorella</surname>, <given-names>G.L.</given-names></string-name>, <string-name><surname>Miorando</surname>, <given-names>R.</given-names></string-name> and <string-name><surname>Marodin</surname>, <given-names>G.</given-names></string-name></person-group> (<year>2017</year>), “<article-title>Lean supply chain management: empirical research on practices, contexts and performance</article-title>”, <source>International Journal of Production Economics</source>, Vol. <volume>193</volume>, pp. <fpage>98</fpage>-<lpage>112</lpage>.</mixed-citation></ref>
<ref id="ref092"><mixed-citation publication-type="journal"><person-group person-group-type="author"><string-name><surname>Tortorella</surname>, <given-names>G.L.</given-names></string-name>, <string-name><surname>Giglio</surname>, <given-names>R.</given-names></string-name> and <string-name><surname>Limon-Romero</surname>, <given-names>J.</given-names></string-name></person-group> (<year>2018a</year>), “<article-title>Supply chain performance: how lean practices efficiently drive improvements</article-title>”, <source>Journal of Manufacturing Technology Management</source>, Vol. <volume>29</volume> No. <issue>5</issue>, pp. <fpage>829</fpage>-<lpage>845</lpage>.</mixed-citation></ref>
<ref id="ref093"><mixed-citation publication-type="journal"><person-group person-group-type="author"><string-name><surname>Tortorella</surname>, <given-names>G.</given-names></string-name>, <string-name><surname>Miorando</surname>, <given-names>R.</given-names></string-name> and <string-name><surname>Mac Cawley</surname>, <given-names>A.F.</given-names></string-name></person-group> (<year>2019a</year>), “<article-title>The moderating effect of Industry 4.0 on the relationship between lean supply chain management and performance improvement</article-title>”, <source>Supply Chain Management: An International Journal</source>, Vol. <volume>24</volume> No. <issue>2</issue>, pp. <fpage>301</fpage>-<lpage>314</lpage>.</mixed-citation></ref>
<ref id="ref094"><mixed-citation publication-type="journal"><person-group person-group-type="author"><string-name><surname>Tortorella</surname>, <given-names>G.L.</given-names></string-name>, <string-name><surname>Giglio</surname>, <given-names>R.</given-names></string-name>, <string-name><surname>Fettermmann</surname>, <given-names>D.C.</given-names></string-name> and <string-name><surname>Tlapa</surname>, <given-names>D.</given-names></string-name></person-group> (<year>2018b</year>), “<article-title>Lean supply chain practices: an exploratory study on their relationship</article-title>”, <source>The International Journal of Logistics Management</source>, Vol. <volume>29</volume> No. <issue>3</issue>, pp. <fpage>1049</fpage>-<lpage>1076</lpage>.</mixed-citation></ref>
<ref id="ref095"><mixed-citation publication-type="journal"><person-group person-group-type="author"><string-name><surname>Tortorella</surname>, <given-names>G.L.</given-names></string-name>, <string-name><surname>Rosa</surname>, <given-names>M.V.L.L.</given-names></string-name>, <string-name><surname>Caiado</surname>, <given-names>R.</given-names></string-name>, <string-name><surname>Nascimento</surname>, <given-names>D.</given-names></string-name> and <string-name><surname>Sawhney</surname>, <given-names>R.</given-names></string-name></person-group> (<year>2019b</year>), “<article-title>Assessment of lean implementation in hotels’ supply chains</article-title>”, <source>Production</source>, Vol. <volume>29</volume>, pp. <fpage>1</fpage>-<lpage>10</lpage>.</mixed-citation></ref>
<ref id="ref096"><mixed-citation publication-type="journal"><person-group person-group-type="author"><string-name><surname>Tortorella</surname>, <given-names>G.L.</given-names></string-name>, <string-name><surname>Pradhan</surname>, <given-names>N.</given-names></string-name>, <string-name><surname>Macias de Anda</surname>, <given-names>E.</given-names></string-name>, <string-name><surname>Trevino Martinez</surname>, <given-names>S.</given-names></string-name>, <string-name><surname>Sawhney</surname>, <given-names>R.</given-names></string-name> and <string-name><surname>Kumar</surname>, <given-names>M.</given-names></string-name></person-group> (<year>2020</year>), “<article-title>Designing lean value streams in the fourth industrial revolution era: proposition of technology-integrated guidelines</article-title>”, <source>International Journal of Production Research</source>, Vol. <volume>58</volume> No. <issue>16</issue>, pp. <fpage>5020</fpage>-<lpage>5033</lpage>.</mixed-citation></ref>
<ref id="ref097"><mixed-citation publication-type="journal"><person-group person-group-type="author"><string-name><surname>Tushman</surname>, <given-names>M.L.</given-names></string-name> and <string-name><surname>O’Reilly</surname>, <given-names>C.A.</given-names></string-name></person-group> (<year>1996</year>), “<article-title>The ambidextrous organization: managing evolutionary and revolutionary change</article-title>”, <source>California Management Review</source>, Vol. <volume>38</volume> No. <issue>4</issue>, pp. <fpage>1</fpage>-<lpage>23</lpage>.</mixed-citation></ref>
<ref id="ref098"><mixed-citation publication-type="journal"><person-group person-group-type="author"><string-name><surname>Vijayasarathy</surname>, <given-names>L.R.</given-names></string-name></person-group> (<year>2010</year>), “<article-title>An investigation of moderators of the link between technology use in the supply chain and supply chain performance</article-title>”, <source>Information &amp; Management</source>, Vol. <volume>47</volume> Nos <issue>7/8</issue>, pp. <fpage>364</fpage>-<lpage>471</lpage>.</mixed-citation></ref>
<ref id="ref099"><mixed-citation publication-type="book"><person-group person-group-type="author"><string-name><surname>Vilkas</surname>, <given-names>M.</given-names></string-name>, <string-name><surname>Duobienė</surname>, <given-names>J.</given-names></string-name>, <string-name><surname>Rauleckas</surname>, <given-names>R.</given-names></string-name>, <string-name><surname>Rūtelionė</surname>, <given-names>A.</given-names></string-name> and <string-name><surname>Šeinauskienė</surname>, <given-names>B.</given-names></string-name></person-group> (<year>2023</year>), “<article-title>Performance implications of the fit between lean and agile: organizational ambidexterity perspective</article-title>”, <source>Contributions to Management Science</source>.</mixed-citation></ref>
<ref id="ref0100"><mixed-citation publication-type="journal"><person-group person-group-type="author"><string-name><surname>Vitasek</surname>, <given-names>K.</given-names></string-name>, <string-name><surname>Manrodt</surname>, <given-names>K.</given-names></string-name> and <string-name><surname>Abbott</surname>, <given-names>J.</given-names></string-name></person-group> (<year>2005</year>), “<article-title>What makes a lean supply chain</article-title>”, <source>Supply Chain Management Review</source>, Vol. <volume>9</volume> No. <issue>7</issue>, pp. <fpage>39</fpage>-<lpage>45</lpage>.</mixed-citation></ref>
<ref id="ref0101"><mixed-citation publication-type="journal"><person-group person-group-type="author"><string-name><surname>Wee</surname>, <given-names>H.M.</given-names></string-name> and <string-name><surname>Wu</surname>, <given-names>S.</given-names></string-name></person-group> (<year>2009</year>), “<article-title>Lean supply chain and its effect on product cost and quality: a case study on Ford Motor Company</article-title>”, <source>Supply Chain Management: An International Journal</source>, Vol. <volume>14</volume> No. <issue>5</issue>, pp. <fpage>335</fpage>-<lpage>341</lpage>.</mixed-citation></ref>
<ref id="ref0102"><mixed-citation publication-type="journal"><person-group person-group-type="author"><string-name><surname>Wong</surname>, <given-names>C.W.Y.</given-names></string-name>, <string-name><surname>Wong</surname>, <given-names>C.Y.</given-names></string-name> and <string-name><surname>Boon-Itt</surname>, <given-names>S.</given-names></string-name></person-group> (<year>2018</year>), “<article-title>How does sustainable development of supply chains make firms lean, green and profitable? A resource orchestration perspective</article-title>”, <source>Business Strategy and the Environment</source>, Vol. <volume>27</volume> No. <issue>3</issue>, pp. <fpage>375</fpage>-<lpage>388</lpage>.</mixed-citation></ref>
<ref id="ref0103"><mixed-citation publication-type="journal"><person-group person-group-type="author"><string-name><surname>Xu</surname>, <given-names>G.</given-names></string-name>, <string-name><surname>Li</surname>, <given-names>M.</given-names></string-name>, <string-name><surname>Chen</surname>, <given-names>C.H.</given-names></string-name> and <string-name><surname>Wei</surname>, <given-names>Y.</given-names></string-name></person-group> (<year>2018</year>), “<article-title>Cloud asset-enabled integrated IoT platform for lean prefabricated construction</article-title>”, <source>Automation in Construction</source>, Vol. <volume>93</volume>, pp. <fpage>123</fpage>-<lpage>134</lpage>.</mixed-citation></ref>
<ref id="ref0104"><mixed-citation publication-type="journal"><person-group person-group-type="author"><string-name><surname>Yao</surname>, <given-names>Y.L.</given-names></string-name> and <string-name><surname>Zhu</surname>, <given-names>K.X.</given-names></string-name></person-group> (<year>2012</year>), “<article-title>Do electronic linkages reduce the bullwhip effect? An empirical analysis of the US manufacturing supply chains</article-title>”, <source>Information Systems Research</source>, Vol. <volume>23</volume> No. <issue>3-part-2</issue>, pp. <fpage>1042</fpage>-<lpage>1055</lpage>.</mixed-citation></ref>
<ref id="ref0105"><mixed-citation publication-type="journal"><person-group person-group-type="author"><string-name><surname>Yildiz Çankaya</surname>, <given-names>S.</given-names></string-name></person-group> (<year>2020</year>), “<article-title>The effects of strategic sourcing on supply chain strategies</article-title>”, <source>Journal of Global Operations and Strategic Sourcing</source>, Vol. <volume>13</volume> No. <issue>2</issue>, pp. <fpage>129</fpage>-<lpage>148</lpage>.</mixed-citation></ref>
<ref id="ref0106"><mixed-citation publication-type="journal"><person-group person-group-type="author"><string-name><surname>Zeng</surname>, <given-names>J.</given-names></string-name> and <string-name><surname>Khan</surname>, <given-names>Z.</given-names></string-name></person-group> (<year>2019</year>), “<article-title>Value creation through big data in emerging economies: the role of resource orchestration and entrepreneurial orientation</article-title>”, <source>Management Decision</source>, Vol. <volume>57</volume> No. <issue>8</issue>, pp. <fpage>1818</fpage>-<lpage>1838</lpage>.</mixed-citation></ref></ref-list></back>
</article>