<?xml version="1.0" encoding="UTF-8"?>
<!DOCTYPE article PUBLIC "-//NLM//DTD JATS (Z39.96) Journal Archiving and Interchange DTD with MathML3 v1.1d1 20130915//EN" "JATS-archivearticle1-mathml3.dtd"><article xmlns:mml="http://www.w3.org/1998/Math/MathML" xmlns:xlink="http://www.w3.org/1999/xlink" article-type="case-report" dtd-version="1.1d1" xml:lang="en">
<front id="meta-hdr">
<journal-meta>
<journal-id journal-id-type="publisher-id">SCM</journal-id>
<journal-id journal-id-type="doi">10.1108/SCM</journal-id>
<journal-title-group>
<journal-title>Supply Chain Management: An International Journal</journal-title>
<abbrev-journal-title abbrev-type="publisher">SCM</abbrev-journal-title>
</journal-title-group>
<issn publication-format="print">1359-8546</issn>
<issn publication-format="online">1359-8546</issn>
<publisher>
<publisher-name>Emerald Publishing Limited</publisher-name>
</publisher>
</journal-meta>
<article-meta id="art-meta">
<article-id pub-id-type="publisher-id">698209</article-id>
<article-id pub-id-type="doi">10.1108/SCM-02-2022-0078</article-id>
<article-id pub-id-type="original-pdf">SCM-02-2022-0078.pdf</article-id>
<article-id pub-id-type="filename">SCM-02-2022-0078</article-id>
<article-categories>
<subj-group subj-group-type="type-of-publication">
<compound-subject>
<compound-subject-part content-type="code">case-report</compound-subject-part>
<compound-subject-part content-type="label">Case study</compound-subject-part>
</compound-subject>
</subj-group>
<subj-group subj-group-type="subject">
<compound-subject>
<compound-subject-part content-type="code">cat-MSOP</compound-subject-part>
<compound-subject-part content-type="label">Management science &amp; operations</compound-subject-part>
</compound-subject>
<subj-group subj-group-type="subject">
<compound-subject>
<compound-subject-part content-type="code"/>
<compound-subject-part content-type="label"> Supply chain management</compound-subject-part>
</compound-subject>
</subj-group>
</subj-group>
</article-categories>
<title-group>
<article-title xml:lang="en">Contextualizing resilience to critical infrastructure maintenance supply networks</article-title>
</title-group>
<contrib-group>
<contrib corresp="yes" contrib-type="author">
<name-alternatives>
<name name-style="western"><surname>Scholten</surname><given-names>Kirstin</given-names></name>
<string-name name-style="western"><given-names>Kirstin</given-names> <surname>Scholten</surname>
</string-name>
</name-alternatives><email>k.scholten@rug.nl</email><xref ref-type="aff" rid="aff1"/>
</contrib>
<contrib contrib-type="author">
<name-alternatives>
<name name-style="western"><surname>van Donk</surname><given-names>Dirk Pieter</given-names></name>
<string-name name-style="western"><given-names>Dirk Pieter</given-names> <surname>van Donk</surname>
</string-name>
</name-alternatives><email>D.P.van.Donk@rug.nl</email><xref ref-type="aff" rid="aff1"/>
</contrib>
<contrib contrib-type="author">
<name-alternatives>
<name name-style="western"><surname>Power</surname><given-names>Damien</given-names></name>
<string-name name-style="western"><given-names>Damien</given-names> <surname>Power</surname>
</string-name>
</name-alternatives><email>damien@unimelb.edu.au</email><xref ref-type="aff" rid="aff2"/>
</contrib>
<contrib contrib-type="author">
<name-alternatives>
<name name-style="western"><surname>Braeuer</surname><given-names>Stephanie</given-names></name>
<string-name name-style="western"><given-names>Stephanie</given-names> <surname>Braeuer</surname>
</string-name>
</name-alternatives><email>braeuer.stephanie@gmail.com</email><xref ref-type="aff" rid="aff3"/>
</contrib>
<aff id="aff1">Department of Operations, Faculty of Economics and Business, <institution-wrap><institution>University of Groningen</institution></institution-wrap>, Groningen, <country country="NL">The Netherlands</country></aff>
<aff id="aff2">Department of Management and Marketing, <institution-wrap><institution>The University of Melbourne</institution></institution-wrap>, Melbourne, <country country="AU">Australia</country></aff>
<aff id="aff3">Department of Operations, Faculty of Economics and Business, <institution-wrap><institution>University of Groningen</institution></institution-wrap>, Groningen, <country country="NL">The Netherlands</country></aff>
</contrib-group>
<author-notes>
<corresp id="cor1">Kirstin Scholten can be contacted at: <ext-link ext-link-type="email" xlink:href="mailto:k.scholten@rug.nl">k.scholten@rug.nl</ext-link></corresp></author-notes>
<pub-date publication-format="electronic" date-type="pub" iso-8601-date="2023-02-13"><day>13</day><month>02</month><year>2023</year></pub-date>
<pub-date publication-format="print" date-type="pub" iso-8601-date="2023-12-18"><day>18</day><month>12</month><year>2023</year></pub-date>
<volume>28</volume><issue>7</issue>
<fpage>1</fpage><lpage>14</lpage>
<history>
<date date-type="received" iso-8601-date="2022-02-25"><day>25</day><month>02</month><year>2022</year></date>
<date date-type="revised" iso-8601-date="2022-07-20"><day>20</day><month>07</month><year>2022</year></date>
<date date-type="revised" iso-8601-date="2022-11-11"><day>11</day><month>11</month><year>2022</year></date>
<date date-type="revised" iso-8601-date="2023-01-09"><day>09</day><month>01</month><year>2023</year></date>
<date date-type="accepted" iso-8601-date="2023-01-12"><day>12</day><month>01</month><year>2023</year></date>
</history>
<permissions>
<copyright-statement>© Kirstin Scholten, Dirk Pieter van Donk, Damien Power and Stephanie Braeuer.</copyright-statement>
<copyright-year>2023</copyright-year>
<copyright-holder>Kirstin Scholten, Dirk Pieter van Donk, Damien Power and Stephanie Braeuer.</copyright-holder>
<license license-type="open-access">
<license-p>Published by Emerald Publishing Limited. This article is published under the Creative Commons Attribution (CC BY 4.0) licence. Anyone may reproduce, distribute, translate and create derivative works of this article (for both commercial &amp; non-commercial purposes), subject to full attribution to the original publication and authors. The full terms of this licence may be seen at <ext-link ext-link-type="uri" xlink:href="http://creativecommons.org/licences/by/4.0/legalcode">http://creativecommons.org/licences/by/4.0/legalcode</ext-link>.</license-p>
</license>
</permissions>
<self-uri content-type="pdf" xlink:href="SCM-02-2022-0078.pdf"/>
<abstract abstract-type="structured" id="abstr1" xml:lang="en">
<sec>
<title content-type="abstract-subheading">Purpose</title>
<p>To be able to continuously provide affordable services to consumers, managers of critical infrastructure (CI) maintenance supply networks have to balance investments in resilience with costs. At the same time, CI providers need to consider factors that influence resilience such as the geographical spread or the location of the network. This study aims to contextualize supply chain resilience knowledge by exploring how maintenance resource configurations impact resilience and costs in CI supply networks.</p>
</sec>
<sec>
<title content-type="abstract-subheading">Design/methodology/approach</title>
<p>An in-depth longitudinal single case study of a representative CI provider that has centralized its maintenance supply network is used. Data were collected before and after the change to evaluate the effect of the changes on the maintenance supply network.</p>
</sec>
<sec>
<title content-type="abstract-subheading">Findings</title>
<p>This study shows that in this specific CI maintenance context, structural resource choices such as the quantity or location of spare parts and tools, the creation and exploitation of tacit knowledge and staff motivation impact both resilience and costs due to geographical spread, network location and other network properties.</p>
</sec>
<sec>
<title content-type="abstract-subheading">Originality/value</title>
<p>This study extends general supply chain resilience knowledge to a new setting (i.e. CI) and shows how existing insights apply in this context. More specifically, it is shown that even in engineered supply networks there is a need to consider the effect of human agency on resilience as the creation and exploitation of tacit knowledge are of immense importance in managing the network. In addition, the relationship between normal accidents theory and high reliability theory (HRT) is revisited as findings indicate that HRT is also important after a disruption has taken place.</p>
</sec>
</abstract>
<kwd-group kwd-group-type="author-generated" xml:lang="en">
<kwd>Resilience</kwd><x xml:space="preserve">, </x>
<kwd>Normal accidents</kwd><x xml:space="preserve">, </x>
<kwd>High reliability</kwd><x xml:space="preserve">, </x>
<kwd>Single case study</kwd><x xml:space="preserve">, </x>
<kwd>Maintenance</kwd><x xml:space="preserve">, </x>
<kwd>Critical infrastructures</kwd>
</kwd-group>
<counts>
<fig-count count="0"/>
<table-count count="3"/>
<equation-count count="0"/>
<ref-count count="61"/>
<page-count count="14"/>
<word-count count="11953"/>
</counts>
<custom-meta-group>
<custom-meta><meta-name>copyright-code</meta-name><meta-value>Z</meta-value></custom-meta><custom-meta><meta-name>deliverables</meta-name><meta-value>Web-ready article package</meta-value></custom-meta><custom-meta><meta-name>peer-reviewed</meta-name><meta-value>Yes</meta-value></custom-meta><custom-meta><meta-name>academic-content</meta-name><meta-value>Yes</meta-value></custom-meta><custom-meta><meta-name>EContentType</meta-name><meta-value>JOURNAL</meta-value></custom-meta><custom-meta><meta-name>rightslink</meta-name><meta-value>excluded</meta-value></custom-meta>
</custom-meta-group>
</article-meta>
</front>

<back>
<ref-list id="refs1">
<title>References</title>
<ref id="ref001"><mixed-citation publication-type="journal"><person-group person-group-type="author"><string-name><surname>Ali</surname>, <given-names>I.</given-names></string-name>, <string-name><surname>Golgeci</surname>, <given-names>I.</given-names></string-name> and <string-name><surname>Arslan</surname>, <given-names>A.</given-names></string-name></person-group> (<year>2022</year>), “<article-title>Achieving resilience through knowledge management practices and risk management culture in agri-food supply chains</article-title>”, <source>Supply Chain Management: An International Journal</source>, doi: <pub-id pub-id-type="doi">10.1108/SCM-02-2021-0059</pub-id>.</mixed-citation></ref>
<ref id="ref002"><mixed-citation publication-type="journal"><person-group person-group-type="author"><string-name><surname>Ali</surname>, <given-names>A.</given-names></string-name>, <string-name><surname>Mahfouz</surname>, <given-names>A.</given-names></string-name> and <string-name><surname>Arisha</surname>, <given-names>A.</given-names></string-name></person-group> (<year>2017</year>), “<article-title>Analysing supply chain resilience: integrating the constructs in a concept mapping framework via a systematic literature review</article-title>”, <source>Supply Chain Management: An International Journal</source>, Vol. <volume>22</volume> No. <issue>1</issue>, pp. <fpage>16</fpage>-<lpage>39</lpage>.</mixed-citation></ref>
<ref id="ref003"><mixed-citation publication-type="journal"><person-group person-group-type="author"><string-name><surname>Almklov</surname>, <given-names>P.G.</given-names></string-name> and <string-name><surname>Antonsen</surname>, <given-names>S.</given-names></string-name></person-group> (<year>2014</year>), “<article-title>Making work invisible: new public management and operational work in critical infrastructure sectors</article-title>”, <source>Public Administration</source>, Vol. <volume>92</volume> No. <issue>2</issue>, pp. <fpage>477</fpage>-<lpage>492</lpage>.</mixed-citation></ref>
<ref id="ref004"><mixed-citation publication-type="book"><person-group person-group-type="author"><string-name><surname>Balzer</surname>, <given-names>G.</given-names></string-name> and <string-name><surname>Schorn</surname>, <given-names>C.</given-names></string-name></person-group> (<year>2015</year>), <source>Asset Management for Infrastructure Systems: Energy and Water</source>, <publisher-name>Springer</publisher-name>, <comment>eBook</comment>, <publisher-loc>Vieweg Berlin, Heidelberg</publisher-loc>.</mixed-citation></ref>
<ref id="ref005"><mixed-citation publication-type="journal"><person-group person-group-type="author"><string-name><surname>Blokus</surname>, <given-names>A.</given-names></string-name> and <string-name><surname>Dziula</surname>, <given-names>P.</given-names></string-name></person-group> (<year>2021</year>), “<article-title>Relations of imperfect repairs to critical infrastructure maintenance costs</article-title>”, <source>Sustainability</source>, Vol. <volume>13</volume> No. <issue>9</issue>, pp. <fpage>1</fpage>-<lpage>19</lpage>.</mixed-citation></ref>
<ref id="ref006"><mixed-citation publication-type="journal"><person-group person-group-type="author"><string-name><surname>Boin</surname>, <given-names>A.</given-names></string-name> and <string-name><surname>McConnell</surname>, <given-names>A.</given-names></string-name></person-group> (<year>2007a</year>), “<article-title>Editorial: unravelling the puzzles of critical infrastructures</article-title>”, <source>Journal of Contingencies and Crisis Management</source>, Vol. <volume>15</volume> No. <issue>1</issue>, pp. <fpage>1</fpage>-<lpage>3</lpage>.</mixed-citation></ref>
<ref id="ref007"><mixed-citation publication-type="journal"><person-group person-group-type="author"><string-name><surname>Boin</surname>, <given-names>A.</given-names></string-name> and <string-name><surname>McConnell</surname>, <given-names>A.</given-names></string-name></person-group> (<year>2007b</year>), “<article-title>Preparing for critical infrastructure breakdowns</article-title>”, <source>Journal of Contingencies and Crisis Management</source>, Vol. <volume>15</volume> No. <issue>1</issue>, pp. <fpage>50</fpage>-<lpage>59</lpage>.</mixed-citation></ref>
<ref id="ref008"><mixed-citation publication-type="journal"><person-group person-group-type="author"><string-name><surname>Cantelmi</surname>, <given-names>R.</given-names></string-name>, <string-name><surname>Di Gravio</surname>, <given-names>G.</given-names></string-name> and <string-name><surname>Patriarca</surname>, <given-names>R.</given-names></string-name></person-group> (<year>2021</year>), “<article-title>Reviewing qualitative research approaches in the context of critical infrastructure resilience</article-title>”, <source>Environment Systems and Decisions</source>, Vol. <volume>41</volume> No. <issue>3</issue>, pp. <fpage>341</fpage>-<lpage>376</lpage>.</mixed-citation></ref>
<ref id="ref009"><mixed-citation publication-type="journal"><person-group person-group-type="author"><string-name><surname>Cedergren</surname>, <given-names>A.</given-names></string-name>, <string-name><surname>Johansson</surname>, <given-names>J.</given-names></string-name> and <string-name><surname>Hassel</surname>, <given-names>H.</given-names></string-name></person-group> (<year>2018</year>), “<article-title>Challenges to critical infrastructure resilience in an institutionally fragmented setting</article-title>”, <source>Safety Science</source>, Vol. <volume>110</volume>, pp. <fpage>51</fpage>-<lpage>58</lpage>.</mixed-citation></ref>
<ref id="ref010"><mixed-citation publication-type="journal"><person-group person-group-type="author"><string-name><surname>Cholasuke</surname>, <given-names>C.</given-names></string-name> and <string-name><surname>Antony</surname>, <given-names>J.</given-names></string-name></person-group> (<year>2006</year>), “<article-title>The status of maintenance management in UK manufacturing organisations: results from a pilot survey</article-title>”, <source>Journal of Quality in Maintenance Engineering</source>, Vol. <volume>10</volume> No. <issue>1</issue>, pp. <fpage>5</fpage>-<lpage>15</lpage>.</mixed-citation></ref>
<ref id="ref011"><mixed-citation publication-type="journal"><person-group person-group-type="author"><string-name><surname>Chowdhury</surname>, <given-names>M.M.H.</given-names></string-name> and <string-name><surname>Quaddas</surname>, <given-names>M.</given-names></string-name></person-group> (<year>2016</year>), “<article-title>Supply chain readiness, response and recovery for resilience</article-title>”, <source>Supply Chain Management: An International Journal</source>, Vol. <volume>21</volume> No. <issue>6</issue>, pp. <fpage>709</fpage>-<lpage>731</lpage>.</mixed-citation></ref>
<ref id="ref012"><mixed-citation publication-type="journal"><person-group person-group-type="author"><string-name><surname>Christopher</surname>, <given-names>M.</given-names></string-name> and <string-name><surname>Peck</surname>, <given-names>H.</given-names></string-name></person-group> (<year>2004</year>), “<article-title>Building the resilient supply chain</article-title>”, <source>The International Journal of Logistics Management</source>, Vol. <volume>15</volume> No. <issue>2</issue>, pp. <fpage>1</fpage>-<lpage>13</lpage>.</mixed-citation></ref>
<ref id="ref013"><mixed-citation publication-type="journal"><person-group person-group-type="author"><string-name><surname>Dittfeld</surname>, <given-names>H.</given-names></string-name>, <string-name><surname>van Donk</surname>, <given-names>D.P.</given-names></string-name> and <string-name><surname>van Huet</surname>, <given-names>S.</given-names></string-name></person-group> (<year>2022</year>), “<article-title>The effect of production system characteristics on resilience capabilities: a multiple case study</article-title>”, <source>International Journal of Operations &amp; Production Management</source>, Vol. <volume>42</volume> No. <issue>13</issue>, pp. <fpage>103</fpage>-<lpage>127</lpage>.</mixed-citation></ref>
<ref id="ref014"><mixed-citation publication-type="journal"><person-group person-group-type="author"><string-name><surname>Dominguez</surname>, <given-names>D.</given-names></string-name>, <string-name><surname>Worch</surname>, <given-names>H.</given-names></string-name>, <string-name><surname>Markard</surname>, <given-names>J.</given-names></string-name>, <string-name><surname>Truffer</surname>, <given-names>B.</given-names></string-name> and <string-name><surname>Gujer</surname>, <given-names>W.</given-names></string-name></person-group> (<year>2009</year>), “<article-title>Closing the capability gap: strategic planning for the infrastructure sector</article-title>”, <source>California Management Review</source>, Vol. <volume>51</volume> No. <issue>2</issue>, pp. <fpage>29</fpage>-<lpage>50</lpage>.</mixed-citation></ref>
<ref id="ref015"><mixed-citation publication-type="journal"><person-group person-group-type="author"><string-name><surname>Dube</surname>, <given-names>N.</given-names></string-name>, <string-name><surname>Li</surname>, <given-names>Q.</given-names></string-name>, <string-name><surname>Selviaridis</surname>, <given-names>K.</given-names></string-name> and <string-name><surname>Jahre</surname>, <given-names>M.</given-names></string-name></person-group> (<year>2022</year>), “<article-title>One crisis, different paths to supply resilience: the case of ventilator procurement for the COVID-19 pandemic</article-title>”, <source>Journal of Purchasing and Supply Management</source>, Vol. <volume>28</volume> No. <issue>5</issue>, doi: <pub-id pub-id-type="doi">10.1016/j.pursup.2022.100773</pub-id>.</mixed-citation></ref>
<ref id="ref016"><mixed-citation publication-type="journal"><person-group person-group-type="author"><string-name><surname>Duffuaa</surname>, <given-names>S.O.</given-names></string-name>, <string-name><surname>Ben-Daya</surname>, <given-names>M.</given-names></string-name>, <string-name><surname>Al-Sultan</surname>, <given-names>K.S.</given-names></string-name> and <string-name><surname>Andijani</surname>, <given-names>A.A.</given-names></string-name></person-group> (<year>2001</year>), “<article-title>A generic conceptual simulation model for maintenance systems</article-title>”, <source>Journal of Quality in Maintenance Engineering</source>, Vol. <volume>7</volume> No. <issue>3</issue>, pp. <fpage>207</fpage>-<lpage>219</lpage>.</mixed-citation></ref>
<ref id="ref017"><mixed-citation publication-type="journal"><person-group person-group-type="author"><string-name><surname>Edwards</surname>, <given-names>J.D.</given-names></string-name></person-group> (<year>1987</year>), “<article-title>Improved utilization of maintenance manpower</article-title>”, <source>Maintenance Management International</source>, Vol. <volume>6</volume>, pp. <fpage>285</fpage>-<lpage>293</lpage>.</mixed-citation></ref>
<ref id="ref018"><mixed-citation publication-type="journal"><person-group person-group-type="author"><string-name><surname>Fearne</surname>, <given-names>A.</given-names></string-name>, <string-name><surname>Wagner</surname>, <given-names>B.</given-names></string-name>, <string-name><surname>McDougall</surname>, <given-names>N.</given-names></string-name> and <string-name><surname>Loseby</surname>, <given-names>D.</given-names></string-name></person-group> (<year>2021</year>), “<article-title>The power of purpose – lessons in agility from the ventilator challenge</article-title>”, <source>Supply Chain Management: An International Journal</source>, Vol. <volume>26</volume> No. <issue>6</issue>, pp. <fpage>753</fpage>-<lpage>766</lpage>.</mixed-citation></ref>
<ref id="ref019"><mixed-citation publication-type="journal"><person-group person-group-type="author"><string-name><surname>Garg</surname>, <given-names>A.</given-names></string-name> and <string-name><surname>Deshmukh</surname>, <given-names>S.G.</given-names></string-name></person-group> (<year>2006</year>), “<article-title>Maintenance management: literature review and directions</article-title>”, <source>Journal of Quality in Maintenance Engineering</source>, Vol. <volume>12</volume> No. <issue>3</issue>, pp. <fpage>205</fpage>-<lpage>238</lpage>.</mixed-citation></ref>
<ref id="ref020"><mixed-citation publication-type="journal"><person-group person-group-type="author"><string-name><surname>Haghnevis</surname>, <given-names>M.</given-names></string-name> and <string-name><surname>Asking</surname>, <given-names>R.G.</given-names></string-name></person-group> (<year>2012</year>), “<article-title>A Modeling framework for engineered complex adaptative systems</article-title>”, <source>IEEE Systems Journal</source>, Vol. <volume>6</volume> No. <issue>3</issue>, pp. <fpage>520</fpage>-<lpage>530</lpage>.</mixed-citation></ref>
<ref id="ref021"><mixed-citation publication-type="book"><person-group person-group-type="author"><string-name><surname>Hastings</surname>, <given-names>N.A.J.</given-names></string-name></person-group> (<year>2015</year>), <source>Physical Asset Management</source>, <publisher-name>Springer International Publishing</publisher-name>, <comment>eBook</comment>, <publisher-loc>Switzerland</publisher-loc>.</mixed-citation></ref>
<ref id="ref022"><mixed-citation publication-type="journal"><person-group person-group-type="author"><string-name><surname>Hemme</surname>, <given-names>K.</given-names></string-name></person-group> (<year>2015</year>), “<article-title>Critical Infrastructure protection: maintenance is national security critical infrastructure protection: Maintenance is national security</article-title>”, <source>Journal of Strategic Security</source>, Vol. <volume>8</volume> No. <issue>3</issue>, pp. <fpage>25</fpage>-<lpage>39</lpage>.</mixed-citation></ref>
<ref id="ref023"><mixed-citation publication-type="journal"><person-group person-group-type="author"><string-name><surname>Hillmann</surname>, <given-names>J.</given-names></string-name></person-group> (<year>2021</year>), “<article-title>Disciplines of organizational resilience: contributions, critiques, and future research avenues</article-title>”, <source>Review of Managerial Science</source>, Vol. <volume>15</volume> No. <issue>4</issue>, pp. <fpage>879</fpage>-<lpage>936</lpage>.</mixed-citation></ref>
<ref id="ref02400"><mixed-citation publication-type="journal"><person-group person-group-type="author"><string-name><surname>Hopp</surname>, <given-names>W.J.</given-names></string-name></person-group> (<year>2008</year>), “<article-title>Supply chain ccience</article-title>”, <publisher-name>Waveland Press, Inc.</publisher-name>, <publisher-loc>Long Grove, IL</publisher-loc>.</mixed-citation></ref>
<ref id="ref024"><mixed-citation publication-type="journal"><person-group person-group-type="author"><string-name><surname>Hovden</surname>, <given-names>J.</given-names></string-name>, <string-name><surname>Albrechtsen</surname>, <given-names>E.</given-names></string-name> and <string-name><surname>Herrera</surname>, <given-names>I.A.</given-names></string-name></person-group> (<year>2010</year>), “<article-title>Is there a need for new theories, models and approaches to occupational accident prevention?</article-title>”, <source>Safety Science</source>, Vol. <volume>48</volume> No. <issue>8</issue>, pp. <fpage>950</fpage>-<lpage>956</lpage>.</mixed-citation></ref>
<ref id="ref025"><mixed-citation publication-type="journal"><person-group person-group-type="author"><string-name><surname>Jüttner</surname>, <given-names>U.</given-names></string-name> and <string-name><surname>Maklan</surname>, <given-names>S.</given-names></string-name></person-group> (<year>2011</year>), “<article-title>Supply chain resilience in the global financial crisis: an empirical study</article-title>”, <source>Supply Chain Management: An International Journal</source>, Vol. <volume>16</volume> No. <issue>4</issue>, pp. <fpage>246</fpage>-<lpage>259</lpage>.</mixed-citation></ref>
<ref id="ref026"><mixed-citation publication-type="book"><person-group person-group-type="author"><string-name><surname>Kelly</surname>, <given-names>A.</given-names></string-name></person-group> (<year>2006</year>), <source>Managing Maintenance Resources</source>, <publisher-name>Elsevier Butterworth-Heinemann</publisher-name>.</mixed-citation></ref>
<ref id="ref027"><mixed-citation publication-type="journal"><person-group person-group-type="author"><string-name><surname>La Porte</surname>, <given-names>T.R.</given-names></string-name></person-group> (<year>1996</year>), “<article-title>High Reliability organizations: unlikely, demanding and at risk</article-title>”, <source>Journal of Contingencies and Crisis Management</source>, Vol. <volume>4</volume> No. <issue>2</issue>, pp. <fpage>60</fpage>-<lpage>71</lpage>.</mixed-citation></ref>
<ref id="ref028"><mixed-citation publication-type="journal"><person-group person-group-type="author"><string-name><surname>Leveson</surname>, <given-names>N.</given-names></string-name>, <string-name><surname>Dulac</surname>, <given-names>N.</given-names></string-name>, <string-name><surname>Marais</surname>, <given-names>K.</given-names></string-name> and <string-name><surname>Carroll</surname>, <given-names>J.</given-names></string-name></person-group> (<year>2009</year>), “<article-title>Moving beyond normal accidents and high reliability organizations: a systems approach to safety in complex systems</article-title>”, <source>Organization Studies</source>, Vol. <volume>30</volume> Nos <issue>2/3</issue>, pp. <fpage>227</fpage>-<lpage>249</lpage>.</mixed-citation></ref>
<ref id="ref029"><mixed-citation publication-type="journal"><person-group person-group-type="author"><string-name><surname>Linnenluecke</surname>, <given-names>M.K.</given-names></string-name></person-group> (<year>2017</year>), “<article-title>Resilience in business and management research: a review of influential publications and a research agenda</article-title>”, <source>International Journal of Management Reviews</source>, Vol. <volume>19</volume> No. <issue>1</issue>, pp. <fpage>4</fpage>-<lpage>30</lpage>.</mixed-citation></ref>
<ref id="ref030"><mixed-citation publication-type="journal"><person-group person-group-type="author"><string-name><surname>McKone</surname>, <given-names>K.E.</given-names></string-name>, <string-name><surname>Schroeder</surname>, <given-names>R.G.</given-names></string-name> and <string-name><surname>Cua</surname>, <given-names>K.O.</given-names></string-name></person-group> (<year>1999</year>), “<article-title>Total productive maintenance: a contextual view</article-title>”, <source>Journal of Operations Management</source>, Vol. <volume>17</volume> No. <issue>2</issue>, pp. <fpage>123</fpage>-<lpage>144</lpage>.</mixed-citation></ref>
<ref id="ref03000"><mixed-citation publication-type="journal"><person-group person-group-type="author"><string-name><surname>Marais</surname>, <given-names>K.B.</given-names></string-name> and <string-name><surname>Saleh</surname>, <given-names>J.H.</given-names></string-name></person-group> (<year>2009</year>), “<article-title>Beyond its cost, the value of maintenance: an analytical framework for capturing its net present value</article-title>”, <source>Reliability Engineering and System Safety</source>, Vol. <volume>94</volume>, pp. <fpage>644</fpage>-<lpage>657</lpage>.</mixed-citation></ref>
<ref id="ref031"><mixed-citation publication-type="book"><person-group person-group-type="author"><string-name><surname>Miles</surname>, <given-names>M.B.</given-names></string-name> and <string-name><surname>Huberman</surname>, <given-names>M.A.</given-names></string-name></person-group> (<year>1994</year>), <source>Qualitative Data Analysis</source>, <publisher-name>Saga Publications</publisher-name>, <publisher-loc>London</publisher-loc>.</mixed-citation></ref>
<ref id="ref032"><mixed-citation publication-type="journal"><person-group person-group-type="author"><string-name><surname>Ouyang</surname>, <given-names>M.</given-names></string-name></person-group> (<year>2014</year>), “<article-title>Review on modeling and simulation of interdependent critical infrastructure systems</article-title>”, <source>Reliability Engineering and System Safety</source>, Vol. <volume>121</volume>, pp. <fpage>43</fpage>-<lpage>60</lpage>.</mixed-citation></ref>
<ref id="ref033"><mixed-citation publication-type="journal"><person-group person-group-type="author"><string-name><surname>Park</surname>, <given-names>J.</given-names></string-name>, <string-name><surname>Seager</surname>, <given-names>T.P.</given-names></string-name>, <string-name><surname>Rao</surname>, <given-names>P.S.C.</given-names></string-name>, <string-name><surname>Convertino</surname>, <given-names>M.</given-names></string-name> and <string-name><surname>Linkov</surname>, <given-names>I.</given-names></string-name></person-group> (<year>2013</year>), “<article-title>Integrating risk and resilience approaches to catastrophe management in engineering systems</article-title>”, <source>Risk Analysis</source>, Vol. <volume>33</volume> No. <issue>3</issue>, pp. <fpage>356</fpage>-<lpage>367</lpage>.</mixed-citation></ref>
<ref id="ref034"><mixed-citation publication-type="book"><person-group person-group-type="author"><string-name><surname>Perrow</surname>, <given-names>C.</given-names></string-name></person-group> (<year>1984</year>), <source>Normal Accidents: Living with High Risk Technologies</source>, <publisher-name>Princeton University Press</publisher-name>, <publisher-loc>Princeton, NJ</publisher-loc>.</mixed-citation></ref>
<ref id="ref035"><mixed-citation publication-type="journal"><person-group person-group-type="author"><string-name><surname>Pettit</surname>, <given-names>T.J.</given-names></string-name>, <string-name><surname>Croxton</surname>, <given-names>K.L.</given-names></string-name> and <string-name><surname>Fiksel</surname>, <given-names>J.</given-names></string-name></person-group> (<year>2013</year>), “<article-title>Ensuring supply chain resilience: development and implementation of an assessment tool</article-title>”, <source>Journal of Business Logistics</source>, Vol. <volume>34</volume> No. <issue>1</issue>, pp. <fpage>46</fpage>-<lpage>76</lpage>.</mixed-citation></ref>
<ref id="ref036"><mixed-citation publication-type="journal"><person-group person-group-type="author"><string-name><surname>Pettit</surname>, <given-names>T.J.</given-names></string-name>, <string-name><surname>Croxton</surname>, <given-names>K.L.</given-names></string-name> and <string-name><surname>Fiksel</surname>, <given-names>J.</given-names></string-name></person-group> (<year>2019</year>), “<article-title>The Evolution of resilience in supply chain management: a retrospective on ensuring supply chain resilience</article-title>”, <source>Journal of Business Logistics</source>, Vol. <volume>40</volume> No. <issue>1</issue>, pp. <fpage>56</fpage>-<lpage>65</lpage>.</mixed-citation></ref>
<ref id="ref037"><mixed-citation publication-type="journal"><person-group person-group-type="author"><string-name><surname>Pintelon</surname>, <given-names>L.M.</given-names></string-name> and <string-name><surname>Gelders</surname>, <given-names>L.F.</given-names></string-name></person-group> (<year>1992</year>), “<article-title>Maintenance management decision making</article-title>”, <source>European Journal of Operational Research</source>, Vol. <volume>58</volume> No. <issue>3</issue>, pp. <fpage>1</fpage>-<lpage>317</lpage>.</mixed-citation></ref>
<ref id="ref038"><mixed-citation publication-type="journal"><person-group person-group-type="author"><string-name><surname>Poberschnigg</surname>, <given-names>T. D S.</given-names></string-name>, <string-name><surname>Pimenta</surname>, <given-names>M.L.</given-names></string-name> and <string-name><surname>Hilletofth</surname>, <given-names>P.</given-names></string-name></person-group> (<year>2020</year>), “<article-title>How can cross-functional integration support the development of resilience capabilities? The case of collaboration in the automotive industry</article-title>”, <source>Supply Chain Management: An International Journal</source>, Vol. <volume>25</volume> No. <issue>6</issue>, pp. <fpage>789</fpage>-<lpage>801</lpage>.</mixed-citation></ref>
<ref id="ref039"><mixed-citation publication-type="journal"><person-group person-group-type="author"><string-name><surname>Ponomarov</surname>, <given-names>S.Y.</given-names></string-name> and <string-name><surname>Holcomb</surname>, <given-names>M.C.</given-names></string-name></person-group> (<year>2009</year>), “<article-title>Understanding the concept of supply chain resilience</article-title>”, <source>The International Journal of Logistics Management</source>, Vol. <volume>20</volume> No. <issue>1</issue>, pp. <fpage>124</fpage>-<lpage>143</lpage>.</mixed-citation></ref>
<ref id="ref040"><mixed-citation publication-type="journal"><person-group person-group-type="author"><string-name><surname>Reuter</surname>, <given-names>C.</given-names></string-name>, <string-name><surname>Foerstl</surname>, <given-names>K.</given-names></string-name>, <string-name><surname>Hartmann</surname>, <given-names>E.</given-names></string-name> and <string-name><surname>Blome</surname>, <given-names>C.</given-names></string-name></person-group> (<year>2010</year>), “<article-title>Sustainable global supplier management: the role of dynamic capabilities in achieving competitive advantage</article-title>”, <source>Journal of Supply Chain Management</source>, Vol. <volume>46</volume> No. <issue>2</issue>, pp. <fpage>45</fpage>-<lpage>63</lpage>.</mixed-citation></ref>
<ref id="ref041"><mixed-citation publication-type="journal"><person-group person-group-type="author"><string-name><surname>Saleh</surname>, <given-names>J.H.</given-names></string-name> and <string-name><surname>Marais</surname>, <given-names>K.</given-names></string-name></person-group> (<year>2006</year>), “<article-title>Reliability: how much is it worth? Beyond its estimation or prediction, the (net) present value of reliability</article-title>”, <source>Reliability Engineering &amp; System Safety</source>, Vol. <volume>91</volume> No. <issue>6</issue>, pp. <fpage>665</fpage>-<lpage>673</lpage>.</mixed-citation></ref>
<ref id="ref042"><mixed-citation publication-type="journal"><person-group person-group-type="author"><string-name><surname>Sawyerr</surname>, <given-names>E.</given-names></string-name> and <string-name><surname>Harrison</surname>, <given-names>C.</given-names></string-name></person-group> (<year>2019</year>), “<article-title>Developing resilient supply chains: lessons from high-reliability organisations</article-title>”, <source>Supply Chain Management: An International Journal</source>, Vol. <volume>25</volume> No. <issue>1</issue>, pp. <fpage>77</fpage>-<lpage>100</lpage>.</mixed-citation></ref>
<ref id="ref043"><mixed-citation publication-type="journal"><person-group person-group-type="author"><string-name><surname>Scholten</surname>, <given-names>K.</given-names></string-name> and <string-name><surname>Schilder</surname>, <given-names>S.</given-names></string-name></person-group> (<year>2015</year>), “<article-title>The role of collaboration in supply chain resilience</article-title>”, <source>Supply Chain Management: An International Journal</source>, Vol. <volume>20</volume> No. <issue>4</issue>, pp. <fpage>471</fpage>-<lpage>484</lpage>.</mixed-citation></ref>
<ref id="ref044"><mixed-citation publication-type="journal"><person-group person-group-type="author"><string-name><surname>Scholten</surname>, <given-names>K.</given-names></string-name>, <string-name><surname>Sharkey Scott</surname>, <given-names>P.</given-names></string-name> and <string-name><surname>Fynes</surname>, <given-names>B.</given-names></string-name></person-group> (<year>2019</year>), “<article-title>Building routines for non-routine events: supply chain resilience learning mechanisms and their antecedents</article-title>”, <source>Supply Chain Management: An International Journal</source>, Vol. <volume>24</volume> No. <issue>3</issue>, pp. <fpage>430</fpage>-<lpage>442</lpage>.</mixed-citation></ref>
<ref id="ref045"><mixed-citation publication-type="journal"><person-group person-group-type="author"><string-name><surname>Scholten</surname>, <given-names>K.</given-names></string-name>, <string-name><surname>Stevenson</surname>, <given-names>M.</given-names></string-name> and <string-name><surname>van Donk</surname>, <given-names>D.P.</given-names></string-name></person-group> (<year>2020</year>), “<article-title>Dealing with the unpredictable: supply chain resilience</article-title>”, <source>International Journal of Operations &amp; Production Management</source>, Vol. <volume>40</volume> No. <issue>1</issue>, pp. <fpage>1</fpage>-<lpage>10</lpage>.</mixed-citation></ref>
<ref id="ref046"><mixed-citation publication-type="journal"><person-group person-group-type="author"><string-name><surname>Schulman</surname>, <given-names>P.R.</given-names></string-name> and <string-name><surname>Roe</surname>, <given-names>E.</given-names></string-name></person-group> (<year>2007</year>), “<article-title>Designing Infrastructures: dilemmas of design and the reliability of critical infrastructures</article-title>”, <source>Journal of Contingencies and Crisis Management</source>, Vol. <volume>15</volume> No. <issue>1</issue>, pp. <fpage>42</fpage>-<lpage>49</lpage>.</mixed-citation></ref>
<ref id="ref047"><mixed-citation publication-type="journal"><person-group person-group-type="author"><string-name><surname>Schulman</surname>, <given-names>P.</given-names></string-name>, <string-name><surname>Roe</surname>, <given-names>E.</given-names></string-name>, <string-name><surname>van Eeten</surname>, <given-names>M.</given-names></string-name> and <string-name><surname>de Bruijne</surname>, <given-names>M.</given-names></string-name></person-group> (<year>2004</year>), “<article-title>High reliability and the management of critical infrastructures</article-title>”, <source>Journal of Contingencies and Crisis Management</source>, Vol. <volume>12</volume> No. <issue>1</issue>, pp. <fpage>14</fpage>-<lpage>28</lpage>.</mixed-citation></ref>
<ref id="ref048"><mixed-citation publication-type="journal"><person-group person-group-type="author"><string-name><surname>Shrivastava</surname>, <given-names>S.</given-names></string-name>, <string-name><surname>Sonpar</surname>, <given-names>K.</given-names></string-name> and <string-name><surname>Pazzaglia</surname>, <given-names>F.</given-names></string-name></person-group> (<year>2009</year>), “<article-title>Normal Accident theory versus high reliability theory: a resolution and call for an open systems view of accidents</article-title>”, <source>Human Relations</source>, Vol. <volume>62</volume> No. <issue>9</issue>, pp. <fpage>1357</fpage>-<lpage>1390</lpage>.</mixed-citation></ref>
<ref id="ref049"><mixed-citation publication-type="journal"><person-group person-group-type="author"><string-name><surname>Simões</surname>, <given-names>J.M.</given-names></string-name>, <string-name><surname>Gomes</surname>, <given-names>C.F.</given-names></string-name> and <string-name><surname>Yasin</surname>, <given-names>M.M.</given-names></string-name></person-group> (<year>2011</year>), “<article-title>A literature review of maintenance performance measurement: a conceptual framework and directions for future research</article-title>”, <source>Journal of Quality in Maintenance Engineering</source>, Vol. <volume>17</volume> No. <issue>2</issue>, pp. <fpage>116</fpage>-<lpage>137</lpage>.</mixed-citation></ref>
<ref id="ref050"><mixed-citation publication-type="journal"><person-group person-group-type="author"><string-name><surname>Skilton</surname>, <given-names>P.F.</given-names></string-name> and <string-name><surname>Robinson</surname>, <given-names>J.L.</given-names></string-name></person-group> (<year>2009</year>), “<article-title>Traceability and normal accident theory: how does supply network complexity influence the traceability of adverse events</article-title>”, <source>Journal of Supply Chain Management</source>, Vol. <volume>45</volume> No. <issue>3</issue>, pp. <fpage>40</fpage>-<lpage>53</lpage>.</mixed-citation></ref>
<ref id="ref051"><mixed-citation publication-type="journal"><person-group person-group-type="author"><string-name><surname>Tsang</surname>, <given-names>A.C.</given-names></string-name></person-group> (<year>2002</year>), “<article-title>Strategic dimensions of maintenance management</article-title>”, <source>Journal of Quality in Maintenance Engineering</source>, Vol. <volume>8</volume> No. <issue>1</issue>, pp. <fpage>7</fpage>-<lpage>39</lpage>.</mixed-citation></ref>
<ref id="ref052"><mixed-citation publication-type="journal"><person-group person-group-type="author"><string-name><surname>Tukamuhabwa</surname>, <given-names>B.R.</given-names></string-name>, <string-name><surname>Stevenson</surname>, <given-names>M.</given-names></string-name>, <string-name><surname>Busby</surname>, <given-names>J.</given-names></string-name> and <string-name><surname>Zorzini</surname>, <given-names>M.</given-names></string-name></person-group> (<year>2015</year>), “<article-title>Supply chain resilience: definition, review and theoretical foundations for further study</article-title>”, <source>International Journal of Production Research</source>, Vol. <volume>53</volume> No. <issue>18</issue>, pp. <fpage>5592</fpage>-<lpage>5623</lpage>.</mixed-citation></ref>
<ref id="ref053"><mixed-citation publication-type="journal"><person-group person-group-type="author"><string-name><surname>Van den Adel</surname>, <given-names>M.J.</given-names></string-name>, <string-name><surname>de Vries</surname>, <given-names>T.A.</given-names></string-name> and <string-name><surname>Van Donk</surname>, <given-names>D.P.</given-names></string-name></person-group> (<year>2022</year>), “<article-title>Resilience in interorganizational networks: dealing with day-to-day disruptions in critical infrastructures</article-title>”, <source>Supply Chain Management: An International Journal</source>, Vol. <volume>27</volume> No. <issue>7</issue>, pp. <fpage>64</fpage>-<lpage>78</lpage>.</mixed-citation></ref>
<ref id="ref054"><mixed-citation publication-type="journal"><person-group person-group-type="author"><string-name><surname>Welch</surname>, <given-names>C.</given-names></string-name>, <string-name><surname>Piekkari</surname>, <given-names>R.</given-names></string-name>, <string-name><surname>Plakoyiannaki</surname>, <given-names>E.</given-names></string-name> and <string-name><surname>Paavilainen-Mäntymäki</surname>, <given-names>E.</given-names></string-name></person-group> (<year>2011</year>), “<article-title>Theorising from case studies: towards a pluralist future for international business research</article-title>”, <source>Journal of International Business Studies</source>, Vol. <volume>42</volume> No. <issue>5</issue>, pp. <fpage>740</fpage>-<lpage>762</lpage>.</mixed-citation></ref>
<ref id="ref055"><mixed-citation publication-type="journal"><person-group person-group-type="author"><string-name><surname>Wieland</surname>, <given-names>A.</given-names></string-name> and <string-name><surname>Durach</surname>, <given-names>C.F.</given-names></string-name></person-group> (<year>2021</year>), “<article-title>Two perspectives on supply chain resilience</article-title>”, <source>Journal of Business Logistics</source>, Vol. <volume>42</volume> No. <issue>3</issue>, pp. <fpage>315</fpage>-<lpage>322</lpage>.</mixed-citation></ref>
<ref id="ref056"><mixed-citation publication-type="journal"><person-group person-group-type="author"><string-name><surname>Wiengarten</surname>, <given-names>F.</given-names></string-name>, <string-name><surname>Fan</surname>, <given-names>D.</given-names></string-name>, <string-name><surname>Lo</surname>, <given-names>C.K.Y.</given-names></string-name> and <string-name><surname>Pagell</surname>, <given-names>M.</given-names></string-name></person-group> (<year>2017</year>), “<article-title>The differing impacts of operational and financial slack on occupational safety in varying market conditions</article-title>”, <source>Journal of Operations Management</source>, Vol. <volume>52</volume> No. <issue>1</issue>, pp. <fpage>30</fpage>-<lpage>45</lpage>.</mixed-citation></ref>
<ref id="ref057"><mixed-citation publication-type="journal"><person-group person-group-type="author"><string-name><surname>Wiengarten</surname>, <given-names>F.</given-names></string-name> and <string-name><surname>Longoni</surname>, <given-names>A.</given-names></string-name></person-group> (<year>2018</year>), “<article-title>How does uncertainty affect workplace accidents? Exploring the role of information sharing in manufacturing networks</article-title>”, <source>International Journal of Operations &amp; Production Management</source>, Vol. <volume>38</volume> No. <issue>1</issue>, pp. <fpage>295</fpage>-<lpage>310</lpage>.</mixed-citation></ref>
<ref id="ref058"><mixed-citation publication-type="book"><person-group person-group-type="author"><string-name><surname>Yin</surname>, <given-names>R.K.</given-names></string-name></person-group> (<year>2009</year>), <source>Case Study Research: Design and Methods</source>, <publisher-name>Sage Publications</publisher-name>, <publisher-loc>London</publisher-loc>.</mixed-citation></ref>
<ref id="ref059"><mixed-citation publication-type="journal"><person-group person-group-type="author"><string-name><surname>Yu</surname>, <given-names>D.J.</given-names></string-name>, <string-name><surname>Schoon</surname>, <given-names>M.L.</given-names></string-name>, <string-name><surname>Hawes</surname>, <given-names>J.K.</given-names></string-name>, <string-name><surname>Lee</surname>, <given-names>S.</given-names></string-name>, <string-name><surname>Park</surname>, <given-names>J.</given-names></string-name>, <string-name><surname>Rao</surname>, <given-names>P.S.C.</given-names></string-name>, <string-name><surname>Siebeneck</surname>, <given-names>L.K.</given-names></string-name> and <string-name><surname>Ukkusuri</surname>, <given-names>S.V.</given-names></string-name></person-group> (<year>2020</year>), “<article-title>Toward General principles for resilience engineering</article-title>”, <source>Risk Analysis</source>, Vol. <volume>40</volume> No. <issue>8</issue>, pp. <fpage>1509</fpage>-<lpage>1537</lpage>.</mixed-citation></ref></ref-list></back>
</article>