<?xml version="1.0" encoding="UTF-8"?>
<!DOCTYPE article PUBLIC "-//NLM//DTD JATS (Z39.96) Journal Archiving and Interchange DTD with MathML3 v1.1d1 20130915//EN" "JATS-archivearticle1-mathml3.dtd"><article xmlns:mml="http://www.w3.org/1998/Math/MathML" xmlns:xlink="http://www.w3.org/1999/xlink" xmlns:xsi="http://www.w3.org/2001/XMLSchema-instance" dtd-version="1.1d1" xml:lang="en" article-type="research-article">
<front id="meta-hdr">
<journal-meta>
<journal-id journal-id-type="publisher-id">RIA</journal-id>
<journal-id journal-id-type="doi">10.1108/RIA</journal-id>
<journal-title-group>
<journal-title>Robotic Intelligence and Automation</journal-title>
<abbrev-journal-title abbrev-type="publisher">RIA</abbrev-journal-title>
</journal-title-group>
<issn publication-format="print">2754-6969</issn>
<issn publication-format="online">2754-6977</issn>
<issn-l/>
<publisher>
<publisher-name>Emerald Publishing Limited</publisher-name>
</publisher>
</journal-meta>
<article-meta id="art-meta">
<article-id pub-id-type="publisher-id">719132</article-id>
<article-id pub-id-type="doi">10.1108/RIA-12-2023-0177</article-id>
<article-id pub-id-type="original-pdf">RIA-12-2023-0177.pdf</article-id>
<article-id pub-id-type="filename">RIA-12-2023-0177</article-id>
<article-categories>
<subj-group subj-group-type="type-of-publication">
<compound-subject>
<compound-subject-part content-type="code">research-article</compound-subject-part>
<compound-subject-part content-type="label">Research paper</compound-subject-part>
</compound-subject>
</subj-group>
<subj-group subj-group-type="subject">
<compound-subject>
<compound-subject-part content-type="code">cat-ENGG</compound-subject-part>
<compound-subject-part content-type="label">Engineering</compound-subject-part>
</compound-subject>
<subj-group subj-group-type="subject">
<compound-subject>
<compound-subject-part content-type="code"/>
<compound-subject-part content-type="label">Industrial engineering</compound-subject-part>
</compound-subject>
<subj-group subj-group-type="subject">
<compound-subject>
<compound-subject-part content-type="code"/>
<compound-subject-part content-type="label">design &amp; manufacturing</compound-subject-part>
</compound-subject>
<subj-group subj-group-type="subject">
<compound-subject>
<compound-subject-part content-type="code">cat-ENGG</compound-subject-part>
<compound-subject-part content-type="label">Engineering</compound-subject-part>
</compound-subject>
<subj-group subj-group-type="subject">
<compound-subject>
<compound-subject-part content-type="code">cat-MEG</compound-subject-part>
<compound-subject-part content-type="label">Mechanical engineering</compound-subject-part>
</compound-subject>
</subj-group>
</subj-group>
</subj-group>
</subj-group>
</subj-group>
</article-categories>
<title-group>
<article-title xml:lang="en">Non-rigid point set registration based on Gaussian mixture model with integrated feature divergence</article-title>
</title-group>
<contrib-group>
<contrib contrib-type="author">
<name-alternatives>
<name name-style="western"><surname>Tang</surname><given-names>Chuyu</given-names></name>
<string-name name-style="western"><given-names>Chuyu</given-names> <surname>Tang</surname>
</string-name>
</name-alternatives>
<email>1491654967@qq.com</email>
<xref ref-type="aff" rid="aff1"/>
</contrib>
<contrib corresp="yes" contrib-type="author">
<name-alternatives>
<name name-style="western"><surname>Wang</surname><given-names>Hao</given-names></name>
<string-name name-style="western"><given-names>Hao</given-names> <surname>Wang</surname>
</string-name>
</name-alternatives>
<email>wanghao@sjtu.edu.cn</email>
<xref ref-type="aff" rid="aff1"/>
</contrib>
<contrib contrib-type="author">
<name-alternatives>
<name name-style="western"><surname>Chen</surname><given-names>Genliang</given-names></name>
<string-name name-style="western"><given-names>Genliang</given-names> <surname>Chen</surname>
</string-name>
</name-alternatives>
<email>leungchan@sjtu.edu.cn</email>
<xref ref-type="aff" rid="aff1"/>
</contrib>
<contrib contrib-type="author">
<name-alternatives>
<name name-style="western"><surname>Xu</surname><given-names>Shaoqiu</given-names></name>
<string-name name-style="western"><given-names>Shaoqiu</given-names> <surname>Xu</surname>
</string-name>
</name-alternatives>
<email>15316003230@163.com</email>
<xref ref-type="aff" rid="aff1"/>
</contrib>
<aff id="aff1">Shanghai Key Laboratory of Digital Manufacture for Thin-Walled Structures, <institution-wrap><institution>Shanghai Jiao Tong University</institution></institution-wrap>, Shanghai, <country country="CN">China</country></aff>
</contrib-group>
<author-notes>
<corresp id="cor1">Hao Wang can be contacted at: <ext-link ext-link-type="email" xlink:href="mailto:wanghao@sjtu.edu.cn">wanghao@sjtu.edu.cn</ext-link></corresp></author-notes>
<pub-date publication-format="electronic" date-type="pub" iso-8601-date="2024-04-04"><day>04</day><month>04</month><year>2024</year></pub-date>
<pub-date publication-format="print" date-type="pub" iso-8601-date="2024-05-06"><day>06</day><month>05</month><year>2024</year></pub-date>
<volume>44</volume><issue>2</issue>
<fpage>287</fpage><lpage>305</lpage>
<history>
<date date-type="received" iso-8601-date="2023-03-01"><day>01</day><month>03</month><year>2023</year></date>
<date date-type="revised" iso-8601-date="2024-01-13"><day>13</day> <month>01</month> <year>2024</year> </date>
<date date-type="revised" iso-8601-date="2024-01-31"><day>31</day> <month>01</month> <year>2024</year> </date>
<date date-type="accepted" iso-8601-date="2024-02-02"><day>02</day><month>02</month><year>2024</year></date>
</history>
<permissions>
<copyright-statement>© Emerald Publishing Limited</copyright-statement>
<copyright-year>2024</copyright-year>
<copyright-holder>Emerald Publishing Limited</copyright-holder>
<license license-type="publisher">
<license-p>Licensed re-use rights only</license-p>
</license>
</permissions>
<self-uri content-type="pdf" xlink:href="RIA-12-2023-0177.pdf"/>
<abstract abstract-type="structured" id="abstr1" xml:lang="en">
<sec>
<title content-type="abstract-subheading">Purpose</title>
<p>This paper aims to propose a robust method for non-rigid point set registration, using the Gaussian mixture model and accommodating non-rigid transformations. The posterior probabilities of the mixture model are determined through the proposed integrated feature divergence.</p>
</sec>
<sec>
<title content-type="abstract-subheading">Design/methodology/approach</title>
<p>The method involves an alternating two-step framework, comprising correspondence estimation and subsequent transformation updating. For correspondence estimation, integrated feature divergences including both global and local features, are coupled with deterministic annealing to address the non-convexity problem of registration. For transformation updating, the expectation-maximization iteration scheme is introduced to iteratively refine correspondence and transformation estimation until convergence.</p>
</sec>
<sec>
<title content-type="abstract-subheading">Findings</title>
<p>The experiments confirm that the proposed registration approach exhibits remarkable robustness on deformation, noise, outliers and occlusion for both 2D and 3D point clouds. Furthermore, the proposed method outperforms existing analogous algorithms in terms of time complexity. Application of stabilizing and securing intermodal containers loaded on ships is performed. The results demonstrate that the proposed registration framework exhibits excellent adaptability for real-scan point clouds, and achieves comparatively superior alignments in a shorter time.</p>
</sec>
<sec>
<title content-type="abstract-subheading">Originality/value</title>
<p>The integrated feature divergence, involving both global and local information of points, is proven to be an effective indicator for measuring the reliability of point correspondences. This inclusion prevents premature convergence, resulting in more robust registration results for our proposed method. Simultaneously, the total operating time is reduced due to a lower number of iterations.</p>
</sec>
</abstract>
<kwd-group kwd-group-type="author-generated" xml:lang="en"><kwd>Point set registration</kwd><x xml:space="preserve">, </x><kwd>Non-rigid alignment</kwd><x xml:space="preserve">, </x><kwd>Gaussian mixture model</kwd><x xml:space="preserve">, </x><kwd>Expectation-maximization</kwd><x xml:space="preserve">, </x><kwd>Container lashing</kwd>
</kwd-group>
<counts>
<fig-count count="23"/>
<table-count count="2"/>
<equation-count count="28"/>
<ref-count count="53"/>
<page-count count="19"/>
<word-count count="11008"/>
</counts>
<custom-meta-group>
<custom-meta>          <meta-name>copyright-code</meta-name>          <meta-value>M</meta-value>        </custom-meta>        <custom-meta>          <meta-name>deliverables</meta-name>          <meta-value>Web-ready article package</meta-value>        </custom-meta>        <custom-meta>          <meta-name>peer-reviewed</meta-name>          <meta-value>Yes</meta-value>        </custom-meta>        <custom-meta>          <meta-name>academic-content</meta-name>          <meta-value>Yes</meta-value>        </custom-meta>        <custom-meta>          <meta-name>EContentType</meta-name>          <meta-value>JOURNAL</meta-value>        </custom-meta>        <custom-meta>          <meta-name>rightslink</meta-name>          <meta-value>included</meta-value>        </custom-meta>
</custom-meta-group>
</article-meta>
</front>

<back>
<ref-list id="refs1">
<title>References</title>
<ref id="ref001"><mixed-citation publication-type="journal"><person-group person-group-type="author"><string-name><surname>Aldoma</surname>, <given-names>A.</given-names></string-name>, <string-name><surname>Tombari</surname>, <given-names>F.</given-names></string-name>, <string-name><surname>Di Stefano</surname>, <given-names>L.</given-names></string-name> and <string-name><surname>Vincze</surname>, <given-names>M.</given-names></string-name></person-group> (<year>2015</year>), “<article-title>A global hypothesis verification framework for 3D object recognition in clutter</article-title>”, <source>IEEE Transactions on Pattern Analysis and Machine Intelligence</source>, Vol. <volume>38</volume> No. <issue>7</issue>, pp. <fpage>1383</fpage>-<lpage>1396</lpage>.</mixed-citation></ref>
<ref id="ref002"><mixed-citation publication-type="confproc"><person-group person-group-type="author"><string-name><surname>Amberg</surname>, <given-names>B.</given-names></string-name>, <string-name><surname>Romdhani</surname>, <given-names>S.</given-names></string-name> and <string-name><surname>Vetter</surname>, <given-names>T.</given-names></string-name></person-group> (<year>2007</year>), “<article-title>Optimal step nonrigid ICP algorithms for surface registration</article-title>”, <source>2007 IEEE conference on computer vision and pattern recognition</source>, <publisher-name>IEEE</publisher-name>, pp. <fpage>1</fpage>-<lpage>8</lpage>.</mixed-citation></ref>
<ref id="ref003"><mixed-citation publication-type="journal"><person-group person-group-type="author"><string-name><surname>Baka</surname>, <given-names>N.</given-names></string-name>, <string-name><surname>Metz</surname>, <given-names>C.T.</given-names></string-name>, <string-name><surname>Schultz</surname>, <given-names>C.J.</given-names></string-name>, <string-name><surname>van Geuns</surname>, <given-names>R.</given-names></string-name>, <string-name><surname>Niessen</surname>, <given-names>W.J.</given-names></string-name> and <string-name><surname>van Walsum</surname>, <given-names>T.</given-names></string-name></person-group> (<year>2014</year>), “<article-title>Oriented Gaussian mixture models for nonrigid 2d/3d coronary artery registration</article-title>”, <source>IEEE Transactions on Medical Imaging</source>, Vol. <volume>33</volume> No. <issue>5</issue>, pp. <fpage>1023</fpage>-<lpage>1034</lpage>.</mixed-citation></ref>
<ref id="ref004"><mixed-citation publication-type="journal"><person-group person-group-type="author"><string-name><surname>Belongie</surname>, <given-names>S.</given-names></string-name>, <string-name><surname>Malik</surname>, <given-names>J.</given-names></string-name> and <string-name><surname>Puzicha</surname>, <given-names>J.</given-names></string-name></person-group> (<year>2002</year>), “<article-title>Shape matching and object recognition using shape contexts</article-title>”, <source>IEEE Transactions on Pattern Analysis and Machine Intelligence</source>, Vol. <volume>24</volume> No. <issue>4</issue>, pp. <fpage>509</fpage>-<lpage>522</lpage>.</mixed-citation></ref>
<ref id="ref005"><mixed-citation publication-type="journal"><person-group person-group-type="author"><string-name><surname>Besl</surname>, <given-names>P.J.</given-names></string-name> and <string-name><surname>McKay</surname>, <given-names>N.D.</given-names></string-name></person-group> (<year>1992</year>), “<article-title>A method for registration of 3-D shapes</article-title>”, <source>IEEE Transactions on Pattern Analysis and Machine Intelligence</source>, Vol. <volume>14</volume> No. <issue>2</issue>, pp. <fpage>239</fpage>-<lpage>256</lpage>.</mixed-citation></ref>
<ref id="ref006"><mixed-citation publication-type="journal"><person-group person-group-type="author"><string-name><surname>Bookstein</surname>, <given-names>F.L.</given-names></string-name></person-group> (<year>1989</year>), “<article-title>Principal warps: thin-plate splines and the decomposition of deformations</article-title>”, <source>IEEE Transactions on Pattern Analysis and Machine Intelligence</source>, Vol. <volume>11</volume> No. <issue>6</issue>, pp. <fpage>567</fpage>-<lpage>585</lpage>.</mixed-citation></ref>
<ref id="ref007"><mixed-citation publication-type="confproc"><person-group person-group-type="author"><string-name><surname>Cai</surname>, <given-names>C.</given-names></string-name> and <string-name><surname>Zhu</surname>, <given-names>H.</given-names></string-name></person-group> (<year>2020</year>), “<article-title>Robust non-rigid point set registration based on global and local mixture structural feature</article-title>”, <source>2020 Chinese Automation Congress (CAC)</source>, pp. <fpage>2452</fpage>-<lpage>2457</lpage>.</mixed-citation></ref>
<ref id="ref008"><mixed-citation publication-type="journal"><person-group person-group-type="author"><string-name><surname>Cao</surname>, <given-names>H.</given-names></string-name>, <string-name><surname>Wang</surname>, <given-names>H.</given-names></string-name>, <string-name><surname>Zhang</surname>, <given-names>N.</given-names></string-name>, <string-name><surname>Yang</surname>, <given-names>Y.</given-names></string-name> and <string-name><surname>Zhou</surname>, <given-names>Z.</given-names></string-name></person-group> (<year>2022</year>), “<article-title>Robust probability model based on Variational Bayes for point set registration</article-title>”, <source>Knowledge-Based Systems</source>, Vol. <volume>241</volume>, p. <fpage>108182</fpage>.</mixed-citation></ref>
<ref id="ref009"><mixed-citation publication-type="journal"><person-group person-group-type="author"><string-name><surname>Chang</surname>, <given-names>S.</given-names></string-name>, <string-name><surname>Ahn</surname>, <given-names>C.</given-names></string-name>, <string-name><surname>Lee</surname>, <given-names>M.</given-names></string-name> and <string-name><surname>Oh</surname>, <given-names>S.</given-names></string-name></person-group> (<year>2020</year>), “<article-title>Graph-matching-based correspondence search for nonrigid point cloud registration</article-title>”, <source>Computer Vision and Image Understanding</source>, Vol. <volume>192</volume>, p. <fpage>102899</fpage>.</mixed-citation></ref>
<ref id="ref010"><mixed-citation publication-type="journal"><person-group person-group-type="author"><string-name><surname>Chen</surname>, <given-names>Q.Y.</given-names></string-name>, <string-name><surname>Feng</surname>, <given-names>D.Z.</given-names></string-name> and <string-name><surname>Hu</surname>, <given-names>H.S.</given-names></string-name></person-group> (<year>2023</year>), “<article-title>A robust non-rigid point set registration algorithm using both local and global constraints</article-title>”, <source>The Visual Computer</source>, Vol. <volume>39</volume> No. <issue>3</issue>, pp. <fpage>1217</fpage>-<lpage>1234</lpage>.</mixed-citation></ref>
<ref id="ref011"><mixed-citation publication-type="journal"><person-group person-group-type="author"><string-name><surname>Chen</surname>, <given-names>J.</given-names></string-name>, <string-name><surname>Ma</surname>, <given-names>J.</given-names></string-name>, <string-name><surname>Yang</surname>, <given-names>C.</given-names></string-name>, <string-name><surname>Ma</surname>, <given-names>L.</given-names></string-name> and <string-name><surname>Zheng</surname>, <given-names>S.</given-names></string-name></person-group> (<year>2015</year>), “<article-title>Non-rigid point set registration via coherent spatial mapping</article-title>”, <source>Signal Processing</source>, Vol. <volume>106</volume>, pp. <fpage>62</fpage>-<lpage>72</lpage>.</mixed-citation></ref>
<ref id="ref012"><mixed-citation publication-type="confproc"><person-group person-group-type="author"><string-name><surname>Chui</surname>, <given-names>H.</given-names></string-name> and <string-name><surname>Rangarajan</surname>, <given-names>A.</given-names></string-name></person-group> (<year>2000</year>), “<article-title>A feature registration framework using mixture models</article-title>”, <conf-name><italic>Proceedings IEEE Workshop on Mathematical Methods in Biomedical Image Analysis</italic></conf-name>, <comment>MMBIA-2000</comment>, <publisher-name>IEEE</publisher-name>, pp. <fpage>190</fpage>-<lpage>197</lpage>.</mixed-citation></ref>
<ref id="ref013"><mixed-citation publication-type="journal"><person-group person-group-type="author"><string-name><surname>Chui</surname>, <given-names>H.</given-names></string-name> and <string-name><surname>Rangarajan</surname>, <given-names>A.</given-names></string-name></person-group> (<year>2003</year>), “<article-title>A new point matching algorithm for non-rigid registration</article-title>”, <source>Computer Vision and Image Understanding</source>, Vol. <volume>89</volume> Nos <issue>2/3</issue>, pp. <fpage>114</fpage>-<lpage>141</lpage>.</mixed-citation></ref>
<ref id="ref014"><mixed-citation publication-type="book"><person-group person-group-type="author"><string-name><surname>Chui</surname>, <given-names>H.</given-names></string-name>, <string-name><surname>Rambo</surname>, <given-names>J.</given-names></string-name>, <string-name><surname>Duncan</surname>, <given-names>J.</given-names></string-name>, <string-name><surname>Schultz</surname>, <given-names>R.</given-names></string-name> and <string-name><surname>Rangarajan</surname>, <given-names>A.</given-names></string-name></person-group> (<year>1999</year>), “<article-title>Registration of cortical anatomical structures via robust 3D point matching</article-title>”, <source>Biennial International Conference on Information Processing in Medical Imaging</source>, <publisher-name>Springer</publisher-name>, <publisher-loc>Berlin, Heidelberg</publisher-loc>, pp. <fpage>168</fpage>-<lpage>181</lpage>.</mixed-citation></ref>
<ref id="ref015"><mixed-citation publication-type="journal"><person-group person-group-type="author"><string-name><surname>Dempster</surname>, <given-names>A.P.</given-names></string-name>, <string-name><surname>Laird</surname>, <given-names>N.M.</given-names></string-name> and <string-name><surname>Rubin</surname>, <given-names>D.B.</given-names></string-name></person-group> (<year>1977</year>), “<article-title>Maximum likelihood from incomplete data via the EM algorithm</article-title>”, <source>Journal of the Royal Statistical Society: Series B (Methodological)</source>, Vol. <volume>39</volume> No. <issue>1</issue>, pp. <fpage>1</fpage>-<lpage>38</lpage>.</mixed-citation></ref>
<ref id="ref016"><mixed-citation publication-type="confproc"><person-group person-group-type="author"><string-name><surname>Drost</surname>, <given-names>B.</given-names></string-name>, <string-name><surname>Ulrich</surname>, <given-names>M.</given-names></string-name>, <string-name><surname>Navab</surname>, <given-names>N.</given-names></string-name> and <string-name><surname>Ilic</surname>, <given-names>S.</given-names></string-name></person-group> (<year>2010</year>), “<article-title>Model globally, match locally: efficient and robust 3D object recognition</article-title>”, <source>2010 IEEE computer society conference on computer vision and pattern recognition</source>, <conf-loc>San Francisco, CA, USA</conf-loc>, <conf-date>13-18 June 2010</conf-date>, pp. <fpage>998</fpage>-<lpage>1005</lpage>.</mixed-citation></ref>
<ref id="ref01700"><mixed-citation publication-type="journal"><person-group person-group-type="author"><string-name><surname>Frome</surname>, <given-names>A.</given-names></string-name>, <string-name><surname>Huber</surname>, <given-names>D.</given-names></string-name>, <string-name><surname>Kolluri</surname>, <given-names>R.</given-names></string-name>, <string-name><surname>Bülow</surname>, <given-names>T.</given-names></string-name> and <string-name><surname>Malik</surname>, <given-names>J.</given-names></string-name></person-group> (<year>2004</year>), “<article-title>Recognizing objects in range data using regional point descriptors</article-title>”, <source>European Conference on Computer Vision</source>, <publisher-name>Springer</publisher-name>, <publisher-loc>Berlin, Heidelberg</publisher-loc>, pp. <fpage>224</fpage>-<lpage>237</lpage>.</mixed-citation></ref>
<ref id="ref017"><mixed-citation publication-type="journal"><person-group person-group-type="author"><string-name><surname>Guo</surname>, <given-names>M.</given-names></string-name>, <string-name><surname>Sun</surname>, <given-names>M.</given-names></string-name>, <string-name><surname>Pan</surname>, <given-names>D.</given-names></string-name>, <string-name><surname>Huang</surname>, <given-names>M.</given-names></string-name>, <string-name><surname>Yan</surname>, <given-names>B.</given-names></string-name>, <string-name><surname>Zhou</surname>, <given-names>Y.</given-names></string-name> and <string-name><surname>Zhao</surname>, <given-names>Y.</given-names></string-name></person-group> (<year>2021</year>), “<article-title>High-precision detection method for large and complex steel structures based on global registration algorithm and automatic point cloud generation</article-title>”, <source>Measurement</source>, Vol. <volume>172</volume> No. <issue>108765</issue>, pp. <fpage>1</fpage>-<lpage>8</lpage>.</mixed-citation></ref>
<ref id="ref018"><mixed-citation publication-type="confproc"><person-group person-group-type="author"><string-name><surname>Hitchcox</surname>, <given-names>T.</given-names></string-name> and <string-name><surname>Forbes</surname>, <given-names>J.R.</given-names></string-name></person-group> (<year>2020</year>), “<article-title>A point cloud registration pipeline using Gaussian process regression for bathymetric slam</article-title>”, <conf-name><italic>2020 IEEE/RSJ International Conference on Intelligent Robots and Systems (IROS)</italic></conf-name>, pp. <fpage>4615</fpage>-<lpage>4622</lpage>.</mixed-citation></ref>
<ref id="ref019"><mixed-citation publication-type="journal"><person-group person-group-type="author"><string-name><surname>Jian</surname>, <given-names>B.</given-names></string-name> and <string-name><surname>Vemuri</surname>, <given-names>B.C.</given-names></string-name></person-group> (<year>2010</year>), “<article-title>Robust point set registration using Gaussian mixture models</article-title>”, <source>IEEE Transactions on Pattern Analysis and Machine Intelligence</source>, Vol. <volume>33</volume> No. <issue>8</issue>, pp. <fpage>1633</fpage>-<lpage>1645</lpage>.</mixed-citation></ref>
<ref id="ref020"><mixed-citation publication-type="journal"><person-group person-group-type="author"><string-name><surname>Johnson</surname>, <given-names>A.E.</given-names></string-name> and <string-name><surname>Hebert</surname>, <given-names>M.</given-names></string-name></person-group> (<year>1999</year>), “<article-title>Using spin images for efficient object recognition in cluttered 3D scenes</article-title>”, <source>IEEE Transactions on Pattern Analysis and Machine Intelligence</source>, Vol. <volume>21</volume> No. <issue>5</issue>, pp. <fpage>433</fpage>-<lpage>449</lpage>.</mixed-citation></ref>
<ref id="ref021"><mixed-citation publication-type="book"><person-group person-group-type="author"><collab>Jolliffe</collab></person-group> (<year>2002</year>), <source>Principal Component Analysis</source>, <edition>2nd ed.</edition> <publisher-name>Springer</publisher-name>, <publisher-loc>New York, NY</publisher-loc>.</mixed-citation></ref>
<ref id="ref022"><mixed-citation publication-type="journal"><person-group person-group-type="author"><string-name><surname>Jonker</surname>, <given-names>R.</given-names></string-name> and <string-name><surname>Volgenant</surname>, <given-names>A.</given-names></string-name></person-group> (<year>1987</year>), “<article-title>A shortest augmenting path algorithm for dense and sparse linear assignment problems</article-title>”, <source>Computing</source>, Vol. <volume>38</volume> No. <issue>4</issue>, pp. <fpage>325</fpage>-<lpage>340</lpage>.</mixed-citation></ref>
<ref id="ref023"><mixed-citation publication-type="journal"><person-group person-group-type="author"><string-name><surname>Ma</surname>, <given-names>J.</given-names></string-name>, <string-name><surname>Jiang</surname>, <given-names>J.</given-names></string-name>, <string-name><surname>Liu</surname>, <given-names>C.</given-names></string-name> and <string-name><surname>Li</surname>, <given-names>Y.</given-names></string-name></person-group> (<year>2017</year>), “<article-title>Feature guided Gaussian mixture model with semi-supervised EM and local geometric constraint for retinal image registration</article-title>”, <source>Information Sciences</source>, Vol. <volume>417</volume>, pp. <fpage>128</fpage>-<lpage>142</lpage>.</mixed-citation></ref>
<ref id="ref024"><mixed-citation publication-type="journal"><person-group person-group-type="author"><string-name><surname>Ma</surname>, <given-names>J.</given-names></string-name>, <string-name><surname>Qiu</surname>, <given-names>W.</given-names></string-name>, <string-name><surname>Zhao</surname>, <given-names>J.</given-names></string-name>, <string-name><surname>Ma</surname>, <given-names>Y.</given-names></string-name>, <string-name><surname>Yuille</surname>, <given-names>A.L.</given-names></string-name> and <string-name><surname>Tu</surname>, <given-names>Z.</given-names></string-name></person-group> (<year>2015</year>), “<article-title>Robust L2E estimation of transformation for non-rigid registration</article-title>”, <source>IEEE Transactions on Signal Processing</source>, Vol. <volume>63</volume> No. <issue>5</issue>, pp. <fpage>1115</fpage>-<lpage>1129</lpage>.</mixed-citation></ref>
<ref id="ref025"><mixed-citation publication-type="journal"><person-group person-group-type="author"><string-name><surname>Ma</surname>, <given-names>J.</given-names></string-name>, <string-name><surname>Wu</surname>, <given-names>J.</given-names></string-name>, <string-name><surname>Zhao</surname>, <given-names>J.</given-names></string-name>, <string-name><surname>Jiang</surname>, <given-names>J.</given-names></string-name>, <string-name><surname>Zhou</surname>, <given-names>H.</given-names></string-name> and <string-name><surname>Sheng</surname>, <given-names>Q.Z.</given-names></string-name></person-group> (<year>2018</year>), “<article-title>Non-rigid point set registration with robust transformation learning under manifold regularization</article-title>”, <source>IEEE Transactions on Neural Networks and Learning Systems</source>, Vol. <volume>30</volume> No. <issue>12</issue>, pp. <fpage>3584</fpage>-<lpage>3597</lpage>.</mixed-citation></ref>
<ref id="ref026"><mixed-citation publication-type="confproc"><person-group person-group-type="author"><string-name><surname>Maharjan</surname>, <given-names>A.</given-names></string-name> and <string-name><surname>Yuan</surname>, <given-names>X.</given-names></string-name></person-group> (<year>2022</year>), “<article-title>Registration of human point set using automatic key point detection and region-aware features</article-title>”, <conf-name><italic>Proceedings of the IEEE/CVF winter conference on applications of computer vision</italic></conf-name>, pp. <fpage>741</fpage>-<lpage>749</lpage>.</mixed-citation></ref>
<ref id="ref027"><mixed-citation publication-type="journal"><person-group person-group-type="author"><string-name><surname>Micchelli</surname>, <given-names>C.A.</given-names></string-name> and <string-name><surname>Pontil</surname>, <given-names>M.</given-names></string-name></person-group> (<year>2005</year>), “<article-title>On learning vector-valued functions</article-title>”, <source>Neural Computation</source>, Vol. <volume>17</volume> No. <issue>1</issue>, pp. <fpage>177</fpage>-<lpage>204</lpage>.</mixed-citation></ref>
<ref id="ref028"><mixed-citation publication-type="other"><person-group person-group-type="author"><string-name><surname>Myronenko</surname>, <given-names>A.</given-names></string-name> and <string-name><surname>Song</surname>, <given-names>X.</given-names></string-name></person-group> (<year>2009</year>), “<article-title>On the closed-form solution of the rotation matrix arising in computer vision problems</article-title>”, <comment><italic>arXiv preprint arXiv</italic>:0904.1613</comment>.</mixed-citation></ref>
<ref id="ref029"><mixed-citation publication-type="journal"><person-group person-group-type="author"><string-name><surname>Myronenko</surname>, <given-names>A.</given-names></string-name> and <string-name><surname>Song</surname>, <given-names>X.</given-names></string-name></person-group> (<year>2010a</year>), “<article-title>Point set registration: coherent point drift</article-title>”, <source>IEEE Transactions on Pattern Analysis and Machine Intelligence</source>, Vol. <volume>32</volume> No. <issue>12</issue>, pp. <fpage>2262</fpage>-<lpage>2275</lpage>.</mixed-citation></ref>
<ref id="ref030"><mixed-citation publication-type="web"><person-group person-group-type="author"><string-name><surname>Myronenko</surname>, <given-names>A.</given-names></string-name> and <string-name><surname>Song</surname>, <given-names>X.</given-names></string-name></person-group> (<year>2010b</year>), “<article-title>School of medicine, Oregon health and science university</article-title>”, <comment>available at: <ext-link ext-link-type="uri" xlink:href="http://www.csee.ogi.edu/myron/matlab/cpd/">www.csee.ogi.edu/myron/matlab/cpd/</ext-link></comment></mixed-citation></ref>
<ref id="ref031"><mixed-citation publication-type="confproc"><person-group person-group-type="author"><string-name><surname>Rangarajan</surname>, <given-names>A.</given-names></string-name>, <string-name><surname>Chui</surname>, <given-names>H.</given-names></string-name> and <string-name><surname>Bookstein</surname>, <given-names>F.L.</given-names></string-name></person-group> (<year>1997</year>), “<article-title>The soft assign procrustes matching algorithm</article-title>”, <source>Biennial International Conference on Information Processing in Medical Imaging</source>, <publisher-name>Springer</publisher-name>, <conf-loc>Berlin, Heidelberg</conf-loc>, pp. <fpage>29</fpage>-<lpage>42</lpage>.</mixed-citation></ref>
<ref id="ref032"><mixed-citation publication-type="journal"><person-group person-group-type="author"><string-name><surname>Rouhani</surname>, <given-names>M.</given-names></string-name>, <string-name><surname>Sappa</surname>, <given-names>A.D.</given-names></string-name> and <string-name><surname>Boyer</surname>, <given-names>E.</given-names></string-name></person-group> (<year>2015</year>), “<article-title>Implicit b spline surface reconstruction</article-title>”, <source>IEEE Transactions on Image Processing</source>, Vol. <volume>24</volume> No. <issue>1</issue>, pp. <fpage>22</fpage>-<lpage>32</lpage>.</mixed-citation></ref>
<ref id="ref033"><mixed-citation publication-type="confproc"><person-group person-group-type="author"><string-name><surname>Rusu</surname>, <given-names>R.B.</given-names></string-name>, <string-name><surname>Blodow</surname>, <given-names>N.</given-names></string-name> and <string-name><surname>Beetz</surname>, <given-names>M.</given-names></string-name></person-group> (<year>2009</year>), “<article-title>Fast point feature histograms (FPFH) for 3D registration</article-title>”, <conf-name><italic>2009 IEEE international conference on robotics and automation</italic></conf-name>, pp. <fpage>3212</fpage>-<lpage>3217</lpage>.</mixed-citation></ref>
<ref id="ref034"><mixed-citation publication-type="confproc"><person-group person-group-type="author"><string-name><surname>Sommer</surname>, <given-names>C.</given-names></string-name>, <string-name><surname>Sun</surname>, <given-names>Y.</given-names></string-name>, <string-name><surname>Bylow</surname>, <given-names>E.</given-names></string-name> and <string-name><surname>Cremers</surname>, <given-names>D.</given-names></string-name></person-group> (<year>2020</year>), “<article-title>PrimiTect: fast continuous Hough voting for primitive detection</article-title>”, <source>2020 IEEE International Conference on Robotics and Automation (ICRA)</source>, <conf-loc>Paris, France</conf-loc>, <conf-date>31 May-31 Aug. 2020</conf-date>, <publisher-name>IEEE</publisher-name>, pp. <fpage>8404</fpage>-<lpage>8410</lpage>.</mixed-citation></ref>
<ref id="ref035"><mixed-citation publication-type="journal"><person-group person-group-type="author"><string-name><surname>Tao</surname>, <given-names>D.</given-names></string-name>, <string-name><surname>Tang</surname>, <given-names>X.</given-names></string-name>, <string-name><surname>Li</surname>, <given-names>X.</given-names></string-name> and <string-name><surname>Wu</surname>, <given-names>X.</given-names></string-name></person-group> (<year>2006</year>), “<article-title>Asymmetric bagging and random subspace for support vector machines-based relevance feedback in image retrieval</article-title>”, <source>IEEE Transactions on Pattern Analysis and Machine Intelligence</source>, Vol. <volume>28</volume> No. <issue>7</issue>, pp. <fpage>1088</fpage>-<lpage>1099</lpage>.</mixed-citation></ref>
<ref id="ref036"><mixed-citation publication-type="book"><person-group person-group-type="author"><string-name><surname>Tikhonov</surname>, <given-names>A.N.</given-names></string-name>, <string-name><surname>Goncharsky</surname>, <given-names>A.V.</given-names></string-name>, <string-name><surname>Stepanov</surname>, <given-names>V.V.</given-names></string-name> and <string-name><surname>Yagola</surname>, <given-names>A.G.</given-names></string-name></person-group> (<year>1995</year>), “<source>Numerical Methods for the Solution of Ill-Posed Problems</source>, <publisher-name>Springer Science &amp; Business Media</publisher-name>, <publisher-loc>Berlin</publisher-loc>, Vol. <volume>328</volume>.</mixed-citation></ref>
<ref id="ref037"><mixed-citation publication-type="web"><person-group person-group-type="author"><string-name><surname>Turk</surname>, <given-names>G.</given-names></string-name> and <string-name><surname>Mullins</surname>, <given-names>B.</given-names></string-name></person-group> (<year>2021</year>), “<article-title>Large geometric models archive</article-title>”, <comment>Georgia Institute of Technology (distributor)</comment>, <comment>available at: <ext-link ext-link-type="uri" xlink:href="http://www.cc.gatech.edu/projects/large_models/">www.cc.gatech.edu/projects/large_models/</ext-link></comment></mixed-citation></ref>
<ref id="ref038"><mixed-citation publication-type="journal"><person-group person-group-type="author"><string-name><surname>Wei</surname>, <given-names>Z.</given-names></string-name>, <string-name><surname>Han</surname>, <given-names>Y.</given-names></string-name>, <string-name><surname>Li</surname>, <given-names>M.</given-names></string-name>, <string-name><surname>Yang</surname>, <given-names>K.</given-names></string-name>, <string-name><surname>Yang</surname>, <given-names>Y.</given-names></string-name>, <string-name><surname>Luo</surname>, <given-names>Y.</given-names></string-name> and <string-name><surname>Ong</surname>, <given-names>S.H.</given-names></string-name></person-group> (<year>2017</year>), “<article-title>A small UAV based multi-temporal image registration for dynamic agricultural terrace monitoring</article-title>”, <source>Remote Sensing</source>, Vol. <volume>9</volume> No. <issue>9</issue>, p. <fpage>904</fpage>.</mixed-citation></ref>
<ref id="ref039"><mixed-citation publication-type="journal"><person-group person-group-type="author"><string-name><surname>Xu</surname>, <given-names>C.</given-names></string-name>, <string-name><surname>Yang</surname>, <given-names>X.</given-names></string-name> and <string-name><surname>Liu</surname>, <given-names>X.</given-names></string-name></person-group> (<year>2020</year>), “<article-title>Nonrigid point set registration based on Laplace mixture model with local constraints</article-title>”, <source>Assembly Automation</source>, Vol. <volume>40</volume> No. <issue>2</issue>, pp. <fpage>335</fpage>-<lpage>343</lpage>.</mixed-citation></ref>
<ref id="ref040"><mixed-citation publication-type="journal"><person-group person-group-type="author"><string-name><surname>Yang</surname>, <given-names>Y.</given-names></string-name>, <string-name><surname>Ong</surname>, <given-names>S.H.</given-names></string-name> and <string-name><surname>Foong</surname>, <given-names>K.W.C.</given-names></string-name></person-group> (<year>2015a</year>), “<article-title>A robust global and local mixture distance based non-rigid point set registration</article-title>”, <source>Pattern Recognition</source>, Vol. <volume>48</volume> No. <issue>1</issue>, pp. <fpage>156</fpage>-<lpage>173</lpage>.</mixed-citation></ref>
<ref id="ref041"><mixed-citation publication-type="journal"><person-group person-group-type="author"><string-name><surname>Yang</surname>, <given-names>J.</given-names></string-name>, <string-name><surname>Li</surname>, <given-names>H.</given-names></string-name>, <string-name><surname>Campbell</surname>, <given-names>D.</given-names></string-name> and <string-name><surname>Jia</surname>, <given-names>Y.</given-names></string-name></person-group> (<year>2015b</year>), “<article-title>Go-ICP: a globally optimal solution to 3D ICP point-set registration</article-title>”, <source>IEEE Transactions on Pattern Analysis and Machine Intelligence</source>, Vol. <volume>38</volume> No. <issue>11</issue>, pp. <fpage>2241</fpage>-<lpage>2254</lpage>.</mixed-citation></ref>
<ref id="ref04100"><mixed-citation publication-type="journal"><person-group person-group-type="author"><string-name><surname>Yuan</surname>, <given-names>Y.</given-names></string-name>, <string-name><surname>Lv</surname>, <given-names>L.</given-names></string-name>, <string-name><surname>Wang</surname>, <given-names>X.</given-names></string-name> and <string-name><surname>Song</surname>, <given-names>X.</given-names></string-name></person-group> (<year>2020a</year>), “<article-title>Optimization of a frame structure using the Coulomb force search strategy-based dragonfly algorithm</article-title>”, <source>Engineering Optimization</source>, Vol. <volume>52</volume> No. <issue>6</issue>, pp. <fpage>915</fpage>-<lpage>931</lpage>.</mixed-citation></ref>
<ref id="ref04101"><mixed-citation publication-type="journal"><person-group person-group-type="author"><string-name><surname>Yuan</surname>, <given-names>Y.</given-names></string-name>, <string-name><surname>Lv</surname>, <given-names>L.</given-names></string-name>, <string-name><surname>Wang</surname>, <given-names>X.</given-names></string-name> and <string-name><surname>Song</surname>, <given-names>X.</given-names></string-name></person-group> (<year>2020b</year>), “<article-title>Multidisciplinary co-design optimization of structural and control parameters for bucket wheel reclaimer</article-title>”, <source>Frontiers of Mechanical Engineering</source>, Vol. <volume>15</volume>, pp. <fpage>406</fpage>-<lpage>416</lpage>.</mixed-citation></ref>
<ref id="ref04200"><mixed-citation publication-type="journal"><person-group person-group-type="author"><string-name><surname>Yuan</surname>, <given-names>Y.</given-names></string-name>, <string-name><surname>Mu</surname>, <given-names>X.</given-names></string-name>, <string-name><surname>Shao</surname>, <given-names>X.</given-names></string-name>, <string-name><surname>Ren</surname>, <given-names>J.</given-names></string-name>, <string-name><surname>Zhao</surname>, <given-names>Y.</given-names></string-name> and <string-name><surname>Wang</surname>, <given-names>Z.</given-names></string-name></person-group> (<year>2022c</year>), “<article-title>Optimization of an auto drum fashioned brake using the elite opposition-based learning and chaotic k-best gravitational search strategy based grey wolf optimizer algorithm</article-title>”, <source>Applied Soft Computing</source>, Vol. <volume>123</volume>, p. <fpage>108947</fpage>.</mixed-citation></ref>
<ref id="ref042"><mixed-citation publication-type="journal"><person-group person-group-type="author"><string-name><surname>Yuan</surname>, <given-names>Y.</given-names></string-name>, <string-name><surname>Mu</surname>, <given-names>X.</given-names></string-name>, <string-name><surname>Shao</surname>, <given-names>X.</given-names></string-name>, <string-name><surname>Ren</surname>, <given-names>J.</given-names></string-name>, <string-name><surname>Zhao</surname>, <given-names>Y.</given-names></string-name> and <string-name><surname>Wang</surname>, <given-names>Z.</given-names></string-name></person-group> (<year>2022a</year>), “<article-title>Optimization of an auto drum fashioned brake using the elite opposition-based learning and chaotic k-best gravitational search strategy based grey wolf optimizer algorithm</article-title>”, <source>Applied Soft Computing</source>, Vol. <volume>123</volume>, p. <fpage>108947</fpage>.</mixed-citation></ref>
<ref id="ref043"><mixed-citation publication-type="journal"><person-group person-group-type="author"><string-name><surname>Yuan</surname>, <given-names>Y.</given-names></string-name>, <string-name><surname>Ren</surname>, <given-names>J.</given-names></string-name>, <string-name><surname>Wang</surname>, <given-names>S.</given-names></string-name>, <string-name><surname>Wang</surname>, <given-names>Z.</given-names></string-name>, <string-name><surname>Mu</surname>, <given-names>X.</given-names></string-name> and <string-name><surname>Zhao</surname>, <given-names>W.</given-names></string-name></person-group> (<year>2022b</year>), “<article-title>Alpine skiing optimization: a new bio-inspired optimization algorithm</article-title>”, <source>Advances in Engineering Software</source>, Vol. <volume>170</volume>, p. <fpage>103158</fpage>.</mixed-citation></ref>
<ref id="ref044"><mixed-citation publication-type="journal"><person-group person-group-type="author"><string-name><surname>Yuan</surname>, <given-names>Y.</given-names></string-name>, <string-name><surname>Shen</surname>, <given-names>Q.</given-names></string-name>, <string-name><surname>Wang</surname>, <given-names>S.</given-names></string-name>, <string-name><surname>Ren</surname>, <given-names>J.</given-names></string-name>, <string-name><surname>Yu</surname>, <given-names>J.</given-names></string-name> and <string-name><surname>Yang</surname>, <given-names>Q.</given-names></string-name></person-group> (<year>2023a</year>), “<article-title>Multidisciplinary design optimization of dynamic positioning system for semi-submersible platform</article-title>”, <source>Ocean Engineering</source>, Vol. <volume>285</volume>, p. <fpage>115426</fpage>.</mixed-citation></ref>
<ref id="ref045"><mixed-citation publication-type="journal"><person-group person-group-type="author"><string-name><surname>Yuan</surname>, <given-names>Y.</given-names></string-name>, <string-name><surname>Yang</surname>, <given-names>Q.</given-names></string-name>, <string-name><surname>Ren</surname>, <given-names>J.</given-names></string-name>, <string-name><surname>Fan</surname>, <given-names>J.</given-names></string-name>, <string-name><surname>Shen</surname>, <given-names>Q.</given-names></string-name>, <string-name><surname>Wang</surname>, <given-names>X.</given-names></string-name> and <string-name><surname>Zhao</surname>, <given-names>Y.</given-names></string-name></person-group> (<year>2023b</year>), “<article-title>Learning-imitation strategy-assisted alpine skiing optimization for the boom of offshore drilling platform</article-title>”, <source>Ocean Engineering</source>, Vol. <volume>278</volume>, p. <fpage>114317</fpage>.</mixed-citation></ref>
<ref id="ref046"><mixed-citation publication-type="journal"><person-group person-group-type="author"><string-name><surname>Yuan</surname>, <given-names>Y.</given-names></string-name>, <string-name><surname>Shen</surname>, <given-names>Q.</given-names></string-name>, <string-name><surname>Wang</surname>, <given-names>S.</given-names></string-name>, <string-name><surname>Ren</surname>, <given-names>J.</given-names></string-name>, <string-name><surname>Yang</surname>, <given-names>D.</given-names></string-name>, <string-name><surname>Yang</surname>, <given-names>Q.</given-names></string-name>, <string-name><surname>Fan</surname>, <given-names>J.</given-names></string-name> and <string-name><surname>Mu</surname>, <given-names>X.</given-names></string-name></person-group> (<year>2023c</year>), “<article-title>Coronavirus mask protection algorithm: a new bio-inspired optimization algorithm and its applications</article-title>”, <source>Journal of Bionic Engineering</source>, Vol. <volume>20</volume> No. <issue>4</issue>, pp. <fpage>1747</fpage>-<lpage>1765</lpage>.</mixed-citation></ref>
<ref id="ref047"><mixed-citation publication-type="journal"><person-group person-group-type="author"><string-name><surname>Yuille</surname>, <given-names>A.L.</given-names></string-name> and <string-name><surname>Kosowsky</surname>, <given-names>J.J.</given-names></string-name></person-group> (<year>1994</year>), “<article-title>Statistical physics algorithms that converge</article-title>”, <source>Neural Computation</source>, Vol. <volume>6</volume> No. <issue>3</issue>, pp. <fpage>341</fpage>-<lpage>356</lpage>.</mixed-citation></ref>
<ref id="ref048"><mixed-citation publication-type="journal"><person-group person-group-type="author"><string-name><surname>Zhang</surname>, <given-names>S.</given-names></string-name>, <string-name><surname>Yang</surname>, <given-names>K.</given-names></string-name>, <string-name><surname>Yang</surname>, <given-names>Y.</given-names></string-name>, <string-name><surname>Luo</surname>, <given-names>Y.</given-names></string-name> and <string-name><surname>Wei</surname>, <given-names>Z.</given-names></string-name></person-group> (<year>2018</year>), “<article-title>Non-rigid point set registration using dual-feature finite mixture model and global-local structural preservation</article-title>”, <source>Pattern Recognition</source>, Vol. <volume>80</volume>, pp. <fpage>183</fpage>-<lpage>195</lpage>.</mixed-citation></ref>
<ref id="ref049"><mixed-citation publication-type="journal"><person-group person-group-type="author"><string-name><surname>Zhou</surname>, <given-names>Z.</given-names></string-name>, <string-name><surname>Zheng</surname>, <given-names>J.</given-names></string-name>, <string-name><surname>Dai</surname>, <given-names>Y.</given-names></string-name>, <string-name><surname>Zhou</surname>, <given-names>Z.</given-names></string-name> and <string-name><surname>Chen</surname>, <given-names>S.</given-names></string-name></person-group> (<year>2014</year>), “<article-title>Robust non-rigid point set registration using student's-t mixture model</article-title>”, <source>PLoS ONE</source>, Vol. <volume>9</volume> No. <issue>3</issue>, p. <fpage>e91381</fpage>.</mixed-citation></ref>
<ref id="ref050"><mixed-citation publication-type="journal"><person-group person-group-type="author"><string-name><surname>Zhu</surname>, <given-names>H.</given-names></string-name>, <string-name><surname>Zou</surname>, <given-names>K.</given-names></string-name>, <string-name><surname>Li</surname>, <given-names>Y.</given-names></string-name>, <string-name><surname>Cen</surname>, <given-names>M.</given-names></string-name> and <string-name><surname>Mihaylova</surname>, <given-names>L.</given-names></string-name></person-group> (<year>2019</year>), “<article-title>Robust non-rigid feature matching for image registration using geometry preserving</article-title>”, <source>Sensors</source>, Vol. <volume>19</volume> No. <issue>12</issue>, pp. <fpage>27</fpage>-<lpage>29</lpage>.</mixed-citation></ref></ref-list>
<ref-list id="refs2">
<title>Further reading</title>
<ref id="ref051"><mixed-citation publication-type="journal"><person-group person-group-type="author"><string-name><surname>Yuan</surname>, <given-names>X.</given-names></string-name> and <string-name><surname>Maharjan</surname>, <given-names>A.</given-names></string-name></person-group> (<year>2023</year>), “<article-title>Non-rigid point set registration: recent trends and challenges</article-title>”, <source>Artificial Intelligence Review</source>, Vol. <volume>56</volume> No. <issue>6</issue>, pp. <fpage>4859</fpage>-<lpage>4891</lpage>.</mixed-citation></ref>
<ref id="ref053"><mixed-citation publication-type="journal"><person-group person-group-type="author"><string-name><surname>Yuan</surname>, <given-names>Y.</given-names></string-name>, <string-name><surname>Wang</surname>, <given-names>S.</given-names></string-name>, <string-name><surname>Lv</surname>, <given-names>L.</given-names></string-name> and <string-name><surname>Song</surname>, <given-names>X.</given-names></string-name></person-group> (<year>2021</year>), “<article-title>An adaptive resistance and stamina strategy-based dragonfly algorithm for solving engineering optimization problems</article-title>”, <source>Engineering Computations</source>, Vol. <volume>38</volume> No. <issue>5</issue>, pp. <fpage>2228</fpage>-<lpage>2251</lpage>.</mixed-citation></ref></ref-list></back>
</article>