<?xml version="1.0" encoding="UTF-8"?>
<!DOCTYPE article PUBLIC "-//NLM//DTD JATS (Z39.96) Journal Archiving and Interchange DTD with MathML3 v1.1d1 20130915//EN" "JATS-archivearticle1-mathml3.dtd"><article xmlns:mml="http://www.w3.org/1998/Math/MathML" xmlns:xlink="http://www.w3.org/1999/xlink" article-type="research-article" dtd-version="1.1d1" xml:lang="en">
<front id="meta-hdr">
<journal-meta>
<journal-id journal-id-type="publisher-id">RIA</journal-id>
<journal-id journal-id-type="doi">10.1108/RIA</journal-id>
<journal-title-group>
<journal-title>Robotic Intelligence and Automation</journal-title>
<abbrev-journal-title abbrev-type="publisher">RIA</abbrev-journal-title>
</journal-title-group>
<issn publication-format="print">2754-6969</issn>
<issn publication-format="online">2754-6977</issn>
<issn-l/>
<publisher>
<publisher-name>Emerald Publishing Limited</publisher-name>
</publisher>
</journal-meta>
<article-meta id="art-meta">
<article-id pub-id-type="publisher-id">719615</article-id>
<article-id pub-id-type="doi">10.1108/RIA-08-2023-0106</article-id>
<article-id pub-id-type="original-pdf">RIA-08-2023-0106.pdf</article-id>
<article-id pub-id-type="filename">RIA-08-2023-0106</article-id>
<article-categories>
<subj-group subj-group-type="type-of-publication">
<compound-subject>
<compound-subject-part content-type="code">research-article</compound-subject-part>
<compound-subject-part content-type="label">Research paper</compound-subject-part>
</compound-subject>
</subj-group>
<subj-group subj-group-type="subject">
<compound-subject>
<compound-subject-part content-type="code">cat-ENGG</compound-subject-part>
<compound-subject-part content-type="label">Engineering</compound-subject-part>
</compound-subject>
<subj-group subj-group-type="subject">
<compound-subject>
<compound-subject-part content-type="code"/>
<compound-subject-part content-type="label">Industrial engineering</compound-subject-part>
</compound-subject>
<subj-group subj-group-type="subject">
<compound-subject>
<compound-subject-part content-type="code"/>
<compound-subject-part content-type="label">design &amp; manufacturing</compound-subject-part>
</compound-subject>
<subj-group subj-group-type="subject">
<compound-subject>
<compound-subject-part content-type="code">cat-ENGG</compound-subject-part>
<compound-subject-part content-type="label">Engineering</compound-subject-part>
</compound-subject>
<subj-group subj-group-type="subject">
<compound-subject>
<compound-subject-part content-type="code">cat-MEG</compound-subject-part>
<compound-subject-part content-type="label">Mechanical engineering</compound-subject-part>
</compound-subject>
</subj-group>
</subj-group>
</subj-group>
</subj-group>
</subj-group>
</article-categories>
<title-group>
<article-title xml:lang="en">Adaptive positioning method for ball head based on impedance control</article-title>
</title-group>
<contrib-group>
<contrib contrib-type="author"><name-alternatives><name name-style="western"><surname>Liu</surname><given-names>Yang</given-names></name><string-name name-style="western"><given-names>Yang</given-names> <surname>Liu</surname></string-name>
</name-alternatives><email>liuy_nuaa_m@163.com</email><xref ref-type="aff" rid="aff1"/>
</contrib>
<contrib corresp="yes" contrib-type="author"><name-alternatives><name name-style="western"><surname>Huang</surname><given-names>Xiang</given-names></name><string-name name-style="western"><given-names>Xiang</given-names> <surname>Huang</surname></string-name>
</name-alternatives><email>HuangX_NUAA@163.com</email><xref ref-type="aff" rid="aff1"/>
</contrib>
<contrib contrib-type="author"><name-alternatives><name name-style="western"><surname>Li</surname><given-names>Shuanggao</given-names></name><string-name name-style="western"><given-names>Shuanggao</given-names> <surname>Li</surname></string-name>
</name-alternatives><email>LiS_NUAA@163.com</email><xref ref-type="aff" rid="aff1"/>
</contrib>
<contrib contrib-type="author"><name-alternatives><name name-style="western"><surname>Chu</surname><given-names>Wenmin</given-names></name><string-name name-style="western"><given-names>Wenmin</given-names> <surname>Chu</surname></string-name>
</name-alternatives><email>ChuW_NUAA@163.com</email><xref ref-type="aff" rid="aff1"/>
</contrib>
<aff id="aff1">College of Mechanical and Electrical Engineering<institution-wrap><institution>, Nanjing University of Aeronautics and Astronautics</institution></institution-wrap>, Nanjing, <country country="CN">China</country></aff>
</contrib-group>
<author-notes>
<corresp id="cor1">Xiang Huang can be contacted at: <ext-link ext-link-type="email" xlink:href="mailto:HuangX_NUAA@163.com">HuangX_NUAA@163.com</ext-link></corresp></author-notes>
<pub-date publication-format="electronic" date-type="pub" iso-8601-date="2024-04-16"><day>16</day><month>04</month><year>2024</year></pub-date>
<pub-date publication-format="print" date-type="pub" iso-8601-date="2024-05-06"><day>06</day><month>05</month><year>2024</year></pub-date>
<volume>44</volume><issue>2</issue>
<fpage>242</fpage><lpage>257</lpage>
<history>
<date date-type="received" iso-8601-date="2023-08-14"><day>14</day><month>08</month><year>2023</year></date>
<date date-type="revised" iso-8601-date="2023-11-10"><day>10</day><month>11</month><year>2023</year></date>
<date date-type="revised" iso-8601-date="2023-12-06"><day>06</day><month>12</month><year>2023</year></date>
<date date-type="accepted" iso-8601-date="2023-12-07"><day>07</day><month>12</month><year>2023</year></date>
</history>
<permissions>
<copyright-statement>© Emerald Publishing Limited</copyright-statement>
<copyright-year>2024</copyright-year>
<copyright-holder>Emerald Publishing Limited</copyright-holder>
<license license-type="publisher">
<license-p>Licensed re-use rights only</license-p>
</license>
</permissions>
<self-uri content-type="pdf" xlink:href="RIA-08-2023-0106.pdf"/>
<abstract abstract-type="structured" id="abstr1" xml:lang="en">
<sec><title content-type="abstract-subheading">Purpose</title>
<p>Component positioning is an important part of aircraft assembly, aiming at the problem that it is difficult to accurately fall into the corresponding ball socket for the ball head connected with aircraft component. This study aims to propose a ball head adaptive positioning method based on impedance control.</p>
</sec>
<sec><title content-type="abstract-subheading">Design/methodology/approach</title>
<p>First, a target impedance model for ball head positioning is constructed, and a reference positioning trajectory is generated online based on the contact force between the ball head and the ball socket. Second, the target impedance parameters were optimized based on the artificial fish swarm algorithm. Third, to improve the robustness of the impedance controller in unknown environments, a controller is designed based on model reference adaptive control (MRAC) theory and an adaptive impedance control model is built in the Simulink environment. Finally, a series of ball head positioning experiments are carried out.</p>
</sec>
<sec><title content-type="abstract-subheading">Findings</title>
<p>During the positioning of the ball head, the contact force between the ball head and the ball socket is maintained at a low level. After the positioning, the horizontal contact force between the ball head and the socket is less than 2 N. When the position of the contact environment has the same change during ball head positioning, the contact force between the ball head and the ball socket under standard impedance control will increase to 44 N, while the contact force of the ball head and the ball socket under adaptive impedance control will only increase to 19 N.</p>
</sec>
<sec><title content-type="abstract-subheading">Originality/value</title>
<p>In this paper, impedance control is used to decouple the force-position relationship of the ball head during positioning, which makes the entire process of ball head positioning complete under low stress conditions. At the same time, by constructing an adaptive impedance controller based on MRAC, the robustness of the positioning system under changes in the contact environment position is greatly improved.</p>
</sec>
</abstract>
<kwd-group kwd-group-type="author-generated" xml:lang="en"><kwd>Ball head positioning</kwd><x xml:space="preserve">, </x><kwd>Trajectory planning</kwd><x xml:space="preserve">, </x><kwd>Impedance control</kwd><x xml:space="preserve">, </x><kwd>Artificial fish swarm algorithm</kwd><x xml:space="preserve">, </x><kwd>Model reference</kwd>
</kwd-group>
<counts>
<fig-count count="21"/>
<table-count count="4"/>
<equation-count count="39"/>
<ref-count count="44"/>
<page-count count="16"/>
<word-count count="10327"/>
</counts>
<custom-meta-group>
<custom-meta>
<meta-name>copyright-code</meta-name>
<meta-value>M</meta-value>
</custom-meta>
<custom-meta>
<meta-name>deliverables</meta-name>
<meta-value>Web-ready article package</meta-value>
</custom-meta>
<custom-meta>
<meta-name>peer-reviewed</meta-name>
<meta-value>Yes</meta-value>
</custom-meta>
<custom-meta>
<meta-name>academic-content</meta-name>
<meta-value>Yes</meta-value>
</custom-meta>
<custom-meta>
<meta-name>EContentType</meta-name>
<meta-value>JOURNAL</meta-value>
</custom-meta>
<custom-meta>
<meta-name>rightslink</meta-name>
<meta-value>included</meta-value>
</custom-meta>
</custom-meta-group>
</article-meta>
</front>

<back>
<ref-list id="refs1">
<title>References</title>
<ref id="ref001"><mixed-citation publication-type="journal"><person-group person-group-type="author"><string-name><surname>Chen</surname>, <given-names>Z.</given-names></string-name>, <string-name><surname>Du</surname>, <given-names>F.</given-names></string-name> and <string-name><surname>Tang</surname>, <given-names>X.</given-names></string-name></person-group> (<year>2013</year>), “<article-title>Research on uncertainty in measurement assisted alignment in aircraft assembly</article-title>”, <source>Chinese Journal of Aeronautics</source>, Vol. <volume>26</volume> No. <issue>6</issue>, pp. <fpage>1568</fpage>-<lpage>1576</lpage>.</mixed-citation></ref>
<ref id="ref002"><mixed-citation publication-type="journal"><person-group person-group-type="author"><string-name><surname>Chu</surname>, <given-names>W.</given-names></string-name> and <string-name><surname>Huang</surname>, <given-names>X.</given-names></string-name></person-group> (<year>2020</year>), “<article-title>Posture adjustment method for large components of aircraft based on hybrid force-position control</article-title>”, <source>Industrial Robot: The International Journal of Robotics Research and Application</source>, Vol. <volume>47</volume> No. <issue>3</issue>, pp. <fpage>381</fpage>-<lpage>393</lpage>.</mixed-citation></ref>
<ref id="ref003"><mixed-citation publication-type="journal"><person-group person-group-type="author"><string-name><surname>Chu</surname>, <given-names>W.</given-names></string-name> and <string-name><surname>Huang</surname>, <given-names>X.</given-names></string-name></person-group> (<year>2022</year>), “<article-title>An active compliant docking method for large gear components based on distributed force sensor</article-title>”, <source>Sensor Review</source>, Vol. <volume>42</volume> No. <issue>3</issue>, pp. <fpage>303</fpage>-<lpage>315</lpage>.</mixed-citation></ref>
<ref id="ref004"><mixed-citation publication-type="journal"><person-group person-group-type="author"><string-name><surname>Chu</surname>, <given-names>W.</given-names></string-name>, <string-name><surname>Huang</surname>, <given-names>X.</given-names></string-name> and <string-name><surname>Li</surname>, <given-names>S.</given-names></string-name></person-group> (<year>2020a</year>), “<article-title>A novel calibration method for ball joint position in a posture adjustment system</article-title>”, <source>Measurement Science and Technology</source>, Vol. <volume>31</volume> No. <issue>12</issue>, p. <fpage>125013</fpage>.</mixed-citation></ref>
<ref id="ref005"><mixed-citation publication-type="journal"><person-group person-group-type="author"><string-name><surname>Chu</surname>, <given-names>W.</given-names></string-name>, <string-name><surname>Huang</surname>, <given-names>X.</given-names></string-name> and <string-name><surname>Li</surname>, <given-names>S.</given-names></string-name></person-group> (<year>2020b</year>), “<article-title>Cabin posture adjustment method based on redundant constrained parallel mechanism</article-title>”, <source>Assembly Automation</source>, Vol. <volume>40</volume> No. <issue>3</issue>, pp. <fpage>377</fpage>-<lpage>386</lpage>.</mixed-citation></ref>
<ref id="ref006"><mixed-citation publication-type="journal"><person-group person-group-type="author"><string-name><surname>Chu</surname>, <given-names>W.</given-names></string-name>, <string-name><surname>Huang</surname>, <given-names>X.</given-names></string-name> and <string-name><surname>Li</surname>, <given-names>S.</given-names></string-name></person-group> (<year>2021</year>), “<article-title>A ball head positioning method based on hybrid force-position control</article-title>”, <source>Proceedings of the Institution of Mechanical Engineers, Part I: Journal of Systems and Control Engineering</source>, Vol. <volume>235</volume> No. <issue>8</issue>, pp. <fpage>1433</fpage>-<lpage>1444</lpage>.</mixed-citation></ref>
<ref id="ref007"><mixed-citation publication-type="journal"><person-group person-group-type="author"><string-name><surname>Dai</surname>, <given-names>Z.</given-names></string-name>, <string-name><surname>Huang</surname>, <given-names>X.</given-names></string-name>, <string-name><surname>Li</surname>, <given-names>S.</given-names></string-name> and <string-name><surname>Xing</surname>, <given-names>H.</given-names></string-name></person-group> (<year>2016</year>), “<article-title>A synchronous position and pose adjustment method for automatic assembly of large aircraft components</article-title>”, <source>Aeronautical Manufacturing Technology</source>, No. <issue>4</issue>, pp. <fpage>52</fpage>-<lpage>56</lpage>.</mixed-citation></ref>
<ref id="ref008"><mixed-citation publication-type="journal"><person-group person-group-type="author"><string-name><surname>Fang</surname>, <given-names>Q.</given-names></string-name> and <string-name><surname>Cui</surname>, <given-names>M.</given-names></string-name></person-group> (<year>2019</year>), “<article-title>Space robot capture collision force control method based on explicit force control</article-title>”, <source>Chinese Space Science and Technology</source>, Vol. <volume>39</volume> No. <issue>4</issue>, pp. <fpage>1</fpage>-<lpage>10</lpage>.</mixed-citation></ref>
<ref id="ref009"><mixed-citation publication-type="journal"><person-group person-group-type="author"><string-name><surname>Fang</surname>, <given-names>Q.</given-names></string-name>, <string-name><surname>Chen</surname>, <given-names>L.</given-names></string-name>, <string-name><surname>Fei</surname>, <given-names>S.</given-names></string-name>, <string-name><surname>Liang</surname>, <given-names>Q.</given-names></string-name>, <string-name><surname>Li</surname>, <given-names>W.</given-names></string-name> and <string-name><surname>Zhao</surname>, <given-names>J.</given-names></string-name></person-group> (<year>2013</year>), “<article-title>Model reference adaptive control system design of localizer</article-title>”, <source>Journal of Zhejiang University (Engineering)</source>, Vol. <volume>47</volume> No. <issue>12</issue>, pp. <fpage>2234</fpage>-<lpage>2242</lpage>.</mixed-citation></ref>
<ref id="ref010"><mixed-citation publication-type="journal"><person-group person-group-type="author"><string-name><surname>Fu</surname>, <given-names>Y.</given-names></string-name>, <string-name><surname>Han</surname>, <given-names>X.</given-names></string-name>, <string-name><surname>Sepehri</surname>, <given-names>N.</given-names></string-name>, <string-name><surname>Zhou</surname>, <given-names>G.</given-names></string-name>, <string-name><surname>Fu</surname>, <given-names>J.</given-names></string-name>, <string-name><surname>Yu</surname>, <given-names>L.</given-names></string-name> and <string-name><surname>Yang</surname>, <given-names>R.</given-names></string-name></person-group> (<year>2018</year>), “<article-title>Design and performance analysis of position-based impedance control for an electro hydrostatic actuation system</article-title>”, <source>Chinese Journal of Aeronautics</source>, Vol. <volume>31</volume> No. <issue>3</issue>, pp. <fpage>584</fpage>-<lpage>596</lpage>.</mixed-citation></ref>
<ref id="ref011"><mixed-citation publication-type="journal"><person-group person-group-type="author"><string-name><surname>Hogan</surname>, <given-names>N.</given-names></string-name></person-group> (<year>1985</year>), “<article-title>Impedance control: an approach to manipulation: part I—theory</article-title>”, <source>Journal of Dynamic Systems, Measurement, and Control</source>, Vol. <volume>107</volume> No. <issue>1</issue>, pp. <fpage>1</fpage>-<lpage>7</lpage>.</mixed-citation></ref>
<ref id="ref012"><mixed-citation publication-type="confproc"><person-group person-group-type="author"><string-name><surname>Hogan</surname>, <given-names>N.</given-names></string-name></person-group> (<year>1987</year>), “<article-title>Stable execution of contact tasks using impedance control</article-title>”, <source>//Proceedings.1987 IEEE International Conference on Robotics and Automation. IEEE</source>, Vol. <volume>4</volume>, pp. <fpage>1047</fpage>-<lpage>1054</lpage>.</mixed-citation></ref>
<ref id="ref013"><mixed-citation publication-type="journal"><person-group person-group-type="author"><string-name><surname>Hu</surname>, <given-names>C.</given-names></string-name>, <string-name><surname>Cao</surname>, <given-names>L.</given-names></string-name>, <string-name><surname>Zhou</surname>, <given-names>X.</given-names></string-name>, <string-name><surname>Sun</surname>, <given-names>B.</given-names></string-name> and <string-name><surname>Wang</surname>, <given-names>N.</given-names></string-name></person-group> (<year>2020</year>), “<article-title>Fuzzy adaptive nonlinear sensor‐fault tolerant control for a quadrotor unmanned aerial vehicle</article-title>”, <source>Asian Journal of Control</source>, Vol. <volume>22</volume> No. <issue>3</issue>, pp. <fpage>1163</fpage>-<lpage>1176</lpage>.</mixed-citation></ref>
<ref id="ref014"><mixed-citation publication-type="journal"><person-group person-group-type="author"><string-name><surname>Jiang</surname>, <given-names>J.</given-names></string-name>, <string-name><surname>Zhang</surname>, <given-names>B.</given-names></string-name> and <string-name><surname>Ke</surname>, <given-names>Y.</given-names></string-name></person-group> (<year>2013</year>), “<article-title>A position-following device for aircraft digital assembly</article-title>”, <source>Journal of Zhejiang University (Engineering)</source>, Vol. <volume>47</volume> No. <issue>5</issue>, pp. <fpage>775</fpage>-<lpage>781</lpage>.</mixed-citation></ref>
<ref id="ref015"><mixed-citation publication-type="journal"><person-group person-group-type="author"><string-name><surname>Jin</surname>, <given-names>H.</given-names></string-name>, <string-name><surname>Liu</surname>, <given-names>L.</given-names></string-name> and <string-name><surname>Lan</surname>, <given-names>W.</given-names></string-name></person-group> (<year>2018</year>), “<article-title>On stability condition of linear active disturbance rejection control for second-order systems</article-title>”, <source>Acta Automatica Sinica</source>, Vol. <volume>44</volume> No. <issue>9</issue>, pp. <fpage>1725</fpage>-<lpage>1728</lpage>.</mixed-citation></ref>
<ref id="ref016"><mixed-citation publication-type="journal"><person-group person-group-type="author"><string-name><surname>Jin</surname>, <given-names>B.</given-names></string-name>, <string-name><surname>Zhang</surname>, <given-names>L.</given-names></string-name>, <string-name><surname>Li</surname>, <given-names>Y.</given-names></string-name> and <string-name><surname>Sun</surname>, <given-names>P.</given-names></string-name></person-group> (<year>2020</year>), “<article-title>Design of bal-type ball and socket device for digital assembly of aircraft based on the principle of oblique wedge amplification</article-title>”, <source>Manufacturing Automation</source>, Vol. <volume>42</volume> No. <issue>12</issue>, pp. <fpage>6</fpage>-<lpage>11</lpage>.</mixed-citation></ref>
<ref id="ref017"><mixed-citation publication-type="confproc"><person-group person-group-type="author"><string-name><surname>Kim</surname>, <given-names>Y.G.</given-names></string-name>, <string-name><surname>Na</surname>, <given-names>M.</given-names></string-name> and <string-name><surname>Song</surname>, <given-names>J.B.</given-names></string-name></person-group> (<year>2021</year>), “<article-title>Reinforcement learning-based sim-to-real impedance parameter tuning for robotic assembly</article-title>”, <conf-name><italic>International Conference on Control, Automation and Systems</italic></conf-name>, pp. <fpage>833</fpage>-<lpage>836</lpage>.</mixed-citation></ref>
<ref id="ref018"><mixed-citation publication-type="journal"><person-group person-group-type="author"><string-name><surname>Lara-Molina</surname>, <given-names>A.F.</given-names></string-name>, <string-name><surname>Dumur</surname>, <given-names>D.</given-names></string-name> and <string-name><surname>Takano</surname>, <given-names>A.K.</given-names></string-name></person-group> (<year>2018</year>), “<article-title>Multi-objective optimal design of flexible-joint parallel robot</article-title>”, <source>Engineering Computations</source>, Vol. <volume>35</volume> No. <issue>8</issue>, pp. <fpage>2775</fpage>-<lpage>2810</lpage>.</mixed-citation></ref>
<ref id="ref019"><mixed-citation publication-type="journal"><person-group person-group-type="author"><string-name><surname>Lei</surname>, <given-names>S.</given-names></string-name></person-group> (<year>2017</year>), “<article-title>An object detection and pose estimation approach for position based visual servoing</article-title>”, <source>Electrical, Control and Communication Engineering</source>, Vol. <volume>12</volume> No. <issue>1</issue>, pp. <fpage>34</fpage>-<lpage>39</lpage>.</mixed-citation></ref>
<ref id="ref020"><mixed-citation publication-type="journal"><person-group person-group-type="author"><string-name><surname>Li</surname>, <given-names>X.</given-names></string-name> and <string-name><surname>Qian</surname>, <given-names>J.</given-names></string-name></person-group> (<year>2003</year>), “<article-title>Studies on artificial fish swarm optimization algorithm based on decomposition and coordination techniques</article-title>”, <source>Journal of Circuits and Systems</source>, No. <issue>1</issue>, pp. <fpage>1</fpage>-<lpage>6</lpage>.</mixed-citation></ref>
<ref id="ref021"><mixed-citation publication-type="journal"><person-group person-group-type="author"><string-name><surname>Li</surname>, <given-names>Z.</given-names></string-name>, <string-name><surname>Zhang</surname>, <given-names>Y.</given-names></string-name> and <string-name><surname>Cao</surname>, <given-names>F.</given-names></string-name></person-group> (<year>2020</year>), “<article-title>Structural design and analysis of 3-RSS/S parallel robot</article-title>”, <source>Journal of Changchun University</source>, Vol. <volume>30</volume> No. <issue>4</issue>, pp. <fpage>49</fpage>-<lpage>52</lpage>.</mixed-citation></ref>
<ref id="ref022"><mixed-citation publication-type="journal"><person-group person-group-type="author"><string-name><surname>Li</surname>, <given-names>G.</given-names></string-name>, <string-name><surname>Li</surname>, <given-names>Z.</given-names></string-name>, <string-name><surname>Li</surname>, <given-names>J.</given-names></string-name>, <string-name><surname>Liu</surname>, <given-names>Y.</given-names></string-name> and <string-name><surname>Qiao</surname>, <given-names>H.</given-names></string-name></person-group> (<year>2021a</year>), “<article-title>Muscle-synergy-based planning and neural-adaptive control for a prosthetic arm</article-title>”, <source>IEEE Transactions on Artificial Intelligence</source>, Vol. <volume>2</volume> No. <issue>5</issue>, pp. <fpage>424</fpage>-<lpage>436</lpage>.</mixed-citation></ref>
<ref id="ref023"><mixed-citation publication-type="journal"><person-group person-group-type="author"><string-name><surname>Li</surname>, <given-names>Z.</given-names></string-name>, <string-name><surname>Li</surname>, <given-names>G.</given-names></string-name>, <string-name><surname>Wu</surname>, <given-names>X.</given-names></string-name>, <string-name><surname>Kan</surname>, <given-names>Z.</given-names></string-name>, <string-name><surname>Su</surname>, <given-names>H.</given-names></string-name> and <string-name><surname>Liu</surname>, <given-names>Y.</given-names></string-name></person-group> (<year>2021b</year>), “<article-title>Asymmetric cooperation control of dual-arm exoskeletons using human collaborative manipulation models</article-title>”, <source>IEEE Transactions on Cybernetics</source>, Vol. <volume>52</volume> No. <issue>11</issue>, pp. <fpage>12126</fpage>-<lpage>12139</lpage>.</mixed-citation></ref>
<ref id="ref024"><mixed-citation publication-type="journal"><person-group person-group-type="author"><string-name><surname>Li</surname>, <given-names>Z.</given-names></string-name>, <string-name><surname>Li</surname>, <given-names>Q.</given-names></string-name>, <string-name><surname>Huang</surname>, <given-names>P.</given-names></string-name>, <string-name><surname>Xia</surname>, <given-names>H.</given-names></string-name> and <string-name><surname>Li</surname>, <given-names>G.</given-names></string-name></person-group> (<year>2023</year>), “<article-title>Human-in-the-loop adaptive control of a soft exo-suit with actuator dynamics and ankle impedance adaptation</article-title>”, <source>IEEE Transactions on Cybernetics</source>, pp. <fpage>1</fpage>-<lpage>13</lpage>.</mixed-citation></ref>
<ref id="ref025"><mixed-citation publication-type="journal"><person-group person-group-type="author"><string-name><surname>Liu</surname>, <given-names>C.</given-names></string-name></person-group> (<year>2015</year>), “<article-title>Research on measuring method of ball-heads position-following in aircraft digital assembly system</article-title>”, <source>Aeronautical Manufacturing Technology</source>, Vol. <volume>137</volume> No. <issue>21</issue>, pp. <fpage>128</fpage>-<lpage>129</lpage>.</mixed-citation></ref>
<ref id="ref026"><mixed-citation publication-type="journal"><person-group person-group-type="author"><string-name><surname>Liu</surname>, <given-names>Z.</given-names></string-name> and <string-name><surname>He</surname>, <given-names>Y.</given-names></string-name></person-group> (<year>2010</year>), “<article-title>An active disturbance rejection controller design for spacecraft with coupled relative position and attitude dynamics</article-title>”, <source>Aerospace Control</source>, Vol. <volume>28</volume> No. <issue>2</issue>, pp. <fpage>17</fpage>-<lpage>22</lpage>.</mixed-citation></ref>
<ref id="ref027"><mixed-citation publication-type="journal"><person-group person-group-type="author"><string-name><surname>Liu</surname>, <given-names>H.</given-names></string-name>, <string-name><surname>Zhu</surname>, <given-names>W.</given-names></string-name>, <string-name><surname>Dong</surname>, <given-names>H.</given-names></string-name> and <string-name><surname>Ke</surname>, <given-names>Y.</given-names></string-name></person-group> (<year>2019a</year>), “<article-title>An adaptive ball-head positioning visual servoing method for aircraft digital assembly</article-title>”, <source>Assembly Automation</source>, Vol. <volume>39</volume> No. <issue>2</issue>, pp. <fpage>287</fpage>-<lpage>296</lpage>.</mixed-citation></ref>
<ref id="ref028"><mixed-citation publication-type="journal"><person-group person-group-type="author"><string-name><surname>Liu</surname>, <given-names>M.</given-names></string-name>, <string-name><surname>Zhu</surname>, <given-names>C.</given-names></string-name>, <string-name><surname>Yang</surname>, <given-names>Z.</given-names></string-name> and <string-name><surname>Wang</surname>, <given-names>S.</given-names></string-name></person-group> (<year>2019b</year>), “<article-title>Design and analysis of CNC positioner for docking of large aircraft segments</article-title>”, <source>Machinery</source>, Vol. <volume>57</volume> No. <issue>7</issue>, pp. <fpage>8</fpage>-<lpage>10</lpage>.</mixed-citation></ref>
<ref id="ref029"><mixed-citation publication-type="journal"><person-group person-group-type="author"><string-name><surname>López</surname>, <given-names>E.V.H.</given-names></string-name> and <string-name><surname>Granados</surname>, <given-names>A.V.</given-names></string-name></person-group> (<year>2015</year>), “<article-title>Hybrid force-position control for manipulators under transitions free to constrained motion</article-title>”, <source>International Journal of Mechanical Engineeringand Robotics Research</source>, Vol. <volume>4</volume> No. <issue>4</issue>, pp. <fpage>319</fpage>-<lpage>324</lpage>.</mixed-citation></ref>
<ref id="ref030"><mixed-citation publication-type="journal"><person-group person-group-type="author"><string-name><surname>Luo</surname>, <given-names>P.</given-names></string-name>, <string-name><surname>Yang</surname>, <given-names>B.</given-names></string-name>, <string-name><surname>Chang</surname>, <given-names>Z.</given-names></string-name> and <string-name><surname>Zhang</surname>, <given-names>X.</given-names></string-name></person-group> (<year>2021</year>), “<article-title>Study on manipulator impedance control based on improved fuzzy adaptive</article-title>”, <source>Machine Tool and Hydraulics</source>, Vol. <volume>49</volume> No. <issue>17</issue>, pp. <fpage>9</fpage>-<lpage>14</lpage>.</mixed-citation></ref>
<ref id="ref031"><mixed-citation publication-type="journal"><person-group person-group-type="author"><string-name><surname>Mallapragada</surname>, <given-names>V.</given-names></string-name>, <string-name><surname>Erol</surname>, <given-names>D.</given-names></string-name> and <string-name><surname>Sarkar</surname>, <given-names>N.</given-names></string-name></person-group> (<year>2007</year>), “<article-title>A new method of force control for unknown environments</article-title>”, <source>International Journal of Advanced Robotic Systems</source>, Vol. <volume>4</volume> No. <issue>3</issue>, pp. <fpage>313</fpage>-<lpage>322</lpage>.</mixed-citation></ref>
<ref id="ref032"><mixed-citation publication-type="confproc"><person-group person-group-type="author"><string-name><surname>Nagata</surname>, <given-names>F.</given-names></string-name>, <string-name><surname>Kusumoto</surname>, <given-names>Y.</given-names></string-name>, <string-name><surname>Yasuda</surname>, <given-names>K.</given-names></string-name>, <string-name><surname>Tsukamoto</surname>, <given-names>O.</given-names></string-name> and <string-name><surname>Watanabe</surname>, <given-names>K.</given-names></string-name></person-group> (<year>2004</year>), “<article-title>Generation of normalized tool vector from 3-axis CL data and its application to a mold polishing robot”, <italic>2004 IEEE/RSJ</italic></article-title>”, <conf-name>International Conference on Intelligent Robots and Systems</conf-name>, Vol. <volume>4</volume>, pp. <fpage>3971</fpage>-<lpage>3976</lpage>.</mixed-citation></ref>
<ref id="ref033"><mixed-citation publication-type="journal"><person-group person-group-type="author"><string-name><surname>Seraji</surname>, <given-names>H.</given-names></string-name> and <string-name><surname>Colbaugh</surname>, <given-names>R.</given-names></string-name></person-group> (<year>1997</year>), “<article-title>Force tracking in impedance control</article-title>”, <source>The International Journal of Robotics Research</source>, Vol. <volume>16</volume> No. <issue>1</issue>, pp. <fpage>97</fpage>-<lpage>117</lpage>.</mixed-citation></ref>
<ref id="ref034"><mixed-citation publication-type="journal"><person-group person-group-type="author"><string-name><surname>Shi</surname>, <given-names>Y.</given-names></string-name>, <string-name><surname>Zheng</surname>, <given-names>D.</given-names></string-name>, <string-name><surname>Zhan</surname>, <given-names>J.</given-names></string-name> and <string-name><surname>Wang</surname>, <given-names>L.</given-names></string-name></person-group> (<year>2011</year>), “<article-title>Research on force-position-posture decoupling control for NC polishing of aspheric parts</article-title>”, <source>Journal of Mechanical Engineering</source>, Vol. <volume>47</volume> No. <issue>11</issue>, pp. <fpage>177</fpage>-<lpage>184</lpage>.</mixed-citation></ref>
<ref id="ref035"><mixed-citation publication-type="journal"><person-group person-group-type="author"><string-name><surname>Tang</surname>, <given-names>G.</given-names></string-name>, <string-name><surname>Yu</surname>, <given-names>H.</given-names></string-name>, <string-name><surname>Wu</surname>, <given-names>S.</given-names></string-name> and <string-name><surname>Zheng</surname>, <given-names>P.</given-names></string-name></person-group> (<year>2016</year>), “<article-title>Study of the contact stiffness of the space docking mechanism</article-title>”, <source>Machine Design and Research</source>, Vol. <volume>32</volume> No. <issue>2</issue>, pp. <fpage>100</fpage>-<lpage>104</lpage>.</mixed-citation></ref>
<ref id="ref036"><mixed-citation publication-type="confproc"><person-group person-group-type="author"><string-name><surname>Tee</surname>, <given-names>K.P.</given-names></string-name>, <string-name><surname>Yan</surname>, <given-names>R.</given-names></string-name> and <string-name><surname>Li</surname>, <given-names>H.</given-names></string-name></person-group> (<year>2010</year>), “<article-title>Adaptive admittance control of a robot manipulator under task</article-title>”, <conf-name>space constraint”, 2010 IEEE International Conference on Robotics and Automation. IEEE</conf-name>, pp. <fpage>5181</fpage>-<lpage>5186</lpage>.</mixed-citation></ref>
<ref id="ref037"><mixed-citation publication-type="confproc"><person-group person-group-type="author"><string-name><surname>Tsumugiwa</surname>, <given-names>T.</given-names></string-name>, <string-name><surname>Yokogawa</surname>, <given-names>R.</given-names></string-name> and <string-name><surname>Hara</surname>, <given-names>K.</given-names></string-name></person-group> (<year>2002</year>), “<article-title>Variable impedance control with virtual stiffness for human-robot cooperative peg-in-hole task</article-title>”, <conf-name>SICE Annual Conference Program and Abstracts</conf-name>, Vol. <volume>2</volume>, pp. <fpage>1075</fpage>-<lpage>1081</lpage>.</mixed-citation></ref>
<ref id="ref038"><mixed-citation publication-type="journal"><person-group person-group-type="author"><string-name><surname>Wang</surname>, <given-names>Y.</given-names></string-name>, <string-name><surname>Zhu</surname>, <given-names>B.</given-names></string-name> and <string-name><surname>Dai</surname>, <given-names>Y.</given-names></string-name></person-group> (<year>2015</year>), “<article-title>Design for the contact force planner in upper limb rehabilitant robot based on fuzzy control and impedance control</article-title>”, <source>Transactions of Beling Institute of Technology</source>, Vol. <volume>35</volume> No. <issue>8</issue>, pp. <fpage>805</fpage>-<lpage>809</lpage>.</mixed-citation></ref>
<ref id="ref039"><mixed-citation publication-type="journal"><person-group person-group-type="author"><string-name><surname>Wang</surname>, <given-names>Z.</given-names></string-name> and <string-name><surname>Wang</surname>, <given-names>Z.</given-names></string-name></person-group> (<year>2016</year>), “<article-title>Application of MRAC in the position servo control system</article-title>”, <source>Electronic Science and Technology</source>, Vol. <volume>29</volume> No. <issue>9</issue>, pp. <fpage>30</fpage>-<lpage>33</lpage>.</mixed-citation></ref>
<ref id="ref040"><mixed-citation publication-type="journal"><person-group person-group-type="author"><string-name><surname>Wu</surname>, <given-names>L.</given-names></string-name> and <string-name><surname>Wang</surname>, <given-names>X.</given-names></string-name></person-group> (<year>2008</year>), “<article-title>Application of MRAC based impedance control in active generalized loading</article-title>”, <source>Acta Aeronautica et Astronautica Sinica</source>, No. <issue>1</issue>, pp. <fpage>204</fpage>-<lpage>208</lpage>.</mixed-citation></ref>
<ref id="ref041"><mixed-citation publication-type="journal"><person-group person-group-type="author"><string-name><surname>Xing</surname>, <given-names>D.</given-names></string-name>, <string-name><surname>Lv</surname>, <given-names>Y.</given-names></string-name>, <string-name><surname>Liu</surname>, <given-names>S.</given-names></string-name>, <string-name><surname>Xu</surname>, <given-names>D.</given-names></string-name> and <string-name><surname>Liu</surname>, <given-names>F.</given-names></string-name></person-group> (<year>2019</year>), “<article-title>Efficient insertion of multiple objects parallel connected by passive compliant mechanisms in precision assembly</article-title>”, <source>IEEE Transactions on Industrial Informatics</source>, Vol. <volume>15</volume> No. <issue>9</issue>, pp. <fpage>4878</fpage>-<lpage>4887</lpage>.</mixed-citation></ref>
<ref id="ref042"><mixed-citation publication-type="journal"><person-group person-group-type="author"><string-name><surname>Zhang</surname>, <given-names>Y.</given-names></string-name></person-group> (<year>2018</year>), “<article-title>An optimal design of dynamic parameters for electromechanical coupled multi-energy domain system of a parallel four-legged robot</article-title>”, <source>Equipment Manufacturing Technology</source>, Vol. <volume>11</volume>, pp. <fpage>69</fpage>-<lpage>72</lpage>.</mixed-citation></ref>
<ref id="ref043"><mixed-citation publication-type="journal"><person-group person-group-type="author"><string-name><surname>Zhang</surname>, <given-names>Y.</given-names></string-name>, <string-name><surname>Wu</surname>, <given-names>Q.</given-names></string-name>, <string-name><surname>Chen</surname>, <given-names>B.</given-names></string-name>, <string-name><surname>Wu</surname>, <given-names>H.</given-names></string-name> and <string-name><surname>Liu</surname>, <given-names>H.</given-names></string-name></person-group> (<year>2020</year>), “<article-title>Fuzzy neural network impedance control of soft lower limb rehabilitation exoskeleton robot</article-title>”, <source>Robot</source>, Vol. <volume>42</volume> No. <issue>4</issue>, pp. <fpage>477</fpage>-<lpage>484</lpage>.</mixed-citation></ref>
<ref id="ref044"><mixed-citation publication-type="journal"><person-group person-group-type="author"><string-name><surname>Zhong</surname>, <given-names>Y.</given-names></string-name>, <string-name><surname>Maropoulos</surname></string-name>. and <string-name><surname>Paul</surname>, <given-names>G.</given-names></string-name></person-group> (<year>2014</year>), “<article-title>Review of the application of flexible, measurement-assisted assembly technology in aircraft manufacturing</article-title>”, <source>Part B: Journal of Engineering Manufacture</source>, Vol. <volume>228</volume> No. <issue>10</issue>, pp. <fpage>1185</fpage>-<lpage>1197</lpage>.</mixed-citation></ref></ref-list></back>
</article>