<?xml version="1.0" encoding="UTF-8"?>
<!DOCTYPE article PUBLIC "-//NLM//DTD JATS (Z39.96) Journal Archiving and Interchange DTD with MathML3 v1.1d1 20130915//EN" "JATS-archivearticle1-mathml3.dtd"><article xmlns:mml="http://www.w3.org/1998/Math/MathML" xmlns:xlink="http://www.w3.org/1999/xlink" xmlns:xsi="http://www.w3.org/2001/XMLSchema-instance" dtd-version="1.1d1" xml:lang="en" article-type="research-article">
<front id="meta-hdr">
<journal-meta>
<journal-id journal-id-type="publisher-id">RIA</journal-id>
<journal-id journal-id-type="doi">10.1108/RIA</journal-id>
<journal-title-group>
<journal-title>Robotic Intelligence and Automation</journal-title>
<abbrev-journal-title abbrev-type="publisher">RIA</abbrev-journal-title>
</journal-title-group>
<issn publication-format="print">2754-6969</issn>
<issn publication-format="online">2754-6977</issn>
<publisher>
<publisher-name>Emerald Publishing Limited</publisher-name>
</publisher>
</journal-meta>
<article-meta id="art-meta">
<article-id pub-id-type="publisher-id">720716</article-id>
<article-id pub-id-type="doi">10.1108/RIA-11-2023-0173</article-id>
<article-id pub-id-type="original-pdf">RIA-11-2023-0173.pdf</article-id>
<article-id pub-id-type="filename">RIA-11-2023-0173</article-id>
<article-categories>
<subj-group subj-group-type="type-of-publication">
<compound-subject>
<compound-subject-part content-type="code">research-article</compound-subject-part>
<compound-subject-part content-type="label">Research paper</compound-subject-part>
</compound-subject>
</subj-group>
<subj-group subj-group-type="subject">
<compound-subject>
<compound-subject-part content-type="code">cat-ENGG</compound-subject-part>
<compound-subject-part content-type="label">Engineering</compound-subject-part>
</compound-subject>
<subj-group subj-group-type="subject">
<compound-subject>
<compound-subject-part content-type="code"/>
<compound-subject-part content-type="label">Industrial engineering</compound-subject-part>
</compound-subject>
<subj-group subj-group-type="subject">
<compound-subject>
<compound-subject-part content-type="code"/>
<compound-subject-part content-type="label">design &amp; manufacturing</compound-subject-part>
</compound-subject>
<subj-group subj-group-type="subject">
<compound-subject>
<compound-subject-part content-type="code">cat-ENGG</compound-subject-part>
<compound-subject-part content-type="label">Engineering</compound-subject-part>
</compound-subject>
<subj-group subj-group-type="subject">
<compound-subject>
<compound-subject-part content-type="code">cat-MEG</compound-subject-part>
<compound-subject-part content-type="label">Mechanical engineering</compound-subject-part>
</compound-subject>
</subj-group>
</subj-group>
</subj-group>
</subj-group>
</subj-group>
</article-categories>
<title-group>
<article-title xml:lang="en">Path planning for robot search task using belief criteria decision-making</article-title>
</title-group>
<contrib-group>
<contrib contrib-type="author">
<name-alternatives>
<name name-style="western"><surname>Zhao</surname><given-names>Long</given-names></name>
<string-name name-style="western"><given-names>Long</given-names> <surname>Zhao</surname></string-name>
</name-alternatives><email>zhaolong@nefu.edu.cn</email><xref ref-type="aff" rid="aff1"/>
</contrib>
<contrib contrib-type="author">
<name-alternatives>
<name name-style="western"><surname>Liu</surname><given-names>Xiaoye</given-names></name>
<string-name name-style="western"><given-names>Xiaoye</given-names> <surname>Liu</surname></string-name>
</name-alternatives><email>lxy2022@hljeu.edu.cn</email><xref ref-type="aff" rid="aff2"/>
</contrib>
<contrib contrib-type="author">
<name-alternatives>
<name name-style="western"><surname>Li</surname><given-names>Linxiang</given-names></name>
<string-name name-style="western"><given-names>Linxiang</given-names> <surname>Li</surname></string-name>
</name-alternatives><email>lilinxiang@tsari.tsinghua.edu.cn</email><xref ref-type="aff" rid="aff3"/>
</contrib>
<contrib contrib-type="author">
<name-alternatives>
<name name-style="western"><surname>Guo</surname><given-names>Run</given-names></name>
<string-name name-style="western"><given-names>Run</given-names> <surname>Guo</surname></string-name>
</name-alternatives><email>ladengweisi@163.com</email><xref ref-type="aff" rid="aff4"/>
</contrib>
<contrib corresp="yes" contrib-type="author">
<name-alternatives>
<name name-style="western"><surname>Chen</surname><given-names>Yang</given-names></name>
<string-name name-style="western"><given-names>Yang</given-names> <surname>Chen</surname></string-name>
</name-alternatives><email>neuchenyang@163.com</email><xref ref-type="aff" rid="aff5"/>
</contrib>
<aff id="aff1">College of Information Engineering, <institution-wrap><institution>East University of Heilongjiang</institution></institution-wrap>, Harbin, <country country="CN">China</country></aff>
<aff id="aff2">College of Economics and Trade, <institution-wrap><institution>East University of Heilongjiang</institution></institution-wrap>, Harbin, <country country="CN">China</country></aff>
<aff id="aff3"><institution-wrap><institution>Suzhou Automotive Research Institute (Xiangcheng), Tsinghua University</institution></institution-wrap>, Suzhou, <country country="CN">China</country></aff>
<aff id="aff4">College of Electrical Engineering, <institution-wrap><institution>Yanshan University</institution></institution-wrap>, Qinhuangdao, <country country="CN">China</country></aff>
<aff id="aff5">Department of Computer Science and Technology, <institution-wrap><institution>Tsinghua University</institution></institution-wrap>, Beijing, <country country="CN">China</country></aff>
</contrib-group>
<author-notes>
<corresp id="cor1">Yang Chen can be contacted at: <ext-link ext-link-type="email" xlink:href="mailto:neuchenyang@163.com">neuchenyang@163.com</ext-link></corresp></author-notes>
<pub-date publication-format="electronic" date-type="pub" iso-8601-date="2024-04-25"><day>25</day><month>04</month><year>2024</year></pub-date>
<pub-date publication-format="print" date-type="pub" iso-8601-date="2024-05-06"><day>06</day><month>05</month><year>2024</year></pub-date>
<volume>44</volume><issue>2</issue>
<fpage>306</fpage><lpage>315</lpage>
<history>
<date date-type="received" iso-8601-date="2023-09-10"><day>10</day><month>09</month><year>2023</year></date>
<date date-type="revised" iso-8601-date="2023-12-26"><day>26</day><month>12</month><year>2023</year></date>
<date date-type="revised" iso-8601-date="2024-01-29"><day>29</day><month>01</month><year>2024</year></date>
<date date-type="accepted" iso-8601-date="2024-02-02"><day>02</day><month>02</month><year>2024</year></date>
</history>
<permissions>
<copyright-statement>© Emerald Publishing Limited</copyright-statement>
<copyright-year>2024</copyright-year>
<copyright-holder>Emerald Publishing Limited</copyright-holder>
<license license-type="publisher">
<license-p>Licensed re-use rights only</license-p>
</license>
</permissions>
<self-uri content-type="pdf" xlink:href="RIA-11-2023-0173.pdf"/>
<abstract abstract-type="structured" id="abstr1" xml:lang="en">
<sec><title content-type="abstract-subheading">Purpose</title>
<p>This study aims to realize efficient, fast and safe robot search task, the belief criteria decision-making approach is proposed to solve the object search task with an uncertain location.</p>
</sec>
<sec><title content-type="abstract-subheading">Design/methodology/approach</title>
<p>The study formulates the robot search task as a partially observable Markov decision process, uses the semantic information to evaluate the belief state and designs the belief criteria decision-making approach. A cost function considering a trade-off among belief state, path length and movement effort is modelled to select the next best location in path planning.</p>
</sec>
<sec><title content-type="abstract-subheading">Findings</title>
<p>The semantic information is successfully modelled and propagated, which can represent the belief of finding object. The belief criteria decision-making (BCDM) approach is evaluated in both Gazebo simulation platform and physical experiments. Compared to greedy, uniform and random methods, the performance index of path length and execution time is superior by BCDM approach.</p>
</sec>
<sec><title content-type="abstract-subheading">Originality/value</title>
<p>The prior knowledge of robot working environment, especially semantic information, can be used for path planning to achieve efficient task execution in path length and execution time. The modelling and updating of environment information can lead a promising research topic to realize a more intelligent decision-making method for object search task.</p>
</sec>
</abstract>
<kwd-group kwd-group-type="author-generated" xml:lang="en">
<kwd>Mobile robots</kwd><x xml:space="preserve">, </x>
<kwd>Path planning</kwd><x xml:space="preserve">, </x>
<kwd>Belief criteria</kwd><x xml:space="preserve">, </x>
<kwd>Decision-making</kwd><x xml:space="preserve">, </x>
<kwd>Object search</kwd>
</kwd-group>
<counts>
<fig-count count="11"/>
<table-count count="3"/>
<equation-count count="9"/>
<ref-count count="19"/>
<page-count count="10"/>
<word-count count="5462"/>
</counts>
<custom-meta-group>
<custom-meta>
<meta-name>copyright-code</meta-name>
<meta-value>M</meta-value>
</custom-meta>
<custom-meta>
<meta-name>deliverables</meta-name>
<meta-value>Web-ready article package</meta-value>
</custom-meta>
<custom-meta>
<meta-name>peer-reviewed</meta-name>
<meta-value>Yes</meta-value>
</custom-meta>
<custom-meta>
<meta-name>academic-content</meta-name>
<meta-value>Yes</meta-value>
</custom-meta>
<custom-meta>
<meta-name>EContentType</meta-name>
<meta-value>JOURNAL</meta-value>
</custom-meta>
<custom-meta>
<meta-name>rightslink</meta-name>
<meta-value>included</meta-value>
</custom-meta>
</custom-meta-group>
</article-meta>
</front>

<back>
<ref-list id="refs1">
<title>References</title>
<ref id="ref001"><mixed-citation publication-type="journal"><person-group person-group-type="author"><string-name><surname>Burks</surname>, <given-names>L.</given-names></string-name>, <string-name><surname>Loefgren</surname>, <given-names>I.</given-names></string-name> and <string-name><surname>Ahmed</surname>, <given-names>N.R.</given-names></string-name></person-group> (<year>2019</year>), “<article-title>Optimal continuous state POMDP planning with semantic observations: a variational approach</article-title>”, <source>IEEE Transactions on Robotics</source>, Vol. <volume>35</volume> No. <issue>6</issue>, pp. <fpage>1488</fpage>-<lpage>1507</lpage>.</mixed-citation></ref>
<ref id="ref002"><mixed-citation publication-type="journal"><person-group person-group-type="author"><string-name><surname>Diab</surname>, <given-names>M.</given-names></string-name>, <string-name><surname>Pomarlan</surname>, <given-names>M.</given-names></string-name>, <string-name><surname>Beßler</surname>, <given-names>D.</given-names></string-name>, <string-name><surname>Akbari</surname>, <given-names>A.</given-names></string-name>, <string-name><surname>Rosell</surname>, <given-names>J.</given-names></string-name>, <string-name><surname>Bateman</surname>, <given-names>J.</given-names></string-name> and <string-name><surname>Beetz</surname>, <given-names>M.</given-names></string-name></person-group> (<year>2020</year>), “<article-title>SkillMaN–a skill-based robotic manipulation framework based on perception and reasoning</article-title>”, <source>Robotics and Autonomous Systems</source>, Vol. <volume>134</volume>, p. <fpage>103653</fpage>.</mixed-citation></ref>
<ref id="ref003"><mixed-citation publication-type="journal"><person-group person-group-type="author"><string-name><surname>Fox</surname>, <given-names>D.</given-names></string-name>, <string-name><surname>Burgard</surname>, <given-names>W.</given-names></string-name> and <string-name><surname>Thrun</surname>, <given-names>S.</given-names></string-name></person-group> (<year>1997</year>), “<article-title>The dynamic window approach to collision avoidance</article-title>”, <source>IEEE Robotics &amp; Automation Magazine</source>, Vol. <volume>4</volume> No. <issue>1</issue>, pp. <fpage>23</fpage>-<lpage>33</lpage>.</mixed-citation></ref>
<ref id="ref004"><mixed-citation publication-type="confproc"><person-group person-group-type="author"><string-name><surname>Holzherr</surname>, <given-names>L.</given-names></string-name>, <string-name><surname>Förster</surname>, <given-names>J.</given-names></string-name>, <string-name><surname>Breyer</surname>, <given-names>M.</given-names></string-name>, <string-name><surname>Nieto</surname>, <given-names>J.</given-names></string-name>, <string-name><surname>Siegwart</surname>, <given-names>R.</given-names></string-name> and <string-name><surname>Chung</surname>, <given-names>J.J.</given-names></string-name></person-group> (<year>2021</year>), “<article-title>Efficient multi-scale POMDPs for robotic object search and delivery</article-title>”, <conf-name><italic>IEEE International Conference on Robotics and Automation</italic></conf-name>, pp. <fpage>6585</fpage>-<lpage>6591</lpage>.</mixed-citation></ref>
<ref id="ref005"><mixed-citation publication-type="journal"><person-group person-group-type="author"><string-name><surname>Ilyas</surname>, <given-names>M.</given-names></string-name>, <string-name><surname>Khaw</surname>, <given-names>H.Y.</given-names></string-name>, <string-name><surname>Selvaraj</surname>, <given-names>N.M.</given-names></string-name>, <string-name><surname>Jin</surname>, <given-names>Y.</given-names></string-name>, <string-name><surname>Zhao</surname>, <given-names>X.</given-names></string-name> and <string-name><surname>Cheah</surname>, <given-names>C.C.</given-names></string-name></person-group> (<year>2021</year>), “<article-title>Robot-assisted object detection for construction automation: data and information-driven approach</article-title>”, <source>IEEE/ASME Transactions on Mechatronics</source>, Vol. <volume>26</volume> No. <issue>6</issue>, pp. <fpage>2845</fpage>-<lpage>2856</lpage>.</mixed-citation></ref>
<ref id="ref006"><mixed-citation publication-type="journal"><person-group person-group-type="author"><string-name><surname>Kostavelis</surname>, <given-names>I.</given-names></string-name>, <string-name><surname>Charalampous</surname>, <given-names>K.</given-names></string-name>, <string-name><surname>Gasteratos</surname>, <given-names>A.</given-names></string-name> and <string-name><surname>Tsotsos</surname>, <given-names>J.K.</given-names></string-name></person-group> (<year>2016</year>), “<article-title>Robot navigation via spatial and temporal coherent semantic maps</article-title>”, <source>Engineering Applications of Artificial Intelligence</source>, Vol. <volume>48</volume>, pp. <fpage>173</fpage>-<lpage>187</lpage>.</mixed-citation></ref>
<ref id="ref007"><mixed-citation publication-type="confproc"><person-group person-group-type="author"><string-name><surname>Kurenkov</surname>, <given-names>A.</given-names></string-name>, <string-name><surname>Martín-Martín</surname>, <given-names>R.</given-names></string-name>, <string-name><surname>Ichnowski</surname>, <given-names>J.</given-names></string-name>, <string-name><surname>Goldberg</surname>, <given-names>K.</given-names></string-name> and <string-name><surname>Savarese</surname>, <given-names>S.</given-names></string-name></person-group> (<year>2021</year>), “<article-title>Semantic and geometric modeling with neural message passing in 3D scene graphs for hierarchical mechanical search</article-title>”, <conf-name><italic>IEEE International Conference on Robotics and Automation</italic></conf-name>, pp. <fpage>11227</fpage>-<lpage>11233</lpage>.</mixed-citation></ref>
<ref id="ref008"><mixed-citation publication-type="journal"><person-group person-group-type="author"><string-name><surname>LaValle</surname>, <given-names>S.M.</given-names></string-name> and <string-name><surname>Kuffner</surname>, <given-names>J.J.</given-names> <suffix>Jr</suffix></string-name></person-group>, (<year>2001</year>), “<article-title>Randomized kinodynamic planning</article-title>”, <source>The International Journal of Robotics Research</source>, Vol. <volume>20</volume> No. <issue>5</issue>, pp. <fpage>378</fpage>-<lpage>400</lpage>.</mixed-citation></ref>
<ref id="ref009"><mixed-citation publication-type="confproc"><person-group person-group-type="author"><string-name><surname>Pennington</surname>, <given-names>J.</given-names></string-name>, <string-name><surname>Socher</surname>, <given-names>R.</given-names></string-name> and <string-name><surname>Manning</surname>, <given-names>C.D.</given-names></string-name></person-group> (<year>2014</year>), “<article-title>Glove: global vectors for word representation</article-title>”, <conf-name>Proceedings of the 2014 Conference on Empirical Methods in Natural Language Processing</conf-name>, pp. <fpage>1532</fpage>-<lpage>1543</lpage>.</mixed-citation></ref>
<ref id="ref010"><mixed-citation publication-type="confproc"><person-group person-group-type="author"><string-name><surname>Qi</surname>, <given-names>Y.</given-names></string-name>, <string-name><surname>Wu</surname>, <given-names>Q.</given-names></string-name>, <string-name><surname>Anderson</surname>, <given-names>P.</given-names></string-name>, <string-name><surname>Wang</surname>, <given-names>X.</given-names></string-name>, <string-name><surname>Wang</surname>, <given-names>W.Y.</given-names></string-name>, <string-name><surname>Shen</surname>, <given-names>C.</given-names></string-name> and <string-name><surname>Hengel</surname>, <given-names>A.V.D.</given-names></string-name></person-group> (<year>2020</year>), “<article-title>Reverie: remote embodied visual referring expression in real indoor environments</article-title>”, <conf-name>Proceedings of the IEEE/CVF Conference on Computer Vision and Pattern Recognition</conf-name>, pp. <fpage>9982</fpage>-<lpage>9991</lpage>.</mixed-citation></ref>
<ref id="ref011"><mixed-citation publication-type="confproc"><person-group person-group-type="author"><string-name><surname>Redmon</surname>, <given-names>J.</given-names></string-name> and <string-name><surname>Farhadi</surname>, <given-names>A.</given-names></string-name></person-group> (<year>2018</year>), “<article-title>YOLOv3: an incremental improvement</article-title>”, <source>arXiv preprint arXiv</source>, pp. <fpage>1804</fpage>-<lpage>2767</lpage>.</mixed-citation></ref>
<ref id="ref012"><mixed-citation publication-type="confproc"><person-group person-group-type="author"><string-name><surname>Saisubramanian</surname>, <given-names>S.</given-names></string-name>, <string-name><surname>Wray</surname>, <given-names>K.H.</given-names></string-name>, <string-name><surname>Pineda</surname>, <given-names>L.</given-names></string-name> and <string-name><surname>Zilberstein</surname>, <given-names>S.</given-names></string-name></person-group> (<year>2019</year>), “<article-title>Planning in stochastic environments with goal uncertainty</article-title>”, <conf-name><italic>IEEE/RSJ International Conference on Intelligent Robots and Systems</italic></conf-name>, pp. <fpage>1649</fpage>-<lpage>1654</lpage>.</mixed-citation></ref>
<ref id="ref013"><mixed-citation publication-type="confproc"><person-group person-group-type="author"><string-name><surname>Shim</surname>, <given-names>V.A.</given-names></string-name>, <string-name><surname>Tian</surname>, <given-names>B.</given-names></string-name>, <string-name><surname>Yuan</surname>, <given-names>M.</given-names></string-name>, <string-name><surname>Tang</surname>, <given-names>H.</given-names></string-name> and <string-name><surname>Li</surname>, <given-names>H.</given-names></string-name></person-group> (<year>2014</year>), “<article-title>Direction-driven navigation using cognitive map for mobile robots</article-title>”, <conf-name><italic>IEEE/RSJ International Conference on Intelligent Robots and Systems</italic></conf-name>, pp. <fpage>2639</fpage>-<lpage>2646</lpage>.</mixed-citation></ref>
<ref id="ref014"><mixed-citation publication-type="journal"><person-group person-group-type="author"><string-name><surname>Sun</surname>, <given-names>F.</given-names></string-name>, <string-name><surname>Chen</surname>, <given-names>Y.</given-names></string-name>, <string-name><surname>Wu</surname>, <given-names>Y.</given-names></string-name>, <string-name><surname>Li</surname>, <given-names>L.</given-names></string-name> and <string-name><surname>Ren</surname>, <given-names>X.</given-names></string-name></person-group> (<year>2022</year>), “<article-title>Motion planning and cooperative manipulation for mobile robots with dual arms</article-title>”, <source>IEEE Transactions on Emerging Topics in Computational Intelligence</source>, Vol. <volume>6</volume> No. <issue>6</issue>, pp. <fpage>1345</fpage>-<lpage>1356</lpage>.</mixed-citation></ref>
<ref id="ref015"><mixed-citation publication-type="confproc"><person-group person-group-type="author"><string-name><surname>Sünderhauf</surname>, <given-names>N.</given-names></string-name>, <string-name><surname>Dayoub</surname>, <given-names>F.</given-names></string-name>, <string-name><surname>McMahon</surname>, <given-names>S.</given-names></string-name>, <string-name><surname>Talbot</surname>, <given-names>B.</given-names></string-name>, <string-name><surname>Schulz</surname>, <given-names>R.</given-names></string-name>, <string-name><surname>Corke</surname>, <given-names>P.</given-names></string-name>, <string-name><surname>Wyeth</surname>, <given-names>G.</given-names></string-name>, <string-name><surname>Upcroft</surname>, <given-names>B.</given-names></string-name> and <string-name><surname>Milford</surname>, <given-names>M.</given-names></string-name></person-group> (<year>2016</year>), “<article-title>Place categorization and semantic mapping on a mobile robot</article-title>”, <conf-name><italic>IEEE International Conference on Robotics and Automation</italic></conf-name>, pp. <fpage>5729</fpage>-<lpage>5736</lpage>.</mixed-citation></ref>
<ref id="ref016"><mixed-citation publication-type="journal"><person-group person-group-type="author"><string-name><surname>Tsang</surname>, <given-names>F.</given-names></string-name>, <string-name><surname>Walker</surname>, <given-names>T.</given-names></string-name>, <string-name><surname>MacDonald</surname>, <given-names>R.A.</given-names></string-name>, <string-name><surname>Sadeghi</surname>, <given-names>A.</given-names></string-name> and <string-name><surname>Smith</surname>, <given-names>S.L.</given-names></string-name></person-group> (<year>2021</year>), “<article-title>LAMP: learning a motion policy to repeatedly navigate in an uncertain environment</article-title>”, <source>IEEE Transactions on Robotics</source>, Vol. <volume>38</volume> No. <issue>3</issue>, pp. <fpage>1638</fpage>-<lpage>1652</lpage>.</mixed-citation></ref>
<ref id="ref017"><mixed-citation publication-type="journal"><person-group person-group-type="author"><string-name><surname>Wang</surname>, <given-names>Z.</given-names></string-name> and <string-name><surname>Tian</surname>, <given-names>G.</given-names></string-name></person-group> (<year>2022</year>), “<article-title>Hybrid offline and online task planning for service robot using object-level semantic map and probabilistic inference</article-title>”, <source>Information Sciences</source>, Vol. <volume>593</volume>, pp. <fpage>78</fpage>-<lpage>98</lpage>.</mixed-citation></ref>
<ref id="ref018"><mixed-citation publication-type="journal"><person-group person-group-type="author"><string-name><surname>Wang</surname>, <given-names>C.</given-names></string-name>, <string-name><surname>Cheng</surname>, <given-names>J.</given-names></string-name>, <string-name><surname>Wang</surname>, <given-names>J.</given-names></string-name>, <string-name><surname>Li</surname>, <given-names>X.</given-names></string-name> and <string-name><surname>Meng</surname>, <given-names>M.Q.H.</given-names></string-name></person-group> (<year>2018</year>), “<article-title>Efficient object search with belief road map using mobile robot</article-title>”, <source>IEEE Robotics and Automation Letters</source>, Vol. <volume>3</volume> No. <issue>4</issue>, pp. <fpage>3081</fpage>-<lpage>3088</lpage>.</mixed-citation></ref>
<ref id="ref019"><mixed-citation publication-type="confproc"><person-group person-group-type="author"><string-name><surname>Yedidsion</surname>, <given-names>H.</given-names></string-name>, <string-name><surname>Suriadinata</surname>, <given-names>J.</given-names></string-name>, <string-name><surname>Xu</surname>, <given-names>Z.</given-names></string-name>, <string-name><surname>Debruyn</surname>, <given-names>S.</given-names></string-name> and <string-name><surname>Stone</surname>, <given-names>P.</given-names></string-name></person-group> (<year>2021</year>), “<article-title>A scavenger hunt for service robots</article-title>”, <conf-name><italic>IEEE International Conference on Robotics and Automation</italic></conf-name>, pp. <fpage>7774</fpage>-<lpage>7780</lpage>.</mixed-citation></ref></ref-list></back>
</article>