<?xml version="1.0" encoding="UTF-8"?>
<!DOCTYPE article PUBLIC "-//NLM//DTD JATS (Z39.96) Journal Archiving and Interchange DTD with MathML3 v1.1d1 20130915//EN" "JATS-archivearticle1-mathml3.dtd"><article xmlns:mml="http://www.w3.org/1998/Math/MathML" xmlns:xlink="http://www.w3.org/1999/xlink" article-type="e-literature-review" dtd-version="1.1d1" xml:lang="en">
<front id="meta-hdr">
<journal-meta>
<journal-id journal-id-type="publisher-id">JHTT</journal-id>
<journal-id journal-id-type="doi">10.1108/JHTT</journal-id>
<journal-title-group>
<journal-title>Journal of Hospitality and Tourism Technology</journal-title>
<abbrev-journal-title abbrev-type="publisher">JHTT</abbrev-journal-title>
</journal-title-group>
<issn publication-format="print">1757-9880</issn>
<issn publication-format="online">1757-9880</issn>
<publisher>
<publisher-name>Emerald Publishing Limited</publisher-name>
</publisher>
</journal-meta>
<article-meta id="art-meta">
<article-id pub-id-type="publisher-id">711230</article-id>
<article-id pub-id-type="doi">10.1108/JHTT-11-2022-0299</article-id>
<article-id pub-id-type="original-pdf">JHTT-11-2022-0299.pdf</article-id>
<article-id pub-id-type="filename">JHTT-11-2022-0299</article-id>
<article-categories>
<subj-group subj-group-type="type-of-publication">
<compound-subject>
<compound-subject-part content-type="code">e-literature-review</compound-subject-part>
<compound-subject-part content-type="label">Literature review</compound-subject-part>
</compound-subject>
</subj-group>
<subj-group subj-group-type="subject">
<compound-subject>
<compound-subject-part content-type="code">cat-THOS</compound-subject-part>
<compound-subject-part content-type="label">Tourism &amp; hospitality</compound-subject-part>
</compound-subject>
<subj-group subj-group-type="subject">
<compound-subject>
<compound-subject-part content-type="code"/>
<compound-subject-part content-type="label"> Tourism technology</compound-subject-part>
</compound-subject>
<subj-group subj-group-type="subject">
<compound-subject>
<compound-subject-part content-type="code"/>
<compound-subject-part content-type="label"> E-commerce in tourism</compound-subject-part>
</compound-subject>
<subj-group subj-group-type="subject">
<compound-subject>
<compound-subject-part content-type="code"/>
<compound-subject-part content-type="label"> Tourism &amp; hospitality</compound-subject-part>
</compound-subject>
<subj-group subj-group-type="subject">
<compound-subject>
<compound-subject-part content-type="code"/>
<compound-subject-part content-type="label"> Tourism technology</compound-subject-part>
</compound-subject>
<subj-group subj-group-type="subject">
<compound-subject>
<compound-subject-part content-type="code"/>
<compound-subject-part content-type="label"> E-Intermediaries in tourism</compound-subject-part>
</compound-subject>
<subj-group subj-group-type="subject">
<compound-subject>
<compound-subject-part content-type="code"/>
<compound-subject-part content-type="label"> Tourism &amp; hospitality</compound-subject-part>
</compound-subject>
<subj-group subj-group-type="subject">
<compound-subject>
<compound-subject-part content-type="code"/>
<compound-subject-part content-type="label"> Tourism technology</compound-subject-part>
</compound-subject>
<subj-group subj-group-type="subject">
<compound-subject>
<compound-subject-part content-type="code"/>
<compound-subject-part content-type="label"> Location-based services/global positioning systems</compound-subject-part>
</compound-subject>
<subj-group subj-group-type="subject">
<compound-subject>
<compound-subject-part content-type="code"/>
<compound-subject-part content-type="label"> Tourism &amp; hospitality</compound-subject-part>
</compound-subject>
<subj-group subj-group-type="subject">
<compound-subject>
<compound-subject-part content-type="code"/>
<compound-subject-part content-type="label"> Tourism technology</compound-subject-part>
</compound-subject>
<subj-group subj-group-type="subject">
<compound-subject>
<compound-subject-part content-type="code"/>
<compound-subject-part content-type="label"> Mobile/wireless technologies in tourism</compound-subject-part>
</compound-subject>
</subj-group>
</subj-group>
</subj-group>
</subj-group>
</subj-group>
</subj-group>
</subj-group>
</subj-group>
</subj-group>
</subj-group>
</subj-group>
</subj-group>
</article-categories>
<title-group>
<article-title xml:lang="en">Virtual reality and augmented reality applications and their effect on tourist engagement: a hybrid review</article-title>
</title-group>
<contrib-group>
<contrib corresp="yes" contrib-type="author">
<name-alternatives>
<name name-style="western"><surname>Omran</surname><given-names>Wajdy</given-names></name>
<string-name name-style="western"><given-names>Wajdy</given-names> <surname>Omran</surname>
</string-name>
</name-alternatives><email>id9909@alunos.uminho.pt</email><xref ref-type="aff" rid="aff1"/>
</contrib>
<contrib contrib-type="author">
<name-alternatives>
<name name-style="western"><surname>Ramos</surname><given-names>Ricardo F.</given-names></name>
<string-name name-style="western"><given-names>Ricardo F.</given-names> <surname>Ramos</surname>
</string-name>
</name-alternatives><email>ricardo_ramos@iscte.pt</email><xref ref-type="aff" rid="aff2"/>
</contrib> 
<contrib contrib-type="author">
<name-alternatives>
<name name-style="western"><surname>Casais</surname><given-names>Beatriz</given-names></name>
<string-name name-style="western"><given-names>Beatriz</given-names> <surname>Casais</surname>
</string-name>
</name-alternatives><email>bcasais@eeg.uminho.pt</email><xref ref-type="aff" rid="aff3"/>
</contrib> 
<aff id="aff1">Department of Management, School of Economics and Management, Centre for Research in Economics and Management (NIPE), <institution-wrap><institution>University of Minho</institution></institution-wrap>, Braga, <country country="PT">Portugal</country></aff>
<aff id="aff2">Department of Management, Escola Superior de Tecnologia e Gestão de Oliveira do Hospital (ESTGOH), <institution-wrap><institution>Instituto Politécnico de Coimbra</institution></institution-wrap>, Oliveira do Hospital, <country country="PT">Portugal</country>; Centro de Investigação em Ciências da Informação, Tecnologias e Arquitetura, ISTAR, <institution-wrap><institution>Instituto Universitário de Lisboa (ISCTE-IUL)</institution></institution-wrap>, Lisboa, <country country="PT">Portugal</country>; Centro de Investigação em Ciências Económicas e Empresariais (CICEE), Ciências Económicas e Empresariais, <institution-wrap><institution>Universidade Autónoma de Lisboa (UAL)</institution></institution-wrap>, Lisboa, <country country="PT">Portugal</country></aff>
<aff id="aff3">Department of Management, School of Economics and Management, <institution-wrap><institution>University of Minho</institution></institution-wrap>, Braga, <country country="PT">Portugal</country> and <institution-wrap><institution>CICS.NOVA.UMinho</institution></institution-wrap>, Braga, <country country="PT">Portugal</country></aff>
</contrib-group>
<author-notes>
<corresp id="cor1">Wajdy Omran can be contacted at: <ext-link ext-link-type="email" xlink:href="mailto:id9909@alunos.uminho.pt">id9909@alunos.uminho.pt</ext-link></corresp></author-notes>
<pub-date publication-format="electronic" date-type="pub" iso-8601-date="2023-10-24"><day>24</day><month>10</month><year>2023</year></pub-date>
<pub-date publication-format="print" date-type="pub" iso-8601-date="2024-08-05"><day>05</day><month>08</month><year>2024</year></pub-date>
<volume>15</volume><issue>4</issue>
<fpage>497</fpage><lpage>518</lpage>
<history>
<date date-type="received" iso-8601-date="2022-11-01"><day>01</day><month>11</month><year>2022</year></date>
<date date-type="revised" iso-8601-date="2023-03-28"><day>28</day><month>03</month><year>2023</year></date>
<date date-type="revised" iso-8601-date="2023-06-28"><day>28</day><month>06</month><year>2023</year></date>
<date date-type="revised" iso-8601-date="2023-08-29"><day>29</day><month>08</month><year>2023</year></date>
<date date-type="accepted" iso-8601-date="2023-08-30"><day>30</day><month>08</month><year>2023</year></date>
</history>
<permissions>
<copyright-statement>© Emerald Publishing Limited</copyright-statement>
<copyright-year>2023</copyright-year>
<copyright-holder>Emerald Publishing Limited</copyright-holder>
<license license-type="publisher">
<license-p>Licensed re-use rights only</license-p>
</license>
</permissions>
<self-uri content-type="pdf" xlink:href="JHTT-11-2022-0299.pdf"/>
<abstract abstract-type="structured" id="abstr1" xml:lang="en">
<sec>
<title content-type="abstract-subheading">Purpose</title>
<p>This study consolidates insights on the role of virtual reality (VR) and augmented reality (AR) in tourism engagement (TE). In addition, it suggests new directions for research in tourism and hospitality.</p>
</sec>
<sec>
<title content-type="abstract-subheading">Design/methodology/approach</title>
<p>A hybrid integrative review was used with bibliometric and theory-context-characteristics-method framework analyses of 236 peer-reviewed journal articles.</p>
</sec>
<sec>
<title content-type="abstract-subheading">Findings</title>
<p>Computer science journals dominate TE in VR/AR research. Emotional and immersive attributes of VR/AR sustain TE. Exploring cultural theories can enrich TE perspectives in the context of VR/AR. This study offers fruitful directions by exploring virtual technology’s role in sustaining cultural heritage and studying TE intentions and perceptions on VR/AR tourism mobile applications.</p>
</sec>
<sec>
<title content-type="abstract-subheading">Originality/value</title>
<p>To the best of the authors’ knowledge, this is the first study that uncovers the structure and intellectual rationale of existent research.</p>
</sec>
</abstract>
<abstract abstract-type="structured" id="abstr2" xml:lang="zh">
<sec>
<title content-type="abstract-subheading">研究目的</title>
<p>本研究整合了关于虚拟现实（VR）和增强现实（AR）在旅游参与（TE）中的作用的见解。此外, 本研究为旅游和酒店业的研究提供了新的方向。</p>
</sec>
<sec>
<title content-type="abstract-subheading">研究方法</title>
<p>本研究使用文献计量学和理论-背景-特征-方法（TCCM）框架分析, 采用混合综合审查方法, 分析了236篇同行评审的期刊文章</p>
</sec>
<sec>
<title content-type="abstract-subheading">研究发现</title>
<p>计算机科学期刊在VR/AR研究中主导了TE领域。VR/AR的情感和沉浸属性支持了TE。在VR/AR的背景下, 探索文化理论可以丰富TE的视角。本研究通过探讨虚拟技术在保护文化遗产方面的作用, 以及研究VR/AR旅游移动应用中的TE意图和感知, 提供了有益的研究方向。</p>
</sec>
<sec>
<title content-type="abstract-subheading">研究创新</title>
<p>这是第一项揭示现有研究结构和知识理论基础的研究。</p>
</sec>
</abstract>
<kwd-group kwd-group-type="author-generated" xml:lang="en">
<kwd>Tourist engagement</kwd><x xml:space="preserve">, </x>
<kwd>Virtual reality</kwd><x xml:space="preserve">, </x>
<kwd>Augmented reality</kwd><x xml:space="preserve">, </x>
<kwd>Hybrid review</kwd>
</kwd-group>
<kwd-group kwd-group-type="author-generated" xml:lang="zh">
<kwd>游客参与</kwd><x xml:space="preserve">, </x>
<kwd/><x xml:space="preserve">, </x>
<kwd>虚拟现实</kwd><x xml:space="preserve">, </x>
<kwd/><x xml:space="preserve">, </x>
<kwd>增强现实</kwd><x xml:space="preserve">, </x>
<kwd/><x xml:space="preserve">, </x>
<kwd>混合综述</kwd><x xml:space="preserve">, </x>
<kwd>。</kwd>
</kwd-group>
<counts>
<fig-count count="1"/>
<table-count count="8"/>
<equation-count count="0"/>
<ref-count count="84"/>
<page-count count="22"/>
<word-count count="9790"/>
</counts>
<custom-meta-group>
<custom-meta>
<meta-name>copyright-code</meta-name>
<meta-value>M</meta-value>
</custom-meta>
<custom-meta>
<meta-name>deliverables</meta-name>
<meta-value>Web-ready article package</meta-value>
</custom-meta>
<custom-meta>
<meta-name>peer-reviewed</meta-name>
<meta-value>Yes</meta-value>
</custom-meta>
<custom-meta>
<meta-name>academic-content</meta-name>
<meta-value>Yes</meta-value>
</custom-meta>
<custom-meta>
<meta-name>EContentType</meta-name>
<meta-value>JOURNAL</meta-value>
</custom-meta>
<custom-meta>
<meta-name>rightslink</meta-name>
<meta-value>included</meta-value>
</custom-meta>
</custom-meta-group>
</article-meta>
</front>

<back>

<ref-list id="refs1">
<title>References</title>
<ref id="ref001"><mixed-citation publication-type="book"><person-group person-group-type="author"><string-name><surname>Alghatrifi</surname>, <given-names>I.</given-names></string-name> and <string-name><surname>Khalid</surname>, <given-names>H.</given-names></string-name></person-group> (<year>2019</year>), “<article-title>A systematic review of UTAUT and UTAUT2 as a baseline framework of information system research in adopting new technology: a case study of IPV6 adoption</article-title>”, <source>2019 6th International Conference on Research and Innovation in Information Systems (ICRIIS)</source>, <publisher-name><italic>IEEE</italic></publisher-name>, pp. <source>1–6</source>.</mixed-citation></ref>
<ref id="ref002"><mixed-citation publication-type="journal"><person-group person-group-type="author"><string-name><surname>Aria</surname>, <given-names>M.</given-names></string-name> and <string-name><surname>Cuccurullo</surname>, <given-names>C.</given-names></string-name></person-group> (<year>2017</year>), “<article-title>Bibliometrix: an R-tool for comprehensive science mapping analysis</article-title>”, <source>Journal of Informetrics</source>, Vol. <volume>11</volume> No. <issue>4</issue>, pp. <fpage>959</fpage>-<lpage>975</lpage>.</mixed-citation></ref>
<ref id="ref0311"><mixed-citation publication-type="journal"><person-group person-group-type="author"><string-name><surname>Bec</surname>, <given-names>A.</given-names></string-name>, <string-name><surname>Moyle</surname>, <given-names>B.</given-names></string-name>, <string-name><surname>Schaffer</surname>, <given-names>V.</given-names></string-name> and <string-name><surname>Timms</surname>, <given-names>K.</given-names></string-name></person-group> (<year>2021</year>), “<article-title>Virtual reality and mixed reality for second chance tourism</article-title>”, <source>Tourism Management</source>, Vol. <volume>83</volume>, p. <fpage>104256</fpage>.</mixed-citation></ref>
<ref id="ref003"><mixed-citation publication-type="journal"><person-group person-group-type="author"><string-name><surname>Bekele</surname>, <given-names>M.K.</given-names></string-name></person-group> (<year>2021</year>), “<article-title>Clouds-based collaborative and multi-modal mixed reality for virtual heritage</article-title>”, <source>Heritage</source>, Vol. <volume>4</volume> No. <issue>3</issue>, pp. <fpage>1447</fpage>-<lpage>1459</lpage>.</mixed-citation></ref>
<ref id="ref004"><mixed-citation publication-type="journal"><person-group person-group-type="author"><string-name><surname>Bekele</surname>, <given-names>M.K.</given-names></string-name>, <string-name><surname>Champion</surname>, <given-names>E.</given-names></string-name>, <string-name><surname>McMeekin</surname>, <given-names>D.A.</given-names></string-name> and <string-name><surname>Rahaman</surname>, <given-names>H.</given-names></string-name></person-group> (<year>2021</year>), “<article-title>The influence of collaborative and multi-modal mixed reality: cultural learning in virtual heritage</article-title>”, <source>Multimodal Technologies and Interaction</source>, Vol. <volume>5</volume> No. <issue>12</issue>, p. <fpage>79</fpage>.</mixed-citation></ref>
<ref id="ref005"><mixed-citation publication-type="journal"><person-group person-group-type="author"><string-name><surname>Belter</surname>, <given-names>C.W.</given-names></string-name></person-group> (<year>2015</year>), “<article-title>Bibliometric indicators: opportunities and limits</article-title>”, <source>Journal of the Medical Library Association: JMLA</source>, Vol. <volume>103</volume> No. <issue>4</issue>, p. <fpage>219</fpage>.</mixed-citation></ref>
<ref id="ref0711"><mixed-citation publication-type="journal"><person-group person-group-type="author"><string-name><surname>Brodie</surname>, <given-names>R.J.</given-names></string-name>, <string-name><surname>Hollebeek</surname>, <given-names>L.D.</given-names></string-name>, <string-name><surname>Jurić</surname>, <given-names>B.</given-names></string-name> and <string-name><surname>Ilić</surname>, <given-names>A.</given-names></string-name></person-group> (<year>2011</year>), “<article-title>Customer engagement: conceptual domain, fundamental propositions, and implications for research</article-title>”, <source>Journal of Service Research</source>, Vol. <volume>14</volume> No. <issue>3</issue>, pp. <fpage>252</fpage>-<lpage>271</lpage>.</mixed-citation></ref>
<ref id="ref0811"><mixed-citation publication-type="book"><person-group person-group-type="author"><string-name><surname>Carrozzino</surname>, <given-names>M.</given-names></string-name>, <string-name><surname>Colombo</surname>, <given-names>M.</given-names></string-name>, <string-name><surname>Tecchia</surname>, <given-names>F.</given-names></string-name>, <string-name><surname>Evangelista</surname>, <given-names>C.</given-names></string-name> and <string-name><surname>Bergamasco</surname>, <given-names>M.</given-names></string-name></person-group> (<year>2018</year>), “<article-title>Comparing different storytelling approaches for virtual guides in digital immersive museums</article-title>”, <source>International Conference on Augmented Reality, Virtual Reality and Computer Graphics</source>, <publisher-name>Springer</publisher-name>, pp. <fpage>292</fpage>-<lpage>302</lpage>.</mixed-citation></ref>
<ref id="ref006"><mixed-citation publication-type="journal"><person-group person-group-type="author"><string-name><surname>Chen</surname>, <given-names>H.</given-names></string-name> and <string-name><surname>Rahman</surname>, <given-names>I.</given-names></string-name></person-group> (<year>2018</year>), “<article-title>Cultural tourism: an analysis of engagement, cultural contact, memorable tourism experience and destination loyalty</article-title>”, <source>Tourism Management Perspectives</source>, Vol. <volume>26</volume>, pp. <fpage>153</fpage>-<lpage>163</lpage>.</mixed-citation></ref>
<ref id="ref007"><mixed-citation publication-type="journal"><person-group person-group-type="author"><string-name><surname>Chen</surname>, <given-names>Y.</given-names></string-name>, <string-name><surname>Mandler</surname>, <given-names>T.</given-names></string-name> and <string-name><surname>Meyer-Waarden</surname>, <given-names>L.</given-names></string-name></person-group> (<year>2021</year>), “<article-title>Three decades of research on loyalty programs: a literature review and future research agenda</article-title>”, <source>Journal of Business Research</source>, Vol. <volume>124</volume>, pp. <fpage>179</fpage>-<lpage>197</lpage>.</mixed-citation></ref>
<ref id="ref008"><mixed-citation publication-type="journal"><person-group person-group-type="author"><string-name><surname>Crofton</surname>, <given-names>E.</given-names></string-name>, <string-name><surname>Murray</surname>, <given-names>N.</given-names></string-name> and <string-name><surname>Botinestean</surname>, <given-names>C.</given-names></string-name></person-group> (<year>2021</year>), “<article-title>Exploring the effects of immersive virtual reality environments on sensory perception of beef steaks and chocolate</article-title>”, <source>Foods</source>, Vol. <volume>10</volume> No. <issue>6</issue>, p. <fpage>1154</fpage>.</mixed-citation></ref>
<ref id="ref009"><mixed-citation publication-type="journal"><person-group person-group-type="author"><string-name><surname>Curtin</surname>, <given-names>S.</given-names></string-name></person-group> (<year>2005</year>), “<article-title>Nature, wild animals and tourism: an experiential view</article-title>”, <source>Journal of Ecotourism</source>, Vol. <volume>4</volume> No. <issue>1</issue>, pp. <fpage>1</fpage>-<lpage>15</lpage>.</mixed-citation></ref>
<ref id="ref010"><mixed-citation publication-type="journal"><person-group person-group-type="author"><string-name><surname>Dieck</surname>, <given-names>M.C.</given-names></string-name>, <string-name><surname>Jung</surname>, <given-names>T.H.</given-names></string-name> and <string-name><surname>Dieck</surname>, <given-names>D.</given-names></string-name></person-group> (<year>2018</year>), “<article-title>Enhancing art gallery visitors’ learning experience using wearable augmented reality: generic learning outcomes perspective</article-title>”, <source>Current Issues in Tourism</source>, Vol. <volume>21</volume> No. <issue>17</issue>, pp. <fpage>2014</fpage>-<lpage>2034</lpage>.</mixed-citation></ref>
<ref id="ref011"><mixed-citation publication-type="journal"><person-group person-group-type="author"><string-name><surname>Donthu</surname>, <given-names>N.</given-names></string-name>, <string-name><surname>Kumar</surname>, <given-names>S.</given-names></string-name>, <string-name><surname>Mukherjee</surname>, <given-names>D.</given-names></string-name>, <string-name><surname>Pandey</surname>, <given-names>N.</given-names></string-name> and <string-name><surname>Lim</surname>, <given-names>W.M.</given-names></string-name></person-group> (<year>2021</year>), “<article-title>How to conduct a bibliometric analysis: an overview and guidelines</article-title>”, <source>Journal of Business Research</source>, Vol. <volume>133</volume>, pp. <fpage>285</fpage>-<lpage>296</lpage>.</mixed-citation></ref>
<ref id="ref0151"><mixed-citation publication-type="book"><person-group person-group-type="author"><string-name><surname>Duguleana</surname>, <given-names>M.</given-names></string-name>, <string-name><surname>Brodi</surname>, <given-names>R.</given-names></string-name>, <string-name><surname>Girbacia</surname>, <given-names>F.</given-names></string-name>, <string-name><surname>Postelnicu</surname>, <given-names>C.</given-names></string-name>, <string-name><surname>Machidon</surname>, <given-names>O.</given-names></string-name> and <string-name><surname>Carrozzino</surname>, <given-names>M.</given-names></string-name></person-group> (<year>2016</year>), “<article-title>Time-travelling with mobile augmented reality: a case study on the piazza dei miracoli</article-title><chapter-title>”</chapter-title>, <source>Euro-Mediterranean Conference</source>, <publisher-name>Springer</publisher-name>, pp. <fpage>902</fpage>-<lpage>912</lpage>.</mixed-citation></ref>
<ref id="ref012"><mixed-citation publication-type="journal"><person-group person-group-type="author"><string-name><surname>Egghe</surname>, <given-names>L.</given-names></string-name></person-group> (<year>2006</year>), “<article-title>Theory and practise of the g-index</article-title>”, <source>Scientometrics</source>, Vol. <volume>69</volume> No. <issue>1</issue>, pp. <fpage>131</fpage>-<lpage>152</lpage>.</mixed-citation></ref>
<ref id="ref013"><mixed-citation publication-type="journal"><person-group person-group-type="author"><string-name><surname>Fan</surname>, <given-names>X.</given-names></string-name>, <string-name><surname>Jiang</surname>, <given-names>X.</given-names></string-name> and <string-name><surname>Deng</surname>, <given-names>N.</given-names></string-name></person-group> (<year>2022</year>), “<article-title>Immersive technology: a meta-analysis of augmented/virtual reality applications and their impact on tourism experience</article-title>”, <source>Tourism Management</source>, Vol. <volume>91</volume>, p. <fpage>104534</fpage>.</mixed-citation></ref>
<ref id="ref0181"><mixed-citation publication-type="journal"><person-group person-group-type="author"><string-name><surname>Fiocco</surname>, <given-names>A.J.</given-names></string-name>, <string-name><surname>Millett</surname>, <given-names>G.</given-names></string-name>, <string-name><surname>D’Amico</surname>, <given-names>D.</given-names></string-name>, <string-name><surname>Krieger</surname>, <given-names>L.</given-names></string-name>, <string-name><surname>Sivashankar</surname>, <given-names>Y.</given-names></string-name>, <string-name><surname>Lee</surname>, <given-names>S.H.</given-names></string-name> and <string-name><surname>Lachman</surname>, <given-names>R.</given-names></string-name></person-group> (<year>2021</year>), “<article-title>Virtual tourism for older adults living in residential care: a mixed-methods study</article-title>”, <source>Plos One</source>, Vol. <volume>16</volume> No. <issue>5</issue>, p. <fpage>e0250761</fpage>.</mixed-citation></ref>
<ref id="ref014"><mixed-citation publication-type="journal"><person-group person-group-type="author"><string-name><surname>Furtado</surname>, <given-names>A.</given-names></string-name>, <string-name><surname>Ramos</surname>, <given-names>R.F.</given-names></string-name>, <string-name><surname>Maia</surname>, <given-names>B.</given-names></string-name> and <string-name><surname>Costa</surname>, <given-names>J.M.</given-names></string-name></person-group> (<year>2022</year>), “<article-title>Predictors of hotel clients’ satisfaction in the cape verde islands</article-title>”, <source>Sustainability</source>, Vol. <volume>14</volume> No. <issue>5</issue>, p. <fpage>2677</fpage>.</mixed-citation></ref>
<ref id="ref015"><mixed-citation publication-type="book"><person-group person-group-type="author"><string-name><surname>Garipağaoğlu-Uğur</surname>, <given-names>N.</given-names></string-name> and <string-name><surname>Akova</surname>, <given-names>O.</given-names></string-name></person-group> (<year>2022</year>), “<article-title>The use of virtual reality and augmented reality in cultural heritage and deep-diving destinations</article-title>”, <source>Handbook of Research on Digital Communications, Internet of Things, and the Future of Cultural Tourism</source>, <publisher-name>IGI Global</publisher-name>, <publisher-loc>Dauphin, PA</publisher-loc>, pp. <fpage>138</fpage>-<lpage>160</lpage>.</mixed-citation></ref>
<ref id="ref016"><mixed-citation publication-type="journal"><person-group person-group-type="author"><string-name><surname>Guo</surname>, <given-names>K.</given-names></string-name>, <string-name><surname>Fan</surname>, <given-names>A.</given-names></string-name>, <string-name><surname>Lehto</surname>, <given-names>X.</given-names></string-name> and <string-name><surname>Day</surname>, <given-names>J.</given-names></string-name></person-group> (<year>2021</year>), “<article-title>Immersive digital tourism: the role of multisensory cues in digital museum experiences</article-title>”, <source>Journal of Hospitality and Tourism Research</source>, Vol. <volume>47</volume> No. <issue>6</issue>, p. <fpage>10963480211030320</fpage>.</mixed-citation></ref>
<ref id="ref017"><mixed-citation publication-type="book"><person-group person-group-type="author"><string-name><surname>Gupta</surname>, <given-names>V.</given-names></string-name>, <string-name><surname>Sajnani</surname>, <given-names>M.</given-names></string-name> and <string-name><surname>Dixit</surname>, <given-names>S.K.</given-names></string-name></person-group> (<year>2020</year>), “<article-title>Impact of augmented and virtual reality on the value co-creation of visitor’s tourism experience: a case of heritage sites in Delhi</article-title>”, <source>Tourism in Asian Cities</source>, <publisher-name>Routledge</publisher-name>, <publisher-loc>Abingdon</publisher-loc>, pp. <fpage>263</fpage>-<lpage>277</lpage>.</mixed-citation></ref>
<ref id="ref018"><mixed-citation publication-type="journal"><person-group person-group-type="author"><string-name><surname>Halbach</surname>, <given-names>O.</given-names></string-name> and <string-name><surname>von</surname>, <given-names>B.</given-names></string-name></person-group> (<year>2011</year>), “<article-title>How to judge a book by its cover? How useful are bibliometric indices for the evaluation of ‘scientific quality’ or ‘scientific productivity’?</article-title>”, <source>Annals of Anatomy-Anatomischer Anzeiger</source>, Vol. <volume>193</volume> No. <issue>3</issue>, pp. <fpage>191</fpage>-<lpage>196</lpage>.</mixed-citation></ref>
<ref id="ref019"><mixed-citation publication-type="journal"><person-group person-group-type="author"><string-name><surname>Hammady</surname>, <given-names>R.</given-names></string-name>, <string-name><surname>Ma</surname>, <given-names>M.</given-names></string-name> and <string-name><surname>Strathearn</surname>, <given-names>C.</given-names></string-name></person-group> (<year>2020a</year>), “<article-title>Ambient information visualisation and visitors’ technology acceptance of mixed reality in museums</article-title>”, <source>Journal on Computing and Cultural Heritage</source>, Vol. <volume>13</volume> No. <issue>2</issue>, pp. <fpage>1</fpage>-<lpage>22</lpage>.</mixed-citation></ref>
<ref id="ref021"><mixed-citation publication-type="journal"><person-group person-group-type="author"><string-name><surname>Hammady</surname>, <given-names>R.</given-names></string-name>, <string-name><surname>Ma</surname>, <given-names>M.</given-names></string-name>, <string-name><surname>Strathern</surname>, <given-names>C.</given-names></string-name> and <string-name><surname>Mohamad</surname>, <given-names>M.</given-names></string-name></person-group> (<year>2020b</year>), “<article-title>Design and development of a spatial mixed reality touring guide to the Egyptian museum</article-title>”, <source>Multimedia Tools and Applications</source>, Vol. <volume>79</volume> Nos <issue>5/6</issue>, pp. <fpage>3465</fpage>-<lpage>3494</lpage>.</mixed-citation></ref>

<ref id="ref020"><mixed-citation publication-type="journal"><person-group person-group-type="author"><string-name><surname>Hammady</surname>, <given-names>R.</given-names></string-name>, <string-name><surname>Ma</surname>, <given-names>M.</given-names></string-name>, <string-name><surname>Al-Kalha</surname>, <given-names>Z.</given-names></string-name> and <string-name><surname>Strathearn</surname>, <given-names>C.</given-names></string-name></person-group> (<year>2021</year>), “<article-title>A framework for constructing and evaluating the role of MR as a holographic virtual guide in museums</article-title>”, <source>Virtual Reality</source>, Vol. <volume>25</volume> No. <issue>4</issue>, pp. <fpage>895</fpage>-<lpage>918</lpage>.</mixed-citation></ref>
<ref id="ref022"><mixed-citation publication-type="journal"><person-group person-group-type="author"><string-name><surname>Hao</surname>, <given-names>F.</given-names></string-name></person-group> (<year>2020</year>), “<article-title>The landscape of customer engagement in hospitality and tourism: a systematic review</article-title>”, <source>International Journal of Contemporary Hospitality Management</source>, Vol. <volume>32</volume> No. <issue>5</issue>, pp. <fpage>1837</fpage>-<lpage>1860</lpage>.</mixed-citation></ref>
<ref id="ref023"><mixed-citation publication-type="journal"><person-group person-group-type="author"><string-name><surname>Hirsch</surname>, <given-names>J.E.</given-names></string-name></person-group> (<year>2005</year>), “<article-title>An index to quantify an individual’s scientific research output</article-title>”, <source>Proceedings of the National Academy of Sciences</source>, Vol. <volume>102</volume> No. <issue>46</issue>, pp. <fpage>16569</fpage>-<lpage>16572</lpage>.</mixed-citation></ref>
<ref id="ref024"><mixed-citation publication-type="journal"><person-group person-group-type="author"><string-name><surname>Hofman</surname>, <given-names>K.</given-names></string-name>, <string-name><surname>Walters</surname>, <given-names>G.</given-names></string-name> and <string-name><surname>Hughes</surname>, <given-names>K.</given-names></string-name></person-group> (<year>2022</year>), “<article-title>The effectiveness of virtual vs real-life marine tourism experiences in encouraging conservation behaviour</article-title>”, <source>Journal of Sustainable Tourism</source>, Vol. <volume>30</volume> No. <issue>4</issue>, pp. <fpage>742</fpage>-<lpage>766</lpage>.</mixed-citation></ref>
<ref id="ref025"><mixed-citation publication-type="journal"><person-group person-group-type="author"><string-name><surname>Huang</surname>, <given-names>F.</given-names></string-name>, <string-name><surname>Teo</surname>, <given-names>T.</given-names></string-name>, <string-name><surname>Sánchez-Prieto</surname>, <given-names>J.C.</given-names></string-name>, <string-name><surname>García-Peñalvo</surname>, <given-names>F.J.</given-names></string-name> and <string-name><surname>Olmos-Migueláñez</surname>, <given-names>S.</given-names></string-name></person-group> (<year>2019</year>), “<article-title>Cultural values and technology adoption: a model comparison with university teachers from China and Spain</article-title>”, <source>Computers and Education</source>, Vol. <volume>133</volume>, pp. <fpage>69</fpage>-<lpage>81</lpage>.</mixed-citation></ref>
<ref id="ref026"><mixed-citation publication-type="journal"><person-group person-group-type="author"><string-name><surname>Hulland</surname>, <given-names>J.</given-names></string-name></person-group> (<year>2020</year>), “<article-title>Conceptual review papers: revisiting existing research to develop and refine theory</article-title>”, <source>AMS Review</source>, Vol. <volume>10</volume> Nos <issue>1/2</issue>, pp. <fpage>27</fpage>-<lpage>35</lpage>.</mixed-citation></ref>
<ref id="ref027"><mixed-citation publication-type="journal"><person-group person-group-type="author"><string-name><surname>Hulland</surname>, <given-names>J.</given-names></string-name> and <string-name><surname>Houston</surname>, <given-names>M.B.</given-names></string-name></person-group> (<year>2020</year>), “<article-title>Why systematic review papers and meta-analyses matter: an introduction to the special issue on generalizations in marketing</article-title>”, <source>Journal of the Academy of Marketing Science</source>, Vol. <volume>48</volume> No. <issue>3</issue>, pp. <fpage>351</fpage>-<lpage>359</lpage>.</mixed-citation></ref>
<ref id="ref028"><mixed-citation publication-type="journal"><person-group person-group-type="author"><string-name><surname>Iftikhar</surname>, <given-names>R.</given-names></string-name>, <string-name><surname>Khan</surname>, <given-names>M.S.</given-names></string-name> and <string-name><surname>Pasanchay</surname>, <given-names>K.</given-names></string-name></person-group> (<year>2022</year>), “<article-title>Virtual reality tourism and technology acceptance: a disability perspective</article-title>”, <source>Leisure Studies</source>, pp. <fpage>1</fpage>-<lpage>17</lpage>.</mixed-citation></ref>
<ref id="ref029"><mixed-citation publication-type="journal"><person-group person-group-type="author"><string-name><surname>Jiang</surname>, <given-names>S.</given-names></string-name>, <string-name><surname>Moyle</surname>, <given-names>B.</given-names></string-name>, <string-name><surname>Yung</surname>, <given-names>R.</given-names></string-name>, <string-name><surname>Tao</surname>, <given-names>L.</given-names></string-name> and <string-name><surname>Scott</surname>, <given-names>N.</given-names></string-name></person-group> (<year>2022</year>), “<article-title>Augmented reality and the enhancement of memorable tourism experiences at heritage sites</article-title>”, <source>Current Issues in Tourism</source>, pp. <fpage>1</fpage>-<lpage>16</lpage>.</mixed-citation></ref>
<ref id="ref0351"><mixed-citation publication-type="book"><person-group person-group-type="author"><string-name><surname>Kennedy</surname>, <given-names>S.</given-names></string-name>, <string-name><surname>Fawcett</surname>, <given-names>R.</given-names></string-name>, <string-name><surname>Miller</surname>, <given-names>A.</given-names></string-name>, <string-name><surname>Dow</surname>, <given-names>L.</given-names></string-name>, <string-name><surname>Sweetman</surname>, <given-names>R.</given-names></string-name>, <string-name><surname>Field</surname>, <given-names>A.</given-names></string-name>, <string-name><surname>Campbell</surname>, <given-names>A.</given-names></string-name>, <string-name><surname>Oliver</surname>, <given-names>I.</given-names></string-name>, <string-name><surname>McCaffery</surname>, <given-names>J.</given-names></string-name> and <string-name><surname>Allison</surname>, <given-names>C.</given-names></string-name></person-group> (<year>2013</year>), “<article-title>Exploring canons &amp; cathedrals with open virtual worlds: the recreation of st Andrews cathedral, st Andrews day, 1318</article-title>”, <source>2013 Digital Heritage International Congress (DigitalHeritage)</source>, <publisher-name><italic>IEEE</italic></publisher-name>, Vol. <volume>2</volume>, pp. <fpage>273</fpage>-<lpage>280</lpage>.</mixed-citation></ref>
<ref id="ref030"><mixed-citation publication-type="journal"><person-group person-group-type="author"><string-name><surname>Khalifah</surname>, <given-names>M.H.</given-names></string-name>, <string-name><surname>Kasri</surname>, <given-names>R.A.</given-names></string-name> and <string-name><surname>Aslan</surname>, <given-names>H.</given-names></string-name></person-group> (<year>2022</year>), “<article-title>Mapping the evolution of ZAKAH theme publications years 1964-2021: a bibliometric analysis</article-title>”, <source>Journal of Islamic Accounting and Business Research</source>.</mixed-citation></ref>
<ref id="ref031"><mixed-citation publication-type="journal"><person-group person-group-type="author"><string-name><surname>Kusumah</surname>, <given-names>E.</given-names></string-name>, <string-name><surname>Hurriyati</surname>, <given-names>R.</given-names></string-name>, <string-name><surname>Disman</surname>, <given-names>D.</given-names></string-name> and <string-name><surname>Gaffar</surname>, <given-names>V.</given-names></string-name></person-group> (<year>2022</year>), “<article-title>Determining revisit intention: the role of virtual reality experience, travel motivation, travel constraint and destination image</article-title>”, <source>Tourism and Hospitality Management</source>, Vol. <volume>28</volume> No. <issue>2</issue>, pp. <fpage>297</fpage>-<lpage>314</lpage>.</mixed-citation></ref>
<ref id="ref032"><mixed-citation publication-type="journal"><person-group person-group-type="author"><string-name><surname>Lee</surname>, <given-names>K.</given-names></string-name> and <string-name><surname>Oh</surname>, <given-names>S.</given-names></string-name></person-group> (<year>2022</year>), “<article-title>The users’ intention to participate in a VR/AR sports experience by applying the extended technology acceptance model (ETAM)</article-title>”, <source>Healthcare</source>, Vol. <volume>10</volume> No. <issue>6</issue>, p. <fpage>1117</fpage>.</mixed-citation></ref>
<ref id="ref033"><mixed-citation publication-type="journal"><person-group person-group-type="author"><string-name><surname>Leung</surname>, <given-names>W.K.S.</given-names></string-name>, <string-name><surname>Cheung</surname>, <given-names>M.L.</given-names></string-name>, <string-name><surname>Chang</surname>, <given-names>M.K.</given-names></string-name>, <string-name><surname>Shi</surname>, <given-names>S.</given-names></string-name>, <string-name><surname>Tse</surname>, <given-names>S.Y.</given-names></string-name> and <string-name><surname>Yusrini</surname>, <given-names>L.</given-names></string-name></person-group> (<year>2022</year>), “<article-title>The role of virtual reality interactivity in building tourists’ memorable experiences and post-adoption intentions in the COVID-19 era</article-title>”, <source>Journal of Hospitality and Tourism Technology</source>, Vol. <volume>13</volume> No. <issue>3</issue>, pp. <fpage>481</fpage>-<lpage>499</lpage>.</mixed-citation></ref>
<ref id="ref034"><mixed-citation publication-type="journal"><person-group person-group-type="author"><string-name><surname>Lewis</surname>, <given-names>H.</given-names></string-name>, <string-name><surname>Schrier</surname>, <given-names>T.</given-names></string-name> and <string-name><surname>Xu</surname>, <given-names>S.</given-names></string-name></person-group> (<year>2021</year>), “<article-title>Dark tourism: motivations and visit intentions of tourists</article-title>”, <source>International Hospitality Review</source>, Vol. <volume>36</volume> No. <issue>1</issue>, pp. <fpage>107</fpage>-<lpage>123</lpage>.</mixed-citation></ref>
<ref id="ref035"><mixed-citation publication-type="journal"><person-group person-group-type="author"><string-name><surname>Liang</surname>, <given-names>L.</given-names></string-name> and <string-name><surname>Elliot</surname>, <given-names>S.</given-names></string-name></person-group> (<year>2021</year>), “<article-title>A systematic review of augmented reality tourism research: what is now and what is next?</article-title>”, <source>Tourism and Hospitality Research</source>, Vol. <volume>21</volume> No. <issue>1</issue>, pp. <fpage>15</fpage>-<lpage>30</lpage>.</mixed-citation></ref>
<ref id="ref036"><mixed-citation publication-type="journal"><person-group person-group-type="author"><string-name><surname>Loureiro</surname>, <given-names>S.M.C.</given-names></string-name>, <string-name><surname>Guerreiro</surname>, <given-names>J.</given-names></string-name> and <string-name><surname>Ali</surname>, <given-names>F.</given-names></string-name></person-group> (<year>2020</year>), “<article-title>20 Years of research on virtual reality and augmented reality in tourism context: a text-mining approach</article-title>”, <source>Tourism Management</source>, Vol. <volume>77</volume>, p. <fpage>104028</fpage>.</mixed-citation></ref>
<ref id="ref0431"><mixed-citation publication-type="journal"><person-group person-group-type="author"><string-name><surname>Machidon</surname>, <given-names>O.M.</given-names></string-name>, <string-name><surname>Duguleana</surname>, <given-names>M.</given-names></string-name> and <string-name><surname>Carrozzino</surname>, <given-names>M.</given-names></string-name></person-group> (<year>2018</year>), “<article-title>Virtual humans in cultural heritage ICT applications: a review</article-title>”, <source>Journal of Cultural Heritage</source>, Vol. <volume>33</volume>, pp. <fpage>249</fpage>-<lpage>260</lpage>.</mixed-citation></ref>
<ref id="ref0441"><mixed-citation publication-type="web"><person-group person-group-type="author"><string-name><surname>Mäntymäki</surname>, <given-names>M.</given-names></string-name></person-group> (<year>2019</year>), “<article-title>About me</article-title>”, <comment>Digital Economy and Society Research Group</comment>, <comment>available at: <ext-link ext-link-type="uri" xlink:href="https://mantymaki.com/">https://mantymaki.com/</ext-link></comment></mixed-citation></ref>
<ref id="ref0451"><mixed-citation publication-type="journal"><person-group person-group-type="author"><string-name><surname>Mäntymäki</surname>, <given-names>M.</given-names></string-name> and <string-name><surname>Riemer</surname>, <given-names>K.</given-names></string-name></person-group> (<year>2014</year>), “<article-title>Digital natives in social virtual worlds: a multi-method study of gratifications and social influences in Habbo Hotel</article-title>”, <source>International Journal of Information Management</source>, Vol. <volume>34</volume> No. <issue>2</issue>, pp. <fpage>210</fpage>-<lpage>220</lpage>.</mixed-citation></ref>
<ref id="ref0461"><mixed-citation publication-type="journal"><person-group person-group-type="author"><string-name><surname>Mäntymäki</surname>, <given-names>M.</given-names></string-name> and <string-name><surname>Salo</surname>, <given-names>J.</given-names></string-name></person-group> (<year>2011</year>), “<article-title>Teenagers in social virtual worlds: continuous use and purchasing behavior in Habbo Hotel</article-title>”, <source>Computers in Human Behavior</source>, Vol. <volume>27</volume> No. <issue>6</issue>, pp. <fpage>2088</fpage>-<lpage>2097</lpage>.</mixed-citation></ref>
<ref id="ref0471"><mixed-citation publication-type="journal"><person-group person-group-type="author"><string-name><surname>Mäntymäki</surname>, <given-names>M.</given-names></string-name> and <string-name><surname>Salo</surname>, <given-names>J.</given-names></string-name></person-group> (<year>2013</year>), “<article-title>Purchasing behavior in social virtual worlds: an examination of Habbo Hotel</article-title>”, <source>International Journal of Information Management</source>, Vol. <volume>33</volume> No. <issue>2</issue>, pp. <fpage>282</fpage>-<lpage>290</lpage>.</mixed-citation></ref>
<ref id="ref037"><mixed-citation publication-type="journal"><person-group person-group-type="author"><string-name><surname>Meng</surname>, <given-names>Y.</given-names></string-name>, <string-name><surname>Chu</surname>, <given-names>M.Y.</given-names></string-name> and <string-name><surname>Chiu</surname>, <given-names>D.K.W.</given-names></string-name></person-group> (<year>2022</year>), “<article-title>The impact of COVID-19 on museums in the digital era: practices and challenges in Hong Kong</article-title>”, <source>Library Hi Tech</source>, Vol. <volume>41</volume> No. <issue>1</issue>, pp. <fpage>130</fpage>-<lpage>151</lpage>.</mixed-citation></ref>
<ref id="ref038"><mixed-citation publication-type="journal"><person-group person-group-type="author"><string-name><surname>Moher</surname>, <given-names>D.</given-names></string-name>, <string-name><surname>Liberati</surname>, <given-names>A.</given-names></string-name>, <string-name><surname>Tetzlaff</surname>, <given-names>J.</given-names></string-name>, <string-name><surname>Altman</surname>, <given-names>D.G.</given-names></string-name> and <string-name><surname>Group</surname></string-name>, *<string-name><given-names>P.</given-names></string-name></person-group> (<year>2009</year>), “<article-title>Preferred reporting items for systematic reviews and meta-analyses: the PRISMA statement</article-title>”, <source>Annals of Internal Medicine</source>, Vol. <volume>151</volume> No. <issue>4</issue>, pp. <fpage>264</fpage>-<lpage>269</lpage>.</mixed-citation></ref>
<ref id="ref0501"><mixed-citation publication-type="journal"><person-group person-group-type="author"><string-name><surname>Moriuchi</surname>, <given-names>E.</given-names></string-name> and <string-name><surname>Murdy</surname>, <given-names>S.</given-names></string-name></person-group> (<year>2022</year>), “<article-title>Increasing donation intentions toward endangered species: an empirical study on the mediating role of psychological and technological elements of VR</article-title>”, <source>Psychology &amp; Marketing</source>, Vol. <volume>39</volume> No. <issue>7</issue>, pp. <fpage>1302</fpage>-<lpage>1321</lpage>.</mixed-citation></ref>
<ref id="ref039"><mixed-citation publication-type="journal"><person-group person-group-type="author"><string-name><surname>Moro</surname>, <given-names>S.</given-names></string-name>, <string-name><surname>Rita</surname>, <given-names>P.</given-names></string-name>, <string-name><surname>Ramos</surname>, <given-names>P.</given-names></string-name> and <string-name><surname>Esmerado</surname>, <given-names>J.</given-names></string-name></person-group> (<year>2019</year>), “<article-title>Analysing recent augmented and virtual reality developments in tourism</article-title>”, <source>Journal of Hospitality and Tourism Technology</source>, Vol. <volume>10</volume> No. <issue>4</issue>, pp. <fpage>571</fpage>-<lpage>586</lpage>.</mixed-citation></ref>
<ref id="ref040"><mixed-citation publication-type="journal"><person-group person-group-type="author"><string-name><surname>Nayyar</surname>, <given-names>A.</given-names></string-name>, <string-name><surname>Mahapatra</surname>, <given-names>B.</given-names></string-name>, <string-name><surname>Le</surname>, <given-names>D.</given-names></string-name> and <string-name><surname>Suseendran</surname>, <given-names>G.</given-names></string-name></person-group> (<year>2018</year>), “<article-title>Virtual reality (VR) &amp; augmented reality (AR) technologies for tourism and hospitality industry</article-title>”, <source>International Journal of Engineering and Technology</source>, Vol. <volume>7</volume> No. <issue>2.21</issue>, pp. <fpage>156</fpage>-<lpage>160</lpage>.</mixed-citation></ref>
<ref id="ref0531"><mixed-citation publication-type="book"><person-group person-group-type="author"><string-name><surname>Nóbrega</surname>, <given-names>R.</given-names></string-name>, <string-name><surname>Jacob</surname>, <given-names>J.</given-names></string-name>, <string-name><surname>Coelho</surname>, <given-names>A.</given-names></string-name>, <string-name><surname>Weber</surname>, <given-names>J.</given-names></string-name>, <string-name><surname>Ribeiro</surname>, <given-names>J.</given-names></string-name> and <string-name><surname>Ferreira</surname>, <given-names>S.</given-names></string-name></person-group> (<year>2017</year>), “<article-title>Mobile location-based augmented reality applications for urban tourism storytelling</article-title>”, <source>2017 24° Encontro Português de Computação Gráfica e Interação (EPCGI)</source>, <publisher-name><italic>IEEE</italic></publisher-name>, pp. <fpage>1</fpage>-<lpage>8</lpage>.</mixed-citation></ref>
<ref id="ref041"><mixed-citation publication-type="journal"><person-group person-group-type="author"><string-name><surname>Nova-Reyes</surname>, <given-names>A.</given-names></string-name>, <string-name><surname>Muñoz-Leiva</surname>, <given-names>F.</given-names></string-name> and <string-name><surname>Luque-Martínez</surname>, <given-names>T.</given-names></string-name></person-group> (<year>2020</year>), “<article-title>The tipping point in the status of socially responsible consumer behavior research? A bibliometric analysis</article-title>”, <source>Sustainability</source>, Vol. <volume>12</volume> No. <issue>8</issue>, p. <fpage>3141</fpage>.</mixed-citation></ref>
<ref id="ref0551"><mixed-citation publication-type="journal"><person-group person-group-type="author"><string-name><surname>Oh</surname>, <given-names>J.-E.</given-names></string-name> and <string-name><surname>Kong</surname>, <given-names>A.</given-names></string-name></person-group> (<year>2022</year>), “<article-title>VR and Nostalgia: using animation in theme parks to enhance visitor engagement</article-title>”, <source>Journal of Promotion Management</source>, Vol. <volume>28</volume> No. <issue>2</issue>, pp. <fpage>113</fpage>-<lpage>127</lpage>.</mixed-citation></ref>
<ref id="ref0561"><mixed-citation publication-type="journal"><person-group person-group-type="author"><string-name><surname>Palma</surname>, <given-names>G.</given-names></string-name>, <string-name><surname>Perry</surname>, <given-names>S.</given-names></string-name> and <string-name><surname>Cignoni</surname>, <given-names>P.</given-names></string-name></person-group> (<year>2021</year>), “<article-title>Augmented virtuality using touch-sensitive 3D-printed objects</article-title>”, <source>Remote Sensing</source>, Vol. <volume>13</volume> No. <issue>11</issue>, p. <fpage>2186</fpage>.</mixed-citation></ref>
<ref id="ref042"><mixed-citation publication-type="journal"><person-group person-group-type="author"><string-name><surname>Palmatier</surname>, <given-names>R.W.</given-names></string-name>, <string-name><surname>Houston</surname>, <given-names>M.B.</given-names></string-name> and <string-name><surname>Hulland</surname>, <given-names>J.</given-names></string-name></person-group> (<year>2018</year>), “<article-title>Review articles: purpose, process, and structure</article-title>”, <source>Journal of the Academy of Marketing Science</source>, Vol. <volume>46</volume> No. <issue>1</issue>, pp. <fpage>1</fpage>-<lpage>5</lpage>.</mixed-citation></ref>
<ref id="ref043"><mixed-citation publication-type="journal"><person-group person-group-type="author"><string-name><surname>Paul</surname>, <given-names>J.</given-names></string-name> and <string-name><surname>Bhukya</surname>, <given-names>R.</given-names></string-name></person-group> (<year>2021</year>), “<article-title>Forty‐five years of <italic>International Journal of Consumer Studies</italic>: a bibliometric review and directions for future research</article-title>”, <source>International Journal of Consumer Studies</source>, Vol. <volume>45</volume> No. <issue>5</issue>, pp. <fpage>937</fpage>-<lpage>963</lpage>.</mixed-citation></ref>
<ref id="ref044"><mixed-citation publication-type="journal"><person-group person-group-type="author"><string-name><surname>Paul</surname>, <given-names>J.</given-names></string-name> and <string-name><surname>Criado</surname>, <given-names>A.R.</given-names></string-name></person-group> (<year>2020</year>), “<article-title>The art of writing literature review: what do we know and what do we need to know?</article-title>”, <source>International Business Review</source>, Vol. <volume>29</volume> No. <issue>4</issue>, p. <fpage>101717</fpage>.</mixed-citation></ref>
<ref id="ref045"><mixed-citation publication-type="journal"><person-group person-group-type="author"><string-name><surname>Pereira</surname>, <given-names>F.</given-names></string-name>, <string-name><surname>Costa</surname>, <given-names>J.M.</given-names></string-name>, <string-name><surname>Ramos</surname>, <given-names>R.</given-names></string-name> and <string-name><surname>Raimundo</surname>, <given-names>A.</given-names></string-name></person-group> (<year>2023</year>), “<article-title>The impact of the COVID-19 pandemic on airlines’ passenger satisfaction</article-title>”, <source>Journal of Air Transport Management</source>, Vol. <volume>112</volume>, p. <fpage>102441</fpage>.</mixed-citation></ref>
<ref id="ref046"><mixed-citation publication-type="journal"><person-group person-group-type="author"><string-name><surname>Ramos</surname>, <given-names>R.F.</given-names></string-name>, <string-name><surname>Biscaia</surname>, <given-names>R.</given-names></string-name>, <string-name><surname>Moro</surname>, <given-names>S.</given-names></string-name> and <string-name><surname>Kunkel</surname>, <given-names>T.</given-names></string-name></person-group> (<year>2022</year>), “<article-title>Understanding the importance of sport stadium visits to teams and cities through the eyes of online reviewers</article-title>”, <source>Leisure Studies</source>, pp. <fpage>1</fpage>-<lpage>16</lpage>.</mixed-citation></ref>
<ref id="ref047"><mixed-citation publication-type="journal"><person-group person-group-type="author"><string-name><surname>Rasoolimanesh</surname>, <given-names>S.M.</given-names></string-name>, <string-name><surname>Law</surname>, <given-names>R.</given-names></string-name>, <string-name><surname>Buhalis</surname>, <given-names>D.</given-names></string-name> and <string-name><surname>Cobanoglu</surname>, <given-names>C.</given-names></string-name></person-group> (<year>2019</year>), “<article-title>Development and trend of information and communication technologies in hospitality and tourism</article-title>”, <source>Journal of Hospitality and Tourism Technology</source>, Vol. <volume>10</volume> No. <issue>4</issue>, pp. <fpage>481</fpage>-<lpage>488</lpage>.</mixed-citation></ref>
<ref id="ref048"><mixed-citation publication-type="journal"><person-group person-group-type="author"><string-name><surname>Rauscher</surname>, <given-names>M.</given-names></string-name></person-group> (<year>2021</year>), “<article-title>Virtual reality in tourism: is it ‘real’enough?</article-title>”, <source>Academica Turistica</source>, Vol. <volume>13</volume> No. <issue>2</issue>, pp. <fpage>127</fpage>-<lpage>138</lpage>.</mixed-citation></ref>
<ref id="ref049"><mixed-citation publication-type="journal"><person-group person-group-type="author"><string-name><surname>Rita</surname>, <given-names>P.</given-names></string-name> and <string-name><surname>Ramos</surname>, <given-names>R.F.</given-names></string-name></person-group> (<year>2023</year>), “<article-title>Structure of REDEE and EJMBE research: a bibliometric analysis</article-title>”, <source>European Journal of Management and Business Economics</source>, <comment>in press</comment>.</mixed-citation></ref>
<ref id="ref050"><mixed-citation publication-type="journal"><person-group person-group-type="author"><string-name><surname>Rita</surname>, <given-names>P.</given-names></string-name>, <string-name><surname>Ramos</surname>, <given-names>R.</given-names></string-name>, <string-name><surname>Borges-Tiago</surname>, <given-names>M.T.</given-names></string-name> and <string-name><surname>Rodrigues</surname>, <given-names>D.</given-names></string-name></person-group> (<year>2022</year>), “<article-title>Impact of the rating system on sentiment and tone of voice: a booking.com and tripadvisor comparison study</article-title>”, <source>International Journal of Hospitality Management</source>, Vol. <volume>104</volume>, p. <fpage>103245</fpage>.</mixed-citation></ref>
<ref id="ref051"><mixed-citation publication-type="journal"><person-group person-group-type="author"><string-name><surname>Samaddar</surname>, <given-names>K.</given-names></string-name> and <string-name><surname>Mondal</surname>, <given-names>S.</given-names></string-name></person-group> (<year>2023</year>), “<article-title>AR and VR-based travel: a responsible practice towards sustainable tourism</article-title>”, <source>International Journal of Tourism Cities</source>.</mixed-citation></ref>
<ref id="ref052"><mixed-citation publication-type="journal"><person-group person-group-type="author"><string-name><surname>Santoso</surname>, <given-names>H.B.</given-names></string-name>, <string-name><surname>Wang</surname>, <given-names>J.-C.</given-names></string-name> and <string-name><surname>Windasari</surname>, <given-names>N.A.</given-names></string-name></person-group> (<year>2022</year>), “<article-title>Impact of multisensory extended reality on tourism experience journey</article-title>”, <source>Journal of Hospitality and Tourism Technology</source>, Vol. <volume>13</volume> No. <issue>3</issue>.</mixed-citation></ref>
<ref id="ref0681"><mixed-citation publication-type="journal"><person-group person-group-type="author"><string-name><surname>Schott</surname>, <given-names>C.</given-names></string-name> and <string-name><surname>Marshall</surname>, <given-names>S.</given-names></string-name></person-group> (<year>2018</year>), “<article-title>Virtual reality and situated experiential education: a conceptualization and exploratory trial</article-title>”, <source>Journal of Computer Assisted Learning</source>, Vol. <volume>34</volume> No. <issue>6</issue>, pp. <fpage>843</fpage>-<lpage>852</lpage>.</mixed-citation></ref>
<ref id="ref053"><mixed-citation publication-type="journal"><person-group person-group-type="author"><string-name><surname>Shahab</surname>, <given-names>H.</given-names></string-name>, <string-name><surname>Mohtar</surname>, <given-names>M.</given-names></string-name>, <string-name><surname>Ghazali</surname>, <given-names>E.</given-names></string-name>, <string-name><surname>Rauschnabel</surname>, <given-names>P.A.</given-names></string-name> and <string-name><surname>Geipel</surname>, <given-names>A.</given-names></string-name></person-group> (<year>2022</year>), “<article-title>Virtual reality in museums: does it promote visitor enjoyment and learning?</article-title>”, <source>International Journal of Human–Computer Interaction</source>, pp. <fpage>1</fpage>-<lpage>18</lpage>.</mixed-citation></ref>
<ref id="ref054"><mixed-citation publication-type="journal"><person-group person-group-type="author"><string-name><surname>Singh</surname>, <given-names>S.</given-names></string-name> and <string-name><surname>Dhir</surname>, <given-names>S.</given-names></string-name></person-group> (<year>2019</year>), “<article-title>Structured review using TCCM and bibliometric analysis of international cause-related marketing, social marketing, and innovation of the firm</article-title>”, <source>International Review on Public and Nonprofit Marketing</source>, Vol. <volume>16</volume> Nos <issue>2/4</issue>, pp. <fpage>335</fpage>-<lpage>347</lpage>.</mixed-citation></ref>
<ref id="ref055"><mixed-citation publication-type="journal"><person-group person-group-type="author"><string-name><surname>So</surname>, <given-names>K.K.F.</given-names></string-name>, <string-name><surname>Li</surname>, <given-names>X.</given-names></string-name> and <string-name><surname>Kim</surname>, <given-names>H.</given-names></string-name></person-group> (<year>2020</year>), “<article-title>A decade of customer engagement research in hospitality and tourism: a systematic review and research agenda</article-title>”, <source>Journal of Hospitality and Tourism Research</source>, Vol. <volume>44</volume> No. <issue>2</issue>, pp. <fpage>178</fpage>-<lpage>200</lpage>.</mixed-citation></ref>
<ref id="ref056"><mixed-citation publication-type="journal"><person-group person-group-type="author"><string-name><surname>Soltani Nejad</surname>, <given-names>N.</given-names></string-name>, <string-name><surname>Rastegar</surname>, <given-names>R.</given-names></string-name> and <string-name><surname>Jahanshahi</surname>, <given-names>M.</given-names></string-name></person-group> (<year>2022</year>), “<article-title>Tourist engagement with mobile apps of E-leisure: a combined model of self-determination theory and technology acceptance model</article-title>”, <source>Tourism Recreation Research</source>, pp. <fpage>1</fpage>-<lpage>12</lpage>.</mixed-citation></ref>
<ref id="ref057"><mixed-citation publication-type="journal"><person-group person-group-type="author"><string-name><surname>Soto-Martin</surname>, <given-names>O.</given-names></string-name>, <string-name><surname>Fuentes-Porto</surname>, <given-names>A.</given-names></string-name> and <string-name><surname>Martin-Gutierrez</surname>, <given-names>J.</given-names></string-name></person-group> (<year>2020</year>), “<article-title>A digital reconstruction of a historical building and virtual reintegration of mural paintings to create an interactive and immersive experience in virtual reality</article-title>”, <source>Applied Sciences</source>, Vol. <volume>10</volume> No. <issue>2</issue>, p. <fpage>597</fpage>.</mixed-citation></ref>
<ref id="ref058"><mixed-citation publication-type="journal"><person-group person-group-type="author"><string-name><surname>Spence</surname>, <given-names>J.</given-names></string-name>, <string-name><surname>Darzentas</surname>, <given-names>D.</given-names></string-name>, <string-name><surname>Cameron</surname>, <given-names>H.</given-names></string-name>, <string-name><surname>Huang</surname>, <given-names>Y.</given-names></string-name>, <string-name><surname>Adams</surname>, <given-names>M.</given-names></string-name>, <string-name><surname>Farr</surname>, <given-names>J.R.</given-names></string-name>, <string-name><surname>Tandavanitj</surname>, <given-names>N.</given-names></string-name> and <string-name><surname>Benford</surname>, <given-names>S.</given-names></string-name></person-group> (<year>2022</year>), “<article-title>Gifting in museums: using multiple time orientations to heighten present-moment engagement</article-title>”, <source>Human–Computer Interaction</source>, Vol. <volume>37</volume> No. <issue>2</issue>, pp. <fpage>180</fpage>-<lpage>210</lpage>.</mixed-citation></ref>
<ref id="ref0751"><mixed-citation publication-type="web"><person-group person-group-type="author"><collab>Springer Nature</collab></person-group> (<year>2022</year>), “<article-title>Lecture notes in computer science LNCS | Springer</article-title>”, <comment>available at: <ext-link ext-link-type="uri" xlink:href="https://www.springer.com/gp/computer-science/lncs">https://www.springer.com/gp/computer-science/lncs</ext-link></comment></mixed-citation></ref>
<ref id="ref0761"><mixed-citation publication-type="journal"><person-group person-group-type="author"><string-name><surname>Swords</surname>, <given-names>J.</given-names></string-name>, <string-name><surname>Nally</surname>, <given-names>C.</given-names></string-name>, <string-name><surname>Rogage</surname>, <given-names>K.</given-names></string-name>, <string-name><surname>Watson</surname>, <given-names>R.</given-names></string-name>, <string-name><surname>Charlton</surname>, <given-names>J.</given-names></string-name> and <string-name><surname>Kirk</surname>, <given-names>D.</given-names></string-name></person-group> (<year>2021</year>), “<article-title>Colliding epistemologies, productive tensions and usable pasts in the generation of heritage-led immersive experiences</article-title>”, <source>International Journal of Heritage Studies</source>, Vol. <volume>27</volume> No. <issue>2</issue>, pp. <fpage>186</fpage>-<lpage>199</lpage>.</mixed-citation></ref>
<ref id="ref0771"><mixed-citation publication-type="journal"><person-group person-group-type="author"><string-name><surname>Trunfio</surname>, <given-names>M.</given-names></string-name>, <string-name><surname>Lucia</surname>, <given-names>M.D.</given-names></string-name>, <string-name><surname>Campana</surname>, <given-names>S.</given-names></string-name> and <string-name><surname>Magnelli</surname>, <given-names>A.</given-names></string-name></person-group> (<year>2022</year>), “<article-title>Innovating the cultural heritage museum service model through virtual reality and augmented reality: the effects on the overall visitor experience and satisfaction</article-title>”, <source>Journal of Heritage Tourism</source>, Vol. <volume>17</volume> No. <issue>1</issue>, pp. <fpage>1</fpage>-<lpage>19</lpage>.</mixed-citation></ref>
<ref id="ref059"><mixed-citation publication-type="journal"><person-group person-group-type="author"><string-name><surname>Verma</surname>, <given-names>S.</given-names></string-name>, <string-name><surname>Warrier</surname>, <given-names>L.</given-names></string-name>, <string-name><surname>Bolia</surname>, <given-names>B.</given-names></string-name> and <string-name><surname>Mehta</surname>, <given-names>S.</given-names></string-name></person-group> (<year>2022</year>), “<article-title>Past, present, and future of virtual tourism-a literature review</article-title>”, <source>International Journal of Information Management Data Insights</source>, Vol. <volume>2</volume> No. <issue>2</issue>, p. <fpage>100085</fpage>.</mixed-citation></ref>
<ref id="ref060"><mixed-citation publication-type="journal"><person-group person-group-type="author"><string-name><surname>Wagler</surname>, <given-names>A.</given-names></string-name> and <string-name><surname>Hanus</surname>, <given-names>M.D.</given-names></string-name></person-group> (<year>2018</year>), “<article-title>Comparing virtual reality tourism to real-life experience: effects of presence and engagement on attitude and enjoyment</article-title>”, <source>Communication Research Reports</source>, Vol. <volume>35</volume> No. <issue>5</issue>, pp. <fpage>456</fpage>-<lpage>464</lpage>.</mixed-citation></ref>
<ref id="ref061"><mixed-citation publication-type="journal"><person-group person-group-type="author"><string-name><surname>Wei</surname>, <given-names>W.</given-names></string-name></person-group> (<year>2019</year>), “<article-title>Research progress on virtual reality (VR) and augmented reality (AR) in tourism and hospitality</article-title>”, <source>Journal of Hospitality and Tourism Technology</source>, Vol. <volume>10</volume> No. <issue>4</issue>.</mixed-citation></ref>
<ref id="ref062"><mixed-citation publication-type="journal"><person-group person-group-type="author"><string-name><surname>Willems</surname>, <given-names>K.</given-names></string-name>, <string-name><surname>Brengman</surname>, <given-names>M.</given-names></string-name> and <string-name><surname>Van Kerrebroeck</surname>, <given-names>H.</given-names></string-name></person-group> (<year>2019</year>), “<article-title>The impact of representation media on customer engagement in tourism marketing among millennials</article-title>”, <source>European Journal of Marketing</source>, Vol. <volume>53</volume> No. <issue>9</issue>, pp. <fpage>1988</fpage>-<lpage>2017</lpage>.</mixed-citation></ref>
<ref id="ref063"><mixed-citation publication-type="journal"><person-group person-group-type="author"><string-name><surname>Wu</surname>, <given-names>X.</given-names></string-name> and <string-name><surname>Lai</surname>, <given-names>I.K.W.</given-names></string-name></person-group> (<year>2022</year>), “<article-title>The use of 360-degree virtual tours to promote mountain walking tourism: stimulus–organism–response model</article-title>”, <source>Information Technology and Tourism</source>, Vol. <volume>24</volume> No. <issue>1</issue>, pp. <fpage>85</fpage>-<lpage>107</lpage>.</mixed-citation></ref>
<ref id="ref064"><mixed-citation publication-type="journal"><person-group person-group-type="author"><string-name><surname>Wu</surname>, <given-names>X.</given-names></string-name> and <string-name><surname>Lai</surname>, <given-names>I.K.W.</given-names></string-name></person-group> (<year>2023</year>), “<article-title>The psychological premise of spatial presence in 360° virtual tours: the role of the spatial situation in first-time and repeat users</article-title>”, <source>Journal of Hospitality and Tourism Technology</source>, Vol. <volume>14</volume> No. <issue>4</issue>.</mixed-citation></ref>
<ref id="ref065"><mixed-citation publication-type="journal"><person-group person-group-type="author"><string-name><surname>Wu</surname>, <given-names>C.-H.</given-names></string-name>, <string-name><surname>Lin</surname>, <given-names>Y.-F.</given-names></string-name>, <string-name><surname>Peng</surname>, <given-names>K.-L.</given-names></string-name> and <string-name><surname>Liu</surname>, <given-names>C.-H.</given-names></string-name></person-group> (<year>2023</year>), “<article-title>Augmented reality marketing to enhance museum visit intentions</article-title>”, <source>Journal of Hospitality and Tourism Technology</source>, Vol. <volume>14</volume> No. <issue>4</issue>.</mixed-citation></ref>
<ref id="ref066"><mixed-citation publication-type="journal"><person-group person-group-type="author"><string-name><surname>Xu</surname>, <given-names>H.</given-names></string-name> and <string-name><surname>Lv</surname>, <given-names>Y.</given-names></string-name></person-group> (<year>2022</year>), “<article-title>Mining and application of tourism online review text based on natural language processing and text classification technology</article-title>”, <source>Wireless Communications and Mobile Computing</source>, Vol. <volume>2022</volume>.</mixed-citation></ref>
<ref id="ref067"><mixed-citation publication-type="journal"><person-group person-group-type="author"><string-name><surname>Yung</surname>, <given-names>R.</given-names></string-name> and <string-name><surname>Khoo-Lattimore</surname>, <given-names>C.</given-names></string-name></person-group> (<year>2019</year>), “<article-title>New realities: a systematic literature review on virtual reality and augmented reality in tourism research</article-title>”, <source>Current Issues in Tourism</source>, Vol. <volume>22</volume> No. <issue>17</issue>, pp. <fpage>2056</fpage>-<lpage>2081</lpage>.</mixed-citation></ref>
<ref id="ref068"><mixed-citation publication-type="journal"><person-group person-group-type="author"><string-name><surname>Yung</surname>, <given-names>R.</given-names></string-name>, <string-name><surname>Khoo-Lattimore</surname>, <given-names>C.</given-names></string-name> and <string-name><surname>Potter</surname>, <given-names>L.E.</given-names></string-name></person-group> (<year>2021a</year>), “<article-title>VR the world: experimenting with emotion and presence for tourism marketing</article-title>”, <source>Journal of Hospitality and Tourism Management</source>, Vol. <volume>46</volume>, pp. <fpage>160</fpage>-<lpage>171</lpage>.</mixed-citation></ref>
<ref id="ref069"><mixed-citation publication-type="journal"><person-group person-group-type="author"><string-name><surname>Yung</surname>, <given-names>R.</given-names></string-name>, <string-name><surname>Khoo-Lattimore</surname>, <given-names>C.</given-names></string-name> and <string-name><surname>Potter</surname>, <given-names>L.E.</given-names></string-name></person-group> (<year>2021b</year>), “<article-title>Virtual reality and tourism marketing: conceptualizing a framework on presence, emotion, and intention</article-title>”, <source>Current Issues in Tourism</source>, Vol. <volume>24</volume> No. <issue>11</issue>, pp. <fpage>1505</fpage>-<lpage>1525</lpage>.</mixed-citation></ref></ref-list>
<ref-list id="refs2">
<title>Further reading</title>
<ref id="ref070"><mixed-citation publication-type="journal"><person-group person-group-type="author"><string-name><surname>Bahoo</surname>, <given-names>S.</given-names></string-name>, <string-name><surname>Alon</surname>, <given-names>I.</given-names></string-name> and <string-name><surname>Paltrinieri</surname>, <given-names>A.</given-names></string-name></person-group> (<year>2020</year>), “<article-title>Corruption in international business: a review and research agenda</article-title>”, <source>International Business Review</source>, Vol. <volume>29</volume> No. <issue>4</issue>, p. <fpage>101660</fpage>.</mixed-citation></ref>
<ref id="ref071"><mixed-citation publication-type="journal"><person-group person-group-type="author"><string-name><surname>Dağ</surname>, <given-names>K.</given-names></string-name>, <string-name><surname>Çavuşoğlu</surname>, <given-names>S.</given-names></string-name> and <string-name><surname>Durmaz</surname>, <given-names>Y.</given-names></string-name></person-group> (<year>2023</year>), “<article-title>The effect of immersive experience, user engagement and perceived authenticity on place satisfaction in the context of augmented reality</article-title>”, <source>Library Hi Tech</source>.</mixed-citation></ref>
<ref id="ref072"><mixed-citation publication-type="journal"><person-group person-group-type="author"><string-name><surname>Guo</surname>, <given-names>Q.</given-names></string-name>, <string-name><surname>Zhu</surname>, <given-names>D.</given-names></string-name>, <string-name><surname>Li</surname>, <given-names>F.</given-names></string-name>, <string-name><surname>Wang</surname>, <given-names>X.</given-names></string-name> and <string-name><surname>Shu</surname>, <given-names>Y.</given-names></string-name></person-group> (<year>2022</year>), “<article-title>Tourists’ adoption of extended reality technologies: a metaanalytical structural equation modeling</article-title>”, <source>Journal of Hospitality and Tourism Research</source>, p. <fpage>10963480221108906</fpage>.</mixed-citation></ref>
<ref id="ref073"><mixed-citation publication-type="journal"><person-group person-group-type="author"><string-name><surname>Guttentag</surname>, <given-names>D.A.</given-names></string-name></person-group> (<year>2010</year>), “<article-title>Virtual reality: applications and implications for tourism</article-title>”, <source>Tourism Management</source>, Vol. <volume>31</volume> No. <issue>5</issue>, pp. <fpage>637</fpage>-<lpage>651</lpage>.</mixed-citation></ref>
<ref id="ref074"><mixed-citation publication-type="confproc"><person-group person-group-type="author"><string-name><surname>Kelling</surname>, <given-names>C.</given-names></string-name>, <string-name><surname>Väätäjä</surname>, <given-names>H.</given-names></string-name> and <string-name><surname>Kauhanen</surname>, <given-names>O.</given-names></string-name></person-group> (<year>2017</year>), “<article-title>Impact of device, context of use, and content on viewing experience of 360-degree tourism video</article-title>”, <source>Proceedings of the 16th International Conference on Mobile and Ubiquitous Multimedia</source>, pp. <fpage>211</fpage>-<lpage>222</lpage>.</mixed-citation></ref>
<ref id="ref075"><mixed-citation publication-type="journal"><person-group person-group-type="author"><string-name><surname>Kumar</surname>, <given-names>S.</given-names></string-name>, <string-name><surname>Pandey</surname>, <given-names>N.</given-names></string-name>, <string-name><surname>Lim</surname>, <given-names>W.M.</given-names></string-name>, <string-name><surname>Chatterjee</surname>, <given-names>A.N.</given-names></string-name> and <string-name><surname>Pandey</surname>, <given-names>N.</given-names></string-name></person-group> (<year>2021</year>), “<article-title>What do we know about transfer pricing? Insights from bibliometric analysis</article-title>”, <source>Journal of Business Research</source>, Vol. <volume>134</volume>, pp. <fpage>275</fpage>-<lpage>287</lpage>.</mixed-citation></ref>
<ref id="ref095"><mixed-citation publication-type="other"><person-group person-group-type="author"><string-name><surname>Mäntymäki</surname>, <given-names>M.</given-names></string-name> and <string-name><surname>Islam</surname>, <given-names>A.K.M.N.</given-names></string-name></person-group> (<year>2014</year>), “<article-title>Voyeurism and exhibitionism as gratifications from prosuming social networking sites</article-title>”, <comment>Ecis</comment>, pp. <fpage>1</fpage>-<lpage>16</lpage>.</mixed-citation></ref>
<ref id="ref076"><mixed-citation publication-type="journal"><person-group person-group-type="author"><string-name><surname>Morais</surname>, <given-names>C.</given-names></string-name>, <string-name><surname>Moreira</surname>, <given-names>L.</given-names></string-name>, <string-name><surname>Teixeira</surname>, <given-names>A.</given-names></string-name>, <string-name><surname>Aguiar</surname>, <given-names>T.</given-names></string-name>, <string-name><surname>Coelho</surname>, <given-names>A.F.</given-names></string-name>, <string-name><surname>Pereira</surname>, <given-names>V.M.</given-names></string-name>, <string-name><surname>Jacinto</surname>, <given-names>A.</given-names></string-name>, <string-name><surname>Varzim</surname>, <given-names>M.</given-names></string-name>, <string-name><surname>Paiva</surname>, <given-names>J.C.</given-names></string-name> and <string-name><surname>Rosa</surname>, <given-names>M.</given-names></string-name></person-group> (<year>2022</year>), “<article-title>Visitors come to experience science: towards a non-obtrusive evaluation method based on immersive virtual reality</article-title>”, <source>Visitors Come to Experience Science: Towards a Non-Obtrusive Evaluation Method Based on Immersive Virtual Reality</source>, Vol. <volume>21</volume> No. <issue>1</issue>, pp. <fpage>1</fpage>-<lpage>23</lpage>.</mixed-citation></ref>
<ref id="ref077"><mixed-citation publication-type="book"><person-group person-group-type="author"><string-name><surname>Neuburger</surname>, <given-names>L.</given-names></string-name>, <string-name><surname>Beck</surname>, <given-names>J.</given-names></string-name> and <string-name><surname>Egger</surname>, <given-names>R.</given-names></string-name></person-group> (<year>2018</year>), “<article-title>The ‘phygital’tourist experience: the use of augmented and virtual reality in destination marketing</article-title>”, <source>Tourism Planning and Destination Marketing</source>, pp. <fpage>183</fpage>-<lpage>202</lpage>.</mixed-citation></ref>
<ref id="ref078"><mixed-citation publication-type="journal"><person-group person-group-type="author"><string-name><surname>Ramos</surname>, <given-names>R.F.</given-names></string-name>, <string-name><surname>Rita</surname>, <given-names>P.</given-names></string-name> and <string-name><surname>Moro</surname>, <given-names>S.</given-names></string-name></person-group> (<year>2019</year>), “<article-title>From institutional websites to social media and mobile applications: a usability perspective</article-title>”, <source>European Research on Management and Business Economics</source>, Vol. <volume>25</volume> No. <issue>3</issue>, pp. <fpage>138</fpage>-<lpage>143</lpage>.</mixed-citation></ref>
<ref id="ref079"><mixed-citation publication-type="journal"><person-group person-group-type="author"><string-name><surname>Rather</surname>, <given-names>R.A.</given-names></string-name>, <string-name><surname>Hollebeek</surname>, <given-names>L.D.</given-names></string-name>, <string-name><surname>Loureiro</surname>, <given-names>S.M.C.</given-names></string-name>, <string-name><surname>Khan</surname>, <given-names>I.</given-names></string-name> and <string-name><surname>Hasan</surname>, <given-names>R.</given-names></string-name></person-group> (<year>2023</year>), “<article-title>Exploring tourists’ virtual reality-based brand engagement: a uses-and-gratifications perspective</article-title>”, <source>Journal of Travel Research</source>, p. <fpage>472875231166598</fpage>.</mixed-citation></ref>
<ref id="ref080"><mixed-citation publication-type="journal"><person-group person-group-type="author"><string-name><surname>Rojas-Lamorena</surname>, <given-names>Á.J.</given-names></string-name>, <string-name><surname>Del Barrio-García</surname>, <given-names>S.</given-names></string-name> and <string-name><surname>Alcántara-Pilar</surname>, <given-names>J.M.</given-names></string-name></person-group> (<year>2022</year>), “<article-title>A review of three decades of academic research on brand equity: a bibliometric approach using co-word analysis and bibliographic coupling</article-title>”, <source>Journal of Business Research</source>, Vol. <volume>139</volume>, pp. <fpage>1067</fpage>-<lpage>1083</lpage>.</mixed-citation></ref>
<ref id="ref081"><mixed-citation publication-type="journal"><person-group person-group-type="author"><string-name><surname>Rowe</surname>, <given-names>F.</given-names></string-name></person-group> (<year>2014</year>), “<article-title>What literature review is not: diversity, boundaries and recommendations</article-title>”, <source>European Journal of Information Systems</source>, Vol. <volume>23</volume> No. <issue>3</issue>, pp. <fpage>241</fpage>-<lpage>255</lpage>.</mixed-citation></ref>
<ref id="ref082"><mixed-citation publication-type="journal"><person-group person-group-type="author"><string-name><surname>Roy Bhattacharjee</surname>, <given-names>D.</given-names></string-name>, <string-name><surname>Pradhan</surname>, <given-names>D.</given-names></string-name> and <string-name><surname>Swani</surname>, <given-names>K.</given-names></string-name></person-group> (<year>2022</year>), “<article-title>Brand communities: a literature review and future research agendas using TCCM approach</article-title>”, <source>International Journal of Consumer Studies</source>, Vol. <volume>46</volume> No. <issue>1</issue>, pp. <fpage>3</fpage>-<lpage>28</lpage>.</mixed-citation></ref>
<ref id="ref083"><mixed-citation publication-type="journal"><person-group person-group-type="author"><string-name><surname>Ruggeri</surname>, <given-names>G.</given-names></string-name>, <string-name><surname>Orsi</surname>, <given-names>L.</given-names></string-name> and <string-name><surname>Corsi</surname>, <given-names>S.</given-names></string-name></person-group> (<year>2019</year>), “<article-title>A bibliometric analysis of the scientific literature on fairtrade labelling</article-title>”, <source>International Journal of Consumer Studies</source>, Vol. <volume>43</volume> No. <issue>2</issue>, pp. <fpage>134</fpage>-<lpage>152</lpage>.</mixed-citation></ref>
<ref id="ref084"><mixed-citation publication-type="journal"><person-group person-group-type="author"><string-name><surname>Sox</surname>, <given-names>C.B.</given-names></string-name>, <string-name><surname>Kline</surname>, <given-names>S.F.</given-names></string-name>, <string-name><surname>Crews</surname>, <given-names>T.B.</given-names></string-name>, <string-name><surname>Strick</surname>, <given-names>S.K.</given-names></string-name> and <string-name><surname>Campbell</surname>, <given-names>J.M.</given-names></string-name></person-group> (<year>2017</year>), “<article-title>Virtual and hybrid meetings: a mixed research synthesis of 2002-2012 research</article-title>”, <source>Journal of Hospitality and Tourism Research</source>, Vol. <volume>41</volume> No. <issue>8</issue>, pp. <fpage>945</fpage>-<lpage>984</lpage>.</mixed-citation></ref></ref-list>
</back>
</article>