<?xml version="1.0" encoding="UTF-8"?>
<!DOCTYPE article PUBLIC "-//NLM//DTD JATS (Z39.96) Journal Archiving and Interchange DTD with MathML3 v1.1d1 20130915//EN" "JATS-archivearticle1-mathml3.dtd"><article xmlns:mml="http://www.w3.org/1998/Math/MathML" xmlns:xsi="http://www.w3.org/2001/XMLSchema-instance" xmlns:xlink="http://www.w3.org/1999/xlink" article-type="research-article" dtd-version="1.1d1" xml:lang="en"><front id="meta-hdr"><journal-meta><journal-id journal-id-type="publisher-id">JPBAFM</journal-id><journal-id journal-id-type="doi">10.1108/JPBAFM</journal-id><journal-title-group><journal-title>Journal of Public Budgeting, Accounting &amp; Financial Management</journal-title><abbrev-journal-title abbrev-type="publisher">JPBAFM</abbrev-journal-title></journal-title-group><issn publication-format="print">1096-3367</issn><issn publication-format="online">1945-1814</issn><publisher><publisher-name>Emerald Publishing Limited</publisher-name></publisher></journal-meta><article-meta id="art-meta"><article-id pub-id-type="publisher-id">720273</article-id><article-id pub-id-type="doi">10.1108/JPBAFM-05-2023-0077</article-id><article-id pub-id-type="original-pdf">JPBAFM-05-2023-0077.pdf</article-id><article-id pub-id-type="filename">JPBAFM-05-2023-0077</article-id><article-categories><subj-group subj-group-type="type-of-publication"><compound-subject><compound-subject-part content-type="code">research-article</compound-subject-part><compound-subject-part content-type="label">Research paper</compound-subject-part></compound-subject></subj-group><subj-group subj-group-type="subject"><compound-subject><compound-subject-part content-type="code">cat-ACF</compound-subject-part><compound-subject-part content-type="label">Accounting &amp; finance</compound-subject-part></compound-subject></subj-group><subj-group subj-group-type="subject"><compound-subject><compound-subject-part content-type="code"/><compound-subject-part content-type="label">Accounting/accountancy</compound-subject-part></compound-subject></subj-group><subj-group subj-group-type="subject"><compound-subject><compound-subject-part content-type="code"/><compound-subject-part content-type="label">Accounting methods/systems</compound-subject-part></compound-subject></subj-group><subj-group subj-group-type="subject"><compound-subject><compound-subject-part content-type="code"/><compound-subject-part content-type="label">Economics</compound-subject-part></compound-subject></subj-group><subj-group subj-group-type="subject"><compound-subject><compound-subject-part content-type="code"/><compound-subject-part content-type="label">Public finance/economics</compound-subject-part></compound-subject></subj-group></article-categories><title-group><article-title xml:lang="en">External auditors, policy transfer, accruals accounting and the United Nations</article-title><alt-title alt-title-type="running-head">Accruals accounting and the United Nations</alt-title></title-group><contrib-group><contrib contrib-type="author" corresp="yes"><contrib-id contrib-id-type="orcid">https://orcid.org/0000-0002-2024-3339</contrib-id><name-alternatives><name name-style="western"><surname>Moloney</surname><given-names>Kim</given-names></name><string-name name-style="western"><given-names>Kim</given-names> <surname>Moloney</surname></string-name></name-alternatives><email>kmoloney@hbku.edu.qa</email><xref ref-type="aff" rid="aff1"/></contrib><contrib contrib-type="author"><name-alternatives><name name-style="western"><surname>Jensen</surname><given-names>Gwenda</given-names></name><string-name name-style="western"><given-names>Gwenda</given-names> <surname>Jensen</surname></string-name></name-alternatives><email>gwendajensen@yahoo.com</email><xref ref-type="aff" rid="aff2"/></contrib><contrib contrib-type="author"><contrib-id contrib-id-type="orcid">https://orcid.org/0009-0003-3750-8780</contrib-id><name-alternatives><name name-style="western"><surname>Stoycheva</surname><given-names>Rayna</given-names></name><string-name name-style="western"><given-names>Rayna</given-names> <surname>Stoycheva</surname></string-name></name-alternatives><email>rayna.stoycheva@drake.edu</email><xref ref-type="aff" rid="aff3"/></contrib><aff id="aff1"><institution-wrap><institution>College of Public Policy</institution></institution-wrap>, <institution-wrap><institution>Hamad Bin Khalifa University</institution></institution-wrap>, Doha, <country country="QA">Qatar</country></aff><aff id="aff2"><institution-wrap><institution>Independent Researcher</institution></institution-wrap>, Toronto, <country country="CA">Canada</country></aff><aff id="aff3"><institution-wrap><institution>Harkin Institute</institution></institution-wrap>, <institution-wrap><institution>Drake University</institution></institution-wrap>, Des Moines, Iowa, <country country="US">USA</country></aff></contrib-group><author-notes><corresp id="cor1">Kim Moloney can be contacted at: <ext-link ext-link-type="email" xlink:href="mailto:kmoloney@hbku.edu.qa">kmoloney@hbku.edu.qa</ext-link></corresp></author-notes><pub-date publication-format="electronic" date-type="pub" iso-8601-date="2024-05-01"><day>01</day><month>05</month><year>2024</year></pub-date><pub-date publication-format="print" date-type="pub" iso-8601-date="2024-08-07"><day>07</day><month>08</month><year>2024</year></pub-date><volume>36</volume><issue>4</issue><fpage>389</fpage><lpage>416</lpage><history><date date-type="received" iso-8601-date="2023-05-24"><day>24</day><month>05</month><year>2023</year></date><date date-type="revised" iso-8601-date="2023-09-20"><day>20</day><month>09</month><year>2023</year></date><date date-type="revised" iso-8601-date="2023-12-17"><day>17</day><month>12</month><year>2023</year></date><date date-type="revised" iso-8601-date="2024-02-18"><day>18</day><month>02</month><year>2024</year></date><date date-type="revised" iso-8601-date="2024-03-20"><day>20</day><month>03</month><year>2024</year></date><date date-type="accepted" iso-8601-date="2024-03-21"><day>21</day><month>03</month><year>2024</year></date></history><permissions><copyright-statement>© Emerald Publishing Limited</copyright-statement><copyright-year>2024</copyright-year><copyright-holder>Emerald Publishing Limited</copyright-holder><license license-type="publisher"><license-p>Licensed re-use rights only</license-p></license></permissions><self-uri content-type="pdf" xlink:href="JPBAFM-05-2023-0077.pdf"/><abstract abstract-type="structured" id="abstr1" xml:lang="en"><sec><title content-type="abstract-subheading">Purpose</title><p>This study asks whether external auditors enable the transfer of policies to the United Nations organizations that they audit and, if so, what types of policies are transferred.</p></sec><sec><title content-type="abstract-subheading">Design/methodology/approach</title><p>The empirical research is based on a content analysis of 512 external auditor recommendations from 28 pre- and post-accrual reports of 14 UN bodies.</p></sec><sec><title content-type="abstract-subheading">Findings</title><p>We find that external auditors do enable policy transfer and that such involvements may, at times, veer into non-neutral policy spaces.</p></sec><sec><title content-type="abstract-subheading">Research limitations/implications</title><p>We did not analyze all UN organizations with accruals-based accounting. We also did not engage in a longer longitudinal study.</p></sec><sec><title content-type="abstract-subheading">Practical implications</title><p>Our findings raise new questions about international organization accountability, the technocratic and policy-specific influences of external auditors, and open a debate about whether attempted policy transfers can be neutral.</p></sec><sec><title content-type="abstract-subheading">Originality/value</title><p>The world’s largest group of international organizations is affiliated with the UN. External auditors help ensure that member-state monies are appropriately utilized. Our study is the first to compare pre- and post-accrual external auditor recommendations for 14 UN bodies. It is also the first to notate and study the attempted policy transfers from external auditors to the audited UN bodies.</p></sec></abstract><kwd-group kwd-group-type="author-generated" xml:lang="en"><kwd>Policy transfer</kwd><x xml:space="preserve">, </x><kwd>United nations</kwd><x xml:space="preserve">, </x><kwd>External auditors</kwd><x xml:space="preserve">, </x><kwd>Accountability</kwd><x xml:space="preserve">, </x><kwd>Independence</kwd><x xml:space="preserve">, </x><kwd>Technocratic</kwd><x xml:space="preserve">, </x><kwd>Neutrality</kwd><x xml:space="preserve">, </x><kwd>IPSAS</kwd><x xml:space="preserve">, </x><kwd>Accruals accounting</kwd></kwd-group><counts><fig-count count="0"/><table-count count="2"/><equation-count count="0"/><ref-count count="111"/><page-count count="28"/><word-count count="14362"/></counts><custom-meta-group><custom-meta><meta-name>peer-reviewed</meta-name><meta-value>No</meta-value></custom-meta><custom-meta><meta-name>academic-content</meta-name><meta-value>Yes</meta-value></custom-meta><custom-meta><meta-name>EContentType</meta-name><meta-value>Journal</meta-value></custom-meta><custom-meta><meta-name>rightslink</meta-name><meta-value>included</meta-value></custom-meta></custom-meta-group></article-meta></front><back><ref-list id="refs1"><title>References</title><ref id="ref001"><mixed-citation publication-type="journal"><person-group person-group-type="author"><string-name><surname>Adam</surname>, <given-names>B.</given-names></string-name></person-group> (<year>2018</year>), “<article-title>Comparison of the perception of overt and covert options in IPSAS financial statements by intergovernmental organizations</article-title>”, <source>Tékhne–Review of Applied Management Studies</source>, Vol. <volume>16</volume> No. <issue>1</issue>, pp. <fpage>28</fpage>-<lpage>39</lpage>, doi: <pub-id pub-id-type="doi">10.2478/tekhne-2019-0003</pub-id>.</mixed-citation></ref><ref id="ref002"><mixed-citation publication-type="journal"><person-group person-group-type="author"><string-name><surname>Adhikari</surname>, <given-names>P.</given-names></string-name> and <string-name><surname>Gårseth-Nesbakk</surname>, <given-names>L.</given-names></string-name></person-group> (<year>2016</year>), “<article-title>Implementing public sector accruals in OECD member states: major issues and challenges</article-title>”, <source>Accounting Forum</source>, Vol. <volume>40</volume> No. <issue>2</issue>, pp. <fpage>125</fpage>-<lpage>142</lpage>, doi: <pub-id pub-id-type="doi">10.1016/j.accfor.2016.02.001</pub-id>.</mixed-citation></ref><ref id="ref003"><mixed-citation publication-type="journal"><person-group person-group-type="author"><string-name><surname>Alesani</surname>, <given-names>D.</given-names></string-name>, <string-name><surname>Jensen</surname>, <given-names>G.</given-names></string-name> and <string-name><surname>Steccolini</surname>, <given-names>I.</given-names></string-name></person-group> (<year>2012</year>), “<article-title>IPSAS adoption by the World Food Programme: an application of the contingency model to intergovernmental organizations</article-title>”, <source>International Journal of Public Sector Performance Management</source>, Vol. <volume>2</volume> No. <issue>1</issue>, pp. <fpage>61</fpage>-<lpage>80</lpage>, doi: <pub-id pub-id-type="doi">10.1504/ijpspm.2012.048744</pub-id>.</mixed-citation></ref><ref id="ref004"><mixed-citation publication-type="journal"><person-group person-group-type="author"><string-name><surname>Baskerville</surname>, <given-names>R.</given-names></string-name> and <string-name><surname>Grossi</surname>, <given-names>G.</given-names></string-name></person-group> (<year>2019</year>), “<article-title>Glocalization of accounting standards: observations on neo-institutionalism of IPSAS</article-title>”, <source>Public Money and Management</source>, Vol. <volume>39</volume> No. <issue>2</issue>, pp. <fpage>95</fpage>-<lpage>103</lpage>, doi: <pub-id pub-id-type="doi">10.1080/09540962.2019.1580894</pub-id>.</mixed-citation></ref><ref id="ref005"><mixed-citation publication-type="journal"><person-group person-group-type="author"><string-name><surname>Bergmann</surname>, <given-names>A.</given-names></string-name> and <string-name><surname>Fuchs</surname>, <given-names>S.</given-names></string-name></person-group> (<year>2017</year>), “<article-title>Accounting standards for complex resources of international organizations</article-title>”, <source>Global Policy</source>, Vol. <volume>8</volume> No. <issue>S5</issue>, pp. <fpage>26</fpage>-<lpage>35</lpage>, doi: <pub-id pub-id-type="doi">10.1111/1758-5899.12454</pub-id>.</mixed-citation></ref><ref id="ref006"><mixed-citation publication-type="journal"><person-group person-group-type="author"><string-name><surname>Bergmann</surname>, <given-names>A.</given-names></string-name>, <string-name><surname>Fuchs</surname>, <given-names>S.</given-names></string-name> and <string-name><surname>Schuler</surname>, <given-names>C.</given-names></string-name></person-group> (<year>2019</year>), “<article-title>A theoretical basis for public sector accrual accounting research: current state and perspectives</article-title>”, <source>Public Money and Management</source>, Vol. <volume>39</volume> No. <issue>8</issue>, pp. <fpage>560</fpage>-<lpage>570</lpage>, doi: <pub-id pub-id-type="doi">10.1080/09540962.2019.1654319</pub-id>.</mixed-citation></ref><ref id="ref007"><mixed-citation publication-type="book"><person-group person-group-type="author"><string-name><surname>Biraud</surname>, <given-names>G.</given-names></string-name></person-group> (<year>2010</year>), <source>Preparedness of the United Nations System Organizations for the International Public Sector Accounting Standards (IPSAS)</source>, <publisher-name>Joint Inspection Unit</publisher-name>, <publisher-loc>Geneva</publisher-loc>.</mixed-citation></ref><ref id="ref008"><mixed-citation publication-type="journal"><person-group person-group-type="author"><string-name><surname>Blume</surname>, <given-names>L.</given-names></string-name> and <string-name><surname>Voight</surname>, <given-names>S.</given-names></string-name></person-group> (<year>2011</year>), “<article-title>Does organizational design of supreme audit institutions matter? A cross-country assessment</article-title>”, <source>European Journal of Political Economy</source>, Vol. <volume>27</volume> No. <issue>2</issue>, pp. <fpage>215</fpage>-<lpage>229</lpage>, doi: <pub-id pub-id-type="doi">10.1016/j.ejpoleco.2010.07.001</pub-id>.</mixed-citation></ref><ref id="ref009"><mixed-citation publication-type="book"><person-group person-group-type="author"><string-name><surname>Boström</surname>, <given-names>B.</given-names></string-name> and <string-name><surname>Garsten</surname>, <given-names>C.</given-names></string-name></person-group> (<year>2008</year>), <source>Organizing Transnational Accountability</source>, <publisher-name>Edward Elgar</publisher-name>, <publisher-loc>Northhampton, MA</publisher-loc>.</mixed-citation></ref><ref id="ref010"><mixed-citation publication-type="journal"><person-group person-group-type="author"><string-name><surname>Brown</surname>, <given-names>L.D.</given-names></string-name> and <string-name><surname>Moore</surname>, <given-names>M.H.</given-names></string-name></person-group> (<year>2001</year>), “<article-title>Accountability, strategy, and international nongovernmental organizations</article-title>”, <source>Nonprofit and Voluntary Sector Quarterly</source>, Vol. <volume>30</volume> No. <issue>3</issue>, pp. <fpage>569</fpage>-<lpage>587</lpage>, doi: <pub-id pub-id-type="doi">10.1177/0899764001303012</pub-id>.</mixed-citation></ref><ref id="ref011"><mixed-citation publication-type="journal"><person-group person-group-type="author"><string-name><surname>Bruno</surname>, <given-names>A.</given-names></string-name> and <string-name><surname>Lapsley</surname>, <given-names>I.M.</given-names></string-name></person-group> (<year>2018</year>), “<article-title>The emergence of an accounting practice: the fabrication of a government accural accounting system</article-title>”, <source>Accounting, Auditing and Accountability Journal</source>, Vol. <volume>31</volume> No. <issue>4</issue>, pp. <fpage>1045</fpage>-<lpage>1066</lpage>, doi: <pub-id pub-id-type="doi">10.1108/aaaj-01-2016-2400</pub-id>.</mixed-citation></ref><ref id="ref012"><mixed-citation publication-type="book"><person-group person-group-type="author"><string-name><surname>Camfferman</surname>, <given-names>K.</given-names></string-name> and <string-name><surname>Zeff</surname>, <given-names>S.A.</given-names></string-name></person-group> (<year>2007</year>), <source>Financial Reporting and Global Capital Markets: A History of the International Accounting Standards Committee, 1973-2000</source>, <publisher-name>Oxford University Press</publisher-name>, <publisher-loc>Oxford</publisher-loc>.</mixed-citation></ref><ref id="ref013"><mixed-citation publication-type="journal"><person-group person-group-type="author"><string-name><surname>Carbonnier</surname>, <given-names>G.</given-names></string-name></person-group> (<year>2013</year>), “<article-title>Procurement of goods and services by international organisations in donor countries</article-title>”, <source>International Development Policy</source>, Vol. <volume>4</volume> No. <issue>3</issue>, pp. <fpage>1</fpage>-<lpage>14</lpage>, doi: <pub-id pub-id-type="doi">10.4000/poldev.1633</pub-id>.</mixed-citation></ref><ref id="ref014"><mixed-citation publication-type="journal"><person-group person-group-type="author"><string-name><surname>Carraro</surname>, <given-names>V.</given-names></string-name> and <string-name><surname>Jongen</surname>, <given-names>H.</given-names></string-name></person-group> (<year>2018</year>), “<article-title>Leaving the doors open or keeping them closed? The impact of transparency on the authority of peer reviews in international organizations</article-title>”, <source>Global Governance</source>, Vol. <volume>24</volume> No. <issue>4</issue>, pp. <fpage>615</fpage>-<lpage>635</lpage>, doi: <pub-id pub-id-type="doi">10.1163/19426720-02404008</pub-id>.</mixed-citation></ref><ref id="ref015"><mixed-citation publication-type="book-chapter"><person-group person-group-type="author"><string-name><surname>Cavanagh</surname>, <given-names>J.</given-names></string-name>, <string-name><surname>Flynn</surname>, <given-names>S.</given-names></string-name> and <string-name><surname>Moretti</surname>, <given-names>D.</given-names></string-name></person-group> (<year>2016</year>), “<chapter-title>Implementing accrual accounting in the public sector</chapter-title>”, in <source>Technical Notes and Manuals</source>, <publisher-name>International Monetary Fund</publisher-name>, <publisher-loc>Washington, DC</publisher-loc>.</mixed-citation></ref><ref id="ref016"><mixed-citation publication-type="journal"><person-group person-group-type="author"><string-name><surname>Chan</surname>, <given-names>J.L.</given-names></string-name></person-group> (<year>2003</year>), “<article-title>Government accounting: an assessment of theory, purposes and standards</article-title>”, <source>Public Money and Management</source>, Vol. <volume>23</volume> No. <issue>1</issue>, pp. <fpage>13</fpage>-<lpage>20</lpage>, doi: <pub-id pub-id-type="doi">10.1111/1467-9302.00336</pub-id>.</mixed-citation></ref><ref id="ref017"><mixed-citation publication-type="journal"><person-group person-group-type="author"><string-name><surname>Chow</surname>, <given-names>D.</given-names></string-name> and <string-name><surname>Aggestam-Pontoppidan</surname>, <given-names>C.</given-names></string-name></person-group> (<year>2019</year>), “<article-title>The united nations' (UN) decision to adopt international public sector accounting standards (IPSAS)</article-title>”, <source>Journal of Public Budgeting, Accounting, and Financial Management</source>, Vol. <volume>31</volume> No. <issue>2</issue>, pp. <fpage>285</fpage>-<lpage>306</lpage>, doi: <pub-id pub-id-type="doi">10.1108/jpbafm-08-2018-0087</pub-id>.</mixed-citation></ref><ref id="ref018"><mixed-citation publication-type="journal"><person-group person-group-type="author"><string-name><surname>Christiaens</surname>, <given-names>J.</given-names></string-name>, <string-name><surname>Vanhee</surname>, <given-names>C.</given-names></string-name>, <string-name><surname>Aversano</surname>, <given-names>N.</given-names></string-name> and <string-name><surname>van Cauwenberge</surname>, <given-names>P.</given-names></string-name></person-group> (<year>2015</year>), “<article-title>The effect of IPSAS on reforming governmental financial reporting: an international comparison</article-title>”, <source>International Review of Administrative Science</source>, Vol. <volume>8</volume> No. <issue>1</issue>, pp. <fpage>158</fpage>-<lpage>177</lpage>, doi: <pub-id pub-id-type="doi">10.1177/0020852314546580</pub-id>.</mixed-citation></ref><ref id="ref019"><mixed-citation publication-type="journal"><person-group person-group-type="author"><string-name><surname>Coen</surname>, <given-names>D.</given-names></string-name>, <string-name><surname>Kreienkamp</surname>, <given-names>J.</given-names></string-name>, <string-name><surname>Tokhi</surname>, <given-names>A.</given-names></string-name> and <string-name><surname>Pegram</surname>, <given-names>T.</given-names></string-name></person-group> (<year>2022</year>), “<article-title>Making global public policy work: a survey of international organization effectiveness</article-title>”, <source>Global Policy</source>, Vol. <volume>13</volume> No. <issue>5</issue>, pp. <fpage>656</fpage>-<lpage>668</lpage>, doi: <pub-id pub-id-type="doi">10.1111/1758-5899.13125</pub-id>.</mixed-citation></ref><ref id="ref020"><mixed-citation publication-type="journal"><person-group person-group-type="author"><string-name><surname>Cordery</surname>, <given-names>C.J.</given-names></string-name> and <string-name><surname>Hay</surname>, <given-names>D.</given-names></string-name></person-group> (<year>2019</year>), “<article-title>Supreme audit institutions and public value: demonstrating relevance</article-title>”, <source>Financial Accountability and Management</source>, Vol. <volume>35</volume> No. <issue>2</issue>, pp. <fpage>128</fpage>-<lpage>142</lpage>, doi: <pub-id pub-id-type="doi">10.1111/faam.12185</pub-id>.</mixed-citation></ref><ref id="ref021"><mixed-citation publication-type="journal"><person-group person-group-type="author"><string-name><surname>Dolowitz</surname>, <given-names>D.P.</given-names></string-name> and <string-name><surname>Marsh</surname>, <given-names>D.</given-names></string-name></person-group> (<year>1996</year>), “<article-title>Who learns from whom: a review of the policy transfer literature</article-title>”, <source>Political Studies</source>, Vol. <volume>44</volume> No. <issue>2</issue>, pp. <fpage>343</fpage>-<lpage>357</lpage>, doi: <pub-id pub-id-type="doi">10.1111/j.1467-9248.1996.tb00334.x</pub-id>.</mixed-citation></ref><ref id="ref022"><mixed-citation publication-type="journal"><person-group person-group-type="author"><string-name><surname>Dolowitz</surname>, <given-names>D.P.</given-names></string-name> and <string-name><surname>Marsh</surname>, <given-names>D.</given-names></string-name></person-group> (<year>2000</year>), “<article-title>Learning from abroad: the role of policy transfer in contemporary policy-making</article-title>”, <source>Governance</source>, Vol. <volume>13</volume> No. <issue>1</issue>, pp. <fpage>5</fpage>-<lpage>23</lpage>, doi: <pub-id pub-id-type="doi">10.1111/0952-1895.00121</pub-id>.</mixed-citation></ref><ref id="ref023"><mixed-citation publication-type="journal"><person-group person-group-type="author"><string-name><surname>Eberlein</surname>, <given-names>B.</given-names></string-name> and <string-name><surname>Newman</surname>, <given-names>A.L.</given-names></string-name></person-group> (<year>2008</year>), “<article-title>Escaping the international governance dilemma? Incorporated transgovernmental networks in the European union</article-title>”, <source>Governance</source>, Vol. <volume>21</volume> No. <issue>1</issue>, pp. <fpage>25</fpage>-<lpage>52</lpage>, doi: <pub-id pub-id-type="doi">10.1111/j.1468-0491.2007.00384.x</pub-id>.</mixed-citation></ref><ref id="ref024"><mixed-citation publication-type="journal"><person-group person-group-type="author"><string-name><surname>Ege</surname>, <given-names>J.</given-names></string-name> and <string-name><surname>Bauer</surname>, <given-names>M.W.</given-names></string-name></person-group> (<year>2017</year>), “<article-title>The politics of international organization's budgeting</article-title>”, <source>Global Policy</source>, Vol. <volume>8</volume> No. <issue>S5</issue>, pp. <fpage>75</fpage>-<lpage>84</lpage>, doi: <pub-id pub-id-type="doi">10.1111/1758-5899.12451</pub-id>.</mixed-citation></ref><ref id="ref025"><mixed-citation publication-type="web"><person-group person-group-type="author"><collab>European Court of Auditors</collab></person-group> (<year>2023</year>), “<article-title>Supreme audit institutions in the EU and its member states – an overview</article-title>”, <comment>available at:</comment> <ext-link ext-link-type="uri" xlink:href="https://op.europa.eu/webpub/eca/book-state-audit/en/#A-3">https://op.europa.eu/webpub/eca/book-state-audit/en/#A-3</ext-link> (<comment>accessed</comment> <date-in-citation content-type="access-date">14 September 2023</date-in-citation>).</mixed-citation></ref><ref id="ref026"><mixed-citation publication-type="journal"><person-group person-group-type="author"><string-name><surname>Evans</surname>, <given-names>M.</given-names></string-name> and <string-name><surname>Davies</surname>, <given-names>J.</given-names></string-name></person-group> (<year>1999</year>), “<article-title>Understanding policy transfer: a Multi‐level, multi‐disciplinary perspective</article-title>”, <source>Public Administration</source>, Vol. <volume>77</volume> No. <issue>2</issue>, pp. <fpage>361</fpage>-<lpage>385</lpage>, doi: <pub-id pub-id-type="doi">10.1111/1467-9299.00158</pub-id>.</mixed-citation></ref><ref id="ref027"><mixed-citation publication-type="journal"><person-group person-group-type="author"><string-name><surname>Falkman</surname>, <given-names>P.</given-names></string-name> and <string-name><surname>Tagesson</surname>, <given-names>T.</given-names></string-name></person-group> (<year>2008</year>), “<article-title>Accrual accounting does not necessarily mean accrual accounting: factors that counteract compliance with accounting standards in Swedish municipal accounting</article-title>”, <source>Scandinavian Journal of Management</source>, Vol. <volume>24</volume> No. <issue>3</issue>, pp. <fpage>271</fpage>-<lpage>283</lpage>, doi: <pub-id pub-id-type="doi">10.1016/j.scaman.2008.02.004</pub-id>.</mixed-citation></ref><ref id="ref028"><mixed-citation publication-type="journal"><person-group person-group-type="author"><string-name><surname>Fleischman</surname>, <given-names>R.K.</given-names></string-name> and <string-name><surname>Radcliffe</surname>, <given-names>V.S.</given-names></string-name></person-group> (<year>2005</year>), “<article-title>The roaring nineties: accounting history comes of age</article-title>”, <source>Accounting Historians Journal</source>, Vol. <volume>32</volume> No. <issue>1</issue>, pp. <fpage>61</fpage>-<lpage>109</lpage>, doi: <pub-id pub-id-type="doi">10.2308/0148-4184.32.1.61</pub-id>.</mixed-citation></ref><ref id="ref029"><mixed-citation publication-type="book"><person-group person-group-type="author"><string-name><surname>Fleischman</surname>, <given-names>R.K.</given-names></string-name>, <string-name><surname>Funnell</surname>, <given-names>W.</given-names></string-name> and <string-name><surname>Walker</surname>, <given-names>S.P.</given-names></string-name></person-group> (<year>2013</year>), <source>Critical Histories of Accounting: Sinister Inscriptions in the Modern Era</source>, <publisher-name>Routledge</publisher-name>, <publisher-loc>New York</publisher-loc>.</mixed-citation></ref><ref id="ref030"><mixed-citation publication-type="book"><person-group person-group-type="author"><collab>Food and Agricultural Organization</collab></person-group> (<year>2014</year>), <source>Audited Accounts - FAO 2012-2013, Part B - Report of the External Auditor</source>, <publisher-name>Food and Agricultural Organization</publisher-name>, <publisher-loc>Rome</publisher-loc>.</mixed-citation></ref><ref id="ref031"><mixed-citation publication-type="book-chapter"><person-group person-group-type="author"><string-name><surname>Franghiadis</surname>, <given-names>A.</given-names></string-name></person-group> (<year>2015</year>), “<chapter-title>Who pays: financing and budget of the intergovernmental committee for European migration (1952-1960)</chapter-title>”, in <person-group person-group-type="editor"><string-name><surname>Ventural</surname>, <given-names>L.</given-names></string-name></person-group> (Ed.), <source>International ‘Migration Management’ in the Early Cold War. The Intergovernmental Committee for European Migration</source>, <publisher-name>University of the Peloponnese</publisher-name>, <publisher-loc>Tripoli, Greece</publisher-loc>, pp. <fpage>97</fpage>-<lpage>126</lpage>.</mixed-citation></ref><ref id="ref032"><mixed-citation publication-type="journal"><person-group person-group-type="author"><string-name><surname>Free</surname>, <given-names>C.</given-names></string-name>, <string-name><surname>Radcliffe</surname>, <given-names>V.C.</given-names></string-name>, <string-name><surname>Spence</surname>, <given-names>C.</given-names></string-name> and <string-name><surname>Stein</surname>, <given-names>M.J.</given-names></string-name></person-group> (<year>2020</year>), “<article-title>Auditing and the development of the modern state</article-title>”, <source>Contemporary Auditing Research</source>, Vol. <volume>37</volume> No. <issue>1</issue>, pp. <fpage>485</fpage>-<lpage>513</lpage>, doi: <pub-id pub-id-type="doi">10.1111/1911-3846.12497</pub-id>.</mixed-citation></ref><ref id="ref033"><mixed-citation publication-type="journal"><person-group person-group-type="author"><string-name><surname>Fröhlich</surname>, <given-names>M.</given-names></string-name></person-group> (<year>2007</year>), “<article-title>The ironies of UN secretariat reform</article-title>”, <source>Global Governance</source>, Vol. <volume>13</volume> No. <issue>2</issue>, pp. <fpage>151</fpage>-<lpage>159</lpage>, doi: <pub-id pub-id-type="doi">10.1163/19426720-01302001</pub-id>.</mixed-citation></ref><ref id="ref034"><mixed-citation publication-type="journal"><person-group person-group-type="author"><string-name><surname>Funnel</surname>, <given-names>W.</given-names></string-name></person-group> (<year>1998</year>), “<article-title>The narrative and its place in the new accounting history: the rise of the counternarrative</article-title>”, <source>Accounting, Auditing, and Accountabliity Journal</source>, Vol. <volume>11</volume> No. <issue>2</issue>, pp. <fpage>142</fpage>-<lpage>162</lpage>, doi: <pub-id pub-id-type="doi">10.1108/09513579810215446</pub-id>.</mixed-citation></ref><ref id="ref035"><mixed-citation publication-type="journal"><person-group person-group-type="author"><string-name><surname>Gårseth-Nesbakk</surname>, <given-names>L.</given-names></string-name></person-group> (<year>2011</year>), “<article-title>Accrual accounting representations in the public sector - a case of autopoiesis</article-title>”, <source>Critical Perspectives on Accounting</source>, Vol. <volume>22</volume> No. <issue>3</issue>, pp. <fpage>247</fpage>-<lpage>258</lpage>, doi: <pub-id pub-id-type="doi">10.1016/j.cpa.2010.10.004</pub-id>.</mixed-citation></ref><ref id="ref036"><mixed-citation publication-type="book"><person-group person-group-type="author"><string-name><surname>George</surname>, <given-names>A.L.</given-names></string-name> and <string-name><surname>Bennett</surname>, <given-names>A.</given-names></string-name></person-group> (<year>2005</year>), <source>Case Studies and Theory Development in the Social Sciences</source>, <publisher-name>MIT Press</publisher-name>, <publisher-loc>Cambridge, MA</publisher-loc>.</mixed-citation></ref><ref id="ref037"><mixed-citation publication-type="journal"><person-group person-group-type="author"><string-name><surname>Gilbert</surname>, <given-names>D.U.</given-names></string-name>, <string-name><surname>Rasche</surname>, <given-names>A.</given-names></string-name> and <string-name><surname>Waddock</surname>, <given-names>S.</given-names></string-name></person-group> (<year>2011</year>), “<article-title>Accountability in a global economy: the emergence of international accountability standards</article-title>”, <source>Business Ethics Quarterly</source>, Vol. <volume>21</volume> No. <issue>1</issue>, pp. <fpage>23</fpage>-<lpage>44</lpage>, doi: <pub-id pub-id-type="doi">10.5840/beq20112112</pub-id>.</mixed-citation></ref><ref id="ref038"><mixed-citation publication-type="journal"><person-group person-group-type="author"><string-name><surname>Graham</surname>, <given-names>E.</given-names></string-name></person-group> (<year>2015</year>), “<article-title>Money and multlateralism: how funding rules constitute IO governance</article-title>”, <source>International Theory</source>, Vol. <volume>7</volume> No. <issue>1</issue>, pp. <fpage>162</fpage>-<lpage>194</lpage>, doi: <pub-id pub-id-type="doi">10.1017/s1752971914000414</pub-id>.</mixed-citation></ref><ref id="ref039"><mixed-citation publication-type="journal"><person-group person-group-type="author"><string-name><surname>Graham</surname>, <given-names>E.</given-names></string-name></person-group> (<year>2017</year>), “<article-title>Follow the money: how trends in financing are changing governance at international organizations</article-title>”, <source>Global Policy</source>, Vol. <volume>8</volume> No. <issue>S5</issue>, pp. <fpage>15</fpage>-<lpage>25</lpage>, doi: <pub-id pub-id-type="doi">10.1111/1758-5899.12450</pub-id>.</mixed-citation></ref><ref id="ref040"><mixed-citation publication-type="book"><person-group person-group-type="author"><string-name><surname>Hamilton</surname>, <given-names>K.</given-names></string-name></person-group> (<year>2014</year>), <source>Measuring Sustainability in the UN System of Environmental-Economic Accounting</source>, <publisher-name>Grantham Research Institute</publisher-name>, <publisher-loc>London</publisher-loc>.</mixed-citation></ref><ref id="ref041"><mixed-citation publication-type="book-chapter"><person-group person-group-type="author"><string-name><surname>Hapuhennedige</surname>, <given-names>S.</given-names></string-name>, <string-name><surname>Bernsen</surname>, <given-names>E.C.</given-names></string-name> and <string-name><surname>Kohler</surname>, <given-names>J.C.</given-names></string-name></person-group> (<year>2020</year>), “<chapter-title>Exploring accountability and transparency within international organizations: what do we know and what do we need to know?</chapter-title>”, in <person-group person-group-type="editor"><string-name><surname>Çalıyurt</surname>, <given-names>K.T.</given-names></string-name></person-group> (Ed.), <source>Integrity, Transparency and Corruption Healthcare and Research on Health</source>, <publisher-name>Springer</publisher-name>, pp. <fpage>125</fpage>-<lpage>139</lpage>.</mixed-citation></ref><ref id="ref042"><mixed-citation publication-type="journal"><person-group person-group-type="author"><string-name><surname>Honig</surname>, <given-names>D.</given-names></string-name> and <string-name><surname>Weaver</surname>, <given-names>C.</given-names></string-name></person-group> (<year>2019</year>), “<article-title>A race to the top? The aid transparency index and the social power of global performance indicators</article-title>”, <source>International Organization</source>, Vol. <volume>73</volume> No. <issue>3</issue>, pp. <fpage>579</fpage>-<lpage>610</lpage>, doi: <pub-id pub-id-type="doi">10.1017/s0020818319000122</pub-id>.</mixed-citation></ref><ref id="ref043"><mixed-citation publication-type="book"><person-group person-group-type="author"><string-name><surname>Howlett</surname>, <given-names>M.</given-names></string-name></person-group> (<year>2019</year>), <source>Designing Public Policies: Principles and Instruments</source>, <publisher-name>Routledge</publisher-name>, <publisher-loc>New York</publisher-loc>.</mixed-citation></ref><ref id="ref044"><mixed-citation publication-type="journal"><person-group person-group-type="author"><string-name><surname>Hsieh</surname>, <given-names>H.-F.</given-names></string-name> and <string-name><surname>Shannon</surname>, <given-names>S.E.</given-names></string-name></person-group> (<year>2005</year>), “<article-title>Three approaches to qualitative content analysis</article-title>”, <source>Qualitative Health Research</source>, Vol. <volume>15</volume> No. <issue>9</issue>, pp. <fpage>1277</fpage>-<lpage>1288</lpage>, doi: <pub-id pub-id-type="doi">10.1177/1049732305276687</pub-id>.</mixed-citation></ref><ref id="ref045"><mixed-citation publication-type="journal"><person-group person-group-type="author"><string-name><surname>Humphrey</surname>, <given-names>C.</given-names></string-name> and <string-name><surname>Owen</surname>, <given-names>D.</given-names></string-name></person-group> (<year>2000</year>), “<article-title>Debating the ‘power’of audit</article-title>”, <source>International Journal of Auditing</source>, Vol. <volume>4</volume> No. <issue>1</issue>, pp. <fpage>29</fpage>-<lpage>50</lpage>, doi: <pub-id pub-id-type="doi">10.1111/1099-1123.00302</pub-id>.</mixed-citation></ref><ref id="ref046"><mixed-citation publication-type="book"><person-group person-group-type="author"><collab>International Atomic Energy Agency (IAEA)</collab></person-group> (<year>2012</year>), <source>The Agency's Financial Statements for 2011</source>, <publisher-name>International Atomic Energy Agency</publisher-name>, <publisher-loc>Vienna, Austria</publisher-loc>.</mixed-citation></ref><ref id="ref047"><mixed-citation publication-type="book"><person-group person-group-type="author"><collab>International Civil Aviation Organization (ICAO)</collab></person-group> (<year>2013</year>), <source>Financial Statements and Reports of the External Auditor for the Financial Period Ending 31 December 2011</source>, <publisher-name>International Civil Aviation Organization</publisher-name>, <publisher-loc>Montreal</publisher-loc>.</mixed-citation></ref><ref id="ref048"><mixed-citation publication-type="book"><person-group person-group-type="author"><collab>International Civil Service Commission (ICSC)</collab></person-group> (<year>2018</year>), <source>The International Civil Service Commission Promoting and Maintaining Exemplary Service to the United Nations Common System since 1975</source>, <publisher-name>International Civil Service Commission</publisher-name>, <publisher-loc>New York, NY</publisher-loc>.</mixed-citation></ref><ref id="ref049"><mixed-citation publication-type="web"><person-group person-group-type="author"><collab>International Federation of Accountants</collab></person-group> (<year>2017</year>), “<article-title>‘Nearly 75% of OECD countries have now adopted accrual accounting’ practices</article-title>”, <comment>available at:</comment> <ext-link ext-link-type="uri" xlink:href="https://www.ifac.org/news-events/2017-03/nearly-75-oecd-countries-have-now-adopted-accrual-accounting-practices-according-new-study-ifac-and#:%7E:text=Nearly%20three%2Dquarters%20of%20OECD,by%20the%20International%20Federation%20of">https://www.ifac.org/news-events/2017-03/nearly-75-oecd-countries-have-now-adopted-accrual-accounting-practices-according-new-study-ifac-and#:∼:text=Nearly%20three%2Dquarters%20of%20OECD,by%20the%20International%20Federation%20of</ext-link> (<comment>accessed</comment> <date-in-citation content-type="access-date">29 June 2021</date-in-citation>).</mixed-citation></ref><ref id="ref050"><mixed-citation publication-type="web"><person-group person-group-type="author"><collab>International Federation of Accountants</collab></person-group> (<year>2023</year>), “<article-title>Global impact map</article-title>”, <comment>available at:</comment> <ext-link ext-link-type="uri" xlink:href="https://www.ifac.org/what-we-do/global-impact-map/global-impact-map">https://www.ifac.org/what-we-do/global-impact-map/global-impact-map</ext-link> (<comment>accessed</comment> <date-in-citation content-type="access-date">29 June 2021</date-in-citation>).</mixed-citation></ref><ref id="ref051"><mixed-citation publication-type="book"><person-group person-group-type="author"><collab>International Organization of Supreme Audit Institutions</collab></person-group> (<year>2019</year>), <source>INTOSAI-P 10: Mexico Declaration on SAI Independence</source>, <publisher-name>International Organization of Supreme Audit Institutions</publisher-name>, <publisher-loc>Vienna Austria</publisher-loc>.</mixed-citation></ref><ref id="ref052"><mixed-citation publication-type="journal"><person-group person-group-type="author"><string-name><surname>James</surname>, <given-names>O.</given-names></string-name> and <string-name><surname>Lodge</surname>, <given-names>M.</given-names></string-name></person-group> (<year>2003</year>), “<article-title>The limitations of ‘policy transfer' and ‘lesson drawing' for public policy research</article-title>”, <source>Political Studies Review</source>, Vol. <volume>1</volume> No. <issue>2</issue>, pp. <fpage>179</fpage>-<lpage>193</lpage>, doi: <pub-id pub-id-type="doi">10.1111/1478-9299.t01-1-00003</pub-id>.</mixed-citation></ref><ref id="ref053"><mixed-citation publication-type="book-chapter"><person-group person-group-type="author"><string-name><surname>Jensen</surname>, <given-names>G.R.</given-names></string-name></person-group> (<year>2016</year>), “<chapter-title>International public sector accounting standards (IPSAS)</chapter-title>”, in <person-group person-group-type="editor"><string-name><surname>Farazmand</surname>, <given-names>A.</given-names></string-name></person-group> (Ed.), <source>Encyclopedia of Public Administration, Public Policy, and Governance</source>, <publisher-name>Springer International</publisher-name>.</mixed-citation></ref><ref id="ref054"><mixed-citation publication-type="confproc"><person-group person-group-type="author"><string-name><surname>Jensen</surname>, <given-names>G.R.</given-names></string-name> and <string-name><surname>Smith</surname>, <given-names>R.A.</given-names></string-name></person-group> (<year>2013</year>), “<article-title>History of the IPSASB: growing influence -- reduced control?</article-title>”, <conf-name>Paper presentated at the European Group of Public Administration (EGPA) Workshop on Public Sector Management and IPSAS</conf-name>, <conf-loc>Salerno</conf-loc>.</mixed-citation></ref><ref id="ref055"><mixed-citation publication-type="journal"><person-group person-group-type="author"><string-name><surname>Johnsen</surname>, <given-names>A.</given-names></string-name>, <string-name><surname>Reichborn-Kjennerud</surname>, <given-names>K.</given-names></string-name>, <string-name><surname>Carrington</surname>, <given-names>T.</given-names></string-name>, <string-name><surname>Klarskov-Jeppesen</surname>, <given-names>K.</given-names></string-name>, <string-name><surname>Taro</surname>, <given-names>K.</given-names></string-name> and <string-name><surname>Vakkuri</surname>, <given-names>J.</given-names></string-name></person-group> (<year>2019</year>), “<article-title>Supreme audit institutions in a high-impact context: a comparative analysis of performance audit in four Nordic countries</article-title>”, <source>Financial Accountability and Management</source>, Vol. <volume>35</volume> No. <issue>2</issue>, pp. <fpage>158</fpage>-<lpage>181</lpage>, doi: <pub-id pub-id-type="doi">10.1111/faam.12188</pub-id>.</mixed-citation></ref><ref id="ref056"><mixed-citation publication-type="book"><person-group person-group-type="author"><collab>Joint Inspection Unit</collab></person-group> (<year>2010</year>), <source>The Audit Function in the United Nations System</source>, <publisher-name>Joint Inspection Unit</publisher-name>, <publisher-loc>Geneva</publisher-loc>.</mixed-citation></ref><ref id="ref057"><mixed-citation publication-type="book-chapter"><person-group person-group-type="author"><string-name><surname>Kartiko</surname>, <given-names>S.W.</given-names></string-name> and <string-name><surname>Utama</surname>, <given-names>S.</given-names></string-name></person-group> (<year>2018</year>), “<chapter-title>Do accrual accounting practice and the supreme audit insttution role improve government financial disclosure? Cross-country empirical studies</chapter-title>”, in <person-group person-group-type="editor"><string-name><surname>Gani</surname>, <given-names>L.</given-names></string-name>, <string-name><surname>Gitaharie</surname>, <given-names>B.Y.</given-names></string-name>, <string-name><surname>Husodo</surname>, <given-names>Z.A.</given-names></string-name> and <string-name><surname>Kuncoro</surname>, <given-names>A.</given-names></string-name></person-group> (Eds), <source>Competition and Cooperation in Economics and Business</source>, <publisher-name>Routledge</publisher-name>, <publisher-loc>London</publisher-loc>, pp. <fpage>63</fpage>-<lpage>73</lpage>.</mixed-citation></ref><ref id="ref058"><mixed-citation publication-type="journal"><person-group person-group-type="author"><string-name><surname>Kohler</surname>, <given-names>J.C.</given-names></string-name> and <string-name><surname>Bowra</surname>, <given-names>A.</given-names></string-name></person-group> (<year>2020</year>), “<article-title>Exploring anti-corruption, transparency, and accountability in the world health organization, the united nations development programme, the World Bank group, and the global fund to fight AIDS, tuberculosis and Malaria</article-title>”, <source>Globalization and Health</source>, Vol. <volume>16</volume> No. <issue>1</issue>, pp. <fpage>1</fpage>-<lpage>10</lpage>, doi: <pub-id pub-id-type="doi">10.1186/s12992-020-00629-5</pub-id>.</mixed-citation></ref><ref id="ref059"><mixed-citation publication-type="journal"><person-group person-group-type="author"><string-name><surname>Lapsley</surname>, <given-names>I.</given-names></string-name>, <string-name><surname>Mussari</surname>, <given-names>R.</given-names></string-name> and <string-name><surname>Paulsson</surname>, <given-names>G.</given-names></string-name></person-group> (<year>2009</year>), “<article-title>On the adoption of accrual accounting in the public sector: a self-evident and problematic reform</article-title>”, <source>European Accounting Review</source>, Vol. <volume>18</volume> No. <issue>4</issue>, pp. <fpage>719</fpage>-<lpage>723</lpage>, doi: <pub-id pub-id-type="doi">10.1080/09638180903334960</pub-id>.</mixed-citation></ref><ref id="ref060"><mixed-citation publication-type="journal"><person-group person-group-type="author"><string-name><surname>Laughlin</surname>, <given-names>R.</given-names></string-name></person-group> (<year>1995</year>), “<article-title>Empirical research in accounting: alternative approaches and a case for “middle‐range” thinking</article-title>”, <source>Accounting, Auditing and Accountability Journal</source>, Vol. <volume>8</volume> No. <issue>1</issue>, pp. <fpage>63</fpage>-<lpage>87</lpage>, doi: <pub-id pub-id-type="doi">10.1108/09513579510146707</pub-id>.</mixed-citation></ref><ref id="ref061"><mixed-citation publication-type="book-chapter"><person-group person-group-type="author"><string-name><surname>Laughlin</surname>, <given-names>R.</given-names></string-name></person-group> (<year>2011</year>), “<chapter-title>Accounting research, policy and practice: worlds together or worlds apart</chapter-title>”, in <person-group person-group-type="editor"><string-name><surname>Evans</surname>, <given-names>E.</given-names></string-name>, <string-name><surname>Buritt</surname>, <given-names>R.</given-names></string-name> and <string-name><surname>Guthrie</surname>, <given-names>J.</given-names></string-name></person-group> (Eds), <source>Bridging the Gap between Academic Accounting Research and Professional Practice</source>, <publisher-name>University of South Australia</publisher-name>, <publisher-loc>Adelaide</publisher-loc>, pp. <fpage>21</fpage>-<lpage>32</lpage>.</mixed-citation></ref><ref id="ref062"><mixed-citation publication-type="book-chapter"><person-group person-group-type="author"><string-name><surname>Legrand</surname>, <given-names>T.</given-names></string-name></person-group> (<year>2019</year>), “<chapter-title>Sovereignty renewed: transgovernmental policy networks and the global-local Dilemma</chapter-title>”, in <person-group person-group-type="editor"><string-name><surname>Stone</surname>, <given-names>D.</given-names></string-name> and <string-name><surname>Moloney</surname>, <given-names>K.</given-names></string-name></person-group> (Eds), <source>Oxford Handbook of Global Policy and Transnational Administration</source>, <publisher-name>Oxford University Press</publisher-name>, <publisher-loc>Oxford</publisher-loc>, pp. <fpage>200</fpage>-<lpage>222</lpage>.</mixed-citation></ref><ref id="ref063"><mixed-citation publication-type="journal"><person-group person-group-type="author"><string-name><surname>Marsh</surname>, <given-names>D.</given-names></string-name> and <string-name><surname>Sharman</surname>, <given-names>J.C.</given-names></string-name></person-group> (<year>2009</year>), “<article-title>Policy diffusion and policy transfer</article-title>”, <source>Policy Studies</source>, Vol. <volume>30</volume> No. <issue>3</issue>, pp. <fpage>269</fpage>-<lpage>288</lpage>, doi: <pub-id pub-id-type="doi">10.1080/01442870902863851</pub-id>.</mixed-citation></ref><ref id="ref064"><mixed-citation publication-type="journal"><person-group person-group-type="author"><string-name><surname>Mattei</surname>, <given-names>G.</given-names></string-name>, <string-name><surname>Grossi</surname>, <given-names>G.</given-names></string-name> and <string-name><surname>Guthrie Am</surname>, <given-names>J.</given-names></string-name></person-group> (<year>2021</year>), “<article-title>Exploring past, present and future trends in public sector auditing research: a literature review</article-title>”, <source>Meditari Accountancy Research</source>, Vol. <volume>29</volume> No. <issue>7</issue>, pp. <fpage>94</fpage>-<lpage>134</lpage>, doi: <pub-id pub-id-type="doi">10.1108/medar-09-2020-1008</pub-id>.</mixed-citation></ref><ref id="ref065"><mixed-citation publication-type="journal"><person-group person-group-type="author"><string-name><surname>Mattli</surname>, <given-names>W.</given-names></string-name> and <string-name><surname>Büthe</surname>, <given-names>T.</given-names></string-name></person-group> (<year>2005</year>), “<article-title>Global private governance: lessons from a national model of setting standards in accounting</article-title>”, <source>Law and Contemporary Problems</source>, Vol. <volume>68</volume> Nos <issue>3/4</issue>, pp. <fpage>225</fpage>-<lpage>262</lpage>.</mixed-citation></ref><ref id="ref066"><mixed-citation publication-type="journal"><person-group person-group-type="author"><string-name><surname>Mkasiwa</surname>, <given-names>T.A.</given-names></string-name></person-group> (<year>2022</year>), “<article-title>The magic of IPSAS accrual: the real without reality</article-title>”, <source>Intenrational Journal of Public Sector Management</source>, Vol. <volume>35</volume> No. <issue>6</issue>, pp. <fpage>692</fpage>-<lpage>706</lpage>, doi: <pub-id pub-id-type="doi">10.1108/ijpsm-10-2021-0238</pub-id>.</mixed-citation></ref><ref id="ref067"><mixed-citation publication-type="book"><person-group person-group-type="author"><string-name><surname>Moloney</surname>, <given-names>K.</given-names></string-name></person-group> (<year>2022</year>), <source>Who Matters at the World Bank: Bureaucrats, Policy Change, and Public Sector Governance</source>, <publisher-name>Oxford University Press</publisher-name>, <publisher-loc>Oxford</publisher-loc>.</mixed-citation></ref><ref id="ref068"><mixed-citation publication-type="journal"><person-group person-group-type="author"><string-name><surname>Moloney</surname>, <given-names>K.</given-names></string-name> and <string-name><surname>Rosenbloom</surname>, <given-names>D.H.</given-names></string-name></person-group> (<year>2020</year>), “<article-title>Creating space for public administration in international organization studies</article-title>”, <source>American Review of Public Administration</source>, Vol. <volume>50</volume> No. <issue>3</issue>, pp. <fpage>227</fpage>-<lpage>243</lpage>, doi: <pub-id pub-id-type="doi">10.1177/0275074019888498</pub-id>.</mixed-citation></ref><ref id="ref069"><mixed-citation publication-type="journal"><person-group person-group-type="author"><string-name><surname>Moloney</surname>, <given-names>K.</given-names></string-name> and <string-name><surname>Stoycheva</surname>, <given-names>R.</given-names></string-name></person-group> (<year>2018</year>), “<article-title>Partial two‐way mirror: international organization budget transparency</article-title>”, <source>Global Policy</source>, Vol. <volume>9</volume> No. <issue>1</issue>, pp. <fpage>26</fpage>-<lpage>40</lpage>, doi: <pub-id pub-id-type="doi">10.1111/1758-5899.12523</pub-id>.</mixed-citation></ref><ref id="ref070"><mixed-citation publication-type="journal"><person-group person-group-type="author"><string-name><surname>Moloney</surname>, <given-names>K.</given-names></string-name>, <string-name><surname>Chou</surname>, <given-names>M.H.</given-names></string-name>, <string-name><surname>Osei</surname>, <given-names>P.</given-names></string-name> and <string-name><surname>Campbell</surname>, <given-names>Y.</given-names></string-name></person-group> (<year>2022</year>), “<article-title>Methodological Americanism: disciplinary senility and intellectual hegemonies in (American) public administration</article-title>”, <source>Administrative Theory and Praxis</source>, Vol. <volume>44</volume> No. <issue>4</issue>, pp. <fpage>261</fpage>-<lpage>276</lpage>, doi: <pub-id pub-id-type="doi">10.1080/10841806.2022.2140387</pub-id>.</mixed-citation></ref><ref id="ref071"><mixed-citation publication-type="journal"><person-group person-group-type="author"><string-name><surname>Morin</surname>, <given-names>D.</given-names></string-name></person-group> (<year>2001</year>), “<article-title>Auditors General's impact on public administrations: looking beyond appearances</article-title>”, <source>Financial Accountability and Management</source>, Vol. <volume>17</volume> No. <issue>2</issue>, pp. <fpage>99</fpage>-<lpage>117</lpage>, doi: <pub-id pub-id-type="doi">10.1111/1468-0408.00123</pub-id>.</mixed-citation></ref><ref id="ref072"><mixed-citation publication-type="book"><person-group person-group-type="author"><string-name><surname>Morlino</surname>, <given-names>E.</given-names></string-name></person-group> (<year>2019</year>), <source>Procurement by International Organizations: A Global Administrative Law Perspective</source>, <publisher-name>Cambridge University Press</publisher-name>, <publisher-loc>Cambridge</publisher-loc>.</mixed-citation></ref><ref id="ref073"><mixed-citation publication-type="journal"><person-group person-group-type="author"><string-name><surname>Newmark</surname>, <given-names>A.J.</given-names></string-name></person-group> (<year>2002</year>), “<article-title>An integrated approach to policy transfer and diffusion</article-title>”, <source>Review of Policy Research</source>, Vol. <volume>19</volume> No. <issue>2</issue>, pp. <fpage>153</fpage>-<lpage>180</lpage>.</mixed-citation></ref><ref id="ref074"><mixed-citation publication-type="journal"><person-group person-group-type="author"><string-name><surname>Overeem</surname>, <given-names>P.</given-names></string-name></person-group> (<year>2005</year>), “<article-title>The value of the dichotomy: politics, administration, and the political neutrality of administrators</article-title>”, <source>Administrative Theory and Praxis</source>, Vol. <volume>27</volume> No. <issue>2</issue>, pp. <fpage>311</fpage>-<lpage>329</lpage>, doi: <pub-id pub-id-type="doi">10.1080/10841806.2005.11029490</pub-id>.</mixed-citation></ref><ref id="ref075"><mixed-citation publication-type="book-chapter"><person-group person-group-type="author"><string-name><surname>Pallot</surname>, <given-names>J.</given-names></string-name></person-group> (<year>1991</year>), “<chapter-title>Accounting, auditing, and accountability</chapter-title>”, in <person-group person-group-type="editor"><string-name><surname>Boston</surname>, <given-names>J.</given-names></string-name>, <string-name><surname>Martin</surname>, <given-names>J.</given-names></string-name>, <string-name><surname>Pallot</surname>, <given-names>J.</given-names></string-name> and <string-name><surname>Walsh</surname>, <given-names>P.</given-names></string-name></person-group> (Eds), <source>Reshaping the State, New Zealand's Bureaucratic Revolution</source>, <publisher-name>Oxford University Press</publisher-name>, <publisher-loc>Oxford</publisher-loc>, pp. <fpage>55</fpage>-<lpage>88</lpage>.</mixed-citation></ref><ref id="ref076"><mixed-citation publication-type="book-chapter"><person-group person-group-type="author"><string-name><surname>Patz</surname>, <given-names>R.</given-names></string-name> and <string-name><surname>Goetz</surname>, <given-names>K.H.</given-names></string-name></person-group> (<year>2017</year>), “<chapter-title>Changing budgeting administration in international organizations: budgetary pressures, complex principals and administrative leadership</chapter-title>”, in <person-group person-group-type="editor"><string-name><surname>Bauer</surname>, <given-names>M.W.</given-names></string-name>, <string-name><surname>Knill</surname>, <given-names>C.</given-names></string-name> and <string-name><surname>Eckhard</surname>, <given-names>S.</given-names></string-name></person-group> (Eds), <source>International Bureaucracy: Challenges and Lessons for Public Administration Research</source>, <publisher-name>Palgrave MacMillan</publisher-name>, pp. <fpage>123</fpage>-<lpage>150</lpage>.</mixed-citation></ref><ref id="ref077"><mixed-citation publication-type="book"><person-group person-group-type="author"><string-name><surname>Patz</surname>, <given-names>R.</given-names></string-name> and <string-name><surname>Goetz</surname>, <given-names>K.H.</given-names></string-name></person-group> (<year>2019</year>), <source>Managing Money and Discord in the UN: Budgeting and Bureaucracy</source>, <publisher-name>Oxford University Press</publisher-name>, <publisher-loc>Oxford, United Kingdom</publisher-loc>.</mixed-citation></ref><ref id="ref078"><mixed-citation publication-type="book-chapter"><person-group person-group-type="author"><string-name><surname>Patz</surname>, <given-names>R.</given-names></string-name> and <string-name><surname>Thorvaldsdottir</surname>, <given-names>S.</given-names></string-name></person-group> (<year>2020</year>), “<chapter-title>Drivers of expenditure allocation in the IOM: refugees, donors, and international bureaucracy</chapter-title>”, in <person-group person-group-type="editor"><string-name><surname>Geiger</surname>, <given-names>M.</given-names></string-name> and <string-name><surname>Pecoud</surname>, <given-names>A.</given-names></string-name></person-group> (Eds), <source>The International Organization for Migration: The New ‘UN Migration Agency’in Critical Perspective</source>, <publisher-name>Springer</publisher-name>, pp. <fpage>75</fpage>-<lpage>98</lpage>.</mixed-citation></ref><ref id="ref079"><mixed-citation publication-type="journal"><person-group person-group-type="author"><string-name><surname>Payne</surname>, <given-names>J.B.</given-names></string-name></person-group> (<year>1949</year>), “<article-title>Financial administration of the united nations</article-title>”, <source>The Accounting Review</source>, Vol. <volume>24</volume> No. <issue>4</issue>, pp. <fpage>423</fpage>-<lpage>431</lpage>.</mixed-citation></ref><ref id="ref080"><mixed-citation publication-type="journal"><person-group person-group-type="author"><string-name><surname>Pierre</surname>, <given-names>J.</given-names></string-name> and <string-name><surname>Licht</surname>, <given-names>J.</given-names></string-name></person-group> (<year>2019</year>), “<article-title>How do supreme audit institutions manage their autonomy and impact? A comparative analysis</article-title>”, <source>Journal of European Public Policy</source>, Vol. <volume>26</volume> No. <issue>2</issue>, pp. <fpage>226</fpage>-<lpage>245</lpage>, doi: <pub-id pub-id-type="doi">10.1080/13501763.2017.1408669</pub-id>.</mixed-citation></ref><ref id="ref081"><mixed-citation publication-type="journal"><person-group person-group-type="author"><string-name><surname>Potter</surname>, <given-names>W.J.</given-names></string-name> and <string-name><surname>Levine-Donnerstein</surname>, <given-names>D.</given-names></string-name></person-group> (<year>1999</year>), “<article-title>Rethinking validity and reliability in content analysis</article-title>”, <source>Journal of Applied Communication Research</source>, Vol. <volume>27</volume> No. <issue>3</issue>, pp. <fpage>258</fpage>-<lpage>284</lpage>, doi: <pub-id pub-id-type="doi">10.1080/00909889909365539</pub-id>.</mixed-citation></ref><ref id="ref082"><mixed-citation publication-type="journal"><person-group person-group-type="author"><string-name><surname>Power</surname>, <given-names>M.W.</given-names></string-name></person-group> (<year>2003</year>), “<article-title>Auditing and the production of legitimacy</article-title>”, <source>Accounting, Organizations, and Society</source>, Vol. <volume>28</volume> No. <issue>4</issue>, pp. <fpage>379</fpage>-<lpage>394</lpage>, doi: <pub-id pub-id-type="doi">10.1016/s0361-3682(01)00047-2</pub-id>.</mixed-citation></ref><ref id="ref083"><mixed-citation publication-type="journal"><person-group person-group-type="author"><string-name><surname>Rana</surname>, <given-names>T.</given-names></string-name>, <string-name><surname>Steccolini</surname>, <given-names>I.</given-names></string-name>, <string-name><surname>Bracci</surname>, <given-names>E.</given-names></string-name> and <string-name><surname>Mihret</surname>, <given-names>D.G.</given-names></string-name></person-group> (<year>2022</year>), “<article-title>Performance auditing in the public sector: a systematic literature review and future research avenues</article-title>”, <source>Financial Accounting and Management</source>, Vol. <volume>38</volume> No. <issue>2</issue>, pp. <fpage>337</fpage>-<lpage>359</lpage>, doi: <pub-id pub-id-type="doi">10.1111/faam.12312</pub-id>.</mixed-citation></ref><ref id="ref084"><mixed-citation publication-type="journal"><person-group person-group-type="author"><string-name><surname>Raudia</surname>, <given-names>R.</given-names></string-name>, <string-name><surname>Taro</surname>, <given-names>K.</given-names></string-name>, <string-name><surname>Agu</surname>, <given-names>C.</given-names></string-name> and <string-name><surname>Douglas</surname>, <given-names>J.W.</given-names></string-name></person-group> (<year>2016</year>), “<article-title>The impact of performance audit on public sector organizations: the case of Estonia</article-title>”, <source>Public Organization Review</source>, Vol. <volume>16</volume> No. <issue>2</issue>, pp. <fpage>217</fpage>-<lpage>233</lpage>, doi: <pub-id pub-id-type="doi">10.1007/s11115-015-0308-0</pub-id>.</mixed-citation></ref><ref id="ref085"><mixed-citation publication-type="web"><person-group person-group-type="author"><string-name><surname>Ravelo</surname>, <given-names>J.L.</given-names></string-name></person-group> (<year>2021</year>), “<article-title>Audit flags weaknesses in WHO emergency procurement during COVID-19</article-title>”, <comment>available at:</comment> <ext-link ext-link-type="uri" xlink:href="https://www.devex.com/news/audit-flags-weaknesses-in-who-emergency-procurement-during-covid-19-100035">https://www.devex.com/news/audit-flags-weaknesses-in-who-emergency-procurement-during-covid-19-100035</ext-link> (<comment>accessed</comment> <date-in-citation content-type="access-date">29 June 2021</date-in-citation>).</mixed-citation></ref><ref id="ref086"><mixed-citation publication-type="journal"><person-group person-group-type="author"><string-name><surname>Reichborn-Kjennrud</surname>, <given-names>K.</given-names></string-name> and <string-name><surname>Johnsen</surname>, <given-names>A.</given-names></string-name></person-group> (<year>2018</year>), “<article-title>Performance audit and supreme audit institutions' impact on public administration: the case of the office of the auditor general in Norway</article-title>”, <source>Administration and Society</source>, Vol. <volume>50</volume> No. <issue>10</issue>, pp. <fpage>1422</fpage>-<lpage>1446</lpage>, doi: <pub-id pub-id-type="doi">10.1177/0095399715623315</pub-id>.</mixed-citation></ref><ref id="ref087"><mixed-citation publication-type="journal"><person-group person-group-type="author"><string-name><surname>Reichborn-Kjennrud</surname>, <given-names>K.</given-names></string-name>, <string-name><surname>Gonzalez-Diaz</surname>, <given-names>B.</given-names></string-name>, <string-name><surname>Bracci</surname>, <given-names>E.</given-names></string-name>, <string-name><surname>Carrington</surname>, <given-names>T.</given-names></string-name>, <string-name><surname>Hathaway</surname>, <given-names>J.</given-names></string-name>, <string-name><surname>Klarskov-Jeppesen</surname>, <given-names>K.</given-names></string-name> and <string-name><surname>Steccolini</surname>, <given-names>I.</given-names></string-name></person-group> (<year>2019</year>), “<article-title>SAIs work against corruption in Scandinavian, South-European and African countries: an institutional analysis</article-title>”, <source>The British Accounting Review</source>, Vol. <volume>51</volume> No. <issue>5</issue>, pp. <fpage>1</fpage>-<lpage>16</lpage>.</mixed-citation></ref><ref id="ref088"><mixed-citation publication-type="journal"><person-group person-group-type="author"><string-name><surname>Rose</surname>, <given-names>R.</given-names></string-name></person-group> (<year>1991</year>), “<article-title>What is lesson-drawing?</article-title>”, <source>Journal of Public Policy</source>, Vol. <volume>11</volume> No. <issue>1</issue>, pp. <fpage>3</fpage>-<lpage>30</lpage>, doi: <pub-id pub-id-type="doi">10.1017/s0143814x00004918</pub-id>.</mixed-citation></ref><ref id="ref089"><mixed-citation publication-type="journal"><person-group person-group-type="author"><string-name><surname>Samsonova-Taddei</surname>, <given-names>A.</given-names></string-name> and <string-name><surname>Humphrey</surname>, <given-names>C.</given-names></string-name></person-group> (<year>2014</year>), “<article-title>Transnationalism and the transforming roles of professional accountancy bodies</article-title>”, <source>Accounting, Auditing and Accountability Journal</source>, Vol. <volume>27</volume> No. <issue>6</issue>, pp. <fpage>903</fpage>-<lpage>932</lpage>, doi: <pub-id pub-id-type="doi">10.1108/aaaj-05-2013-1345</pub-id>.</mixed-citation></ref><ref id="ref090"><mixed-citation publication-type="journal"><person-group person-group-type="author"><string-name><surname>Stamatiadis</surname>, <given-names>F.G.</given-names></string-name></person-group> (<year>2009</year>), “<article-title>Investigating government accounting reform in the Greek national health service: some preliminary evidence</article-title>”, <source>International Journal on Governmental Financial Management</source>, Vol. <volume>IX</volume> No. <issue>2</issue>, pp. <fpage>73</fpage>-<lpage>97</lpage>.</mixed-citation></ref><ref id="ref091"><mixed-citation publication-type="journal"><person-group person-group-type="author"><string-name><surname>Stone</surname>, <given-names>D.</given-names></string-name></person-group> (<year>2004</year>), “<article-title>Transfer agents and global networks in the ‘transnationalization’ of policy</article-title>”, <source>Journal of European Public Policy</source>, Vol. <volume>11</volume> No. <issue>3</issue>, pp. <fpage>545</fpage>-<lpage>566</lpage>, doi: <pub-id pub-id-type="doi">10.1080/13501760410001694291</pub-id>.</mixed-citation></ref><ref id="ref092"><mixed-citation publication-type="journal"><person-group person-group-type="author"><string-name><surname>Stone</surname>, <given-names>D.</given-names></string-name> and <string-name><surname>Ladi</surname>, <given-names>S.</given-names></string-name></person-group> (<year>2015</year>), “<article-title>Global public policy and transnational administration</article-title>”, <source>Public Administration</source>, Vol. <volume>93</volume> No. <issue>4</issue>, pp. <fpage>839</fpage>-<lpage>855</lpage>, doi: <pub-id pub-id-type="doi">10.1111/padm.12207</pub-id>.</mixed-citation></ref><ref id="ref093"><mixed-citation publication-type="journal"><person-group person-group-type="author"><string-name><surname>Tara</surname>, <given-names>I.G.</given-names></string-name>, <string-name><surname>Gherai</surname>, <given-names>D.S.</given-names></string-name>, <string-name><surname>Droj</surname>, <given-names>L.</given-names></string-name> and <string-name><surname>Matica</surname>, <given-names>D.E.</given-names></string-name></person-group> (<year>2016</year>), “<article-title>The social role of the supreme audit institutions to reduce corruption in the European union - emprirical study</article-title>”, <source>Revista de Cercetare Şi Interventie Socială</source>, Vol. <volume>52</volume>, pp. <fpage>217</fpage>-<lpage>240</lpage>.</mixed-citation></ref><ref id="ref094"><mixed-citation publication-type="journal"><person-group person-group-type="author"><string-name><surname>Trebilcock</surname>, <given-names>M.J.</given-names></string-name> and <string-name><surname>Hartle</surname>, <given-names>D.G.</given-names></string-name></person-group> (<year>1982</year>), “<article-title>The choice of governing instrument</article-title>”, <source>International Review of Law and Economics</source>, Vol. <volume>2</volume> No. <issue>1</issue>, pp. <fpage>29</fpage>-<lpage>46</lpage>, doi: <pub-id pub-id-type="doi">10.1016/0144-8188(82)90012-6</pub-id>.</mixed-citation></ref><ref id="ref095"><mixed-citation publication-type="book"><person-group person-group-type="author"><collab>United Nations (UN)</collab></person-group> (<year>2005</year>), <source>Resolution Adopted by the General Assembly on 16 September 2005</source>, <publisher-name>United Nations</publisher-name>, <publisher-loc>New York, NY</publisher-loc>.</mixed-citation></ref><ref id="ref096"><mixed-citation publication-type="book"><person-group person-group-type="author"><collab>United Nations</collab></person-group> (<year>2006a</year>), <source>Investing in the United Nations for a Stronger Organization Worldwide: Detailed Report</source>, <publisher-name>United Nations</publisher-name>, <publisher-loc>New York, NY</publisher-loc>.</mixed-citation></ref><ref id="ref097"><mixed-citation publication-type="book"><person-group person-group-type="author"><collab>United Nations</collab></person-group> (<year>2006b</year>), <source>Resolution Adopted by the General Assembly on 7 July 2006</source>, <publisher-name>United Nations</publisher-name>, <publisher-loc>New York, NY</publisher-loc>.</mixed-citation></ref><ref id="ref098"><mixed-citation publication-type="book"><person-group person-group-type="author"><collab>United Nations</collab></person-group> (<year>2013</year>), <source>Financial Regulations and Rules of the United Nations</source>, <publisher-name>United Nations</publisher-name>, <publisher-loc>New York</publisher-loc>.</mixed-citation></ref><ref id="ref099"><mixed-citation publication-type="book"><person-group person-group-type="author"><collab>United Nations</collab></person-group> (<year>2014</year>), <source>Financial Report and Audited Statements for the Biennium Ended 31 December 2013</source>, <publisher-name>United Nations</publisher-name>, <publisher-loc>New York, NY</publisher-loc>.</mixed-citation></ref><ref id="ref100"><mixed-citation publication-type="book"><person-group person-group-type="author"><collab>United Nations Environment Programme</collab></person-group> (<year>2014</year>), <source>Financial Report and Audited Financial Statements for the Biennium Ended 31 December 2013</source>, <publisher-name>United Nations</publisher-name>, <publisher-loc>New York, NY</publisher-loc>.</mixed-citation></ref><ref id="ref101"><mixed-citation publication-type="book"><person-group person-group-type="author"><collab>United Nations High Commissioner for Refugees (UNHCR)</collab></person-group> (<year>2013</year>), <source>Financial Report and Audited Financial Statements</source>, <publisher-name>United Nations</publisher-name>, <publisher-loc>New York, NY</publisher-loc>.</mixed-citation></ref><ref id="ref102"><mixed-citation publication-type="book-chapter"><person-group person-group-type="author"><string-name><surname>Van Loocke</surname>, <given-names>E.</given-names></string-name> and <string-name><surname>Put</surname>, <given-names>V.</given-names></string-name></person-group> (<year>2011</year>), “<chapter-title>The impact of performance audits: a review of the existing evidence</chapter-title>”, in <person-group person-group-type="editor"><string-name><surname>Lonsdale</surname>, <given-names>P.W.J.</given-names></string-name> and <string-name><surname>Ling</surname>, <given-names>T.</given-names></string-name></person-group> (Eds), <source>Performance Auditing: Contributing to Accountability in Democratic Government</source>, <publisher-name>Edward Elgar</publisher-name>, <publisher-loc>Northampton MA</publisher-loc>, pp. <fpage>175</fpage>-<lpage>208</lpage>.</mixed-citation></ref><ref id="ref103"><mixed-citation publication-type="book"><person-group person-group-type="author"><string-name><surname>Waldo</surname>, <given-names>D.</given-names></string-name></person-group> (<year>1984 (1948)</year>), <source>The Administrative State</source>, <edition>2nd ed.</edition>, <publisher-name>Ronald Press</publisher-name>, <publisher-loc>New York, NY</publisher-loc>.</mixed-citation></ref><ref id="ref104"><mixed-citation publication-type="book"><person-group person-group-type="author"><string-name><surname>Weber</surname>, <given-names>M.</given-names></string-name></person-group> (<year>1947</year>), <source>The Theory of Social and Economic Organization</source>, <publisher-name>The Free Press</publisher-name>, <publisher-loc>New York</publisher-loc>.</mixed-citation></ref><ref id="ref105"><mixed-citation publication-type="journal"><person-group person-group-type="author"><string-name><surname>Whitefield</surname>, <given-names>A.A.</given-names></string-name> and <string-name><surname>Savvas</surname>, <given-names>P.</given-names></string-name></person-group> (<year>2016</year>), “<article-title>The adoption and implementation of the International Public Sector Accounting Standards: the challenges faced by the United Nations in producing UN-IPSAS complient financial reports in Kenya</article-title>”, <source>International Journal of Finance and Accounting</source>, Vol. <volume>1</volume> No. <issue>1</issue>, pp. <fpage>75</fpage>-<lpage>91</lpage>, doi: <pub-id pub-id-type="doi">10.47604/ijfa.42</pub-id>.</mixed-citation></ref><ref id="ref106"><mixed-citation publication-type="book"><person-group person-group-type="author"><collab>World Bank</collab></person-group> (<year>2021</year>), <source>Supreme Audit Institutions Independence Index: 2021 Global Synthesis Report. Equitable Growth, Finance and Institutions Insight</source>, <publisher-name>World Bank</publisher-name>, <publisher-loc>Washington, DC</publisher-loc>.</mixed-citation></ref><ref id="ref107"><mixed-citation publication-type="book"><person-group person-group-type="author"><string-name><surname>World Food Progamme (WFP)</surname></string-name></person-group> (<year>2008</year>), <source>Audit of the Financial Statements of the World Food Programme 2006-2007</source>, <publisher-name>World Food Programme</publisher-name>, <publisher-loc>Geneva</publisher-loc>.</mixed-citation></ref><ref id="ref108"><mixed-citation publication-type="book"><person-group person-group-type="author"><collab>World Food Programme</collab></person-group> (<year>2009</year>), <source>Audited Annual Accounts, 2008</source>, <publisher-name>World Food Programme</publisher-name>, <publisher-loc>Geneva</publisher-loc>.</mixed-citation></ref><ref id="ref109"><mixed-citation publication-type="book"><person-group person-group-type="author"><collab>World Health Organization</collab></person-group> (<year>2012</year>), <source>Report of the External Auditor</source>, <publisher-name>Geneva: World Health Organization</publisher-name>, <publisher-loc>Geneva</publisher-loc>.</mixed-citation></ref><ref id="ref110"><mixed-citation publication-type="book"><person-group person-group-type="author"><collab>World Health Organization</collab></person-group> (<year>2013</year>), <source>Report of the External Auditor</source>, <publisher-name>World Health Organization</publisher-name>, <publisher-loc>Geneva</publisher-loc>.</mixed-citation></ref><ref id="ref111"><mixed-citation publication-type="book"><person-group person-group-type="author"><string-name><surname>Yin</surname>, <given-names>R.K.</given-names></string-name></person-group> (<year>2009</year>), <source>Case Study Research: Design and Methods</source>, <publisher-name>SAGE</publisher-name>, <publisher-loc>London</publisher-loc>.</mixed-citation></ref></ref-list></back></article>