<?xml version="1.0" encoding="UTF-8"?>
<!DOCTYPE article PUBLIC "-//NLM//DTD JATS (Z39.96) Journal Archiving and Interchange DTD with MathML3 v1.1d1 20130915//EN" "JATS-archivearticle1-mathml3.dtd"><article xmlns:mml="http://www.w3.org/1998/Math/MathML" xmlns:xsi="http://www.w3.org/2001/XMLSchema-instance" xmlns:xlink="http://www.w3.org/1999/xlink" article-type="research-article" dtd-version="1.1d1" xml:lang="en"><front id="meta-hdr"><journal-meta><journal-id journal-id-type="publisher-id">JPBAFM</journal-id><journal-id journal-id-type="doi">10.1108/JPBAFM</journal-id><journal-title-group><journal-title>Journal of Public Budgeting, Accounting &amp; Financial Management</journal-title><abbrev-journal-title abbrev-type="publisher">JPBAFM</abbrev-journal-title></journal-title-group><issn publication-format="print">1096-3367</issn><issn publication-format="online">1945-1814</issn><publisher><publisher-name>Emerald Publishing Limited</publisher-name></publisher></journal-meta><article-meta id="art-meta"><article-id pub-id-type="publisher-id">722456</article-id><article-id pub-id-type="doi">10.1108/JPBAFM-12-2023-0229</article-id><article-id pub-id-type="original-pdf">JPBAFM-12-2023-0229.pdf</article-id><article-id pub-id-type="filename">JPBAFM-12-2023-0229</article-id><article-categories><subj-group subj-group-type="type-of-publication"><compound-subject><compound-subject-part content-type="code">research-article</compound-subject-part><compound-subject-part content-type="label">Research paper</compound-subject-part></compound-subject></subj-group><subj-group subj-group-type="subject"><compound-subject><compound-subject-part content-type="code">cat-ACF</compound-subject-part><compound-subject-part content-type="label">Accounting &amp; finance</compound-subject-part></compound-subject></subj-group><subj-group subj-group-type="subject"><compound-subject><compound-subject-part content-type="code"/><compound-subject-part content-type="label">Accounting/accountancy</compound-subject-part></compound-subject></subj-group><subj-group subj-group-type="subject"><compound-subject><compound-subject-part content-type="code"/><compound-subject-part content-type="label">Accounting methods/systems</compound-subject-part></compound-subject></subj-group><subj-group subj-group-type="subject"><compound-subject><compound-subject-part content-type="code"/><compound-subject-part content-type="label">Economics</compound-subject-part></compound-subject></subj-group><subj-group subj-group-type="subject"><compound-subject><compound-subject-part content-type="code"/><compound-subject-part content-type="label">Public finance/economics</compound-subject-part></compound-subject></subj-group></article-categories><title-group><article-title xml:lang="en">The influence of local government transparency on the implementation of the sustainable development goals in municipalities</article-title></title-group><contrib-group><contrib contrib-type="author"><contrib-id contrib-id-type="orcid">https://orcid.org/0000-0002-7783-288X</contrib-id><name-alternatives><name name-style="western"><surname>Ríos</surname><given-names>Ana-María</given-names></name><string-name name-style="western"><given-names>Ana-María</given-names> <surname>Ríos</surname></string-name></name-alternatives><email>anamaria.rios1@um.es</email><xref ref-type="aff" rid="aff1"/></contrib><contrib contrib-type="author"><contrib-id contrib-id-type="orcid">https://orcid.org/0000-0001-7331-5167</contrib-id><name-alternatives><name name-style="western"><surname>Guillamón</surname><given-names>María-Dolores</given-names></name><string-name name-style="western"><given-names>María-Dolores</given-names> <surname>Guillamón</surname></string-name></name-alternatives><email>mdguillamon@um.es</email><xref ref-type="aff" rid="aff2"/></contrib><contrib contrib-type="author" corresp="yes"><contrib-id contrib-id-type="orcid">https://orcid.org/0000-0003-2165-994X</contrib-id><name-alternatives><name name-style="western"><surname>Benito</surname><given-names>Bernardino</given-names></name><string-name name-style="western"><given-names>Bernardino</given-names> <surname>Benito</surname></string-name></name-alternatives><email>benitobl@um.es</email><xref ref-type="aff" rid="aff2"/></contrib><aff id="aff1">Department of Finance and Public Sector Economics, <institution-wrap><institution>University of Murcia</institution></institution-wrap>, Murcia, <country country="ES">Spain</country></aff><aff id="aff2">Department of Accounting and Finance, <institution-wrap><institution>University of Murcia</institution></institution-wrap>, Murcia, <country country="ES">Spain</country></aff></contrib-group><author-notes><corresp id="cor1">Bernardino Benito can be contacted at: <ext-link ext-link-type="email" xlink:href="mailto:benitobl@um.es">benitobl@um.es</ext-link></corresp></author-notes><pub-date publication-format="electronic" date-type="pub" iso-8601-date="2024-05-20"><day>20</day><month>05</month><year>2024</year></pub-date><pub-date publication-format="print" date-type="pub" iso-8601-date="2024-08-07"><day>07</day><month>08</month><year>2024</year></pub-date><volume>36</volume><issue>4</issue><fpage>417</fpage><lpage>444</lpage><history><date date-type="received" iso-8601-date="2023-12-27"><day>27</day><month>12</month><year>2023</year></date><date date-type="revised" iso-8601-date="2024-02-28"><day>28</day><month>02</month><year>2024</year></date><date date-type="revised" iso-8601-date="2024-04-10"><day>10</day><month>04</month><year>2024</year></date><date date-type="accepted" iso-8601-date="2024-04-25"><day>25</day><month>04</month><year>2024</year></date></history><permissions><copyright-statement>© Emerald Publishing Limited</copyright-statement><copyright-year>2024</copyright-year><copyright-holder>Emerald Publishing Limited</copyright-holder><license license-type="publisher"><license-p>Licensed re-use rights only</license-p></license></permissions><self-uri content-type="pdf" xlink:href="JPBAFM-12-2023-0229.pdf"/><abstract abstract-type="structured" id="abstr1" xml:lang="en"><sec><title content-type="abstract-subheading">Purpose</title><p>Nowadays, there is a strong public interest in promoting transparency to be informed about the actions of the public sector. At the same time, there has been a significant change in society’s perceptions and concerns about sustainable development, with a marked increase in attention to this area. In this context, our main objective is to investigate the impact of transparency practices in local government on the implementation of the Sustainable Development Goals (SDGs) in Spanish municipalities.</p></sec><sec><title content-type="abstract-subheading">Design/methodology/approach</title><p>We will analyse a sample of 84 municipalities, using the Dynamic Transparency Index published by Dyntra to measure transparency. For the level of implementation of the SDGs, we will use an index specifically created using data from the report “The SDGs in 100 Spanish Cities”, published by the Spanish Network for Sustainable Development in 2020.</p></sec><sec><title content-type="abstract-subheading">Findings</title><p>Municipalities with a larger dependent population tend to achieve higher SDG levels. Municipalities with lower financial surpluses and more self-generated resources show better SDG implementation. Progressive political parties lean more towards sustainability, and coalition governments show higher SDG implementation than majority governments. Gender appears to play a minor role in SDG implementation, but male leadership is associated with higher levels. Factors such as population density and government transfers do not have a significant impact on SDG implementation levels.</p></sec><sec><title content-type="abstract-subheading">Originality/value</title><p>This study seeks to address the lack of empirical research on the potential impact of transparency on the achievement of the SDGs, while also taking into account other socio-economic, financial and political aspects of the municipality. In doing so, it also contributes to the limited empirical literature on the determinants of the level of SDG implementation in local governments.</p></sec></abstract><kwd-group kwd-group-type="author-generated" xml:lang="en"><kwd>SDGs</kwd><x xml:space="preserve">, </x><kwd>Transparency</kwd><x xml:space="preserve">, </x><kwd>Local governments</kwd><x xml:space="preserve">, </x><kwd>Municipalities</kwd><x xml:space="preserve">, </x><kwd>Spain</kwd></kwd-group><counts><fig-count count="1"/><table-count count="4"/><equation-count count="2"/><ref-count count="110"/><page-count count="28"/><word-count count="14996"/></counts><custom-meta-group><custom-meta><meta-name>peer-reviewed</meta-name><meta-value>Yes</meta-value></custom-meta><custom-meta><meta-name>academic-content</meta-name><meta-value>Yes</meta-value></custom-meta><custom-meta><meta-name>EContentType</meta-name><meta-value>Journal</meta-value></custom-meta><custom-meta><meta-name>rightslink</meta-name><meta-value>included</meta-value></custom-meta></custom-meta-group></article-meta></front><back><ref-list id="refs1"><title>References</title><ref id="ref001"><mixed-citation publication-type="journal"><person-group person-group-type="author"><string-name><surname>Abhayawansa</surname>, <given-names>S.</given-names></string-name>, <string-name><surname>Adams</surname>, <given-names>C.A.</given-names></string-name> and <string-name><surname>Neesham</surname>, <given-names>C.</given-names></string-name></person-group> (<year>2021</year>), “<article-title>Accountability and governance in pursuit of Sustainable Development Goals: conceptualising how governments create value</article-title>”, <source>Accounting, Auditing and Accountability Journal</source>, Vol. <volume>34</volume> No. <issue>4</issue>, pp. <fpage>923</fpage>-<lpage>945</lpage>, doi: <pub-id pub-id-type="doi">10.1108/AAAJ-07-2020-4667</pub-id>.</mixed-citation></ref><ref id="ref002"><mixed-citation publication-type="journal"><person-group person-group-type="author"><string-name><surname>Agarchand</surname>, <given-names>N.</given-names></string-name> and <string-name><surname>Laishram</surname>, <given-names>B.</given-names></string-name></person-group> (<year>2017</year>), “<article-title>Sustainable infrastructure development challenges through the PPP procurement process</article-title>”, <source>International Journal of Managing Projects in Business</source>, Vol. <volume>10</volume> No. <issue>3</issue>, pp. <fpage>642</fpage>-<lpage>662</lpage>, doi: <pub-id pub-id-type="doi">10.1108/ijmpb-10-2016-0078</pub-id>.</mixed-citation></ref><ref id="ref003"><mixed-citation publication-type="journal"><person-group person-group-type="author"><string-name><surname>Alcaraz-Quiles</surname>, <given-names>F.J.</given-names></string-name>, <string-name><surname>Navarro-Galera</surname>, <given-names>A.</given-names></string-name> and <string-name><surname>Ortiz-Rodríguez</surname>, <given-names>D.</given-names></string-name></person-group> (<year>2014</year>), “<article-title>Factors influencing the transparency of sustainability information in regional governments: an empirical study</article-title>”, <source>Journal of Cleaner Production</source>, Vol. <volume>82</volume>, pp. <fpage>179</fpage>-<lpage>191</lpage>, doi: <pub-id pub-id-type="doi">10.1016/j.jclepro.2014.06.086</pub-id>.</mixed-citation></ref><ref id="ref004"><mixed-citation publication-type="journal"><person-group person-group-type="author"><string-name><surname>Alcaraz-Quiles</surname>, <given-names>F.J.</given-names></string-name>, <string-name><surname>Navarro-Galera</surname>, <given-names>A.</given-names></string-name> and <string-name><surname>Ortiz-Rodriguez</surname>, <given-names>D.</given-names></string-name></person-group> (<year>2015</year>), “<article-title>Factors determining online sustainability reporting by local governments</article-title>”, <source>International Review of Administrative Sciences</source>, Vol. <volume>81</volume> No. <issue>1</issue>, pp. <fpage>79</fpage>-<lpage>109</lpage>, doi: <pub-id pub-id-type="doi">10.1177/0020852314541564</pub-id>.</mixed-citation></ref><ref id="ref005"><mixed-citation publication-type="journal"><person-group person-group-type="author"><string-name><surname>Ali</surname>, <given-names>W.</given-names></string-name>, <string-name><surname>Frynas</surname>, <given-names>J.G.</given-names></string-name> and <string-name><surname>Mahmood</surname>, <given-names>Z.</given-names></string-name></person-group> (<year>2017</year>), “<article-title>Determinants of corporate social responsibility (CSR) disclosure in developed and developing countries: a literature review</article-title>”, <source>Corporate Social Responsibility and Environmental Management</source>, Vol. <volume>24</volume> No. <issue>4</issue>, pp. <fpage>273</fpage>-<lpage>294</lpage>, doi: <pub-id pub-id-type="doi">10.1002/csr.1410</pub-id>.</mixed-citation></ref><ref id="ref006"><mixed-citation publication-type="book"><person-group person-group-type="author"><string-name><surname>Alisjahbana</surname>, <given-names>A.S.</given-names></string-name>, <string-name><surname>Yusuf</surname>, <given-names>A.A.</given-names></string-name>, <string-name><surname>Anna</surname>, <given-names>Z.</given-names></string-name>, <string-name><surname>Hadisoemartom</surname>, <given-names>P.F.</given-names></string-name>, <string-name><surname>Kadarisman</surname>, <given-names>A.</given-names></string-name>, <string-name><surname>Maulana</surname>, <given-names>N.</given-names></string-name>, <string-name><surname>Larasati</surname>, <given-names>W.</given-names></string-name>, <string-name><surname>Ghina</surname>, <given-names>A.A.</given-names></string-name> and <string-name><surname>Rahma</surname>, <given-names>M.</given-names></string-name></person-group> (<year>2018</year>), <source>Menyongsong SDGS Kesiapan Daerah-daerah di Indonesia (Preparing Indonesian Local Governments in Accomplishment of SDGs)</source>, <publisher-name>Unpad Press</publisher-name>, <publisher-loc>Bandung</publisher-loc>.</mixed-citation></ref><ref id="ref007"><mixed-citation publication-type="journal"><person-group person-group-type="author"><string-name><surname>Allen</surname>, <given-names>C.</given-names></string-name>, <string-name><surname>Metternicht</surname>, <given-names>G.</given-names></string-name> and <string-name><surname>Wiedmann</surname>, <given-names>T.</given-names></string-name></person-group> (<year>2021</year>), “<article-title>Priorities for science to support national implementation of the sustainable developmentgoals: a review of progress and gaps</article-title>”, <source>Sustainable Development</source>, Vol. <volume>29</volume> No. <issue>4</issue>, pp. <fpage>635</fpage>-<lpage>652</lpage>, doi: <pub-id pub-id-type="doi">10.1002/sd.2164</pub-id>.</mixed-citation></ref><ref id="ref008"><mixed-citation publication-type="journal"><person-group person-group-type="author"><string-name><surname>Alt</surname>, <given-names>J.E.</given-names></string-name></person-group> (<year>2019</year>), “<article-title>Twenty years of transparency research</article-title>”, <source>Public Sector Economics</source>, Vol. <volume>43</volume> No. <issue>1</issue>, pp. <fpage>5</fpage>-<lpage>13</lpage>, doi: <pub-id pub-id-type="doi">10.3326/pse.43.1.2</pub-id>.</mixed-citation></ref><ref id="ref009"><mixed-citation publication-type="journal"><person-group person-group-type="author"><string-name><surname>Amanuma</surname>, <given-names>N.</given-names></string-name>, <string-name><surname>Zusman</surname>, <given-names>E.</given-names></string-name> and <string-name><surname>Langlet</surname>, <given-names>D.</given-names></string-name></person-group> (<year>2023</year>), “<article-title>The relationship between female and younger legislative representation and performance on the Sustainable Development Goals (SDGs)</article-title>”, <source>Environmental Research Letters</source>, Vol. <volume>18</volume> No. <issue>5</issue>, <elocation-id>054018</elocation-id>, doi: <pub-id pub-id-type="doi">10.1088/1748-9326/acca96</pub-id>.</mixed-citation></ref><ref id="ref010"><mixed-citation publication-type="journal"><person-group person-group-type="author"><string-name><surname>Anasi</surname>, <given-names>S.N.</given-names></string-name>, <string-name><surname>Ukangwa</surname>, <given-names>C.C.</given-names></string-name> and <string-name><surname>Fagbe</surname>, <given-names>A.O.</given-names></string-name></person-group> (<year>2018</year>), “<article-title>University libraries-bridging digital gaps and accelerating the achievement of sustainable development goals through information and communication technologies</article-title>”, <source>World Journal of Science, Technology and Sustainable Development</source>, Vol. <volume>15</volume> No. <issue>1</issue>, pp. <fpage>13</fpage>-<lpage>25</lpage>, doi: <pub-id pub-id-type="doi">10.1108/wjstsd-11-2016-0059</pub-id>.</mixed-citation></ref><ref id="ref011"><mixed-citation publication-type="book-chapter"><person-group person-group-type="author"><string-name><surname>Ball</surname>, <given-names>A.</given-names></string-name>, <string-name><surname>Grubnic</surname>, <given-names>S.</given-names></string-name> and <string-name><surname>Birchall</surname>, <given-names>J.</given-names></string-name></person-group> (<year>2014</year>), “<chapter-title>Sustainability accounting and accountability in the public sector</chapter-title>”, in <person-group person-group-type="editor"><string-name><surname>Beggington</surname>, <given-names>J.</given-names></string-name>, <string-name><surname>Unerman</surname>, <given-names>J.</given-names></string-name> and <string-name><surname>O'Dwyer</surname>, <given-names>B.</given-names></string-name></person-group> (Eds), <source>Sustainability Accounting and Accountability</source>, <publisher-name>Routledge</publisher-name>, pp. <fpage>176</fpage>-<lpage>196</lpage>.</mixed-citation></ref><ref id="ref012"><mixed-citation publication-type="journal"><person-group person-group-type="author"><string-name><surname>Bardal</surname>, <given-names>K.G.</given-names></string-name>, <string-name><surname>Reinar</surname>, <given-names>M.B.</given-names></string-name>, <string-name><surname>Lundberg</surname>, <given-names>A.K.</given-names></string-name> and <string-name><surname>Bjørkan</surname>, <given-names>M.</given-names></string-name></person-group> (<year>2021</year>), “<article-title>Factors facilitating the implementation of the sustainable development goals in regional and local planning—experiences from Norway</article-title>”, <source>Sustainability</source>, Vol. <volume>13</volume> No. <issue>8</issue>, p. <fpage>4282</fpage>, doi: <pub-id pub-id-type="doi">10.3390/su13084282</pub-id>.</mixed-citation></ref><ref id="ref013"><mixed-citation publication-type="journal"><person-group person-group-type="author"><string-name><surname>Baughn</surname>, <given-names>C.C.</given-names></string-name>, <string-name><surname>Dusty) Bodie</surname>, <given-names>N.L.</given-names></string-name> and <string-name><surname>McIntosh</surname>, <given-names>J.C.</given-names></string-name></person-group> (<year>2007</year>), “<article-title>Corporate social and environmental responsibility in Asian countries and other geographical regions</article-title>”, <source>Corporate Social Responsibility and Environmental Management</source>, Vol. <volume>14</volume> No. <issue>4</issue>, pp. <fpage>189</fpage>-<lpage>205</lpage>, doi: <pub-id pub-id-type="doi">10.1002/csr.160</pub-id>.</mixed-citation></ref><ref id="ref014"><mixed-citation publication-type="journal"><person-group person-group-type="author"><string-name><surname>Benito</surname>, <given-names>B.</given-names></string-name>, <string-name><surname>Guillamón</surname>, <given-names>M.D.</given-names></string-name> and <string-name><surname>Ríos</surname>, <given-names>A.M.</given-names></string-name></person-group> (<year>2023</year>), “<article-title>What factors make a municipality more involved in meeting the Sustainable Development Goals? Empirical evidence</article-title>”, <source>Environment, Development and Sustainability</source>, doi: <pub-id pub-id-type="doi">10.1007/s10668-023-04330-6</pub-id>.</mixed-citation></ref><ref id="ref015"><mixed-citation publication-type="journal"><person-group person-group-type="author"><string-name><surname>Bisogno</surname>, <given-names>M.</given-names></string-name>, <string-name><surname>Cuadrado-Ballesteros</surname>, <given-names>B.</given-names></string-name>, <string-name><surname>Rossi</surname>, <given-names>F.M.</given-names></string-name> and <string-name><surname>Peña-Miguel</surname>, <given-names>N.</given-names></string-name></person-group> (<year>2023</year>), “<article-title>Sustainable development goals in public administrations: enabling conditions in local governments</article-title>”, <source>International Review of Administrative Sciences</source>, Vol. <volume>89</volume> No. <issue>4</issue>, pp. <fpage>00208523221146458</fpage>-<lpage>1242</lpage>, doi: <pub-id pub-id-type="doi">10.1177/00208523221146458</pub-id>.</mixed-citation></ref><ref id="ref016"><mixed-citation publication-type="journal"><person-group person-group-type="author"><string-name><surname>Boudreau</surname>, <given-names>C.</given-names></string-name></person-group> (<year>2021</year>), “<article-title>Reuse of open data in Quebec: from economic development to government transparency</article-title>”, <source>International Review of Administrative Sciences</source>, Vol. <volume>87</volume> No. <issue>4</issue>, pp. <fpage>855</fpage>-<lpage>869</lpage>, doi: <pub-id pub-id-type="doi">10.1177/0020852319884628</pub-id>.</mixed-citation></ref><ref id="ref017"><mixed-citation publication-type="journal"><person-group person-group-type="author"><string-name><surname>Bovaird</surname>, <given-names>T.</given-names></string-name> and <string-name><surname>Löffler</surname>, <given-names>E.</given-names></string-name></person-group> (<year>2003</year>), “<article-title>Evaluating the quality of public governance: indicators, models and methodologies</article-title>”, <source>International Review of Administrative Science</source>, Vol. <volume>69</volume> No. <issue>3</issue>, pp. <fpage>313</fpage>-<lpage>328</lpage>, doi: <pub-id pub-id-type="doi">10.1177/0020852303693002</pub-id>.</mixed-citation></ref><ref id="ref018"><mixed-citation publication-type="journal"><person-group person-group-type="author"><string-name><surname>Bowen</surname>, <given-names>K.J.</given-names></string-name>, <string-name><surname>Cradock-Henry</surname>, <given-names>N.A.</given-names></string-name>, <string-name><surname>Koch</surname>, <given-names>F.</given-names></string-name>, <string-name><surname>Patterson</surname>, <given-names>J.</given-names></string-name>, <string-name><surname>Häyhä</surname>, <given-names>T.</given-names></string-name>, <string-name><surname>Vogt</surname>, <given-names>J.</given-names></string-name> and <string-name><surname>Barbi</surname>, <given-names>F.</given-names></string-name></person-group> (<year>2017</year>), “<article-title>Implementing the ‘sustainable development goals’: towards addressing three key governance challenges—collective action, trade-offs, and accountability</article-title>”, <source>Current Opinion in Environmental Sustainability</source>, Vols <volume>26-27</volume> No. <issue>1</issue>, pp. <fpage>90</fpage>-<lpage>96</lpage>, doi: <pub-id pub-id-type="doi">10.1016/j.cosust.2017.05.002</pub-id>.</mixed-citation></ref><ref id="ref019"><mixed-citation publication-type="journal"><person-group person-group-type="author"><string-name><surname>Brusca</surname>, <given-names>I.</given-names></string-name>, <string-name><surname>Manes Rossi</surname>, <given-names>F.</given-names></string-name> and <string-name><surname>Aversano</surname>, <given-names>N.</given-names></string-name></person-group> (<year>2018</year>), “<article-title>Accountability and transparency to fight against corruption: an international comparative analysis</article-title>”, <source>Journal of Comparative Policy Analysis: Research and Practice</source>, Vol. <volume>20</volume> No. <issue>5</issue>, pp. <fpage>486</fpage>-<lpage>504</lpage>, doi: <pub-id pub-id-type="doi">10.1080/13876988.2017.1393951</pub-id>.</mixed-citation></ref><ref id="ref020"><mixed-citation publication-type="book"><person-group person-group-type="author"><string-name><surname>Caiza</surname>, <given-names>L.</given-names></string-name>, <string-name><surname>Zegarra</surname>, <given-names>G.</given-names></string-name>, <string-name><surname>Navarro</surname>, <given-names>E.</given-names></string-name> and <string-name><surname>Alvarez</surname>, <given-names>F.</given-names></string-name></person-group> (<year>2021</year>), <source>Comparación de indicadores de sostenibilidad entre zonas urbanas de Ecuador y España empleando imágenes Sentinel 2 MSI</source>, <publisher-name>Tercer Congreso en Ingeniería Geomática</publisher-name>, <publisher-loc>Valencia</publisher-loc>.</mixed-citation></ref><ref id="ref021"><mixed-citation publication-type="journal"><person-group person-group-type="author"><string-name><surname>Costa</surname>, <given-names>J.</given-names></string-name>, <string-name><surname>Cancela</surname>, <given-names>D.</given-names></string-name> and <string-name><surname>Reis</surname>, <given-names>J.</given-names></string-name></person-group> (<year>2021</year>), “<article-title>Neverland or Tomorrowland? Addressing (In) compatibility among the SDG pillars in Europe</article-title>”, <source>International Journal of Environmental Research and Public Health</source>, Vol. <volume>18</volume> No. <issue>22</issue>, <elocation-id>11858</elocation-id>, doi: <pub-id pub-id-type="doi">10.3390/ijerph182211858</pub-id>.</mixed-citation></ref><ref id="ref022"><mixed-citation publication-type="journal"><person-group person-group-type="author"><string-name><surname>Cuadrado-Ballesteros</surname>, <given-names>B.</given-names></string-name> and <string-name><surname>Bisogno</surname>, <given-names>M.</given-names></string-name></person-group> (<year>2023</year>), “<article-title>The relevance of budget transparency for development</article-title>”, <source>International Review of Administrative Sciences</source>, Vol. <volume>89</volume> No. <issue>1</issue>, pp. <fpage>239</fpage>-<lpage>256</lpage>, doi: <pub-id pub-id-type="doi">10.1177/00208523211027525</pub-id>.</mixed-citation></ref><ref id="ref023"><mixed-citation publication-type="journal"><person-group person-group-type="author"><string-name><surname>Cuadrado-Ballesteros</surname>, <given-names>B.</given-names></string-name>, <string-name><surname>Ríos</surname>, <given-names>A.M.</given-names></string-name> and <string-name><surname>Guillamón</surname>, <given-names>M.D.</given-names></string-name></person-group> (<year>2023</year>), “<article-title>Transparency in public administrations: a structured literature review</article-title>”, <source>Journal of Public Budgeting, Accounting and Financial Management</source>, Vol. <volume>35</volume> No. <issue>5</issue>, pp. <fpage>537</fpage>-<lpage>567</lpage>, doi: <pub-id pub-id-type="doi">10.1108/jpbafm-10-2022-0158</pub-id>.</mixed-citation></ref><ref id="ref024"><mixed-citation publication-type="journal"><person-group person-group-type="author"><string-name><surname>Cucciniello</surname>, <given-names>M.</given-names></string-name>, <string-name><surname>Porumbescu</surname>, <given-names>G.A.</given-names></string-name> and <string-name><surname>Grimmelikhuijsen</surname>, <given-names>S.</given-names></string-name></person-group> (<year>2017</year>), “<article-title>25 years of transparency research: evidence and future directions</article-title>”, <source>Public Administration Review</source>, Vol. <volume>77</volume> No. <issue>1</issue>, pp. <fpage>32</fpage>-<lpage>44</lpage>, doi: <pub-id pub-id-type="doi">10.1111/puar.12685</pub-id>.</mixed-citation></ref><ref id="ref025"><mixed-citation publication-type="journal"><person-group person-group-type="author"><string-name><surname>Cusack</surname>, <given-names>T.R.</given-names></string-name></person-group> (<year>1997</year>), “<article-title>Partisan politics and public finance: changes in public spending in the industrialized democracies, 1955-1989</article-title>”, <source>Public Choice</source>, Vol. <volume>91</volume> No. <issue>3</issue>, pp. <fpage>375</fpage>-<lpage>39</lpage>.</mixed-citation></ref><ref id="ref026"><mixed-citation publication-type="journal"><person-group person-group-type="author"><string-name><surname>De Juanes</surname>, <given-names>Á.</given-names></string-name> and <string-name><surname>Giner</surname>, <given-names>J.M.</given-names></string-name></person-group> (<year>2020</year>), “<article-title>El desarrollo sostenible en los municipios españoles: elaboración de un índice sintético (ISSDS)</article-title>”, <source>Ekonomiaz</source>, Vol. <volume>97</volume>, <comment>1º semestre 2020</comment>, pp. <fpage>264</fpage>-<lpage>292</lpage>.</mixed-citation></ref><ref id="ref027"><mixed-citation publication-type="journal"><person-group person-group-type="author"><string-name><surname>de Rentería</surname>, <given-names>P.G.</given-names></string-name>, <string-name><surname>Olza</surname>, <given-names>M.B.</given-names></string-name> and <string-name><surname>Zabaleta</surname>, <given-names>A.P.</given-names></string-name></person-group> (<year>2019</year>), “<article-title>Los objetivos de desarrollo sostenible: Una agenda para transformar el mundo</article-title>”, <source>Economistas</source>, Vol. <volume>162</volume>, pp. <fpage>205</fpage>-<lpage>209</lpage>.</mixed-citation></ref><ref id="ref028"><mixed-citation publication-type="journal"><person-group person-group-type="author"><string-name><surname>De Simone</surname>, <given-names>E.</given-names></string-name>, <string-name><surname>Gaeta</surname>, <given-names>G.L.</given-names></string-name> and <string-name><surname>Mourão</surname>, <given-names>P.R.</given-names></string-name></person-group> (<year>2017</year>), “<article-title>The impact of fiscal transparency on corruption: an empirical analysis based on longitudinal data</article-title>”, <source>The BE Journal of Economic Analysis and Policy</source>, Vol. <volume>17</volume> No. <issue>4</issue>, doi: <pub-id pub-id-type="doi">10.1515/bejeap-2017-0021</pub-id>.</mixed-citation></ref><ref id="ref029"><mixed-citation publication-type="book"><person-group person-group-type="author"><string-name><surname>Deegan</surname>, <given-names>C.</given-names></string-name> and <string-name><surname>Unerman</surname>, <given-names>J.</given-names></string-name></person-group> (<year>2006</year>), <source>Financial Accounting Theory</source>, <publisher-name>McGraw-Hill</publisher-name>, <publisher-loc>Sydney</publisher-loc>.</mixed-citation></ref><ref id="ref030"><mixed-citation publication-type="book"><person-group person-group-type="author"><collab>Dyntra</collab></person-group> (<year>2023</year>), <source>Índice de Transparencia Dinámico</source>, <publisher-name>Dyntra</publisher-name>, <publisher-loc>Málaga</publisher-loc>, <comment>Consulted on 26 February 2023, available at:</comment> <ext-link ext-link-type="uri" xlink:href="https://www.dyntra.org/">https://www.dyntra.org/</ext-link></mixed-citation></ref><ref id="ref117"><mixed-citation publication-type="book"><person-group person-group-type="author"><string-name><surname>Fasan</surname>, <given-names>M.</given-names></string-name>, <string-name><surname>Marcon</surname>, <given-names>C.</given-names></string-name> and <string-name><surname>Mio</surname>, <given-names>C.</given-names></string-name></person-group> (<year>2016</year>), “<article-title>Institutional determinants of ir disclosure quality</article-title>”, in <person-group person-group-type="author"><string-name><surname>Mio</surname>, <given-names>C.</given-names></string-name></person-group> (Ed.), <source>Integrated Reporting</source>, <publisher-name>Palgrave Macmillan</publisher-name>, <publisher-loc>London</publisher-loc>, pp. <fpage>181</fpage>-<lpage>203</lpage>, doi: <pub-id pub-id-type="doi">10.1057/978-1-137-55149-8_10</pub-id>.</mixed-citation></ref><ref id="ref032"><mixed-citation publication-type="journal"><person-group person-group-type="author"><string-name><surname>García-Sánchez</surname>, <given-names>I.M.</given-names></string-name>, <string-name><surname>Frías-Aceituno</surname>, <given-names>J.V.</given-names></string-name> and <string-name><surname>Rodríguez-Domínguez</surname>, <given-names>L.</given-names></string-name></person-group> (<year>2013</year>), “<article-title>Determinants of corporate social disclosure in Spanish local governments</article-title>”, <source>Journal of Cleaner Production</source>, Vol. <volume>39</volume>, pp. <fpage>60</fpage>-<lpage>72</lpage>, doi: <pub-id pub-id-type="doi">10.1016/j.jclepro.2012.08.037</pub-id>.</mixed-citation></ref><ref id="ref033"><mixed-citation publication-type="journal"><person-group person-group-type="author"><collab>Global Reporting Initiative</collab></person-group> (<year>2023</year>), “<article-title>Cómo utilizar los Estándares GRI</article-title>”, <source>Global Reporting Initiative</source>, <comment>available at:</comment> <ext-link ext-link-type="uri" xlink:href="https://www.globalreporting.org/how-to-use-the-gri-standards/">https://www.globalreporting.org/how-to-use-the-gri-standards/</ext-link></mixed-citation></ref><ref id="ref034"><mixed-citation publication-type="book"><person-group person-group-type="author"><collab>Government of Spain</collab></person-group> (<year>2020</year>), <source>Reconstruir lo común. La implementación de la agenda 2030 en España, in Informe de progreso 2020</source>, <publisher-name>Government of Spain</publisher-name>, <publisher-loc>Madrid</publisher-loc>.</mixed-citation></ref><ref id="ref035"><mixed-citation publication-type="book"><person-group person-group-type="author"><collab>Government of Spain</collab></person-group> (<year>n.d</year>.), <source>¿Qué es y cómo se hace el Presupuesto Participativo? 72 respuestas a Preguntas Frecuentes sobre Presupuestos Participativos Municipales</source>, <publisher-name>Government of Spain</publisher-name>, <publisher-loc>Madrid</publisher-loc>, <comment>available at:</comment> <ext-link ext-link-type="uri" xlink:href="https://www.miteco.gob.es/es/ceneam/recursos/pag-web/presupuesto-participativo.aspx">https://www.miteco.gob.es/es/ceneam/recursos/pag-web/presupuesto-participativo.aspx</ext-link></mixed-citation></ref><ref id="ref036"><mixed-citation publication-type="confproc"><person-group person-group-type="author"><string-name><surname>Grin</surname>, <given-names>E.J.</given-names></string-name></person-group> (<year>2022</year>), “<article-title>Capacidades estatales municipales en Brasil y resultados de la implantación de los ODS</article-title>”, <conf-name>IX Encontro de Administração Pública da ANPAD VI</conf-name>.</mixed-citation></ref><ref id="ref037"><mixed-citation publication-type="journal"><person-group person-group-type="author"><string-name><surname>Grover</surname>, <given-names>P.</given-names></string-name>, <string-name><surname>Kar</surname>, <given-names>A.K.</given-names></string-name>, <string-name><surname>Gupta</surname>, <given-names>S.</given-names></string-name> and <string-name><surname>Modgil</surname>, <given-names>S.</given-names></string-name></person-group> (<year>2021</year>), “<article-title>Influence of political leaders on sustainable development goals–insights from Twitter</article-title>”, <source>Journal of Enterprise Information Management</source>, Vol. <volume>34</volume> No. <issue>6</issue>, pp. <fpage>1893</fpage>-<lpage>1916</lpage>, doi: <pub-id pub-id-type="doi">10.1108/jeim-07-2020-0304</pub-id>.</mixed-citation></ref><ref id="ref038"><mixed-citation publication-type="journal"><person-group person-group-type="author"><string-name><surname>Guarini</surname>, <given-names>E.</given-names></string-name>, <string-name><surname>Mori</surname>, <given-names>E.</given-names></string-name> and <string-name><surname>Zuffada</surname>, <given-names>E.</given-names></string-name></person-group> (<year>2022</year>), “<article-title>Localizing the sustainable development goals: a managerial perspective</article-title>”, <source>Journal of Public Budgeting, Accounting and Financial Management</source>, Vol. <volume>34</volume> No. <issue>5</issue>, pp. <fpage>583</fpage>-<lpage>601</lpage>, doi: <pub-id pub-id-type="doi">10.1108/jpbafm-02-2021-0031</pub-id>.</mixed-citation></ref><ref id="ref039"><mixed-citation publication-type="journal"><person-group person-group-type="author"><string-name><surname>Guerrero-Gómez</surname>, <given-names>T.</given-names></string-name>, <string-name><surname>Navarro-Galera</surname>, <given-names>A.</given-names></string-name> and <string-name><surname>Ortiz-Rodríguez</surname>, <given-names>D.</given-names></string-name></person-group> (<year>2021</year>), “<article-title>Promoting online transparency to help achieve the sustainable development goals: an empirical study of local governments in Latin America</article-title>”, <source>Sustainability</source>, Vol. <volume>13</volume> No. <issue>4</issue>, p. <fpage>1837</fpage>, doi: <pub-id pub-id-type="doi">10.3390/su13041837</pub-id>.</mixed-citation></ref><ref id="ref040"><mixed-citation publication-type="journal"><person-group person-group-type="author"><string-name><surname>Guha</surname>, <given-names>J.</given-names></string-name> and <string-name><surname>Chakrabarti</surname>, <given-names>B.</given-names></string-name></person-group> (<year>2019</year>), “<article-title>Achieving the Sustainable Development Goals (SDGs) through decentralisation and the role of local governments: a systematic review</article-title>”, <source>Commonwealth Journal of Local Governance</source>, No. <issue>22</issue>, pp. <fpage>1</fpage>-<lpage>21</lpage>, doi: <pub-id pub-id-type="doi">10.5130/cjlg.v0i22.6855</pub-id>.</mixed-citation></ref><ref id="ref041"><mixed-citation publication-type="book-chapter"><person-group person-group-type="author"><string-name><surname>Guimarães</surname>, <given-names>A.S.</given-names></string-name></person-group> (<year>2022</year>), “<chapter-title>Los sistemas tributarios en América Latina: una propuesta analítica desde la sociología fiscal</chapter-title>”, in <source>Nuevos actores y cambio social en América Latina Book Editor(s): Esteban Torres, José Maurício Domingues Published by CLACSO</source>, pp. <fpage>351</fpage>-<lpage>374</lpage>.</mixed-citation></ref><ref id="ref042"><mixed-citation publication-type="book"><person-group person-group-type="author"><string-name><surname>Halonen</surname>, <given-names>M.</given-names></string-name>, <string-name><surname>Persson</surname>, <given-names>Å.</given-names></string-name>, <string-name><surname>Sepponen</surname>, <given-names>S.</given-names></string-name>, <string-name><surname>Siebert</surname>, <given-names>C.K.</given-names></string-name>, <string-name><surname>Bröckl</surname>, <given-names>M.</given-names></string-name>, <string-name><surname>Vaahtera</surname>, <given-names>A.</given-names></string-name>, <string-name><surname>Quinn</surname>, <given-names>S.</given-names></string-name>, <string-name><surname>Trimmer</surname>, <given-names>C.</given-names></string-name> and <string-name><surname>Isokangas</surname>, <given-names>A.</given-names></string-name></person-group> (<year>2017</year>), <source>Sustainable Development Action–The Nordic Way: Implementation of the Global 2030 Agenda for Sustainable Development in Nordic Cooperation</source>, <publisher-name>Nordic Council of Ministers</publisher-name>, <publisher-loc>Copenhagen</publisher-loc>.</mixed-citation></ref><ref id="ref043"><mixed-citation publication-type="book-chapter"><person-group person-group-type="author"><string-name><surname>Heinrichs</surname>, <given-names>H.</given-names></string-name>, <string-name><surname>Laws</surname>, <given-names>N.</given-names></string-name> and <string-name><surname>Riedel</surname>, <given-names>H.</given-names></string-name></person-group> (<year>2013</year>), “<chapter-title>Challenges and opportunities for sustainable development in Germany</chapter-title>”, in <person-group person-group-type="editor"><string-name><surname>Stiftung</surname>, <given-names>En B.</given-names></string-name></person-group> (Ed.), <source>Winning Strategies for a Sustainable Future: Reinhard Mohn Prize 2013</source>, <publisher-name>Bertelsmann Stiftung</publisher-name>, <publisher-loc>Gutersloh</publisher-loc>, pp. <fpage>39</fpage>-<lpage>52</lpage>.</mixed-citation></ref><ref id="ref044"><mixed-citation publication-type="journal"><person-group person-group-type="author"><string-name><surname>Hendriks</surname>, <given-names>C.J.</given-names></string-name></person-group> (<year>2018</year>), “<article-title>Municipal financing for sustainable development: a case of South Africa</article-title>”, <source>Local Economy</source>, Vol. <volume>33</volume> No. <issue>7</issue>, pp. <fpage>757</fpage>-<lpage>774</lpage>, doi: <pub-id pub-id-type="doi">10.1177/0269094218811799</pub-id>.</mixed-citation></ref><ref id="ref045"><mixed-citation publication-type="journal"><person-group person-group-type="author"><string-name><surname>Hibbs</surname>, <given-names>D.A.</given-names></string-name></person-group> (<year>1977</year>), “<article-title>Political parties and macroeconomic policy</article-title>”, <source>American Political Science Review</source>, Vol. <volume>71</volume> No. <issue>4</issue>, pp. <fpage>1467</fpage>-<lpage>1487</lpage>, doi: <pub-id pub-id-type="doi">10.2307/1961490</pub-id>.</mixed-citation></ref><ref id="ref046"><mixed-citation publication-type="book"><person-group person-group-type="author"><string-name><surname>Hofstede</surname>, <given-names>G.</given-names></string-name>, <string-name><surname>Hofstede</surname>, <given-names>G.J.</given-names></string-name> and <string-name><surname>Minkov</surname>, <given-names>M.</given-names></string-name></person-group> (<year>2005</year>), <source>Culturas y organizaciones: Software de la mente</source>, <publisher-name>Mcgraw-hill</publisher-name>, <publisher-loc>New York</publisher-loc>, Vol. <volume>2</volume>.</mixed-citation></ref><ref id="ref047"><mixed-citation publication-type="journal"><person-group person-group-type="author"><string-name><surname>Hossain</surname>, <given-names>M.M.</given-names></string-name></person-group> (<year>2018</year>), “<article-title>Sustainability reporting by Australian local government authorities</article-title>”, <source>Local Government Studies</source>, Vol. <volume>44</volume> No. <issue>4</issue>, pp. <fpage>577</fpage>-<lpage>600</lpage>, doi: <pub-id pub-id-type="doi">10.1080/03003930.2018.1471397</pub-id>.</mixed-citation></ref><ref id="ref048"><mixed-citation publication-type="book"><person-group person-group-type="author"><string-name><surname>Iizuka</surname>, <given-names>M.</given-names></string-name></person-group> (<year>2000</year>), <source>Role of Environmental Awareness in Achieving Sustainable Development</source>, <publisher-name>CEPAL</publisher-name>, <publisher-loc>Santiago de Chile</publisher-loc>, <comment>available at:</comment> <ext-link ext-link-type="uri" xlink:href="https://repositorio.cepal.org/bitstream/handle/11362/31562/S00111003_en.pdf?sequence=1yisAllowed=y">https://repositorio.cepal.org/bitstream/handle/11362/31562/S00111003_en.pdf?sequence=1yisAllowed=y</ext-link></mixed-citation></ref><ref id="ref049"><mixed-citation publication-type="journal"><person-group person-group-type="author"><string-name><surname>Jensen</surname>, <given-names>J.C.</given-names></string-name> and <string-name><surname>Berg</surname>, <given-names>N.</given-names></string-name></person-group> (<year>2012</year>), “<article-title>Determinants of traditional sustainability reporting versus integrated reporting. An institutionalist approach</article-title>”, <source>Business Strategy and the Environment</source>, Vol. <volume>21</volume> No. <issue>5</issue>, pp. <fpage>299</fpage>-<lpage>316</lpage>, doi: <pub-id pub-id-type="doi">10.1002/bse.740</pub-id>.</mixed-citation></ref><ref id="ref050"><mixed-citation publication-type="journal"><person-group person-group-type="author"><string-name><surname>Kassim</surname>, <given-names>C.K.H.C.K.</given-names></string-name>, <string-name><surname>Ahmad</surname>, <given-names>S.</given-names></string-name>, <string-name><surname>Nasir</surname>, <given-names>N.E.M.</given-names></string-name>, <string-name><surname>Arifin</surname>, <given-names>N.N.M.</given-names></string-name> and <string-name><surname>Nori</surname>, <given-names>W.M.N.W.</given-names></string-name></person-group> (<year>2020</year>), “<article-title>Environmental disclosures on local governments' websites: a Malaysian context</article-title>”, <source>International Journal of Public Sector Management</source>, Vol. <volume>33</volume> Nos <issue>6/7</issue>, pp. <fpage>663</fpage>-<lpage>679</lpage>, doi: <pub-id pub-id-type="doi">10.1108/ijpsm-03-2020-0077</pub-id>.</mixed-citation></ref><ref id="ref051"><mixed-citation publication-type="journal"><person-group person-group-type="author"><string-name><surname>Kaur</surname>, <given-names>A.</given-names></string-name> and <string-name><surname>Lodhia</surname>, <given-names>S.K.</given-names></string-name></person-group> (<year>2019</year>), “<article-title>Sustainability accounting, accountability and reporting in the public sector</article-title>”, <source>Meditari Accountancy Research</source>, Vol. <volume>27</volume> No. <issue>4</issue>, pp. <fpage>498</fpage>-<lpage>504</lpage>, doi: <pub-id pub-id-type="doi">10.1108/medar-08-2019-510</pub-id>.</mixed-citation></ref><ref id="ref052"><mixed-citation publication-type="journal"><person-group person-group-type="author"><string-name><surname>Kim</surname>, <given-names>Y.K.</given-names></string-name> and <string-name><surname>O'Neill</surname>, <given-names>D.C.</given-names></string-name></person-group> (<year>2017</year>), “<article-title>Transparent motives: democratic advantage in international credit markets</article-title>”, <source>Journal of International Relations and Development</source>, Vol. <volume>20</volume> No. <issue>1</issue>, pp. <fpage>108</fpage>-<lpage>132</lpage>, doi: <pub-id pub-id-type="doi">10.1057/jird.2015.1</pub-id>.</mixed-citation></ref><ref id="ref053"><mixed-citation publication-type="book"><person-group person-group-type="author"><string-name><surname>Kopits</surname>, <given-names>G.</given-names></string-name> and <string-name><surname>Craig</surname>, <given-names>J.</given-names></string-name></person-group> (<year>1998</year>), <source>Transparency in Government Operations</source>, <publisher-name>Work Bank</publisher-name>, <publisher-loc>Washington, DC</publisher-loc>.</mixed-citation></ref><ref id="ref054"><mixed-citation publication-type="journal"><person-group person-group-type="author"><string-name><surname>Kroll</surname>, <given-names>C.</given-names></string-name>, <string-name><surname>Warchold</surname>, <given-names>A.</given-names></string-name> and <string-name><surname>Pradhan</surname>, <given-names>P.</given-names></string-name></person-group> (<year>2019</year>), “<article-title>Sustainable Development Goals (SDGs): are we successful in turning trade-offs into synergies?</article-title>”, <source>Palgrave Community</source>, Vol. <volume>5</volume> No. <issue>1</issue>, p. <fpage>140</fpage>, doi: <pub-id pub-id-type="doi">10.1057/s41599-019-0335-5</pub-id>.</mixed-citation></ref><ref id="ref055"><mixed-citation publication-type="journal"><person-group person-group-type="author"><string-name><surname>Leal</surname>, <given-names>W.</given-names></string-name>, <string-name><surname>Azeiteiro</surname>, <given-names>U.</given-names></string-name>, <string-name><surname>Alves</surname>, <given-names>F.</given-names></string-name>, <string-name><surname>Pace</surname>, <given-names>P.</given-names></string-name>, <string-name><surname>Mifsud</surname>, <given-names>M.</given-names></string-name>, <string-name><surname>Brandli</surname>, <given-names>L.</given-names></string-name>, <string-name><surname>Caeiro</surname>, <given-names>S.S.</given-names></string-name> and <string-name><surname>Disterheft</surname>, <given-names>A.</given-names></string-name></person-group> (<year>2018</year>), “<article-title>Reinvigorating the sustainable development research agenda: the role of the sustainable development goals (SDG)</article-title>”, <source>International Journal of Sustainable Development and World Ecology</source>, Vol. <volume>25</volume> No. <issue>2</issue>, pp. <fpage>131</fpage>-<lpage>142</lpage>, doi: <pub-id pub-id-type="doi">10.1080/13504509.2017.1342103</pub-id>.</mixed-citation></ref><ref id="ref056"><mixed-citation publication-type="journal"><person-group person-group-type="author"><string-name><surname>Leal Filho</surname>, <given-names>W.</given-names></string-name>, <string-name><surname>Dibbern</surname>, <given-names>T.</given-names></string-name>, <string-name><surname>Pimenta Dinis</surname>, <given-names>M.-A.</given-names></string-name>, <string-name><surname>Coggo Cristofoletti</surname>, <given-names>E.</given-names></string-name>, <string-name><surname>Forh Mbah</surname>, <given-names>M.</given-names></string-name>, <string-name><surname>Mishra</surname>, <given-names>A.</given-names></string-name>, <string-name><surname>Clarke</surname>, <given-names>A.</given-names></string-name>, <string-name><surname>Samuel</surname>, <given-names>N.</given-names></string-name>, <string-name><surname>Castillo Apraiz</surname>, <given-names>J.</given-names></string-name>, <string-name><surname>Rimi Abubakar</surname>, <given-names>I.</given-names></string-name> and <string-name><surname>Aina</surname>, <given-names>Y.A.</given-names></string-name></person-group> (<year>2024</year>), “<article-title>The added value of partnerships in implementing the UN sustainable development goals</article-title>”, <source>Journal of Cleaner Production</source>, Vol. <volume>438</volume>, <elocation-id>140794</elocation-id>, doi: <pub-id pub-id-type="doi">10.1016/j.jclepro.2024.140794</pub-id>.</mixed-citation></ref><ref id="ref057"><mixed-citation publication-type="journal"><person-group person-group-type="author"><string-name><surname>Lyulyov</surname>, <given-names>O.</given-names></string-name>, <string-name><surname>Pimonenko</surname>, <given-names>T.</given-names></string-name>, <string-name><surname>Saura</surname>, <given-names>J.-R.</given-names></string-name> and <string-name><surname>Barbosa</surname>, <given-names>B.</given-names></string-name></person-group> (<year>2024</year>), “<article-title>How do e-governance and e-business drive sustainable development goals?</article-title>”, <source>Technological Forecasting and Social Change</source>, Vol. <volume>199</volume>, <elocation-id>123082</elocation-id>, doi: <pub-id pub-id-type="doi">10.1016/j.techfore.2023.123082</pub-id>.</mixed-citation></ref><ref id="ref058"><mixed-citation publication-type="journal"><person-group person-group-type="author"><string-name><surname>Manes-Rossi</surname>, <given-names>F.</given-names></string-name> and <string-name><surname>Nicolò</surname>, <given-names>G.</given-names></string-name></person-group> (<year>2022</year>), “<article-title>Exploring sustainable development goals reporting practices: from symbolic to substantive approaches—evidence from the energy sector</article-title>”, <source>Corporate Social Responsibility and Environmental Management</source>, Vol. <volume>29</volume> No. <issue>5</issue>, pp. <fpage>1799</fpage>-<lpage>1815</lpage>, doi: <pub-id pub-id-type="doi">10.1002/csr.2328</pub-id>.</mixed-citation></ref><ref id="ref059"><mixed-citation publication-type="journal"><person-group person-group-type="author"><string-name><surname>Martínez-Córdoba</surname>, <given-names>P.J.</given-names></string-name>, <string-name><surname>Amor-Esteban</surname>, <given-names>V.</given-names></string-name>, <string-name><surname>Benito</surname>, <given-names>B.</given-names></string-name> and <string-name><surname>García-Sánchez</surname>, <given-names>I.M.</given-names></string-name></person-group> (<year>2021</year>), “<article-title>The commitment of Spanish local governments to sustainable development goal 11 from a multivariate perspective</article-title>”, <source>Sustainability</source>, Vol. <volume>13</volume> No. <issue>3</issue>, p. <fpage>1222</fpage>, doi: <pub-id pub-id-type="doi">10.3390/su13031222</pub-id>.</mixed-citation></ref><ref id="ref060"><mixed-citation publication-type="journal"><person-group person-group-type="author"><string-name><surname>Masuda</surname>, <given-names>H.</given-names></string-name>, <string-name><surname>Kawakubo</surname>, <given-names>S.</given-names></string-name>, <string-name><surname>Okitasari</surname>, <given-names>M.</given-names></string-name> and <string-name><surname>Morita</surname>, <given-names>K.</given-names></string-name></person-group> (<year>2022</year>), “<article-title>Exploring the role of local governments as intermediaries to facilitate partnerships for the Sustainable Development Goals</article-title>”, <source>Sustainable Cities and Society</source>, Vol. <volume>82</volume>, <elocation-id>103883</elocation-id>, doi: <pub-id pub-id-type="doi">10.1016/j.scs.2022.103883</pub-id>.</mixed-citation></ref><ref id="ref061"><mixed-citation publication-type="journal"><person-group person-group-type="author"><string-name><surname>McKeon</surname>, <given-names>N.</given-names></string-name></person-group> (<year>2017</year>), “<article-title>Transforming global governance in the post-2015 era: towards an equitable and sustainable world</article-title>”, <source>Globalizations</source>, Vol. <volume>14</volume> No. <issue>4</issue>, pp. <fpage>487</fpage>-<lpage>503</lpage>, doi: <pub-id pub-id-type="doi">10.1080/14747731.2016.1244757</pub-id>.</mixed-citation></ref><ref id="ref062"><mixed-citation publication-type="book"><person-group person-group-type="author"><string-name><surname>Michel</surname>, <given-names>J.</given-names></string-name></person-group> (<year>2016</year>), <source>Beyond Aid: The Integration of Sustainable Development in a Coherent International Agenda</source>, <publisher-name>Rowman &amp; Littlefield</publisher-name>, <publisher-loc>Lanham MD</publisher-loc>.</mixed-citation></ref><ref id="ref063"><mixed-citation publication-type="journal"><person-group person-group-type="author"><string-name><surname>Montes</surname>, <given-names>G.C.</given-names></string-name> and <string-name><surname>Luna</surname>, <given-names>P.H.</given-names></string-name></person-group> (<year>2021</year>), “<article-title>Fiscal transparency, legal system and perception of the control on corruption: empirical evidence from panel data</article-title>”, <source>Empirical Economics</source>, Vol. <volume>60</volume> No. <issue>4</issue>, pp. <fpage>2005</fpage>-<lpage>2037</lpage>, doi: <pub-id pub-id-type="doi">10.1007/s00181-020-01849-9</pub-id>.</mixed-citation></ref><ref id="ref064"><mixed-citation publication-type="journal"><person-group person-group-type="author"><string-name><surname>Mousa</surname>, <given-names>G.</given-names></string-name> and <string-name><surname>Hassan</surname>, <given-names>N.T.</given-names></string-name></person-group> (<year>2015</year>), “<article-title>Legitimacy theory and environmental practices: short notes</article-title>”, <source>International Journal of Business and Statistical Analysis</source>, Vol. <volume>2</volume> No. <issue>01</issue>, pp. <fpage>41</fpage>-<lpage>53</lpage>, doi: <pub-id pub-id-type="doi">10.12785/ijbsa/020104</pub-id>.</mixed-citation></ref><ref id="ref065"><mixed-citation publication-type="journal"><person-group person-group-type="author"><string-name><surname>Moyer</surname>, <given-names>J.D.</given-names></string-name> and <string-name><surname>Bohl</surname>, <given-names>D.K.</given-names></string-name></person-group> (<year>2019</year>), “<article-title>Alternative pathways to human development: assessing trade-offs and synergies in achieving the Sustainable Development Goals</article-title>”, <source>Futures</source>, Vol. <volume>105</volume>, pp. <fpage>199</fpage>-<lpage>210</lpage>, doi: <pub-id pub-id-type="doi">10.1016/j.futures.2018.10.007</pub-id>.</mixed-citation></ref><ref id="ref066"><mixed-citation publication-type="journal"><person-group person-group-type="author"><string-name><surname>Mutiarani</surname>, <given-names>N.D.</given-names></string-name> and <string-name><surname>Siswantoro</surname>, <given-names>D.</given-names></string-name></person-group> (<year>2020</year>), “<article-title>The impact of local government characteristics on the accomplishment of Sustainable Development Goals (SDGs)</article-title>”, <source>Cogent Business and Management</source>, Vol. <volume>7</volume> No. <issue>1</issue>, <elocation-id>1847751</elocation-id>, doi: <pub-id pub-id-type="doi">10.1080/23311975.2020.1847751</pub-id>.</mixed-citation></ref><ref id="ref067"><mixed-citation publication-type="journal"><person-group person-group-type="author"><string-name><surname>Nagy</surname>, <given-names>J.A.</given-names></string-name>, <string-name><surname>Benedek</surname>, <given-names>J.</given-names></string-name> and <string-name><surname>Ivan</surname>, <given-names>K.</given-names></string-name></person-group> (<year>2018</year>), “<article-title>Measuring sustainable development goals at a local level: a case of a metropolitan area in Romania</article-title>”, <source>Sustainability</source>, Vol. <volume>10</volume> No. <issue>11</issue>, p. <fpage>3962</fpage>, doi: <pub-id pub-id-type="doi">10.3390/su10113962</pub-id>.</mixed-citation></ref><ref id="ref068"><mixed-citation publication-type="journal"><person-group person-group-type="author"><string-name><surname>Navarro-Galera</surname>, <given-names>A.</given-names></string-name>, <string-name><surname>Ortiz-Rodríguez</surname>, <given-names>D.</given-names></string-name> and <string-name><surname>Alcaraz-Quiles</surname>, <given-names>F.J.</given-names></string-name></person-group> (<year>2019</year>), “<article-title>Un impulso a la transparencia sobre sostenibilidad en gobiernos locales europeos mediante factores poblacionales, socioeconómicos, financieros y legales</article-title>”, <source>Spanish Journal of Finance and Accounting/Revista Española de Financiación y Contabilidad</source>, Vol. <volume>48</volume> No. <issue>4</issue>, pp. <fpage>525</fpage>-<lpage>554</lpage>, doi: <pub-id pub-id-type="doi">10.1080/02102412.2019.1629204</pub-id>.</mixed-citation></ref><ref id="ref069"><mixed-citation publication-type="journal"><person-group person-group-type="author"><string-name><surname>Nicolò</surname>, <given-names>G.</given-names></string-name>, <string-name><surname>Zanellato</surname>, <given-names>G.</given-names></string-name> and <string-name><surname>Tiron-Tudor</surname>, <given-names>A.</given-names></string-name></person-group> (<year>2020</year>), “<article-title>Integrated reporting and European state-owned enterprises: a disclosure analysis pre and post-2014/95/EU</article-title>”, <source>Sustainability</source>, Vol. <volume>12</volume> No. <issue>5</issue>, p. <fpage>1908</fpage>, doi: <pub-id pub-id-type="doi">10.3390/su12051908</pub-id>.</mixed-citation></ref><ref id="ref070"><mixed-citation publication-type="journal"><person-group person-group-type="author"><string-name><surname>Niemann</surname>, <given-names>L.</given-names></string-name> and <string-name><surname>Hoppe</surname>, <given-names>T.</given-names></string-name></person-group> (<year>2018</year>), “<article-title>Sustainability reporting by local governments: a magic tool? Lessons on use and usefulness from European pioneers</article-title>”, <source>Public Management Review</source>, Vol. <volume>20</volume> No. <issue>1</issue>, pp. <fpage>201</fpage>-<lpage>223</lpage>, doi: <pub-id pub-id-type="doi">10.1080/14719037.2017.1293149</pub-id>.</mixed-citation></ref><ref id="ref071"><mixed-citation publication-type="journal"><person-group person-group-type="author"><string-name><surname>Norgaard</surname>, <given-names>K.</given-names></string-name> and <string-name><surname>York</surname>, <given-names>R.</given-names></string-name></person-group> (<year>2005</year>), “<article-title>Gender equality and state environmentalism</article-title>”, <source>Gender and Society</source>, Vol. <volume>19</volume> No. <issue>4</issue>, pp. <fpage>506</fpage>-<lpage>522</lpage>, doi: <pub-id pub-id-type="doi">10.1177/0891243204273612</pub-id>.</mixed-citation></ref><ref id="ref072"><mixed-citation publication-type="journal"><person-group person-group-type="author"><string-name><surname>Nygård</surname>, <given-names>H.M.</given-names></string-name></person-group> (<year>2017</year>), “<article-title>Achieving the sustainable development agenda: the governance–conflict nexus</article-title>”, <source>International Area Studies Review</source>, Vol. <volume>20</volume> No. <issue>1</issue>, pp. <fpage>3</fpage>-<lpage>18</lpage>, doi: <pub-id pub-id-type="doi">10.1177/2233865916683609</pub-id>.</mixed-citation></ref><ref id="ref073"><mixed-citation publication-type="journal"><person-group person-group-type="author"><string-name><surname>O’hare</surname>, <given-names>B.</given-names></string-name> and <string-name><surname>Hall</surname>, <given-names>S.G.</given-names></string-name></person-group> (<year>2022</year>), “<article-title>The impact of government revenue on the achievement of the sustainable development goals and the amplification potential of good governance</article-title>”, <source>Central European Journal of Economic Modelling and Econometrics</source>, No. <issue>2</issue>, pp. <fpage>109</fpage>-<lpage>129</lpage>, doi: <pub-id pub-id-type="doi">10.24425/cejeme.2022.142627</pub-id>.</mixed-citation></ref><ref id="ref074"><mixed-citation publication-type="journal"><person-group person-group-type="author"><string-name><surname>Olayinka</surname>, <given-names>E.</given-names></string-name> and <string-name><surname>Osariemen</surname>, <given-names>A.</given-names></string-name></person-group> (<year>2019</year>), “<article-title>Does public transparency and accountability impact sustainable development goals? A case study of selected African countries</article-title>”, <source>African Accounting and Finance Journal</source>, Vol. <volume>2</volume> No. <issue>1</issue>, pp. <fpage>24</fpage>-<lpage>52</lpage>.</mixed-citation></ref><ref id="ref075"><mixed-citation publication-type="journal"><person-group person-group-type="author"><string-name><surname>Oosterhof</surname>, <given-names>P.D.</given-names></string-name></person-group> (<year>2018</year>), “<article-title>Localising the sustainable development goals to accelerate implementation of the 2030 agenda for sustainable development</article-title>”, <comment>ADB, the Government Brief, issue 33</comment>.</mixed-citation></ref><ref id="ref076"><mixed-citation publication-type="book"><person-group person-group-type="author"><collab>Organisation for Economic Co-operation and Development (OECD)</collab></person-group> (<year>2017b</year>), <source>Recommendation on Public Integrity</source>, <publisher-name>OECD/LEGAL/0435</publisher-name>, <publisher-loc>París</publisher-loc>.</mixed-citation></ref><ref id="ref077"><mixed-citation publication-type="journal"><person-group person-group-type="author"><string-name><surname>Orme</surname>, <given-names>B.</given-names></string-name></person-group> (<year>2014</year>), “<article-title>Does sustainability require transparency? The UN divide over freedom of information and media in the post-2015 development agenda</article-title>”, <source>Global Media Journal-German Edition</source>, Vol. <volume>4</volume> No. <issue>2</issue>, pp. <fpage>2</fpage>-<lpage>9</lpage>.</mixed-citation></ref><ref id="ref078"><mixed-citation publication-type="journal"><person-group person-group-type="author"><string-name><surname>Palermo</surname>, <given-names>V.</given-names></string-name>, <string-name><surname>Bertoldi</surname>, <given-names>P.</given-names></string-name>, <string-name><surname>Apostolou</surname>, <given-names>M.</given-names></string-name>, <string-name><surname>Kona</surname>, <given-names>A.</given-names></string-name> and <string-name><surname>Rivas</surname>, <given-names>S.</given-names></string-name></person-group> (<year>2020</year>), “<article-title>Assessment of climate change mitigation policies in 315 cities in the Covenant of Mayors initiative</article-title>”, <source>Sustainable Cities and Society</source>, Vol. <volume>60</volume>, <elocation-id>102258</elocation-id>, doi: <pub-id pub-id-type="doi">10.1016/j.scs.2020.102258</pub-id>.</mixed-citation></ref><ref id="ref079"><mixed-citation publication-type="journal"><person-group person-group-type="author"><string-name><surname>Paricio-Esteban</surname>, <given-names>P.</given-names></string-name>, <string-name><surname>Bruno-Carlos</surname>, <given-names>T.</given-names></string-name>, <string-name><surname>Alonso-Romeero</surname>, <given-names>E.</given-names></string-name> and <string-name><surname>García-Alcober</surname>, <given-names>M.P.</given-names></string-name></person-group> (<year>2020</year>), “<article-title>Webs y portales de transparencia para la participación ciudadana en la gestión de las relaciones públicas con los stakeholders locales</article-title>”, <source>El profesional de la información</source>, Vol. <volume>29</volume>, p. <fpage>3</fpage>, doi: <pub-id pub-id-type="doi">10.3145/epi.2020.may.35</pub-id>.</mixed-citation></ref><ref id="ref080"><mixed-citation publication-type="journal"><person-group person-group-type="author"><string-name><surname>Park</surname>, <given-names>H.</given-names></string-name>, <string-name><surname>Russell</surname>, <given-names>C.</given-names></string-name> and <string-name><surname>Lee</surname>, <given-names>J.</given-names></string-name></person-group> (<year>2007</year>), “<article-title>National culture and environmental sustainability: a cross-national analysis</article-title>”, <source>Journal of Economics and Finance</source>, Vol. <volume>31</volume> No. <issue>1</issue>, pp. <fpage>104</fpage>-<lpage>121</lpage>, doi: <pub-id pub-id-type="doi">10.1007/bf02751516</pub-id>.</mixed-citation></ref><ref id="ref081"><mixed-citation publication-type="book"><person-group person-group-type="author"><string-name><surname>Peacock</surname>, <given-names>A.</given-names></string-name></person-group> (<year>1995</year>), <source>Elección Pública Una Perspectiva Histórica</source>, <publisher-name>Alianza editorial</publisher-name>, <publisher-loc>Madrid</publisher-loc>.</mixed-citation></ref><ref id="ref082"><mixed-citation publication-type="journal"><person-group person-group-type="author"><string-name><surname>Peat</surname>, <given-names>M.</given-names></string-name>, <string-name><surname>Svec</surname>, <given-names>J.</given-names></string-name> and <string-name><surname>Wang</surname>, <given-names>J.</given-names></string-name></person-group> (<year>2015</year>), “<article-title>The effects of fiscal opacity on sovereign credit spreads</article-title>”, <source>Emerging Markets Review</source>, Vol. <volume>24</volume>, pp. <fpage>34</fpage>-<lpage>45</lpage>, doi: <pub-id pub-id-type="doi">10.1016/j.ememar.2015.05.001</pub-id>.</mixed-citation></ref><ref id="ref083"><mixed-citation publication-type="journal"><person-group person-group-type="author"><string-name><surname>Perramon</surname>, <given-names>J.</given-names></string-name></person-group> (<year>2013</year>), “<article-title>La transparencia: concepto, evolución y retos actuales</article-title>”, <source>Revista de contabilidad y dirección</source>, Vol. <volume>16</volume>, pp. <fpage>11</fpage>-<lpage>28</lpage>, <comment>available at:</comment> <ext-link ext-link-type="uri" xlink:href="https://dialnet.unirioja.es/servlet/articulo?codigo=4483382">https://dialnet.unirioja.es/servlet/articulo?codigo=4483382</ext-link></mixed-citation></ref><ref id="ref115"><mixed-citation publication-type="book"><person-group person-group-type="author"><string-name><surname>Pipa</surname>, <given-names>A.F.</given-names></string-name></person-group> (<year>2019</year>), <source>Shaping the Global Agenda to Maximize City Leadership on the SDGs: The Experiences of Vanguard Cities</source>, <publisher-name>Brookings Institution</publisher-name>, <publisher-loc>Washington</publisher-loc>.</mixed-citation></ref><ref id="ref085"><mixed-citation publication-type="journal"><person-group person-group-type="author"><string-name><surname>Pizzi</surname>, <given-names>S.</given-names></string-name>, <string-name><surname>Del Baldo</surname>, <given-names>M.</given-names></string-name>, <string-name><surname>Caputo</surname>, <given-names>F.</given-names></string-name> and <string-name><surname>Venturelli</surname>, <given-names>A.</given-names></string-name></person-group> (<year>2022</year>), “<article-title>Voluntary disclosure of sustainable development goals in mandatory non-financial reports: the moderating role of cultural dimension</article-title>”, <source>Journal of International Financial Management and Accounting</source>, Vol. <volume>33</volume> No. <issue>1</issue>, pp. <fpage>83</fpage>-<lpage>106</lpage>, doi: <pub-id pub-id-type="doi">10.1111/jifm.12139</pub-id>.</mixed-citation></ref><ref id="ref086"><mixed-citation publication-type="journal"><person-group person-group-type="author"><string-name><surname>Prado-Lorenzo</surname>, <given-names>J.</given-names></string-name>, <string-name><surname>García-Sánchez</surname>, <given-names>I.</given-names></string-name> and <string-name><surname>Cuadrado-Ballesteros</surname>, <given-names>B.</given-names></string-name></person-group> (<year>2012</year>), “<article-title>Sustainable cities: do political factors determine the quality of life?</article-title>”, <source>Journal of Cleaner Production</source>, Vol. <volume>21</volume> No. <issue>1</issue>, pp. <fpage>34</fpage>-<lpage>44</lpage>, doi: <pub-id pub-id-type="doi">10.1016/j.jclepro.2011.08.021</pub-id>.</mixed-citation></ref><ref id="ref087"><mixed-citation publication-type="journal"><person-group person-group-type="author"><string-name><surname>Puertas</surname>, <given-names>R.</given-names></string-name> and <string-name><surname>Marti</surname>, <given-names>L.</given-names></string-name></person-group> (<year>2023</year>), “<article-title>Regional analysis of the sustainable development of two Mediterranean countries: Spain and Italy</article-title>”, <source>Sustainable Development</source>, Vol. <volume>31</volume> No. <issue>2</issue>, pp. <fpage>797</fpage>-<lpage>811</lpage>, doi: <pub-id pub-id-type="doi">10.1002/sd.2420</pub-id>.</mixed-citation></ref><ref id="ref088"><mixed-citation publication-type="journal"><person-group person-group-type="author"><string-name><surname>Rahman</surname>, <given-names>M.M.</given-names></string-name> and <string-name><surname>Alam</surname>, <given-names>K.</given-names></string-name></person-group> (<year>2021</year>), “<article-title>Clean energy, population density, urbanization and environmental pollution nexus: evidence from Bangladesh</article-title>”, <source>Renewable Energy</source>, Vol. <volume>172</volume>, pp. <fpage>1063</fpage>-<lpage>1072</lpage>, doi: <pub-id pub-id-type="doi">10.1016/j.renene.2021.03.103</pub-id>.</mixed-citation></ref><ref id="ref089"><mixed-citation publication-type="journal"><person-group person-group-type="author"><string-name><surname>Rieiro García</surname>, <given-names>M.</given-names></string-name>, <string-name><surname>Aibar Guzmán</surname>, <given-names>C.</given-names></string-name> and <string-name><surname>Aibar-Guzman</surname>, <given-names>B.</given-names></string-name></person-group> (<year>2023a</year>), “<article-title>The 2030 Agenda in local entities: does gender matter in reporting on the Sustainable Development Goals?</article-title>”, <source>Cities</source>, Vol. <volume>141</volume>, <elocation-id>104461</elocation-id>, doi: <pub-id pub-id-type="doi">10.1016/j.cities.2023.104461</pub-id>.</mixed-citation></ref><ref id="ref090"><mixed-citation publication-type="journal"><person-group person-group-type="author"><string-name><surname>Rieiro García</surname>, <given-names>M.</given-names></string-name>, <string-name><surname>Aibar Guzmán</surname>, <given-names>C.</given-names></string-name> and <string-name><surname>Aibar-Guzman</surname>, <given-names>B.</given-names></string-name></person-group> (<year>2023b</year>), “<article-title>The 2030 Agenda in Spanish local entities: does the government's ideological color matter?</article-title>”, <source>Politics and Policy</source>, Vol. <volume>51</volume> No. <issue>5</issue>, pp. <fpage>800</fpage>-<lpage>829</lpage>, doi: <pub-id pub-id-type="doi">10.1111/polp.12553</pub-id>.</mixed-citation></ref><ref id="ref091"><mixed-citation publication-type="journal"><person-group person-group-type="author"><string-name><surname>Ringov</surname>, <given-names>D.</given-names></string-name> and <string-name><surname>Zollo</surname>, <given-names>M.</given-names></string-name></person-group> (<year>2007</year>), “<article-title>The impact of national culture on corporate social performance</article-title>”, <source>Corporate Governance</source>, Vol. <volume>7</volume> No. <issue>4</issue>, pp. <fpage>476</fpage>-<lpage>485</lpage>, doi: <pub-id pub-id-type="doi">10.1108/14720700710820551</pub-id>.</mixed-citation></ref><ref id="ref092"><mixed-citation publication-type="journal"><person-group person-group-type="author"><string-name><surname>Roubini</surname>, <given-names>N.</given-names></string-name> and <string-name><surname>Sachs</surname>, <given-names>J.D.</given-names></string-name></person-group> (<year>1989a</year>), “<article-title>Political and economic determinants of budget deficits in the industrial democracies</article-title>”, <source>European Economic Review</source>, Vol. <volume>33</volume> No. <issue>5</issue>, pp. <fpage>903</fpage>-<lpage>938</lpage>, doi: <pub-id pub-id-type="doi">10.1016/0014-2921(89)90002-0</pub-id>.</mixed-citation></ref><ref id="ref093"><mixed-citation publication-type="journal"><person-group person-group-type="author"><string-name><surname>Roubini</surname>, <given-names>N.</given-names></string-name>, <string-name><surname>Sachs</surname>, <given-names>J.D.</given-names></string-name>, <string-name><surname>Honkapohja</surname>, <given-names>S.</given-names></string-name> and <string-name><surname>Cohen</surname>, <given-names>D.</given-names></string-name></person-group> (<year>1989b</year>), “<article-title>Government spending and budget deficits in the industrial countries</article-title>”, <source>Economic Policy</source>, Vol. <volume>4</volume> No. <issue>8</issue>, pp. <fpage>100</fpage>-<lpage>132</lpage>, doi: <pub-id pub-id-type="doi">10.2307/1344465</pub-id>.</mixed-citation></ref><ref id="ref094"><mixed-citation publication-type="book"><person-group person-group-type="author"><string-name><surname>Sánchez de Madariaga</surname>, <given-names>I.</given-names></string-name>, <string-name><surname>García-López</surname>, <given-names>J.</given-names></string-name> and <string-name><surname>Sisto</surname>, <given-names>R.</given-names></string-name></person-group> (<year>2018</year>), <source>Los Objetivos de Desarrollo Sostenible en 100 ciudades españolas. Mirando hacia el futuro: ciudades sostenibles</source>, <publisher-name>Spanish Network for Sustainable Development (SNSD)</publisher-name>, <publisher-loc>Madrid</publisher-loc>.</mixed-citation></ref><ref id="ref095"><mixed-citation publication-type="book"><person-group person-group-type="author"><string-name><surname>Sánchez de Madariaga</surname>, <given-names>I.</given-names></string-name>, <string-name><surname>Benayas del Álamo</surname>, <given-names>J.</given-names></string-name>, <string-name><surname>García-López</surname>, <given-names>J.</given-names></string-name>, <string-name><surname>Sisto</surname>, <given-names>R.</given-names></string-name>, <string-name><surname>Urquijo Reguera</surname>, <given-names>J.</given-names></string-name> and <string-name><surname>García Haro</surname>, <given-names>M.</given-names></string-name></person-group> (<year>2020</year>), <source>Los Objetivos de Desarrollo Sostenible en 100 ciudades españolas</source>, <publisher-name>Red Española para el Desarrollo Sostenible</publisher-name>, <publisher-loc>Madrid</publisher-loc>.</mixed-citation></ref><ref id="ref096"><mixed-citation publication-type="journal"><person-group person-group-type="author"><string-name><surname>Saner</surname>, <given-names>R.</given-names></string-name>, <string-name><surname>Saner-Yiu</surname>, <given-names>L.</given-names></string-name>, <string-name><surname>Gollub</surname>, <given-names>N.</given-names></string-name> and <string-name><surname>Sidibe</surname>, <given-names>D.</given-names></string-name></person-group> (<year>2017</year>), “<article-title>Implementing the SDGs by subnational governments: urgent need to strengthen administrative capacities</article-title>”, <source>Public Administration and Policy</source>, Vol. <volume>20</volume> No. <issue>2</issue>, pp. <fpage>23</fpage>-<lpage>40</lpage>.</mixed-citation></ref><ref id="ref097"><mixed-citation publication-type="journal"><person-group person-group-type="author"><string-name><surname>Sarkar</surname>, <given-names>M.S.K.</given-names></string-name>, <string-name><surname>Okitasari</surname>, <given-names>M.</given-names></string-name>, <string-name><surname>Ahsan</surname>, <given-names>M.R.</given-names></string-name> and <string-name><surname>Al-Amin</surname>, <given-names>A.Q.</given-names></string-name></person-group> (<year>2022</year>), “<article-title>Localisation of sustainable development goals (SDGs) in Bangladesh: an inclusive framework under local governments</article-title>”, <source>Sustainability</source>, Vol. <volume>14</volume> No. <issue>17</issue>, <elocation-id>10817</elocation-id>, doi: <pub-id pub-id-type="doi">10.3390/su141710817</pub-id>.</mixed-citation></ref><ref id="ref098"><mixed-citation publication-type="book"><person-group person-group-type="author"><string-name><surname>Scholz</surname>, <given-names>I.</given-names></string-name>, <string-name><surname>Keijzer</surname>, <given-names>N.</given-names></string-name> and <string-name><surname>Richerzhagen</surname>, <given-names>C.</given-names></string-name></person-group> (<year>2016</year>), <source>Promoting the Sustainable Development Goals in Germany</source>, <publisher-name>German Development Institute</publisher-name>, <publisher-loc>Tulpenfeld</publisher-loc>.</mixed-citation></ref><ref id="ref099"><mixed-citation publication-type="journal"><person-group person-group-type="author"><string-name><surname>Sisto</surname>, <given-names>R.</given-names></string-name>, <string-name><surname>García López</surname>, <given-names>J.</given-names></string-name>, <string-name><surname>Quintanilla</surname>, <given-names>A.</given-names></string-name>, <string-name><surname>de Juanes</surname>, <given-names>Á.</given-names></string-name>, <string-name><surname>Mendoza</surname>, <given-names>D.</given-names></string-name>, <string-name><surname>Lumbreras</surname>, <given-names>J.</given-names></string-name> and <string-name><surname>Mataix</surname>, <given-names>C.</given-names></string-name></person-group> (<year>2020</year>), “<article-title>Quantitative analysis of the impact of public policies on the sustainable development goals through budget allocation and indicators</article-title>”, <source>Sustainability</source>, Vol. <volume>12</volume> No. <issue>24</issue>, <elocation-id>10583</elocation-id>, doi: <pub-id pub-id-type="doi">10.3390/su122410583</pub-id>.</mixed-citation></ref><ref id="ref116"><mixed-citation publication-type="book"><person-group person-group-type="author"><string-name><surname>Soeiro</surname>, <given-names>D.</given-names></string-name></person-group> (<year>2021</year>), “<chapter-title>Transparent governments, social innovation, and their role in achieving the SDGs</chapter-title>”, in <person-group person-group-type="editor"><string-name><surname>Leal Filho</surname>, <given-names>W.</given-names></string-name>, <string-name><surname>Azul</surname>, <given-names>A.M.</given-names></string-name>, <string-name><surname>Brandli</surname>, <given-names>L.</given-names></string-name>, <string-name><surname>Lange Salvia</surname>, <given-names>A.</given-names></string-name>, <string-name><surname>Özuyar</surname>, <given-names>P.G.</given-names></string-name> and <string-name><surname>Wall</surname>, <given-names>T.</given-names></string-name></person-group> (Eds), <source>Peace, Justice and Strong Institutions, Encyclopedia of the UN Sustainable Development Goals</source>, <publisher-loc>Springer, Cham</publisher-loc>, doi: <pub-id pub-id-type="doi">10.1007/978-3-319-71066-2_100-1</pub-id>.</mixed-citation></ref><ref id="ref101"><mixed-citation publication-type="journal"><person-group person-group-type="author"><collab>Spanish Constitution</collab></person-group> (<year>1978</year>), “<article-title>Madrid, Spain: Consejo de Estado (BOE núm. 311, de 29/12/1978)</article-title>”.</mixed-citation></ref><ref id="ref102"><mixed-citation publication-type="journal"><person-group person-group-type="author"><string-name><surname>Tai</surname>, <given-names>K.T.</given-names></string-name></person-group> (<year>2021</year>), “<article-title>Open government research over a decade: a systematic review</article-title>”, <source>Government Information Quarterly</source>, Vol. <volume>38</volume> No. <issue>2</issue>, <elocation-id>101566</elocation-id>, doi: <pub-id pub-id-type="doi">10.1016/j.giq.2021.101566</pub-id>.</mixed-citation></ref><ref id="ref103"><mixed-citation publication-type="web"><person-group person-group-type="author"><collab>United Nations (UN)</collab></person-group> (<year>2014</year>), “<article-title>The road to dignity by 2030: ending poverty, transforming all lives and protecting the Planet</article-title>”, <comment>United Nations Secretary-General’s ‘Synthesis’ Report on the Post-2015 Development Agenda, available at:</comment> <ext-link ext-link-type="uri" xlink:href="http://www.un.org/ga/search/view_doc.asp?symbol=A/69/700&amp;Lang=E">http://www.un.org/ga/search/view_doc.asp?symbol=A/69/700&amp;Lang=E</ext-link></mixed-citation></ref><ref id="ref104"><mixed-citation publication-type="book"><person-group person-group-type="author"><collab>United Nations (UN)</collab></person-group> (<year>2015</year>), <source>Resolution Adopted by the General Assembly on 25 September 2015. Transforming our World: The 2030 Agenda for Sustainable Development</source>, <comment>available at:</comment> <ext-link ext-link-type="uri" xlink:href="https://sdgs.un.org/2030agenda">https://sdgs.un.org/2030agenda</ext-link></mixed-citation></ref><ref id="ref105"><mixed-citation publication-type="book"><person-group person-group-type="author"><collab>United Nations (UN)</collab></person-group> (<year>2022a</year>), <source>Sustainable Development Goals and Targets</source>, <comment>available at:</comment> <ext-link ext-link-type="uri" xlink:href="https://www.un.org/sustainabledevelopment/es/objetivos-de-desarrollo-sostenible/">https://www.un.org/sustainabledevelopment/es/objetivos-de-desarrollo-sostenible/</ext-link></mixed-citation></ref><ref id="ref106"><mixed-citation publication-type="book"><person-group person-group-type="author"><collab>United Nations (UN)</collab></person-group> (<year>2022b</year>), <source>Ethics, Integrity and Transparency in Public Management</source>, <publisher-name>Programa De Las Naciones Unidas Para El Desarrollo (PNUD)</publisher-name>, <comment>available at:</comment> <ext-link ext-link-type="uri" xlink:href="https://www.undp.org/es/ecuador/comunicados-de-prensa/etica-integridad-y-transparencia-en-la-gestion-publica">https://www.undp.org/es/ecuador/comunicados-de-prensa/etica-integridad-y-transparencia-en-la-gestion-publica</ext-link></mixed-citation></ref><ref id="ref107"><mixed-citation publication-type="journal"><person-group person-group-type="author"><string-name><surname>Williams</surname>, <given-names>A.</given-names></string-name></person-group> (<year>2011</year>), “<article-title>Shining a light on the resource curse: an empirical analysis of the relationship between natural resources, transparency, and economic growth</article-title>”, <source>World Development</source>, Vol. <volume>39</volume> No. <issue>4</issue>, pp. <fpage>490</fpage>-<lpage>505</lpage>, doi: <pub-id pub-id-type="doi">10.1016/j.worlddev.2010.08.015</pub-id>.</mixed-citation></ref><ref id="ref108"><mixed-citation publication-type="book"><person-group person-group-type="author"><string-name><surname>Wooldridge</surname>, <given-names>J.M.</given-names></string-name></person-group> (<year>2015</year>), <source>Introductory Econometrics: A Modern Approach</source>, <publisher-name>Cengage Learning</publisher-name>, <publisher-loc>Boston</publisher-loc>.</mixed-citation></ref><ref id="ref109"><mixed-citation publication-type="journal"><person-group person-group-type="author"><string-name><surname>Ya Ni</surname>, <given-names>A.</given-names></string-name> and <string-name><surname>Bretschneider</surname>, <given-names>S.</given-names></string-name></person-group> (<year>2007</year>), “<article-title>The decision to contract out: a study of contracting for E-government services in state governments</article-title>”, <source>Public Administration Review</source>, Vol. <volume>67</volume> No. <issue>3</issue>, pp. <fpage>531</fpage>-<lpage>544</lpage>, doi: <pub-id pub-id-type="doi">10.1111/j.1540-6210.2007.00735.x</pub-id>.</mixed-citation></ref><ref id="ref110"><mixed-citation publication-type="journal"><person-group person-group-type="author"><string-name><surname>Zampone</surname>, <given-names>G.</given-names></string-name>, <string-name><surname>Nicolò</surname>, <given-names>G.</given-names></string-name>, <string-name><surname>Sannino</surname>, <given-names>G.</given-names></string-name> and <string-name><surname>De Iorio</surname>, <given-names>S.</given-names></string-name></person-group> (<year>2024</year>), “<article-title>Gender diversity and SDG disclosure: the mediating role of the sustainability committee</article-title>”, <source>Journal of Applied Accounting Research</source>, Vol. <volume>25</volume> No. <issue>1</issue>, pp. <fpage>171</fpage>-<lpage>193</lpage>, doi: <pub-id pub-id-type="doi">10.1108/JAAR-06-2022-0151</pub-id>.</mixed-citation></ref></ref-list></back></article>