<?xml version="1.0" encoding="UTF-8"?>
<!DOCTYPE article PUBLIC "-//NLM//DTD JATS (Z39.96) Journal Archiving and Interchange DTD with MathML3 v1.1d1 20130915//EN" "JATS-archivearticle1-mathml3.dtd"><article xmlns:mml="http://www.w3.org/1998/Math/MathML" xmlns:xlink="http://www.w3.org/1999/xlink" xmlns:xsi="http://www.w3.org/2001/XMLSchema-instance" dtd-version="1.1d1" xml:lang="en" article-type="research-article"><front id="meta-hdr">
<journal-meta>
<journal-id journal-id-type="publisher-id">RIA</journal-id>
<journal-id journal-id-type="doi">10.1108/RIA</journal-id>
<journal-title-group>
<journal-title>Robotic Intelligence and Automation</journal-title>
<abbrev-journal-title abbrev-type="publisher">RIA</abbrev-journal-title>
</journal-title-group>
<issn publication-format="print">2754-6969</issn>
<issn publication-format="online">2754-6977</issn>
<publisher>
<publisher-name>Emerald Publishing Limited</publisher-name>
</publisher>
</journal-meta>
<article-meta id="art-meta">
<article-id pub-id-type="publisher-id">719926</article-id>
<article-id pub-id-type="doi">10.1108/RIA-11-2023-0172</article-id>
<article-id pub-id-type="original-pdf">RIA-11-2023-0172.pdf</article-id>
<article-id pub-id-type="filename">RIA-11-2023-0172</article-id>
<article-categories>
<subj-group subj-group-type="type-of-publication">
<compound-subject>
<compound-subject-part content-type="code">research-article</compound-subject-part>
<compound-subject-part content-type="label">Research paper</compound-subject-part>
</compound-subject>
</subj-group>
<subj-group subj-group-type="subject">
<compound-subject>
<compound-subject-part content-type="code">cat-ENGG</compound-subject-part>
<compound-subject-part content-type="label">Engineering</compound-subject-part>
</compound-subject>
<subj-group subj-group-type="subject">
<compound-subject>
<compound-subject-part content-type="code"/>
<compound-subject-part content-type="label">Industrial engineering</compound-subject-part>
</compound-subject>
<subj-group subj-group-type="subject">
<compound-subject>
<compound-subject-part content-type="code"/>
<compound-subject-part content-type="label">design &amp; manufacturing</compound-subject-part>
</compound-subject>
<subj-group subj-group-type="subject">
<compound-subject>
<compound-subject-part content-type="code">cat-ENGG</compound-subject-part>
<compound-subject-part content-type="label">Engineering</compound-subject-part>
</compound-subject>
<subj-group subj-group-type="subject">
<compound-subject>
<compound-subject-part content-type="code">cat-MEG</compound-subject-part>
<compound-subject-part content-type="label">Mechanical engineering</compound-subject-part>
</compound-subject>
</subj-group>
</subj-group>
</subj-group>
</subj-group>
</subj-group>
</article-categories>
<title-group>
<article-title xml:lang="en">A memory and attention-based reinforcement learning for musculoskeletal robots with prior knowledge of muscle synergies</article-title>
</title-group>
<contrib-group>
<contrib contrib-type="author"><name-alternatives><name name-style="western"><surname>Wang</surname><given-names>Xiaona</given-names></name><string-name name-style="western"><given-names>Xiaona</given-names> <surname>Wang</surname></string-name>
</name-alternatives><email>wangxiaona2018@ia.ac.cn</email><xref ref-type="aff" rid="aff1"/></contrib>
<contrib contrib-type="author" corresp="yes"><name-alternatives><name name-style="western"><surname>Chen</surname><given-names>Jiahao</given-names></name><string-name name-style="western"><given-names>Jiahao</given-names> <surname>Chen</surname></string-name>
</name-alternatives><email>jiahao.chen@ia.ac.cn</email><xref ref-type="aff" rid="aff2"/></contrib>
<contrib contrib-type="author"><name-alternatives><name name-style="western"><surname>Qiao</surname><given-names>Hong</given-names></name><string-name name-style="western"><given-names>Hong</given-names> <surname>Qiao</surname></string-name>
</name-alternatives><email>hong.qiao@ia.ac.cn</email><xref ref-type="aff" rid="aff3"/></contrib>
<aff id="aff1"><institution-wrap><institution>Institute of Automation, Chinese Academy of Sciences</institution></institution-wrap>, Beijing, <country country="CN">China</country> and School of Artificial Intelligence, <institution-wrap><institution>University of the Chinese Academy of Sciences</institution></institution-wrap>, Beijing, <country country="CN">China</country></aff>
<aff id="aff2"><institution-wrap><institution>Institute of Automation, Chinese Academy of Sciences</institution></institution-wrap>, Beijing, <country country="CN">China</country></aff>
<aff id="aff3">The State Key Laboratory of Multimodal Artificial Intelligence System, <institution-wrap><institution>Institute of Automation, Chinese Academy of Sciences</institution></institution-wrap>, Beijing, <country country="CN">China</country></aff>
</contrib-group>
<author-notes>
<corresp id="cor1">Jiahao Chen can be contacted at: <ext-link ext-link-type="email" xlink:href="mailto:jiahao.chen@ia.ac.cn">jiahao.chen@ia.ac.cn</ext-link></corresp></author-notes>
<pub-date publication-format="electronic" date-type="pub" iso-8601-date="2024-04-15"><day>15</day><month>04</month><year>2024</year></pub-date>
<pub-date publication-format="print" date-type="pub" iso-8601-date="2024-05-06"><day>06</day><month>05</month><year>2024</year></pub-date>
<volume>44</volume><issue>2</issue>
<fpage>316</fpage><lpage>333</lpage>
<history>
<date date-type="received" iso-8601-date="2023-11-26"><day>26</day><month>11</month><year>2023</year></date>
<date date-type="revised" iso-8601-date="2024-01-15"><day>15</day><month>01</month><year>2024</year></date>
<date date-type="revised" iso-8601-date="2024-02-03"><day>03</day><month>02</month><year>2024</year></date>
<date date-type="revised" iso-8601-date="2024-02-28"><day>28</day><month>02</month><year>2024</year></date>
<date date-type="accepted" iso-8601-date="2024-02-28"><day>28</day><month>02</month><year>2024</year></date>
</history>
<permissions>
<copyright-statement>© Emerald Publishing Limited</copyright-statement>
<copyright-year>2024</copyright-year>
<copyright-holder>Emerald Publishing Limited</copyright-holder>
<license license-type="publisher">
<license-p>Licensed re-use rights only</license-p>
</license>
</permissions>
<self-uri content-type="pdf" xlink:href="RIA-11-2023-0172.pdf"/>
<abstract abstract-type="structured" id="abstr1" xml:lang="en">
<sec>
<title content-type="abstract-subheading">Purpose</title>
<p>Limited by the types of sensors, the state information available for musculoskeletal robots with highly redundant, nonlinear muscles is often incomplete, which makes the control face a bottleneck problem. The aim of this paper is to design a method to improve the motion performance of musculoskeletal robots in partially observable scenarios, and to leverage the ontology knowledge to enhance the algorithm’s adaptability to musculoskeletal robots that have undergone changes.</p>
</sec>
<sec>
<title content-type="abstract-subheading">Design/methodology/approach</title>
<p>A memory and attention-based reinforcement learning method is proposed for musculoskeletal robots with prior knowledge of muscle synergies. First, to deal with partially observed states available to musculoskeletal robots, a memory and attention-based network architecture is proposed for inferring more sufficient and intrinsic states. Second, inspired by muscle synergy hypothesis in neuroscience, prior knowledge of a musculoskeletal robot’s muscle synergies is embedded in network structure and reward shaping.</p>
</sec>
<sec>
<title content-type="abstract-subheading">Findings</title>
<p>Based on systematic validation, it is found that the proposed method demonstrates superiority over the traditional twin delayed deep deterministic policy gradients (TD3) algorithm. A musculoskeletal robot with highly redundant, nonlinear muscles is adopted to implement goal-directed tasks. In the case of 21-dimensional states, the learning efficiency and accuracy are significantly improved compared with the traditional TD3 algorithm; in the case of 13-dimensional states without velocities and information from the end effector, the traditional TD3 is unable to complete the reaching tasks, while the proposed method breaks through this bottleneck problem.</p>
</sec>
<sec>
<title content-type="abstract-subheading">Originality/value</title>
<p>In this paper, a novel memory and attention-based reinforcement learning method with prior knowledge of muscle synergies is proposed for musculoskeletal robots to deal with partially observable scenarios. Compared with the existing methods, the proposed method effectively improves the performance. Furthermore, this paper promotes the fusion of neuroscience and robotics.</p>
</sec>
</abstract>
<kwd-group kwd-group-type="author-generated" xml:lang="en"><kwd>Musculoskeletal robot</kwd><x xml:space="preserve">, </x><kwd>Partial observable</kwd><x xml:space="preserve">, </x><kwd>Reinforcement learning</kwd><x xml:space="preserve">, </x><kwd>LSTM</kwd><x xml:space="preserve">, </x><kwd>Attention</kwd><x xml:space="preserve">, </x><kwd>Muscle synergy</kwd>
</kwd-group>
<counts>
<fig-count count="17"/>
<table-count count="5"/>
<equation-count count="25"/>
<ref-count count="43"/>
<page-count count="18"/>
<word-count count="10973"/>
</counts>
<custom-meta-group>
<custom-meta><meta-name>copyright-code</meta-name><meta-value>M</meta-value></custom-meta><custom-meta><meta-name>deliverables</meta-name><meta-value>Web-ready article package</meta-value></custom-meta><custom-meta><meta-name>peer-reviewed</meta-name><meta-value>Yes</meta-value></custom-meta><custom-meta><meta-name>academic-content</meta-name><meta-value>Yes</meta-value></custom-meta><custom-meta><meta-name>EContentType</meta-name><meta-value>JOURNAL</meta-value></custom-meta><custom-meta><meta-name>rightslink</meta-name><meta-value>included</meta-value></custom-meta>
</custom-meta-group>
</article-meta>
</front>

<back>

<ref-list id="refs1">
<title>References</title>
<ref id="ref001"><mixed-citation publication-type="journal"><person-group person-group-type="author"><string-name><surname>Casius</surname>, <given-names>L.</given-names></string-name> and <string-name><surname>Lemaire</surname>, <given-names>K.</given-names></string-name></person-group> (<year>2019</year>), “<article-title>Huxley-type cross-bridge models in Largeish-scale musculoskeletal models; an evaluation of computational cost</article-title>”, <source>Journal of Biomechanics</source>, Vol. <volume>83</volume>, pp. <fpage>43</fpage>-<lpage>48</lpage>.</mixed-citation></ref>
<ref id="ref002"><mixed-citation publication-type="confproc"><person-group person-group-type="author"><string-name><surname>Chen</surname>, <given-names>J.</given-names></string-name>, <string-name><surname>Chen</surname>, <given-names>Z.</given-names></string-name>, <string-name><surname>Yao</surname>, <given-names>C.</given-names></string-name> and <string-name><surname>Qiao</surname>, <given-names>H.</given-names></string-name></person-group> (<year>2022</year>), “<article-title>Neural manifold modulated continual reinforcement learning for musculoskeletal robots</article-title>”, <source>IEEE Transactions on Cognitive and Developmental Systems</source>.</mixed-citation></ref>
<ref id="ref003"><mixed-citation publication-type="confproc"><person-group person-group-type="author"><string-name><surname>Dankwa</surname>, <given-names>S.</given-names></string-name> and <string-name><surname>Zheng</surname>, <given-names>W.</given-names></string-name></person-group> (<year>2019</year>), “<article-title>Twin-delayed DDPG: a deep reinforcement learning technique to model a continuous movement of an intelligent robot agent</article-title>”, <conf-name><italic>Proceedings of the 3rd international conference on vision, image and signal processing</italic></conf-name>, pp. <fpage>1</fpage>-<lpage>5</lpage>.</mixed-citation></ref>
<ref id="ref004"><mixed-citation publication-type="journal"><person-group person-group-type="author"><string-name><surname>Delp</surname>, <given-names>S.L.</given-names></string-name>, <string-name><surname>Anderson</surname>, <given-names>F.C.</given-names></string-name>, <string-name><surname>Arnold</surname>, <given-names>A.S.</given-names></string-name>, <string-name><surname>Loan</surname>, <given-names>P.</given-names></string-name>, <string-name><surname>Habib</surname>, <given-names>A.</given-names></string-name>, <string-name><surname>John</surname>, <given-names>C.T.</given-names></string-name>, <string-name><surname>Guendelman</surname>, <given-names>E.</given-names></string-name> and <string-name><surname>Thelen</surname>, <given-names>D.G.</given-names></string-name></person-group> (<year>2007</year>), “<article-title>Opensim: open-source software to create and analyze dynamic simulations of movement</article-title>”, <source>IEEE Transactions on Biomedical Engineering</source>, Vol. <volume>54</volume> No. <issue>11</issue>, pp. <fpage>1940</fpage>-<lpage>1950</lpage>.</mixed-citation></ref>
<ref id="ref005"><mixed-citation publication-type="confproc"><person-group person-group-type="author"><string-name><surname>Dey</surname>, <given-names>R.</given-names></string-name> and <string-name><surname>Salem</surname>, <given-names>F.M.</given-names></string-name></person-group> (<year>2017</year>), “<article-title>Gate-variants of gated recurrent unit (GRU) neural networks, <italic>in</italic> ‘2017 IEEE 60th international midwest symposium on circuits and systems (MWSCAS)’, IEEE</article-title>”, pp. <fpage>1597</fpage>-<lpage>1600</lpage>.</mixed-citation></ref>
<ref id="ref006"><mixed-citation publication-type="confproc"><person-group person-group-type="author"><string-name><surname>Espeholt</surname>, <given-names>L.</given-names></string-name>, <string-name><surname>Soyer</surname>, <given-names>H.</given-names></string-name>, <string-name><surname>Munos</surname>, <given-names>R.</given-names></string-name>, <string-name><surname>Simonyan</surname>, <given-names>K.</given-names></string-name>, <string-name><surname>Mnih</surname>, <given-names>V.</given-names></string-name>, <string-name><surname>Ward</surname>, <given-names>T.</given-names></string-name>, <string-name><surname>Doron</surname>, <given-names>Y.</given-names></string-name>, <string-name><surname>Firoiu</surname>, <given-names>V.</given-names></string-name>, <string-name><surname>Harley</surname>, <given-names>T.</given-names></string-name>, <string-name><surname>Dunning</surname>, <given-names>I.</given-names></string-name>, <string-name><surname>Legg</surname>, <given-names>S.</given-names></string-name> and <string-name><surname>Kavukcuoglu</surname>, <given-names>K.</given-names></string-name></person-group> (<year>2018</year>), “<article-title>Impala: scalable distributed deep-RL with importance weighted actor-learner architectures</article-title>”, <conf-name><italic>‘International conference on machine learning’, PMLR</italic></conf-name>, pp. <fpage>1407</fpage>-<lpage>1416</lpage>.</mixed-citation></ref>
<ref id="ref007"><mixed-citation publication-type="confproc"><person-group person-group-type="author"><string-name><surname>Espeholt</surname>, <given-names>L.</given-names></string-name>, <string-name><surname>Marinier</surname>, <given-names>R.</given-names></string-name>, <string-name><surname>Stanczyk</surname>, <given-names>P.</given-names></string-name>, <string-name><surname>Wang</surname>, <given-names>K.</given-names></string-name> and <string-name><surname>Michalski</surname>, <given-names>M.</given-names></string-name></person-group> (<year>2019</year>), “<article-title>Seed RL: scalable and efficient deep-RL with accelerated central inference</article-title>”, in <source>‘International Conference on Learning Representations’</source>.</mixed-citation></ref>
<ref id="ref008"><mixed-citation publication-type="journal"><person-group person-group-type="author"><string-name><surname>Fan</surname>, <given-names>Y.</given-names></string-name>, <string-name><surname>Yuan</surname>, <given-names>J.</given-names></string-name>, <string-name><surname>Wu</surname>, <given-names>Y.</given-names></string-name> and <string-name><surname>Qiao</surname>, <given-names>H.</given-names></string-name></person-group> (<year>2023</year>), “<article-title>A feedforward compensation approach for cable-driven musculoskeletal systems</article-title>”, <source>Robotica</source>, Vol. <volume>41</volume> No. <issue>4</issue>, pp. <fpage>1221</fpage>-<lpage>1230</lpage>.</mixed-citation></ref>
<ref id="ref009"><mixed-citation publication-type="confproc"><person-group person-group-type="author"><string-name><surname>Fujimoto</surname>, <given-names>S.</given-names></string-name>, <string-name><surname>Hoof</surname>, <given-names>H.</given-names></string-name> and <string-name><surname>Meger</surname>, <given-names>D.</given-names></string-name></person-group> (<year>2018</year>), “<article-title>Addressing function approximation error in actor-critic methods</article-title>”, <conf-name><italic>International conference on machine learning, PMLR</italic></conf-name>, pp. <fpage>1587</fpage>-<lpage>1596</lpage>.</mixed-citation></ref>
<ref id="ref010"><mixed-citation publication-type="journal"><person-group person-group-type="author"><string-name><surname>Guo</surname>, <given-names>M.-H.</given-names></string-name>, <string-name><surname>Xu</surname>, <given-names>T.-X.</given-names></string-name>, <string-name><surname>Liu</surname>, <given-names>J.-J.</given-names></string-name>, <string-name><surname>Liu</surname>, <given-names>Z.-N.</given-names></string-name>, <string-name><surname>Jiang</surname>, <given-names>P.-T.</given-names></string-name>, <string-name><surname>Mu</surname>, <given-names>T.-J.</given-names></string-name>, <string-name><surname>Zhang</surname>, <given-names>S.-H.</given-names></string-name>, <string-name><surname>Martin</surname>, <given-names>R.R.</given-names></string-name>, <string-name><surname>Cheng</surname>, <given-names>M.-M.</given-names></string-name> and <string-name><surname>Hu</surname>, <given-names>S.-M.</given-names></string-name></person-group> (<year>2022</year>), “<article-title>Attention mechanisms in computer vision: a survey</article-title>”, <source>Computational Visual Media</source>, Vol. <volume>8</volume> No. <issue>3</issue>, pp. <fpage>331</fpage>-<lpage>368</lpage>.</mixed-citation></ref>
<ref id="ref011"><mixed-citation publication-type="journal"><person-group person-group-type="author"><string-name><surname>Hamon</surname>, <given-names>P.</given-names></string-name>, <string-name><surname>Michel</surname>, <given-names>L.</given-names></string-name>, <string-name><surname>Plestan</surname>, <given-names>F.</given-names></string-name> and <string-name><surname>Chablat</surname>, <given-names>D.</given-names></string-name></person-group> (<year>2023</year>), “<article-title>Model-free based control of a gripper actuated by pneumatic muscles</article-title>”, <source>Mechatronics</source>, Vol. <volume>95</volume>, p. <fpage>103053</fpage>.</mixed-citation></ref>
<ref id="ref012"><mixed-citation publication-type="confproc"><person-group person-group-type="author"><string-name><surname>Hausknecht</surname>, <given-names>M.</given-names></string-name> and <string-name><surname>Stone</surname>, <given-names>P.</given-names></string-name></person-group> (<year>2015</year>), “<article-title>Deep recurrent q-learning for partially observable MDPS</article-title>”, <conf-name><italic>‘2015 AAAI fall symposium series’</italic></conf-name>.</mixed-citation></ref>
<ref id="ref013"><mixed-citation publication-type="other"><person-group person-group-type="author"><string-name><surname>Heess</surname>, <given-names>N.</given-names></string-name>, <string-name><surname>Hunt</surname>, <given-names>J.J.</given-names></string-name>, <string-name><surname>Lillicrap</surname>, <given-names>T.P.</given-names></string-name> and <string-name><surname>Silver</surname>, <given-names>D.</given-names></string-name></person-group> (<year>2015</year>), “<article-title>Memory-based control with recurrent neural networks</article-title>”, <comment>arXiv preprint arXiv:1512.04455</comment>.</mixed-citation></ref>
<ref id="ref014"><mixed-citation publication-type="journal"><person-group person-group-type="author"><string-name><surname>Hsu</surname>, <given-names>S.-M.</given-names></string-name>, <string-name><surname>George</surname>, <given-names>N.</given-names></string-name>, <string-name><surname>Wyart</surname>, <given-names>V.</given-names></string-name> and <string-name><surname>Tallon-Baudry</surname>, <given-names>C.</given-names></string-name></person-group> (<year>2011</year>), “<article-title>Voluntary and involuntary spatial attentions interact differently with awareness</article-title>”, <source>Neuropsychologia</source>, Vol. <volume>49</volume> No. <issue>9</issue>, pp. <fpage>2465</fpage>-<lpage>2474</lpage>.</mixed-citation></ref>
<ref id="ref015"><mixed-citation publication-type="confproc"><person-group person-group-type="author"><string-name><surname>Hu</surname>, <given-names>D.</given-names></string-name></person-group> (<year>2020</year>), “<article-title>An introductory survey on attention mechanisms in NLP problems</article-title>”, <conf-name><italic><italic>Intelligent Systems and Applications: Proceedings of the 2019 Intelligent Systems Conference (IntelliSys) Volume 2</italic></italic></conf-name>, <conf-name><italic>Springer</italic></conf-name>, pp. <fpage>432</fpage>-<lpage>448</lpage>.</mixed-citation></ref>
<ref id="ref016"><mixed-citation publication-type="journal"><person-group person-group-type="author"><string-name><surname>Huang</surname>, <given-names>J.</given-names></string-name>, <string-name><surname>Huang</surname>, <given-names>W.</given-names></string-name>, <string-name><surname>Lan</surname>, <given-names>L.</given-names></string-name> and <string-name><surname>Wu</surname>, <given-names>D.</given-names></string-name></person-group> (<year>2023</year>), “<article-title>Meta attention for off-policy actor-critic</article-title>”, <source>Neural Networks</source>, Vol. <volume>163</volume>, pp. <fpage>86</fpage>-<lpage>96</lpage>.</mixed-citation></ref>
<ref id="ref017"><mixed-citation publication-type="journal"><person-group person-group-type="author"><string-name><surname>Huang</surname>, <given-names>X.</given-names></string-name>, <string-name><surname>Wu</surname>, <given-names>W.</given-names></string-name>, <string-name><surname>Qiao</surname>, <given-names>H.</given-names></string-name> and <string-name><surname>Ji</surname>, <given-names>Y.</given-names></string-name></person-group> (<year>2018</year>), “<article-title>Brain-inspired motion learning in recurrent neural network with emotion modulation</article-title>”, <source>IEEE Transactions on Cognitive and Developmental Systems</source>, Vol. <volume>10</volume> No. <issue>4</issue>, pp. <fpage>1153</fpage>-<lpage>1164</lpage>.</mixed-citation></ref>
<ref id="ref018"><mixed-citation publication-type="journal"><person-group person-group-type="author"><string-name><surname>Jin</surname>, <given-names>L.</given-names></string-name>, <string-name><surname>Zhang</surname>, <given-names>F.</given-names></string-name>, <string-name><surname>Liu</surname>, <given-names>M.</given-names></string-name> and <string-name><surname>Xu</surname>, <given-names>S.S.-D.</given-names></string-name></person-group> (<year>2022</year>), “<article-title>Finite-time model predictive tracking control of position and orientation for redundant manipulators</article-title>”, <source>IEEE Transactions on Industrial Electronics</source>, Vol. <volume>70</volume> No. <issue>6</issue>, pp. <fpage>6017</fpage>-<lpage>6026</lpage>.</mixed-citation></ref>
<ref id="ref019"><mixed-citation publication-type="journal"><person-group person-group-type="author"><string-name><surname>Kobayashi</surname>, <given-names>R.</given-names></string-name>, <string-name><surname>Nabae</surname>, <given-names>H.</given-names></string-name> and <string-name><surname>Suzumori</surname>, <given-names>K.</given-names></string-name></person-group> (<year>2023</year>), “<article-title>Active-bending six-bar tensegrity modular robot driven by thin artificial muscles</article-title>”, <source>IEEE Robotics and Automation Letters</source>, Vol. <volume>8</volume> No. <issue>11</issue>.</mixed-citation></ref>
<ref id="ref020"><mixed-citation publication-type="journal"><person-group person-group-type="author"><string-name><surname>Lai</surname>, <given-names>Q.</given-names></string-name>, <string-name><surname>Khan</surname>, <given-names>S.</given-names></string-name>, <string-name><surname>Nie</surname>, <given-names>Y.</given-names></string-name>, <string-name><surname>Sun</surname>, <given-names>H.</given-names></string-name>, <string-name><surname>Shen</surname>, <given-names>J.</given-names></string-name> and <string-name><surname>Shao</surname>, <given-names>L.</given-names></string-name></person-group> (<year>2020</year>), “<article-title>Understanding more about human and machine attention in deep neural networks</article-title>”, <source>IEEE Transactions on Multimedia</source>, Vol. <volume>23</volume>, pp. <fpage>2086</fpage>-<lpage>2099</lpage>.</mixed-citation></ref>
<ref id="ref021"><mixed-citation publication-type="journal"><person-group person-group-type="author"><string-name><surname>Liu</surname>, <given-names>Z.</given-names></string-name>, <string-name><surname>Lu</surname>, <given-names>Z.</given-names></string-name>, <string-name><surname>Zhao</surname>, <given-names>Z.</given-names></string-name>, <string-name><surname>Efe</surname>, <given-names>M.Ö.</given-names></string-name> and <string-name><surname>Hong</surname>, <given-names>K.-S.</given-names></string-name></person-group> (<year>2023</year>), “<article-title>Single parameter adaptive neural network control for multi-agent deployment with prescribed tracking performance</article-title>”, <source>Automatica</source>, Vol. <volume>156</volume>, p. <fpage>111207</fpage>.</mixed-citation></ref>
<ref id="ref022"><mixed-citation publication-type="journal"><person-group person-group-type="author"><string-name><surname>Miki</surname>, <given-names>T.</given-names></string-name>, <string-name><surname>Lee</surname>, <given-names>J.</given-names></string-name>, <string-name><surname>Hwangbo</surname>, <given-names>J.</given-names></string-name>, <string-name><surname>Wellhausen</surname>, <given-names>L.</given-names></string-name>, <string-name><surname>Koltun</surname>, <given-names>V.</given-names></string-name> and <string-name><surname>Hutter</surname>, <given-names>M.</given-names></string-name></person-group> (<year>2022</year>), “<article-title>Learning robust perceptive locomotion for quadrupedal robots in the wild</article-title>”, <source>Science Robotics</source>, Vol. <volume>7</volume> No. <issue>62</issue>, p. <fpage>eabk2822</fpage>.</mixed-citation></ref>
<ref id="ref023"><mixed-citation publication-type="journal"><person-group person-group-type="author"><string-name><surname>Millard</surname>, <given-names>M.</given-names></string-name>, <string-name><surname>Uchida</surname>, <given-names>T.</given-names></string-name>, <string-name><surname>Seth</surname>, <given-names>A.</given-names></string-name> and <string-name><surname>Delp</surname>, <given-names>S.L.</given-names></string-name></person-group> (<year>2013</year>), “<article-title>Flexing computational muscle: modeling and simulation of musculotendon dynamics</article-title>”, <source>Journal of Biomechanical Engineering</source>, Vol. <volume>135</volume> No. <issue>2</issue>, p. <fpage>21005</fpage>.</mixed-citation></ref>
<ref id="ref024"><mixed-citation publication-type="journal"><person-group person-group-type="author"><string-name><surname>Mnih</surname>, <given-names>V.</given-names></string-name>, <string-name><surname>Kavukcuoglu</surname>, <given-names>K.</given-names></string-name>, <string-name><surname>Silver</surname>, <given-names>D.</given-names></string-name>, <string-name><surname>Rusu</surname>, <given-names>A.A.</given-names></string-name>, <string-name><surname>Veness</surname>, <given-names>J.</given-names></string-name>, <string-name><surname>Bellemare</surname>, <given-names>M.G.</given-names></string-name>, <string-name><surname>Graves</surname>, <given-names>A.</given-names></string-name>, <string-name><surname>Riedmiller</surname>, <given-names>M.</given-names></string-name>, <string-name><surname>Fidjeland</surname>, <given-names>A.K.</given-names></string-name>, <string-name><surname>Ostrovski</surname>, <given-names>G.</given-names></string-name>, <string-name><surname>Petersen</surname>, <given-names>S.</given-names></string-name>, <string-name><surname>Beattie</surname>, <given-names>C.</given-names></string-name>, <string-name><surname>Sadik</surname>, <given-names>A.</given-names></string-name>, <string-name><surname>Antonoglou</surname>, <given-names>I.</given-names></string-name>, <string-name><surname>King</surname>, <given-names>H.</given-names></string-name>, <string-name><surname>Kumaren</surname>, <given-names>D.</given-names></string-name>, <string-name><surname>Wierstra</surname>, <given-names>D.</given-names></string-name>, <string-name><surname>Legg</surname>, <given-names>S.</given-names></string-name> and <string-name><surname>Hassabis</surname>, <given-names>D.</given-names></string-name></person-group> (<year>2015</year>), “<article-title>Human-level control through deep reinforcement learning</article-title>”, <source>nature</source>, Vol. <volume>518</volume> No. <issue>7540</issue>, pp. <fpage>529</fpage>-<lpage>533</lpage>.</mixed-citation></ref>
<ref id="ref025"><mixed-citation publication-type="confproc"><person-group person-group-type="author"><string-name><surname>Mott</surname>, <given-names>A.</given-names></string-name>, <string-name><surname>Zoran</surname>, <given-names>D.</given-names></string-name>, <string-name><surname>Chrzanowski</surname>, <given-names>M.</given-names></string-name>, <string-name><surname>Wierstra</surname>, <given-names>D.</given-names></string-name> and <string-name><surname>Jimenez Rezende</surname>, <given-names>D.</given-names></string-name></person-group> (<year>2019</year>), “<article-title>Towards interpretable reinforcement learning using attention augmented agents</article-title>”, <source>Advances in neural information processing systems</source>, p. <fpage>32</fpage>.</mixed-citation></ref>
<ref id="ref026"><mixed-citation publication-type="journal"><person-group person-group-type="author"><string-name><surname>Na</surname>, <given-names>G.</given-names></string-name>, <string-name><surname>Nabae</surname>, <given-names>H.</given-names></string-name> and <string-name><surname>Suzumori</surname>, <given-names>K.</given-names></string-name></person-group> (<year>2023</year>), “<article-title>Braided thin mckibben muscles for musculoskeletal robots</article-title>”, <source>Sensors and Actuators A: Physical</source>, Vol. <volume>357</volume>, p. <fpage>114381</fpage>.</mixed-citation></ref>
<ref id="ref027"><mixed-citation publication-type="journal"><person-group person-group-type="author"><string-name><surname>Niu</surname>, <given-names>Z.</given-names></string-name>, <string-name><surname>Zhong</surname>, <given-names>G.</given-names></string-name> and <string-name><surname>Yu</surname>, <given-names>H.</given-names></string-name></person-group> (<year>2021</year>), “<article-title>A review on the attention mechanism of deep learning</article-title>”, <source>Neurocomputing</source>, Vol. <volume>452</volume>, pp. <fpage>48</fpage>-<lpage>62</lpage>.</mixed-citation></ref>
<ref id="ref028"><mixed-citation publication-type="journal"><person-group person-group-type="author"><string-name><surname>Ortes</surname>, <given-names>F.</given-names></string-name>, <string-name><surname>Jinha</surname>, <given-names>A.</given-names></string-name>, <string-name><surname>Herzog</surname>, <given-names>W.</given-names></string-name> and <string-name><surname>Ziya Arslan</surname>, <given-names>Y.</given-names></string-name></person-group> (<year>2022</year>), “<article-title>Sensitivity of muscle force response of a two-state cross-bridge model to variations in model parameters</article-title>”, <source>Proceedings of the Institution of Mechanical Engineers, Part H: Journal of Engineering in Medicine</source>, Vol. <volume>236</volume> No. <issue>10</issue>, pp. <fpage>1513</fpage>-<lpage>1520</lpage>.</mixed-citation></ref>
<ref id="ref029"><mixed-citation publication-type="journal"><person-group person-group-type="author"><string-name><surname>Qian</surname>, <given-names>K.</given-names></string-name>, <string-name><surname>Li</surname>, <given-names>Z.</given-names></string-name>, <string-name><surname>Chakrabarty</surname>, <given-names>S.</given-names></string-name>, <string-name><surname>Zhang</surname>, <given-names>Z.</given-names></string-name> and <string-name><surname>Xie</surname>, <given-names>S.Q.</given-names></string-name></person-group> (<year>2022</year>), “<article-title>Robust iterative learning control for pneumatic muscle with uncertainties and state constraints</article-title>”, <source>IEEE Transactions on Industrial Electronics</source>, Vol. <volume>70</volume> No. <issue>2</issue>, pp. <fpage>1802</fpage>-<lpage>1810</lpage>.</mixed-citation></ref>
<ref id="ref030"><mixed-citation publication-type="journal"><person-group person-group-type="author"><string-name><surname>Sun</surname>, <given-names>Z.</given-names></string-name>, <string-name><surname>Tang</surname>, <given-names>S.</given-names></string-name>, <string-name><surname>Zhang</surname>, <given-names>J.</given-names></string-name> and <string-name><surname>Yu</surname>, <given-names>J.</given-names></string-name></person-group> (<year>2023</year>), “<article-title>Nonconvex noise-tolerant neural model for repetitive motion of omnidirectional mobile manipulators</article-title>”, <source>IEEE/CAA Journal of Automatica Sinica</source>, Vol. <volume>10</volume> No. <issue>8</issue>, pp. <fpage>1766</fpage>-<lpage>1768</lpage>.</mixed-citation></ref>
<ref id="ref031"><mixed-citation publication-type="journal"><person-group person-group-type="author"><string-name><surname>Van Hasselt</surname>, <given-names>H.</given-names></string-name>, <string-name><surname>Guez</surname>, <given-names>A.</given-names></string-name> and <string-name><surname>Silver</surname>, <given-names>D.</given-names></string-name></person-group> (<year>2016</year>), “<article-title>Deep reinforcement learning with double q-learning, in</article-title>”, <source>Proceedings of the AAAI Conference on Artificial Intelligence</source>, Vol. <volume>30</volume> No. <issue>1</issue>.</mixed-citation></ref>
<ref id="ref032"><mixed-citation publication-type="confproc"><person-group person-group-type="author"><string-name><surname>Vaswani</surname>, <given-names>A.</given-names></string-name>, <string-name><surname>Shazeer</surname>, <given-names>N.</given-names></string-name>, <string-name><surname>Parmar</surname>, <given-names>N.</given-names></string-name>, <string-name><surname>Uszkoreit</surname>, <given-names>J.</given-names></string-name>, <string-name><surname>Jones</surname>, <given-names>L.</given-names></string-name>, <string-name><surname>Gomez</surname>, <given-names>A.N.</given-names></string-name>, <string-name><surname>Kaiser</surname>, <given-names>Ł.</given-names></string-name> and <string-name><surname>Polosukhin</surname>, <given-names>I.</given-names></string-name></person-group> (<year>2017</year>), “<article-title>Attention is all you need</article-title>”, <source>Advances in neural information processing systems</source>, p. <fpage>30</fpage>.</mixed-citation></ref>
<ref id="ref033"><mixed-citation publication-type="journal"><person-group person-group-type="author"><string-name><surname>Wang</surname>, <given-names>X.</given-names></string-name>, <string-name><surname>Chen</surname>, <given-names>J.</given-names></string-name> and <string-name><surname>Qiao</surname>, <given-names>H.</given-names></string-name></person-group> (<year>2021</year>), “<article-title>Motion learning and rapid generalization for musculoskeletal systems based on recurrent neural network modulated by initial states</article-title>”, <source>IEEE Transactions on Cognitive and Developmental Systems</source>, Vol. <volume>14</volume> No. <issue>4</issue>, pp. <fpage>1691</fpage>-<lpage>1704</lpage>.</mixed-citation></ref>
<ref id="ref034"><mixed-citation publication-type="journal"><person-group person-group-type="author"><string-name><surname>Wang</surname>, <given-names>Y.</given-names></string-name>, <string-name><surname>Li</surname>, <given-names>H.</given-names></string-name>, <string-name><surname>Zhao</surname>, <given-names>Y.</given-names></string-name>, <string-name><surname>Chen</surname>, <given-names>X.</given-names></string-name>, <string-name><surname>Huang</surname>, <given-names>X.</given-names></string-name> and <string-name><surname>Jiang</surname>, <given-names>Z.</given-names></string-name></person-group> (<year>2023</year>), “<article-title>A fast coordinated motion planning method for dual-arm robot based on parallel constrained DDP</article-title>”, <source>IEEE/ASME Transactions on Mechatronics</source>, Vol. <volume>99</volume>, pp. <fpage>1</fpage>-<lpage>12</lpage>.</mixed-citation></ref>
<ref id="ref035"><mixed-citation publication-type="confproc"><person-group person-group-type="author"><string-name><surname>Wang</surname>, <given-names>Z.</given-names></string-name>, <string-name><surname>Schaul</surname>, <given-names>T.</given-names></string-name>, <string-name><surname>Hessel</surname>, <given-names>M.</given-names></string-name>, <string-name><surname>Hasselt</surname>, <given-names>H.</given-names></string-name>, <string-name><surname>Lanctot</surname>, <given-names>M.</given-names></string-name> and <string-name><surname>Freitas</surname>, <given-names>N.</given-names></string-name></person-group> (<year>2016</year>), “<article-title>Dueling network architectures for deep reinforcement learning</article-title>”, in <conf-name><italic>‘International conference on machine learning’, PMLR</italic></conf-name>, pp. <fpage>1995</fpage>-<lpage>2003</lpage>.</mixed-citation></ref>
<ref id="ref036"><mixed-citation publication-type="confproc"><person-group person-group-type="author"><string-name><surname>Wijmans</surname>, <given-names>E.</given-names></string-name>, <string-name><surname>Kadian</surname>, <given-names>A.</given-names></string-name>, <string-name><surname>Morcos</surname>, <given-names>A.</given-names></string-name>, <string-name><surname>Lee</surname>, <given-names>S.</given-names></string-name>, <string-name><surname>Essa</surname>, <given-names>I.</given-names></string-name>, <string-name><surname>Parikh</surname>, <given-names>D.</given-names></string-name>, <string-name><surname>Savva</surname>, <given-names>M.</given-names></string-name> and <string-name><surname>Batra</surname>, <given-names>D.</given-names></string-name></person-group> (<year>2020</year>), “<article-title>DD-PPO: learning near-perfect pointgoal navigators from 2.5 billion frames</article-title>”, <source>8th International Conference on Learning Representations</source>.</mixed-citation></ref>
<ref id="ref037"><mixed-citation publication-type="journal"><person-group person-group-type="author"><string-name><surname>Yang</surname>, <given-names>C.</given-names></string-name>, <string-name><surname>Zhang</surname>, <given-names>Y.</given-names></string-name>, <string-name><surname>Zhao</surname>, <given-names>G.</given-names></string-name> and <string-name><surname>Cheng</surname>, <given-names>L.</given-names></string-name></person-group> (<year>2023</year>), “<article-title>Human-robot shared control system based on 3d point cloud and teleoperation</article-title>”, <source>Science China Technological Sciences</source>, Vol. <volume>66</volume> No. <issue>8</issue>, pp. <fpage>1</fpage>-<lpage>9</lpage>.</mixed-citation></ref>
<ref id="ref038"><mixed-citation publication-type="journal"><person-group person-group-type="author"><string-name><surname>Yeo</surname>, <given-names>S.-H.</given-names></string-name>, <string-name><surname>Verheul</surname>, <given-names>J.</given-names></string-name>, <string-name><surname>Herzog</surname>, <given-names>W.</given-names></string-name> and <string-name><surname>Sueda</surname>, <given-names>S.</given-names></string-name></person-group> (<year>2023</year>), “<article-title>Numerical instability of hill-type muscle models</article-title>”, <source>Journal of the Royal Society Interface</source>, Vol. <volume>20</volume> No. <issue>199</issue>, p. <fpage>20220430</fpage>.</mixed-citation></ref>
<ref id="ref039"><mixed-citation publication-type="journal"><person-group person-group-type="author"><string-name><surname>Yu</surname>, <given-names>Y.</given-names></string-name>, <string-name><surname>Si</surname>, <given-names>X.</given-names></string-name>, <string-name><surname>Hu</surname>, <given-names>C.</given-names></string-name> and <string-name><surname>Zhang</surname>, <given-names>J.</given-names></string-name></person-group> (<year>2019</year>), “<article-title>A review of recurrent neural networks: LSTM cells and network architectures</article-title>”, <source>Neural Computation</source>, Vol. <volume>31</volume> No. <issue>7</issue>, pp. <fpage>1235</fpage>-<lpage>1270</lpage>.</mixed-citation></ref>
<ref id="ref040"><mixed-citation publication-type="journal"><person-group person-group-type="author"><string-name><surname>Yuan</surname>, <given-names>J.</given-names></string-name>, <string-name><surname>Fan</surname>, <given-names>Y.</given-names></string-name> and <string-name><surname>Wu</surname>, <given-names>Y.</given-names></string-name></person-group> (<year>2023</year>), “<article-title>Design and input saturation control with full-state constraints of lightweight tendon-driven musculoskeletal arm</article-title>”, <source>Robotic Intelligence and Automation</source>, Vol. <volume>43</volume> No. <issue>2</issue>, pp. <fpage>109</fpage>-<lpage>121</lpage>.</mixed-citation></ref>
<ref id="ref041"><mixed-citation publication-type="journal"><person-group person-group-type="author"><string-name><surname>Zeng</surname>, <given-names>C.</given-names></string-name>, <string-name><surname>Li</surname>, <given-names>Y.</given-names></string-name>, <string-name><surname>Guo</surname>, <given-names>J.</given-names></string-name>, <string-name><surname>Huang</surname>, <given-names>Z.</given-names></string-name>, <string-name><surname>Wang</surname>, <given-names>N.</given-names></string-name> and <string-name><surname>Yang</surname>, <given-names>C.</given-names></string-name></person-group> (<year>2021</year>), “<article-title>A unified parametric representation for robotic compliant skills with adaptation of impedance and force</article-title>”, <source>IEEE/ASME Transactions on Mechatronics</source>, Vol. <volume>27</volume> No. <issue>2</issue>, pp. <fpage>623</fpage>-<lpage>633</lpage>.</mixed-citation></ref>
<ref id="ref042"><mixed-citation publication-type="journal"><person-group person-group-type="author"><string-name><surname>Zhong</surname>, <given-names>S.</given-names></string-name> and <string-name><surname>Wu</surname>, <given-names>W.</given-names></string-name></person-group> (<year>2023</year>), “<article-title>Motion learning and generalization of musculoskeletal robot using gain primitives</article-title>”, <source>IEEE Transactions on Automation Science and Engineering</source>.</mixed-citation></ref>
<ref id="ref043"><mixed-citation publication-type="journal"><person-group person-group-type="author"><string-name><surname>Zhou</surname>, <given-names>J.</given-names></string-name>, <string-name><surname>Zhong</surname>, <given-names>S.</given-names></string-name> and <string-name><surname>Wu</surname>, <given-names>W.</given-names></string-name></person-group> (<year>2021</year>), “<article-title>Hierarchical motion learning for goal-oriented movements with speed–accuracy tradeoff of a musculoskeletal system</article-title>”, <source>IEEE Transactions on Cybernetics</source>, Vol. <volume>52</volume> No. <issue>11</issue>, pp. <fpage>11453</fpage>-<lpage>11466</lpage>.</mixed-citation></ref></ref-list></back>
</article>