<?xml version="1.0" encoding="UTF-8"?>
<!DOCTYPE article PUBLIC "-//NLM//DTD JATS (Z39.96) Journal Archiving and Interchange DTD with MathML3 v1.1d1 20130915//EN" "JATS-archivearticle1-mathml3.dtd"><article xmlns:mml="http://www.w3.org/1998/Math/MathML" xmlns:xlink="http://www.w3.org/1999/xlink" xmlns:xsi="http://www.w3.org/2001/XMLSchema-instance" dtd-version="1.1d1" xml:lang="en" article-type="research-article">
<front id="meta-hdr">
<journal-meta>
<journal-id journal-id-type="publisher-id">RIA</journal-id>
<journal-id journal-id-type="doi">10.1108/RIA</journal-id>
<journal-title-group>
<journal-title>Robotic Intelligence and Automation</journal-title>
<abbrev-journal-title abbrev-type="publisher">RIA</abbrev-journal-title>
</journal-title-group>
<issn publication-format="print">2754-6969</issn>
<issn publication-format="online">2754-6977</issn>
<publisher>
<publisher-name>Emerald Publishing Limited</publisher-name>
</publisher>
</journal-meta>
<article-meta id="art-meta">
<article-id pub-id-type="publisher-id">720806</article-id>
<article-id pub-id-type="doi">10.1108/RIA-08-2023-0108</article-id>
<article-id pub-id-type="original-pdf">RIA-08-2023-0108.pdf</article-id>
<article-id pub-id-type="filename">RIA-08-2023-0108</article-id>
<article-categories>
<subj-group subj-group-type="type-of-publication">
<compound-subject>
<compound-subject-part content-type="code">research-article</compound-subject-part>
<compound-subject-part content-type="label">Research paper</compound-subject-part>
</compound-subject>
</subj-group>
<subj-group subj-group-type="subject">
<compound-subject>
<compound-subject-part content-type="code">cat-ENGG</compound-subject-part>
<compound-subject-part content-type="label">Engineering</compound-subject-part>
</compound-subject>
<subj-group subj-group-type="subject">
<compound-subject>
<compound-subject-part content-type="code"/>
<compound-subject-part content-type="label">Industrial engineering</compound-subject-part>
</compound-subject>
<subj-group subj-group-type="subject">
<compound-subject>
<compound-subject-part content-type="code"/>
<compound-subject-part content-type="label">design &amp; manufacturing</compound-subject-part>
</compound-subject>
<subj-group subj-group-type="subject">
<compound-subject>
<compound-subject-part content-type="code">cat-ENGG</compound-subject-part>
<compound-subject-part content-type="label">Engineering</compound-subject-part>
</compound-subject>
<subj-group subj-group-type="subject">
<compound-subject>
<compound-subject-part content-type="code">cat-MEG</compound-subject-part>
<compound-subject-part content-type="label">Mechanical engineering</compound-subject-part>
</compound-subject>
</subj-group>
</subj-group>
</subj-group>
</subj-group>
</subj-group>
</article-categories>
<title-group>
<article-title xml:lang="en">Research on the trajectory planning and global optimization strategy of cold spraying technique for complex products coating preparation</article-title>
</title-group>
<contrib-group>
<contrib contrib-type="author">
<name-alternatives>
<name name-style="western"><surname>Yang</surname><given-names>Xu</given-names></name>
<string-name name-style="western"><given-names>Xu</given-names> <surname>Yang</surname></string-name>
</name-alternatives><email>yx_auto@whut.edu.cn</email><xref ref-type="aff" rid="aff1"/>
</contrib>
<contrib corresp="yes" contrib-type="author">
<name-alternatives>
<name name-style="western"><surname>Yue</surname><given-names>Xin</given-names></name>
<string-name name-style="western"><given-names>Xin</given-names> <surname>Yue</surname></string-name>
</name-alternatives><email>1035495440@qq.com</email><xref ref-type="aff" rid="aff1"/>
</contrib>
<contrib contrib-type="author">
<name-alternatives>
<name name-style="western"><surname>Cai</surname><given-names>Zhenhua</given-names></name>
<string-name name-style="western"><given-names>Zhenhua</given-names> <surname>Cai</surname></string-name>
</name-alternatives><email>caizhenhua@whut.edu.cn</email><xref ref-type="aff" rid="aff1"/>
</contrib>
<contrib contrib-type="author">
<name-alternatives>
<name name-style="western"><surname>Zhong</surname><given-names>Shengshi</given-names></name>
<string-name name-style="western"><given-names>Shengshi</given-names> <surname>Zhong</surname></string-name>
</name-alternatives><email>zhongshengshi@wuling.com.cn</email><xref ref-type="aff" rid="aff2"/>
</contrib>
<aff id="aff1">School of Automation, <institution-wrap><institution>Wuhan University of Technology</institution></institution-wrap>, Wuhan, <country country="CN">China</country></aff>
<aff id="aff2"><institution-wrap><institution>Liuzhou Wuling Automobile Co Ltd</institution></institution-wrap>, Liuzhou, <country country="CN">China</country></aff>
</contrib-group>
<author-notes>
<corresp id="cor1">Xin Yue can be contacted at: <ext-link ext-link-type="email" xlink:href="mailto:1035495440@qq.com">1035495440@qq.com</ext-link></corresp></author-notes>
<pub-date publication-format="electronic" date-type="pub" iso-8601-date="2024-04-25"><day>25</day><month>04</month><year>2024</year></pub-date>
<pub-date publication-format="print" date-type="pub" iso-8601-date="2024-05-06"><day>06</day><month>05</month><year>2024</year></pub-date>
<volume>44</volume><issue>2</issue>
<fpage>258</fpage><lpage>269</lpage>
<history>
<date date-type="received" iso-8601-date="2023-08-22"><day>22</day><month>08</month><year>2023</year></date>
<date date-type="revised" iso-8601-date="2023-11-30"><day>30</day><month>11</month><year>2023</year></date>
<date date-type="revised" iso-8601-date="2024-01-04"><day>04</day><month>01</month><year>2024</year></date>
<date date-type="accepted" iso-8601-date="2024-01-07"><day>07</day><month>01</month><year>2024</year></date>
</history>
<permissions>
<copyright-statement>© Emerald Publishing Limited</copyright-statement>
<copyright-year>2024</copyright-year>
<copyright-holder>Emerald Publishing Limited</copyright-holder>
<license license-type="publisher">
<license-p>Licensed re-use rights only</license-p>
</license>
</permissions>
<self-uri content-type="pdf" xlink:href="RIA-08-2023-0108.pdf"/>
<abstract abstract-type="structured" id="abstr1" xml:lang="en">
<sec><title content-type="abstract-subheading">Purpose</title>
<p>This paper aims to present a set of processes for obtaining the global spraying trajectory of a cold spraying robot on a complex surface.</p>
</sec>
<sec><title content-type="abstract-subheading">Design/methodology/approach</title>
<p>The complex workpiece surfaces in the project are first divided by triangular meshing. Then, the geodesic curve method is applied for local path planning. Finally, the subsurface trajectory combination optimization problem is modeled as a GTSP problem and solved by the ant colony algorithm, where the evaluation scores and the uniform design method are used to determine the optimal parameter combination of the algorithm. A global optimized spraying trajectory is thus obtained.</p>
</sec>
<sec><title content-type="abstract-subheading">Findings</title>
<p>The simulation results show that the proposed processes can achieve the shortest global spraying trajectory. Moreover, the cold spraying experiment on the IRB4600 six-joint robot verifies that the spraying trajectory obtained by the processes can ensure a uniform coating thickness.</p>
</sec>
<sec><title content-type="abstract-subheading">Originality/value</title>
<p>The proposed processes address the issue of different parameter combinations, leading to different results when using the ant colony algorithm. The two methods for obtaining the optimal parameter combinations can solve this problem quickly and effectively, and guarantee that the processes obtain the optimal global spraying trajectory.</p>
</sec>
</abstract>
<kwd-group kwd-group-type="author-generated" xml:lang="en">
<kwd>Complex surface</kwd><x xml:space="preserve">, </x>
<kwd>Path planning</kwd><x xml:space="preserve">, </x>
<kwd>Cold spraying</kwd><x xml:space="preserve">, </x>
<kwd>Optimal parameter combination</kwd>
</kwd-group>
<counts>
<fig-count count="11"/>
<table-count count="10"/>
<equation-count count="6"/>
<ref-count count="18"/>
<page-count count="12"/>
<word-count count="7985"/>
</counts>
<custom-meta-group>
<custom-meta>
<meta-name>copyright-code</meta-name>
<meta-value>M</meta-value>
</custom-meta>
<custom-meta>
<meta-name>deliverables</meta-name>
<meta-value>Web-ready article package</meta-value>
</custom-meta>
<custom-meta>
<meta-name>peer-reviewed</meta-name>
<meta-value>Yes</meta-value>
</custom-meta>
<custom-meta>
<meta-name>academic-content</meta-name>
<meta-value>Yes</meta-value>
</custom-meta>
<custom-meta>
<meta-name>EContentType</meta-name>
<meta-value>JOURNAL</meta-value>
</custom-meta>
<custom-meta>
<meta-name>rightslink</meta-name>
<meta-value>included</meta-value>
</custom-meta>
</custom-meta-group>
</article-meta>
</front>

<back>
<ref-list id="refs1">
<title>References</title>
<ref id="ref001"><mixed-citation publication-type="journal"><person-group person-group-type="author"><string-name><surname>Cai</surname>, <given-names>Z.</given-names></string-name>, <string-name><surname>Chen</surname>, <given-names>T.</given-names></string-name>, <string-name><surname>Zeng</surname>, <given-names>C.</given-names></string-name>, <string-name><surname>Guo</surname>, <given-names>X.</given-names></string-name>, <string-name><surname>Lian</surname>, <given-names>H.</given-names></string-name>, <string-name><surname>Zheng</surname>, <given-names>Y.</given-names></string-name> and <string-name><surname>Wei</surname>, <given-names>X.</given-names></string-name></person-group> (<year>2015a</year>), “<article-title>A global approach to the optimal trajectory based on an improved ant colony algorithm for cold spray</article-title>”, <source>Journal of Thermal Spray Technology</source>, Vol. <volume>25</volume> No. <issue>8</issue>, pp. <fpage>1631</fpage>-<lpage>1637</lpage>.</mixed-citation></ref>
<ref id="ref002"><mixed-citation publication-type="journal"><person-group person-group-type="author"><string-name><surname>Cai</surname>, <given-names>Z.</given-names></string-name>, <string-name><surname>Liang</surname>, <given-names>H.</given-names></string-name>, <string-name><surname>Quan</surname>, <given-names>S.</given-names></string-name>, <string-name><surname>Deng</surname>, <given-names>S.</given-names></string-name>, <string-name><surname>Zeng</surname>, <given-names>C.</given-names></string-name> and <string-name><surname>Zhang</surname>, <given-names>Z.</given-names></string-name></person-group> (<year>2015b</year>), “<article-title>Computer-Aided robot trajectory auto-generation strategy in thermal spraying</article-title>”, <source>Journal of Thermal Spray Technology</source>, Vol. <volume>24</volume> No. <issue>7</issue>, pp. <fpage>1235</fpage>-<lpage>1245</lpage>.</mixed-citation></ref>
<ref id="ref003"><mixed-citation publication-type="journal"><person-group person-group-type="author"><string-name><surname>Cai</surname>, <given-names>Z.</given-names></string-name>, <string-name><surname>Liang</surname>, <given-names>X.</given-names></string-name>, <string-name><surname>Chen</surname>, <given-names>B.</given-names></string-name>, <string-name><surname>Zeng</surname>, <given-names>C.</given-names></string-name>, <string-name><surname>Chen</surname>, <given-names>C.</given-names></string-name>, <string-name><surname>Mu</surname>, <given-names>Z.</given-names></string-name> and <string-name><surname>Chen</surname>, <given-names>T.</given-names></string-name></person-group> (<year>2019</year>), “<article-title>A Geodesic-Based robot trajectory planning approach for cold spray applications</article-title>”, <source>Journal of Thermal Spray Technology</source>, Vol. <volume>28</volume> No. <issue>5</issue>, pp. <fpage>939</fpage>-<lpage>945</lpage>.</mixed-citation></ref>
<ref id="ref004"><mixed-citation publication-type="journal"><person-group person-group-type="author"><string-name><surname>Fang</surname>, <given-names>K.</given-names></string-name></person-group> (<year>1980</year>), “<article-title>Uniform design – the application of number theory methods to experimental design</article-title>”, <source>Chinese Journal of Applied Mathematics’</source>, <comment>Acta Mathematicae Applicatae Sinica</comment>, Vol. <volume>3</volume> No. <issue>4</issue>, pp. <fpage>363</fpage>-<lpage>372</lpage>.</mixed-citation></ref>
<ref id="ref005"><mixed-citation publication-type="journal"><person-group person-group-type="author"><string-name><surname>García</surname>, <given-names>L.</given-names></string-name>, <string-name><surname>Talaván</surname>, <given-names>P.M.</given-names></string-name> and <string-name><surname>Yáñez</surname>, <given-names>J.</given-names></string-name></person-group> (<year>2020</year>), “<article-title>The 2-Opt behavior of the Hopfield network applied to the TSP</article-title>”, <source>Operational Research</source>, Vol. <volume>22</volume> No. <issue>2</issue>, pp. <fpage>1127</fpage>-<lpage>1155</lpage>.</mixed-citation></ref>
<ref id="ref006"><mixed-citation publication-type="journal"><person-group person-group-type="author"><string-name><surname>Ling</surname>, <given-names>Z.</given-names></string-name>, <string-name><surname>Tao</surname>, <given-names>X.</given-names></string-name> and <string-name><surname>Zhang</surname>, <given-names>Y.</given-names></string-name></person-group> (<year>2020</year>), “<article-title>Solving optimization problems through fully convolutional networks: an application to the traveling salesman problem</article-title>”, <source>IEEE Transactions on Systems, Man, and Cybernetics: Systems</source>, Vol. <volume>51</volume> No. <issue>12</issue>, pp. <fpage>7475</fpage>-<lpage>7485</lpage>.</mixed-citation></ref>
<ref id="ref007"><mixed-citation publication-type="journal"><person-group person-group-type="author"><string-name><surname>Liu</surname>, <given-names>G.</given-names></string-name>, <string-name><surname>Sun</surname>, <given-names>J.</given-names></string-name> and <string-name><surname>Dong</surname>, <given-names>W.</given-names></string-name></person-group> (<year>2021</year>), “<article-title>Parameter setting of improved particle swarm optimization algorithm in building energy consumption optimization</article-title>”, <source>Journal of Tianjin University (Natural Science and Engineering)</source>, Vol. <volume>54</volume> No. <issue>1</issue>, pp. <fpage>82</fpage>-<lpage>90</lpage>.</mixed-citation></ref>
<ref id="ref008"><mixed-citation publication-type="journal"><person-group person-group-type="author"><string-name><surname>Puspita</surname>, <given-names>F.M.</given-names></string-name>, <string-name><surname>Meitrilova</surname>, <given-names>A.</given-names></string-name> and <string-name><surname>Yahdin</surname>, <given-names>S.</given-names></string-name></person-group> (<year>2020</year>), “<article-title>Mathematical modelling of traveling salesman problem (TSP) by implementing simulated annealing and genetic algorithms</article-title>”, <source>Journal of Physics: Conference Series</source>, Vol. <volume>1480</volume> No. <issue>1</issue>, pp. <fpage>20</fpage>-<lpage>29</lpage>.</mixed-citation></ref>
<ref id="ref009"><mixed-citation publication-type="confproc"><person-group person-group-type="author"><string-name><surname>Qizilbash</surname>, <given-names>A.A.H.</given-names></string-name>, <string-name><surname>Henkel</surname>, <given-names>C.</given-names></string-name> and <string-name><surname>Mostaghim</surname>, <given-names>S.</given-names></string-name></person-group> (<year>2020</year>), “<article-title>Ant colony optimization based Multi-Robot planner for combined task allocation and path finding</article-title>”, <source><italic>2020 17th International Conference on Ubiquitous Robots (UR)</italic></source>, <conf-loc>Kyoto, Japan</conf-loc>, pp. <fpage>487</fpage>-<lpage>493</lpage>.</mixed-citation></ref>
<ref id="ref010"><mixed-citation publication-type="confproc"><person-group person-group-type="author"><string-name><surname>Seiler</surname>, <given-names>M.</given-names></string-name>, <string-name><surname>Pohl</surname>, <given-names>J.</given-names></string-name>, <string-name><surname>Bossek</surname>, <given-names>J.</given-names></string-name>, <string-name><surname>Kerschke</surname>, <given-names>P.</given-names></string-name> and <string-name><surname>Trautmann</surname>, <given-names>H.</given-names></string-name></person-group> (<year>2020</year>), “<article-title>Deep learning as a competitive feature-free approach for automated algorithm selection on the traveling salesperson problem</article-title>”, <source>Parallel Problem Solving from Nature – PPSN XVI. PPSN 2020. Lecture Notes in Computer Science</source>, Vol. <volume>12269</volume>, pp. <fpage>48</fpage>-<lpage>64</lpage>.</mixed-citation></ref>
<ref id="ref011"><mixed-citation publication-type="confproc"><person-group person-group-type="author"><string-name><surname>Shafie</surname>, <given-names>M.F.</given-names></string-name>, <string-name><surname>Ahmad</surname>, <given-names>F.</given-names></string-name>, <string-name><surname>Osman</surname>, <given-names>M.K.</given-names></string-name>, <string-name><surname>Ismail</surname>, <given-names>A.P.</given-names></string-name>, <string-name><surname>Ahmad</surname>, <given-names>K.A.</given-names></string-name>, <string-name><surname>Yahaya</surname>, <given-names>S.Z.</given-names></string-name>, <string-name><surname>Idris</surname>, <given-names>M.</given-names></string-name> and <string-name><surname>Ibrahim</surname>, <given-names>A.H.</given-names></string-name></person-group> (<year>2023</year>), “<article-title>Optimization of saleman travelling problem using genetic algorithm with combination of order and random crossover</article-title>”, <source><italic>2023 IEEE 13th International Conference on Control System, Computing and Engineering (ICCSCE)</italic></source>, <conf-loc>Penang, Malaysia</conf-loc>, pp. <fpage>255</fpage>-<lpage>258</lpage>.</mixed-citation></ref>
<ref id="ref012"><mixed-citation publication-type="journal"><person-group person-group-type="author"><string-name><surname>Sheng</surname>, <given-names>W.</given-names></string-name>, <string-name><surname>Chen</surname>, <given-names>H.</given-names></string-name>, <string-name><surname>Xi</surname>, <given-names>N.</given-names></string-name> and <string-name><surname>Chen</surname>, <given-names>Y.</given-names></string-name></person-group> (<year>2005</year>), “<article-title>Tool path planning for compound surfaces in spray forming processes</article-title>”, <source>IEEE Transactions on Automation Science and Engineering</source>, Vol. <volume>2</volume> No. <issue>3</issue>, pp. <fpage>240</fpage>-<lpage>249</lpage>.</mixed-citation></ref>
<ref id="ref013"><mixed-citation publication-type="journal"><person-group person-group-type="author"><string-name><surname>Stoltenhoff</surname>, <given-names>T.</given-names></string-name>, <string-name><surname>Kreye</surname>, <given-names>H.</given-names></string-name> and <string-name><surname>Richter</surname>, <given-names>H.J.</given-names></string-name></person-group> (<year>2002</year>), “<article-title>An analysis of the cold spray process and its coatings</article-title>”, <source>Journal of Thermal Spray Technology</source>, Vol. <volume>11</volume> No. <issue>4</issue>, pp. <fpage>542</fpage>-<lpage>550</lpage>.</mixed-citation></ref>
<ref id="ref014"><mixed-citation publication-type="journal"><person-group person-group-type="author"><string-name><surname>Wei</surname>, <given-names>X.</given-names></string-name> and <string-name><surname>Li</surname>, <given-names>Y.</given-names></string-name></person-group> (<year>2015</year>), “<article-title>Parameter optimization and simulation of ant colony algorithm, manufacturing automation</article-title>”, <source>Manufacturing Automation</source>, Vol. <volume>37</volume> No. <issue>10</issue>, pp. <fpage>33</fpage>-<lpage>35</lpage>.</mixed-citation></ref>
<ref id="ref015"><mixed-citation publication-type="confproc"><person-group person-group-type="author"><string-name><surname>Xue</surname>, <given-names>Y.</given-names></string-name>, <string-name><surname>Chen</surname>, <given-names>Y.</given-names></string-name>, <string-name><surname>Ding</surname>, <given-names>Z.</given-names></string-name>, <string-name><surname>Huang</surname>, <given-names>X.</given-names></string-name> and <string-name><surname>Xi</surname>, <given-names>D.</given-names></string-name></person-group> (<year>2021</year>), “<article-title>Robot path planning based on improved ant colony algorithm</article-title>”, <source><italic>2021 Power System and Green Energy Conference (PSGEC)</italic></source>, <conf-loc>Shanghai, China</conf-loc>, <conf-date>2021</conf-date>, pp. <fpage>129</fpage>-<lpage>133</lpage>.</mixed-citation></ref>
<ref id="ref016"><mixed-citation publication-type="journal"><person-group person-group-type="author"><string-name><surname>Zeng</surname>, <given-names>X.</given-names></string-name></person-group>, <etal><italic>et al</italic></etal>. (<year>2021a</year>), “<article-title>Traveling salesman problems with replenishment arcs and improved ant colony algorithms</article-title>”, <source>IEEE Access</source>, Vol. <volume>9</volume>, pp. <fpage>101042</fpage>-<lpage>101051</lpage>.</mixed-citation></ref>
<ref id="ref017"><mixed-citation publication-type="journal"><person-group person-group-type="author"><string-name><surname>Zeng</surname>, <given-names>Y.</given-names></string-name></person-group>, <etal><italic>et al</italic></etal>. (<year>2021b</year>), “<article-title>Trajectory planning of spray gun with variable posture for irregular plane based on boundary constraint</article-title>”, <source>IEEE Access</source>, Vol. <volume>9</volume>, pp. <fpage>52902</fpage>-<lpage>52912</lpage>.</mixed-citation></ref>
<ref id="ref018"><mixed-citation publication-type="journal"><person-group person-group-type="author"><string-name><surname>Zhang</surname>, <given-names>J.</given-names></string-name>, <string-name><surname>Hu</surname>, <given-names>Z.</given-names></string-name> and <string-name><surname>Wang</surname>, <given-names>X.</given-names></string-name></person-group> (<year>2023</year>), “<article-title>Research on global path planning of robot based on ant colony algorithm and gaussian sampling</article-title>”, <source>Mathematical Problems in Engineering</source>, Vol. <volume>2023</volume>, pp. <fpage>1</fpage>-<lpage>14</lpage>.</mixed-citation></ref></ref-list></back>
</article>