<?xml version="1.0" encoding="UTF-8"?>
<!DOCTYPE article PUBLIC "-//NLM//DTD JATS (Z39.96) Journal Archiving and Interchange DTD with MathML3 v1.1d1 20130915//EN" "JATS-archivearticle1-mathml3.dtd"><article xmlns:mml="http://www.w3.org/1998/Math/MathML" xmlns:xsi="http://www.w3.org/2001/XMLSchema-instance" xmlns:xlink="http://www.w3.org/1999/xlink" article-type="research-article" dtd-version="1.1d1" xml:lang="en"><front id="meta-hdr"><journal-meta><journal-id journal-id-type="publisher-id">JPBAFM</journal-id><journal-id journal-id-type="doi">10.1108/JPBAFM</journal-id><journal-title-group><journal-title>Journal of Public Budgeting, Accounting &amp; Financial Management</journal-title><abbrev-journal-title abbrev-type="publisher">JPBAFM</abbrev-journal-title></journal-title-group><issn publication-format="print">1096-3367</issn><issn publication-format="online">1945-1814</issn><publisher><publisher-name>Emerald Publishing Limited</publisher-name></publisher></journal-meta><article-meta id="art-meta"><article-id pub-id-type="publisher-id">721648</article-id><article-id pub-id-type="doi">10.1108/JPBAFM-05-2023-0072</article-id><article-id pub-id-type="original-pdf">JPBAFM-05-2023-0072.pdf</article-id><article-id pub-id-type="filename">JPBAFM-05-2023-0072</article-id><article-categories><subj-group subj-group-type="type-of-publication"><compound-subject><compound-subject-part content-type="code">research-article</compound-subject-part><compound-subject-part content-type="label">Research paper</compound-subject-part></compound-subject></subj-group><subj-group subj-group-type="subject"><compound-subject><compound-subject-part content-type="code">cat-ACF</compound-subject-part><compound-subject-part content-type="label">Accounting &amp; finance</compound-subject-part></compound-subject></subj-group><subj-group subj-group-type="subject"><compound-subject><compound-subject-part content-type="code"/><compound-subject-part content-type="label">Accounting/accountancy</compound-subject-part></compound-subject></subj-group><subj-group subj-group-type="subject"><compound-subject><compound-subject-part content-type="code"/><compound-subject-part content-type="label">Accounting methods/systems</compound-subject-part></compound-subject></subj-group><subj-group subj-group-type="subject"><compound-subject><compound-subject-part content-type="code"/><compound-subject-part content-type="label">Economics</compound-subject-part></compound-subject></subj-group><subj-group subj-group-type="subject"><compound-subject><compound-subject-part content-type="code"/><compound-subject-part content-type="label">Public finance/economics</compound-subject-part></compound-subject></subj-group></article-categories><title-group><article-title xml:lang="en">Regulated public accessibility to municipalities’ financial reports and bond interest cost</article-title><alt-title alt-title-type="running-head">Financial reports and bond interest cost</alt-title></title-group><contrib-group><contrib contrib-type="author" corresp="yes"><contrib-id contrib-id-type="orcid">https://orcid.org/0000-0002-9569-3908</contrib-id><name-alternatives><name name-style="western"><surname>Cha</surname><given-names>Yunshil</given-names></name><string-name name-style="western"><given-names>Yunshil</given-names> <surname>Cha</surname></string-name></name-alternatives><email>yunshil.cha@unh.edu</email><xref ref-type="aff" rid="aff1"/></contrib><contrib contrib-type="author"><contrib-id contrib-id-type="orcid">https://orcid.org/0000-0001-8281-3133</contrib-id><name-alternatives><name name-style="western"><surname>Plante</surname><given-names>Catherine</given-names></name><string-name name-style="western"><given-names>Catherine</given-names> <surname>Plante</surname></string-name></name-alternatives><email>catherine.plante@unh.edu</email><xref ref-type="aff" rid="aff1"/></contrib><contrib contrib-type="author"><contrib-id contrib-id-type="orcid">https://orcid.org/0000-0003-3119-1164</contrib-id><name-alternatives><name name-style="western"><surname>Ragland</surname><given-names>Linda</given-names></name><string-name name-style="western"><given-names>Linda</given-names> <surname>Ragland</surname></string-name></name-alternatives><email>linda.ragland@unh.edu</email><xref ref-type="aff" rid="aff1"/></contrib><aff id="aff1">Department of Accounting and Finance, <institution-wrap><institution>University of New Hampshire</institution></institution-wrap>, Durham, New Hampshire, <country country="US">USA</country></aff></contrib-group><author-notes><corresp id="cor1">Yunshil Cha can be contacted at: <ext-link ext-link-type="email" xlink:href="mailto:yunshil.cha@unh.edu">yunshil.cha@unh.edu</ext-link></corresp></author-notes><pub-date publication-format="electronic" date-type="pub" iso-8601-date="2024-05-09"><day>09</day><month>05</month><year>2024</year></pub-date><pub-date publication-format="print" date-type="pub" iso-8601-date="2024-08-07"><day>07</day><month>08</month><year>2024</year></pub-date><volume>36</volume><issue>4</issue><fpage>445</fpage><lpage>470</lpage><history><date date-type="received" iso-8601-date="2023-05-09"><day>09</day><month>05</month><year>2023</year></date><date date-type="revised" iso-8601-date="2023-09-10"><day>10</day><month>09</month><year>2023</year></date><date date-type="revised" iso-8601-date="2023-12-11"><day>11</day><month>12</month><year>2023</year></date><date date-type="revised" iso-8601-date="2024-01-16"><day>16</day><month>01</month><year>2024</year></date><date date-type="revised" iso-8601-date="2024-02-29"><day>29</day><month>02</month><year>2024</year></date><date date-type="accepted" iso-8601-date="2024-03-02"><day>02</day><month>03</month><year>2024</year></date></history><permissions><copyright-statement>© Emerald Publishing Limited</copyright-statement><copyright-year>2024</copyright-year><copyright-holder>Emerald Publishing Limited</copyright-holder><license license-type="publisher"><license-p>Licensed re-use rights only</license-p></license></permissions><self-uri content-type="pdf" xlink:href="JPBAFM-05-2023-0072.pdf"/><abstract abstract-type="structured" id="abstr1" xml:lang="en"><sec><title content-type="abstract-subheading">Purpose</title><p>In this study, we examine regulated public accessibility to municipalities’ financial reports and bond interest cost. In particular, we examine whether there is information content in a component of a constrained filing period that is useful to municipal bond market participants. The component of a filing period that we focus on is the period of time between an audit report date and a regulated public accessibility date.</p></sec><sec><title content-type="abstract-subheading">Design/methodology/approach</title><p>To explore our research question, we collect a sample of observations from municipalities that: (1) are required to post annual/audit financial reports on a centralized state-level repository that includes a “transparent” date stamp on when reports are made publicly available and (2) have issued general obligation bonds. Our sample is limited to one observation per municipality. The sample period is 2006–2019. In terms of approach, we use an ordinary least square (OLS) regression model to empirically test whether the time period between municipalities’ audit report date and state-required repository filing date is associated with general obligation bond interest cost.</p></sec><sec><title content-type="abstract-subheading">Findings</title><p>We find support for the idea that there is information content in a component of a constrained filing period. In particular, we hypothesize and find a positive association between the time period between an audit report date and a state filing date and general obligation bond interest cost. Seemingly, this component of time may provide something unique or not available in other components of a constrained filing period (e.g. the fiscal year-end date to the audit report date). In <italic>post hoc</italic> analyses, we also find that both components of the constrained filing period in our setting (i.e. the audit report date to state filing date and the fiscal year-end date to audit report date) need to be considered for either of the components to be significant. Moreover, although both components are necessary, the audit report date to state filing date component appears to have a slightly stronger association (in terms of statistical significance) with general obligation bond interest costs.</p></sec><sec><title content-type="abstract-subheading">Research limitations/implications</title><p>To our knowledge, Illinois is the only state that provides a date stamp on when municipalities’ financial information is made publicly available on a centralized repository. As such we focus on municipalities in Illinois. While this increases the internal validity of our research, it potentially limits generalizability across other states. Also, as a reflection of the sample constraint, the number of observations in our study is relatively small. As part of <italic>post hoc</italic> analyses, we take a closer look at our sample, model and variables used to test our hypothesis.</p></sec><sec><title content-type="abstract-subheading">Practical implications</title><p>For stakeholders, each component of a constrained filing period may provide unique information. For example, the time period between an audit report date and a regulated filing date may send a positive signal about the quality of financial management to investors. For regulators, requiring some sort of centralized public access to municipal financial reports that have transparent time constraints may help states provide stronger governance and help lower municipalities’ borrowing costs.</p></sec><sec><title content-type="abstract-subheading">Originality/value</title><p>We use a novel approach (with the Illinois date stamp filing information) to examine our research question. Most prior research has often relied on an assumption that the time between fiscal year-end and the audit report date is the component of time that provides useful information to investors (e.g. Henke and Maher, 2016). In our setting, we explore and find that a component of a constrained filing time period (i.e. the date from an audit filing to a required public accessibility filing) may also provide impactful information to investors.</p></sec></abstract><kwd-group kwd-group-type="author-generated" xml:lang="en"><kwd>Governmental accounting</kwd><x xml:space="preserve">, </x><kwd>Municipal bond market</kwd><x xml:space="preserve">, </x><kwd>Constraints and components of a financial reporting period</kwd><x xml:space="preserve">, </x><kwd>Regulated public accessibility to financial reports</kwd></kwd-group><counts><fig-count count="1"/><table-count count="7"/><equation-count count="1"/><ref-count count="53"/><page-count count="26"/><word-count count="14146"/></counts><custom-meta-group><custom-meta><meta-name>peer-reviewed</meta-name><meta-value>Yes</meta-value></custom-meta><custom-meta><meta-name>academic-content</meta-name><meta-value>Yes</meta-value></custom-meta><custom-meta><meta-name>EContentType</meta-name><meta-value>Journal</meta-value></custom-meta><custom-meta><meta-name>rightslink</meta-name><meta-value>included</meta-value></custom-meta></custom-meta-group></article-meta></front><back><ref-list id="refs1"><title>References</title><ref id="ref001"><mixed-citation publication-type="journal"><person-group person-group-type="author"><string-name><surname>Apostolou</surname>, <given-names>N.</given-names></string-name>, <string-name><surname>Reeve</surname>, <given-names>J.</given-names></string-name> and <string-name><surname>Giroux</surname>, <given-names>G.</given-names></string-name></person-group> (<year>1984</year>), “<article-title>Accounting information and municipal net interest cost: an empirical evaluation</article-title>”, <source>Journal of Accounting and Public Policy</source>, Vol. <volume>3</volume> No. <issue>1</issue>, pp. <fpage>9</fpage>-<lpage>28</lpage>, doi: <pub-id pub-id-type="doi">10.1016/0278-4254(84)90009-7</pub-id>.</mixed-citation></ref><ref id="ref002"><mixed-citation publication-type="journal"><person-group person-group-type="author"><string-name><surname>Apostolou</surname>, <given-names>B.</given-names></string-name>, <string-name><surname>Apostolou</surname>, <given-names>N.</given-names></string-name> and <string-name><surname>Dorminey</surname>, <given-names>J.</given-names></string-name></person-group> (<year>2014</year>), “<article-title>The association of departures from spending rate equilibrium to municipal borrowing cost</article-title>”, <source>Advances in Accounting</source>, Vol. <volume>30</volume> No. <issue>1</issue>, pp. <fpage>1</fpage>-<lpage>8</lpage>, doi: <pub-id pub-id-type="doi">10.1016/j.adiac.2013.12.004</pub-id>.</mixed-citation></ref><ref id="ref003"><mixed-citation publication-type="journal"><person-group person-group-type="author"><string-name><surname>Baber</surname>, <given-names>W.</given-names></string-name> and <string-name><surname>Gore</surname>, <given-names>A.</given-names></string-name></person-group> (<year>2008</year>), “<article-title>Consequences of GAAP disclosure regulation: evidence from municipal debt issues</article-title>”, <source>The Accounting Review</source>, Vol. <volume>83</volume> No. <issue>3</issue>, pp. <fpage>565</fpage>-<lpage>591</lpage>, doi: <pub-id pub-id-type="doi">10.2308/accr.2008.83.3.565</pub-id>.</mixed-citation></ref><ref id="ref004"><mixed-citation publication-type="journal"><person-group person-group-type="author"><string-name><surname>Baber</surname>, <given-names>W.</given-names></string-name>, <string-name><surname>Gore</surname>, <given-names>A.</given-names></string-name>, <string-name><surname>Rich</surname>, <given-names>K.</given-names></string-name> and <string-name><surname>Zhang</surname>, <given-names>J.</given-names></string-name></person-group> (<year>2013</year>), “<article-title>Accounting restatements, governance, and municipal debt financing</article-title>”, <source>Journal of Accounting and Economics</source>, Vol. <volume>56</volume> No. <issue>2</issue>, pp. <fpage>212</fpage>-<lpage>227</lpage>, doi: <pub-id pub-id-type="doi">10.1016/j.jacceco.2013.08.003</pub-id>.</mixed-citation></ref><ref id="ref005"><mixed-citation publication-type="journal"><person-group person-group-type="author"><string-name><surname>Cagle</surname>, <given-names>C.</given-names></string-name>, <string-name><surname>Flesher</surname>, <given-names>D.</given-names></string-name> and <string-name><surname>Pridgen</surname>, <given-names>A.</given-names></string-name></person-group> (<year>2014</year>), “<article-title>Audit report timeliness of United States local governments: an investigation of entities exceeding reporting deadlines</article-title>”, <source>Accountancy Business and the Public Interest</source>, Vol. <volume>1</volume>, pp. <fpage>71</fpage>-<lpage>109</lpage>.</mixed-citation></ref><ref id="ref006"><mixed-citation publication-type="web"><person-group person-group-type="author"><string-name><surname>Chapman</surname>, <given-names>J.</given-names></string-name> and <string-name><surname>Ascanio</surname>, <given-names>K.</given-names></string-name></person-group> (<year>2020</year>), “<article-title>Pew charitable trusts organization. State websites offer fiscal data on local governments</article-title>”, <comment>Press Article, available at:</comment> <ext-link ext-link-type="uri" xlink:href="https://www.pewtrusts.org/en/research-and-analysis/articles/2020/10/20/state-websites-offer-fiscal-data-on-local-governments">https://www.pewtrusts.org/en/research-and-analysis/articles/2020/10/20/state-websites-offer-fiscal-data-on-local-governments</ext-link> (<comment>accessed</comment> <date-in-citation content-type="access-date">1 March 2022</date-in-citation>).</mixed-citation></ref><ref id="ref007"><mixed-citation publication-type="journal"><person-group person-group-type="author"><string-name><surname>Cuny</surname>, <given-names>C.</given-names></string-name></person-group> (<year>2016</year>), “<article-title>Voluntary disclosure incentives: evidence from the municipal bond market</article-title>”, <source>Journal of Accounting and Economics</source>, Vol. <volume>62</volume> No. <issue>1</issue>, pp. <fpage>87</fpage>-<lpage>102</lpage>, doi: <pub-id pub-id-type="doi">10.1016/j.jacceco.2016.04.004</pub-id>.</mixed-citation></ref><ref id="ref008"><mixed-citation publication-type="journal"><person-group person-group-type="author"><string-name><surname>Cuny</surname>, <given-names>C.</given-names></string-name>, <string-name><surname>Kim</surname>, <given-names>J.</given-names></string-name> and <string-name><surname>Mehta</surname>, <given-names>M.</given-names></string-name></person-group> (<year>2020</year>), “<article-title>Politically connected governments</article-title>”, <source>Journal of Accounting Research</source>, Vol. <volume>38</volume> No. <issue>4</issue>, pp. <fpage>915</fpage>-<lpage>952</lpage>, doi: <pub-id pub-id-type="doi">10.1111/1475-679x.12325</pub-id>.</mixed-citation></ref><ref id="ref009"><mixed-citation publication-type="journal"><person-group person-group-type="author"><string-name><surname>Denison</surname>, <given-names>D.</given-names></string-name>, <string-name><surname>Yan</surname>, <given-names>W.</given-names></string-name> and <string-name><surname>Zhao</surname>, <given-names>Z.</given-names></string-name></person-group> (<year>2007</year>), “<article-title>Is management performance a factor in municipal bond credit ratings? The case of Texas school districts</article-title>”, <source>Public Budgeting and Finance</source>, Vol. <volume>27</volume> No. <issue>4</issue>, pp. <fpage>86</fpage>-<lpage>98</lpage>, doi: <pub-id pub-id-type="doi">10.1111/j.1540-5850.2007.00889.x</pub-id>.</mixed-citation></ref><ref id="ref010"><mixed-citation publication-type="journal"><person-group person-group-type="author"><string-name><surname>Dwyer</surname>, <given-names>P.</given-names></string-name> and <string-name><surname>Wilson</surname>, <given-names>E.</given-names></string-name></person-group> (<year>1989</year>), “<article-title>An empirical investigation of factors affecting the timeliness of reporting by municipalities</article-title>”, <source>Journal of Accounting and Public Policy</source>, Vol. <volume>8</volume> No. <issue>1</issue>, pp. <fpage>29</fpage>-<lpage>55</lpage>, doi: <pub-id pub-id-type="doi">10.1016/0278-4254(89)90010-0</pub-id>.</mixed-citation></ref><ref id="ref011"><mixed-citation publication-type="journal"><person-group person-group-type="author"><string-name><surname>Edmonds</surname>, <given-names>C.</given-names></string-name>, <string-name><surname>Edmonds</surname>, <given-names>J.</given-names></string-name>, <string-name><surname>Vermeer</surname>, <given-names>B.</given-names></string-name> and <string-name><surname>Vermeer</surname>, <given-names>T.</given-names></string-name></person-group> (<year>2017</year>), “<article-title>Does timeliness of financial information matter in the governmental sector?</article-title>”, <source>Journal of Accounting and Public Policy</source>, Vol. <volume>36</volume> No. <issue>2</issue>, pp. <fpage>163</fpage>-<lpage>176</lpage>, doi: <pub-id pub-id-type="doi">10.1016/j.jaccpubpol.2017.02.002</pub-id>.</mixed-citation></ref><ref id="ref012"><mixed-citation publication-type="journal"><person-group person-group-type="author"><string-name><surname>Edmonds</surname>, <given-names>C.</given-names></string-name>, <string-name><surname>Leece</surname>, <given-names>R.</given-names></string-name>, <string-name><surname>Vermeer</surname>, <given-names>B.</given-names></string-name> and <string-name><surname>Vermeer</surname>, <given-names>T.</given-names></string-name></person-group> (<year>2020</year>), “<article-title>The information value of qualified and adverse audit reports: evidence from the municipal sector</article-title>”, <source>Auditing: A Journal of Practice and Theory</source>, Vol. <volume>39</volume> No. <issue>1</issue>, pp. <fpage>21</fpage>-<lpage>41</lpage>, doi: <pub-id pub-id-type="doi">10.2308/ajpt-52564</pub-id>.</mixed-citation></ref><ref id="ref013"><mixed-citation publication-type="journal"><person-group person-group-type="author"><string-name><surname>Feltham</surname>, <given-names>G.</given-names></string-name></person-group> (<year>1968</year>), “<article-title>The value of information</article-title>”, <source>The Accounting Review</source>, Vol. <volume>43</volume> No. <issue>4</issue>, pp. <fpage>684</fpage>-<lpage>696</lpage>.</mixed-citation></ref><ref id="ref014"><mixed-citation publication-type="web"><person-group person-group-type="author"><collab>Florida Department of Financial Services</collab></person-group> (<year>2018</year>), <source>Florida Open Financial Statement System Project</source>, <comment>available at:</comment> <ext-link ext-link-type="uri" xlink:href="https://www.myfloridacfo.com/division/aa/projects/flopenfinancialstmtproject.htm">https://www.myfloridacfo.com/division/aa/projects/flopenfinancialstmtproject.htm</ext-link> (<comment>accessed</comment> <date-in-citation content-type="access-date">1 September 2021</date-in-citation>).</mixed-citation></ref><ref id="ref015"><mixed-citation publication-type="journal"><person-group person-group-type="author"><string-name><surname>Gillette</surname>, <given-names>J.</given-names></string-name>, <string-name><surname>Samuels</surname>, <given-names>D.</given-names></string-name> and <string-name><surname>Zhou</surname>, <given-names>F.</given-names></string-name></person-group> (<year>2020</year>), “<article-title>The effect of credit ratings on disclosure: evidence from the recalibration of Moody's municipal ratings</article-title>”, <source>Journal of Accounting Research</source>, Vol. <volume>58</volume> No. <issue>3</issue>, pp. <fpage>693</fpage>-<lpage>739</lpage>, doi: <pub-id pub-id-type="doi">10.1111/1475-679x.12307</pub-id>.</mixed-citation></ref><ref id="ref016"><mixed-citation publication-type="journal"><person-group person-group-type="author"><string-name><surname>Gore</surname>, <given-names>A.</given-names></string-name></person-group> (<year>2004</year>), “<article-title>The effects of GAAP regulation and bond market interaction on local government disclosure</article-title>”, <source>Journal of Accounting and Public Policy</source>, Vol. <volume>23</volume> No. <issue>1</issue>, pp. <fpage>23</fpage>-<lpage>52</lpage>, doi: <pub-id pub-id-type="doi">10.1016/j.jaccpubpol.2003.11.002</pub-id>.</mixed-citation></ref><ref id="ref017"><mixed-citation publication-type="web"><person-group person-group-type="author"><collab>Government Finance Officers Association (GFOA)</collab></person-group> (<year>2020</year>), “<article-title>Timely financial reporting</article-title>”, <comment>Sept. 25, 2020, available at:</comment> <ext-link ext-link-type="uri" xlink:href="https://www.gfoa.org/materials/timely-financial-reporting">https://www.gfoa.org/materials/timely-financial-reporting</ext-link> (<comment>accessed</comment> <date-in-citation content-type="access-date">1 November 2022</date-in-citation>).</mixed-citation></ref><ref id="ref018"><mixed-citation publication-type="journal"><person-group person-group-type="author"><collab>Governmental Accounting Standards Board (GASB)</collab></person-group> (<year>1987</year>), “<article-title>Objectives of financial reporting</article-title>”, <comment>Concepts Statement No. 1. Stamford, CT: GASB</comment>.</mixed-citation></ref><ref id="ref019"><mixed-citation publication-type="journal"><person-group person-group-type="author"><string-name><surname>Henke</surname>, <given-names>T.</given-names></string-name> and <string-name><surname>Maher</surname>, <given-names>J.</given-names></string-name></person-group> (<year>2016</year>), “<article-title>Government reporting timeliness and municipal credit market implications</article-title>”, <source>Journal of Governmental and Nonprofit Accounting</source>, Vol. <volume>5</volume> No. <issue>1</issue>, pp. <fpage>1</fpage>-<lpage>24</lpage>, doi: <pub-id pub-id-type="doi">10.2308/ogna-51601</pub-id>.</mixed-citation></ref><ref id="ref020"><mixed-citation publication-type="web"><person-group person-group-type="author"><collab>Illinois General Assembly</collab></person-group> (<year>2020</year>), “<article-title>Illinois compiled statues (ILCS). 65 ILCS 5. Illinois municipal code</article-title>”, <comment>available at:</comment> <ext-link ext-link-type="uri" xlink:href="https://www.ilga.gov/legislation/">https://www.ilga.gov/legislation/</ext-link> (<comment>accessed</comment> <date-in-citation content-type="access-date">15 September 2021</date-in-citation>).</mixed-citation></ref><ref id="ref053"><mixed-citation publication-type="journal"><person-group person-group-type="author"><collab>Illinois Office of Comptroller</collab></person-group> (<year>2023</year>), “<comment>Local government warehouse”, available at:</comment> <ext-link ext-link-type="uri" xlink:href="https://illinoiscomptroller.gov/constituent-services/local-government/local-government-warehouse">https://illinoiscomptroller.gov/constituent-services/local-government/local-government-warehouse</ext-link> (<comment>accessed 28 April 2024).</comment></mixed-citation></ref><ref id="ref021"><mixed-citation publication-type="journal"><person-group person-group-type="author"><string-name><surname>Ingram</surname>, <given-names>R.</given-names></string-name> and <string-name><surname>Wilson</surname>, <given-names>E.</given-names></string-name></person-group> (<year>1999</year>), “<article-title>Information intermediation and seasoned municipal bond yields</article-title>”, <source>Research in Government and Nonprofit Accounting</source>, Vol. <volume>10</volume> No. <issue>1</issue>, pp. <fpage>1</fpage>-<lpage>31</lpage>.</mixed-citation></ref><ref id="ref022"><mixed-citation publication-type="journal"><person-group person-group-type="author"><string-name><surname>Ingram</surname>, <given-names>R.</given-names></string-name>, <string-name><surname>Raman</surname>, <given-names>K.</given-names></string-name> and <string-name><surname>Wilson</surname>, <given-names>E.</given-names></string-name></person-group> (<year>1989</year>), “<article-title>The information in governmental annual reports: a contemporaneous price reaction approach</article-title>”, <source>The Accounting Review</source>, Vol. <volume>64</volume>, pp. <fpage>250</fpage>-<lpage>268</lpage>.</mixed-citation></ref><ref id="ref023"><mixed-citation publication-type="journal"><person-group person-group-type="author"><string-name><surname>Ivonchyk</surname>, <given-names>M.</given-names></string-name></person-group> (<year>2019</year>), “<article-title>The impact of Dodd-Frank on true interest cost of municipal bonds: evidence from California</article-title>”, <source>Public Budgeting and Finance</source>, Vol. <volume>39</volume> No. <issue>1</issue>, pp. <fpage>3</fpage>-<lpage>23</lpage>, doi: <pub-id pub-id-type="doi">10.1111/pbaf.12209</pub-id>.</mixed-citation></ref><ref id="ref024"><mixed-citation publication-type="journal"><person-group person-group-type="author"><string-name><surname>Johnson</surname>, <given-names>L.</given-names></string-name>, <string-name><surname>Davies</surname>, <given-names>S.</given-names></string-name> and <string-name><surname>Freeman</surname>, <given-names>R.</given-names></string-name></person-group> (<year>2002</year>), “<article-title>The effect of seasonal variations in auditor workload on local government audit fees and audit delay</article-title>”, <source>Journal of Accounting and Public Policy</source>, Vol. <volume>21</volume> No. <issue>4</issue>, pp. <fpage>395</fpage>-<lpage>422</lpage>, doi: <pub-id pub-id-type="doi">10.1016/s0278-4254(02)00068-6</pub-id>.</mixed-citation></ref><ref id="ref025"><mixed-citation publication-type="journal"><person-group person-group-type="author"><string-name><surname>Kuglin</surname>, <given-names>C.</given-names></string-name></person-group> (<year>2022</year>), “<article-title>Voices new bill would increase state and local government transparency</article-title>”, <source>Accounting Today</source>, <comment>Nov. 11, 2022, available at:</comment> <ext-link ext-link-type="uri" xlink:href="https://www.accountingtoday.com/opinion/new-bill-would-increase-state-and-local-government-financial-transparency">https://www.accountingtoday.com/opinion/new-bill-would-increase-state-and-local-government-financial-transparency</ext-link> (<comment>accessed</comment> <date-in-citation content-type="access-date">18 November 2022</date-in-citation>).</mixed-citation></ref><ref id="ref026"><mixed-citation publication-type="journal"><person-group person-group-type="author"><string-name><surname>Labovitz</surname>, <given-names>S.</given-names></string-name></person-group> (<year>1965</year>), “<article-title>Method for control with small sample size</article-title>”, <source>American Sociology Review</source>, Vol. <volume>30</volume> No. <issue>2</issue>, pp. <fpage>243</fpage>-<lpage>249</lpage>, doi: <pub-id pub-id-type="doi">10.2307/2091568</pub-id>.</mixed-citation></ref><ref id="ref027"><mixed-citation publication-type="journal"><person-group person-group-type="author"><string-name><surname>McLelland</surname>, <given-names>A.</given-names></string-name> and <string-name><surname>Giroux</surname>, <given-names>G.</given-names></string-name></person-group> (<year>2000</year>), “<article-title>An empirical analysis of auditor report timing by large municipalities</article-title>”, <source>Journal of Accounting and Public Policy</source>, Vol. <volume>19</volume> No. <issue>3</issue>, pp. <fpage>263</fpage>-<lpage>281</lpage>, doi: <pub-id pub-id-type="doi">10.1016/s0278-4254(00)00011-9</pub-id>.</mixed-citation></ref><ref id="ref028"><mixed-citation publication-type="journal"><person-group person-group-type="author"><string-name><surname>Mead</surname>, <given-names>D.</given-names></string-name></person-group> (<year>2011</year>), “<article-title>The timeliness of financial reporting by state and local governments compared with the needs of users</article-title>”, <source>Research Brief</source>, <comment>Governmental Accounting Standards Board, available at:</comment> <ext-link ext-link-type="uri" xlink:href="https://www.gasb.org/cs/ContentServer?c=Document_C&amp;cid=1176158316214&amp;d=&amp;pagename=GASB%2FDocument_C%2FDocumentPage">https://www.gasb.org/cs/ContentServer?c=Document_C&amp;cid=1176158316214&amp;d=&amp;pagename=GASB%2FDocument_C%2FDocumentPage</ext-link> (<comment>accessed</comment> <date-in-citation content-type="access-date">1 September 2021</date-in-citation>).</mixed-citation></ref><ref id="ref029"><mixed-citation publication-type="book"><person-group person-group-type="author"><string-name><surname>Mendenhall</surname>, <given-names>W.</given-names></string-name> and <string-name><surname>Sincich</surname>, <given-names>T.</given-names></string-name></person-group> (<year>2011</year>), <source>A Second Course in Statistics Regression Analysis</source>, <edition>7th ed.</edition>, <publisher-name>Pearson Education</publisher-name>, <publisher-loc>Upper Saddle River, NJ</publisher-loc>.</mixed-citation></ref><ref id="ref030"><mixed-citation publication-type="journal"><person-group person-group-type="author"><collab>Municipal Securities Rulemaking Board (MSRB)</collab></person-group> (<year>2017</year>), “<article-title>Continuing disclosure timing remains stable</article-title>”, <source>Press Release</source>, <comment>available at:</comment> <ext-link ext-link-type="uri" xlink:href="https://www.msrb.org/pdf.aspx?url=https%3A%2F%2Fwww.msrb.org%2Fnews-and-events%2Fpress-releases%2F2017%2Fcontinuing-disclosure-timing-remains-stable">https://www.msrb.org/pdf.aspx?url=https%3A%2F%2Fwww.msrb.org%2Fnews-and-events%2Fpress-releases%2F2017%2Fcontinuing-disclosure-timing-remains-stable</ext-link> (<comment>accessed</comment> <date-in-citation content-type="access-date">15 September 2021</date-in-citation>).</mixed-citation></ref><ref id="ref031"><mixed-citation publication-type="web"><person-group person-group-type="author"><collab>Municipal Securities Rulemaking Board (MSRB)</collab></person-group> (<year>2021</year>), “<article-title>Muni facts- municipal market by the numbers, market data</article-title>”, <comment>available at:</comment> <ext-link ext-link-type="uri" xlink:href="http://www.msrb.org/msrb1/pdfs/MSRB-Muni-Facts.pdf">http://www.msrb.org/msrb1/pdfs/MSRB-Muni-Facts.pdf</ext-link> (<comment>accessed</comment> <date-in-citation content-type="access-date">1 September 2021</date-in-citation>).</mixed-citation></ref><ref id="ref032"><mixed-citation publication-type="journal"><person-group person-group-type="author"><string-name><surname>Payne</surname>, <given-names>J.</given-names></string-name> and <string-name><surname>Jensen</surname>, <given-names>K.</given-names></string-name></person-group> (<year>2002</year>), “<article-title>An examination of municipal audit delay</article-title>”, <source>Journal of Accounting and Public Policy</source>, Vol. <volume>21</volume> No. <issue>1</issue>, pp. <fpage>1</fpage>-<lpage>29</lpage>, doi: <pub-id pub-id-type="doi">10.1016/s0278-4254(02)00035-2</pub-id>.</mixed-citation></ref><ref id="ref033"><mixed-citation publication-type="journal"><person-group person-group-type="author"><string-name><surname>Peters</surname>, <given-names>G.</given-names></string-name> and <string-name><surname>Romi</surname>, <given-names>A.</given-names></string-name></person-group> (<year>2013</year>), “<article-title>Discretionary compliance with mandatory environmental disclosures: evidence from SEC filings</article-title>”, <source>Journal of Accounting and Public Policy</source>, Vol. <volume>32</volume> No. <issue>4</issue>, pp. <fpage>213</fpage>-<lpage>238</lpage>, doi: <pub-id pub-id-type="doi">10.1016/j.jaccpubpol.2013.04.004</pub-id>.</mixed-citation></ref><ref id="ref034"><mixed-citation publication-type="journal"><person-group person-group-type="author"><string-name><surname>Plummer</surname>, <given-names>E.</given-names></string-name>, <string-name><surname>Hutchison</surname>, <given-names>P.</given-names></string-name> and <string-name><surname>Patton</surname>, <given-names>T.</given-names></string-name></person-group> (<year>2007</year>), “<article-title>GASB No. 34's governmental financial reporting model: evidence on its information relevance</article-title>”, <source>The Accounting Review</source>, Vol. <volume>82</volume> No. <issue>1</issue>, pp. <fpage>205</fpage>-<lpage>240</lpage>, doi: <pub-id pub-id-type="doi">10.2308/accr.2007.82.1.205</pub-id>.</mixed-citation></ref><ref id="ref035"><mixed-citation publication-type="journal"><person-group person-group-type="author"><string-name><surname>Pridgen</surname>, <given-names>A.</given-names></string-name> and <string-name><surname>Wilder</surname>, <given-names>W.</given-names></string-name></person-group> (<year>2013</year>), “<article-title>Relevance of GASB No. 34 to financial reporting by municipal governments</article-title>”, <source>Accounting Horizons</source>, Vol. <volume>27</volume> No. <issue>2</issue>, pp. <fpage>175</fpage>-<lpage>204</lpage>, doi: <pub-id pub-id-type="doi">10.2308/acch-50377</pub-id>.</mixed-citation></ref><ref id="ref036"><mixed-citation publication-type="journal"><person-group person-group-type="author"><string-name><surname>Ragland</surname>, <given-names>L.</given-names></string-name></person-group> (<year>2017</year>), “<article-title>The association between compensated absences liabilities and interest cost on public school districts' general obligation bonds</article-title>”, <source>Accounting Horizons</source>, Vol. <volume>31</volume> No. <issue>1</issue>, pp. <fpage>37</fpage>-<lpage>55</lpage>, doi: <pub-id pub-id-type="doi">10.2308/acch-51595</pub-id>.</mixed-citation></ref><ref id="ref037"><mixed-citation publication-type="journal"><person-group person-group-type="author"><string-name><surname>Raman</surname>, <given-names>K.</given-names></string-name> and <string-name><surname>Wilson</surname>, <given-names>E.</given-names></string-name></person-group> (<year>1994</year>), “<article-title>Governmental audit procurement practices and seasoned bond prices</article-title>”, <source>The Accounting Review</source>, Vol. <volume>10</volume> No. <issue>1</issue>, pp. <fpage>517</fpage>-<lpage>538</lpage>.</mixed-citation></ref><ref id="ref038"><mixed-citation publication-type="journal"><person-group person-group-type="author"><string-name><surname>Reck</surname>, <given-names>J.</given-names></string-name> and <string-name><surname>Ragland</surname>, <given-names>L.</given-names></string-name></person-group> (<year>2022</year>), “<article-title>Deferred outflows of resources and deferred inflows of resources and municipal bond borrowing costs</article-title>”, <source>Journal of Accounting and Public Policy</source>, Vol. <volume>41</volume> No. <issue>1</issue>, pp. <fpage>1</fpage>-<lpage>17</lpage>.</mixed-citation></ref><ref id="ref039"><mixed-citation publication-type="journal"><person-group person-group-type="author"><string-name><surname>Reck</surname>, <given-names>J.</given-names></string-name> and <string-name><surname>Waymire</surname>, <given-names>T.</given-names></string-name></person-group> (<year>2020</year>), “<article-title>XBRL reporting by state and local governments, changes on the horizon</article-title>”, <source>CPA Journal</source>, <comment>available at:</comment> <ext-link ext-link-type="uri" xlink:href="https://www.cpajournal.com/2020/07/27/xbrl-reporting-by-state-and-local-governments">https://www.cpajournal.com/2020/07/27/xbrl-reporting-by-state-and-local-governments</ext-link></mixed-citation></ref><ref id="ref040"><mixed-citation publication-type="journal"><person-group person-group-type="author"><string-name><surname>Reck</surname>, <given-names>J.</given-names></string-name> and <string-name><surname>Wilson</surname>, <given-names>E.</given-names></string-name></person-group> (<year>2014</year>), “<article-title>The relative influence of fund-based and government-wide financial information on municipal bond borrowing costs</article-title>”, <source>Journal of Governmental and Nonprofit Accounting</source>, Vol. <volume>3</volume> No. <issue>1</issue>, pp. <fpage>35</fpage>-<lpage>57</lpage>, doi: <pub-id pub-id-type="doi">10.2308/ogna-50751</pub-id>.</mixed-citation></ref><ref id="ref041"><mixed-citation publication-type="journal"><person-group person-group-type="author"><string-name><surname>Rubin</surname>, <given-names>M.</given-names></string-name></person-group> (<year>1992</year>), “<article-title>Municipal selection of a state or external auditor for financial statement audits</article-title>”, <source>Journal of Accounting and Public Policy</source>, Vol. <volume>11</volume> No. <issue>2</issue>, pp. <fpage>155</fpage>-<lpage>178</lpage>, doi: <pub-id pub-id-type="doi">10.1016/0278-4254(92)90021-o</pub-id>.</mixed-citation></ref><ref id="ref042"><mixed-citation publication-type="journal"><person-group person-group-type="author"><string-name><surname>Sengupta</surname>, <given-names>P.</given-names></string-name></person-group> (<year>1998</year>), “<article-title>Corporate disclosure quality and the cost of debt</article-title>”, <source>The Accounting Review</source>, Vol. <volume>73</volume> No. <issue>4</issue>, pp. <fpage>459</fpage>-<lpage>474</lpage>.</mixed-citation></ref><ref id="ref043"><mixed-citation publication-type="journal"><person-group person-group-type="author"><string-name><surname>Sherrill</surname>, <given-names>D.</given-names></string-name> and <string-name><surname>Yerkes</surname>, <given-names>R.</given-names></string-name></person-group> (<year>2018</year>), “<article-title>Municipal disclosure timeliness and the cost of debt</article-title>”, <source>The Financial Review</source>, Vol. <volume>53</volume> No. <issue>1</issue>, pp. <fpage>51</fpage>-<lpage>86</lpage>, doi: <pub-id pub-id-type="doi">10.1111/fire.12142</pub-id>.</mixed-citation></ref><ref id="ref044"><mixed-citation publication-type="journal"><person-group person-group-type="author"><string-name><surname>Sneed</surname>, <given-names>C.</given-names></string-name> and <string-name><surname>Sneed</surname>, <given-names>J.</given-names></string-name></person-group> (<year>1999</year>), “<article-title>The differential effect of statement government funding practices on bond yields across varying maturities</article-title>”, <source>Research in Government and Nonprofit Accounting</source>, Vol. <volume>10</volume> No. <issue>1</issue>, pp. <fpage>33</fpage>-<lpage>47</lpage>.</mixed-citation></ref><ref id="ref045"><mixed-citation publication-type="journal"><person-group person-group-type="author"><string-name><surname>Snow</surname>, <given-names>N.</given-names></string-name> and <string-name><surname>Reck</surname>, <given-names>J.</given-names></string-name></person-group> (<year>2016</year>), “<article-title>Developing a government reporting taxonomy</article-title>”, <source>Journal of Information Systems</source>, Vol. <volume>30</volume> No. <issue>2</issue>, pp. <fpage>49</fpage>-<lpage>81</lpage>, doi: <pub-id pub-id-type="doi">10.2308/isys-51373</pub-id>.</mixed-citation></ref><ref id="ref046"><mixed-citation publication-type="journal"><person-group person-group-type="author"><string-name><surname>Sohl</surname>, <given-names>S.</given-names></string-name>, <string-name><surname>Waymire</surname>, <given-names>T.</given-names></string-name> and <string-name><surname>Webb</surname>, <given-names>T.</given-names></string-name></person-group> (<year>2018</year>), “<article-title>Determinants of bifurcated local government reporting lag: the potential for XBRL to improve timeliness</article-title>”, <source>Journal of Emerging Technologies in Accounting</source>, Vol. <volume>15</volume> No. <issue>1</issue>, pp. <fpage>121</fpage>-<lpage>140</lpage>, doi: <pub-id pub-id-type="doi">10.2308/jeta-52069</pub-id>.</mixed-citation></ref><ref id="ref047"><mixed-citation publication-type="journal"><person-group person-group-type="author"><string-name><surname>Sorensen</surname>, <given-names>E.</given-names></string-name></person-group> (<year>1980</year>), “<article-title>Bond ratings versus market risk premiums</article-title>”, <source>Journal of Portfolio Management</source>, Vol. <volume>6</volume> No. <issue>3</issue>, pp. <fpage>64</fpage>-<lpage>69</lpage>, doi: <pub-id pub-id-type="doi">10.3905/jpm.1980.408743</pub-id>.</mixed-citation></ref><ref id="ref048"><mixed-citation publication-type="journal"><person-group person-group-type="author"><collab>U.S. Securities and Exchange Commission (SEC)</collab></person-group> (<year>2012</year>), “<article-title>SEC recommends improvements to help investors in municipal securities market</article-title>”, <source>Press Release</source>, <comment>available at:</comment> <ext-link ext-link-type="uri" xlink:href="https://www.sec.gov/news/press-release/2012-2012-147htm">https://www.sec.gov/news/press-release/2012-2012-147htm</ext-link> (<comment>accessed</comment> <date-in-citation content-type="access-date">20 September 2021</date-in-citation>).</mixed-citation></ref><ref id="ref049"><mixed-citation publication-type="journal"><person-group person-group-type="author"><string-name><surname>Vermeer</surname>, <given-names>B.</given-names></string-name> and <string-name><surname>Styles</surname>, <given-names>A.</given-names></string-name></person-group> (<year>2019</year>), “<article-title>Online availability and accessibility of local government financial statements: is the public interest being served?</article-title>”, <source>Accounting and the Public Interest</source>, Vol. <volume>19</volume> No. <issue>1</issue>, pp. <fpage>57</fpage>-<lpage>82</lpage>, doi: <pub-id pub-id-type="doi">10.2308/apin-52579</pub-id>.</mixed-citation></ref><ref id="ref050"><mixed-citation publication-type="journal"><person-group person-group-type="author"><string-name><surname>Yebba</surname>, <given-names>A.</given-names></string-name> and <string-name><surname>Elder</surname>, <given-names>R.</given-names></string-name></person-group> (<year>2019</year>), “<article-title>The effects of state-level GAAP regulation on municipal audit markets, reporting quality, and audit fees</article-title>”, <source>Journal of Governmental and Nonprofit Accounting</source>, Vol. <volume>8</volume> No. <issue>1</issue>, pp. <fpage>36</fpage>-<lpage>74</lpage>, doi: <pub-id pub-id-type="doi">10.2308/ogna-52541</pub-id>.</mixed-citation></ref></ref-list><ref-list id="refs2"><title>Further reading</title><ref id="ref051"><mixed-citation publication-type="web"><person-group person-group-type="author"><collab>U.S. Securities and Exchange Commission (SEC)</collab></person-group> (<year>2018</year>), “<article-title>The municipal securities market</article-title>”, <comment>Investor Bulletin, Feb. 1, 2018, available at:</comment> <ext-link ext-link-type="uri" xlink:href="https://www.sec.gov/oiea/investor-alerts-and-bulletins/ib_munibondsmarket">https://www.sec.gov/oiea/investor-alerts-and-bulletins/ib_munibondsmarket</ext-link> (<comment>accessed</comment> <date-in-citation content-type="access-date">14 September 2021</date-in-citation>).</mixed-citation></ref><ref id="ref052"><mixed-citation publication-type="web"><person-group person-group-type="author"><collab>U.S. Securities and Exchange Commission (SEC)</collab></person-group> (<year>2020</year>), “<article-title>The importance of disclosure for our municipal markets</article-title>”, <comment>May 4, 2020. Public Statement, available at:</comment> <ext-link ext-link-type="uri" xlink:href="https:///www.sec.gov/news/public-statement/statement-clayton-olsen-2020-05-04">https:///www.sec.gov/news/public-statement/statement-clayton-olsen-2020-05-04</ext-link> (<comment>accessed</comment> <date-in-citation content-type="access-date">24 September 2021</date-in-citation>).</mixed-citation></ref></ref-list></back></article>