<?xml version="1.0" encoding="UTF-8"?>
<!DOCTYPE article PUBLIC "-//NLM//DTD JATS (Z39.96) Journal Archiving and Interchange DTD with MathML3 v1.1d1 20130915//EN" "JATS-archivearticle1-mathml3.dtd"><article xmlns:mml="http://www.w3.org/1998/Math/MathML" xmlns:xsi="http://www.w3.org/2001/XMLSchema-instance" xmlns:xlink="http://www.w3.org/1999/xlink" article-type="research-article" dtd-version="1.1d1" xml:lang="en"><front id="meta-hdr"><journal-meta><journal-id journal-id-type="publisher-id">JPBAFM</journal-id><journal-id journal-id-type="doi">10.1108/JPBAFM</journal-id><journal-title-group><journal-title>Journal of Public Budgeting, Accounting &amp; Financial Management</journal-title><abbrev-journal-title abbrev-type="publisher">JPBAFM</abbrev-journal-title></journal-title-group><issn publication-format="print">1096-3367</issn><issn publication-format="online">1945-1814</issn><publisher><publisher-name>Emerald Publishing Limited</publisher-name></publisher></journal-meta><article-meta id="art-meta"><article-id pub-id-type="publisher-id">726055</article-id><article-id pub-id-type="doi">10.1108/JPBAFM-01-2024-0003</article-id><article-id pub-id-type="original-pdf">JPBAFM-01-2024-0003.pdf</article-id><article-id pub-id-type="filename">JPBAFM-01-2024-0003</article-id><article-categories><subj-group subj-group-type="type-of-publication"><compound-subject><compound-subject-part content-type="code">research-article</compound-subject-part><compound-subject-part content-type="label">Research paper</compound-subject-part></compound-subject></subj-group><subj-group subj-group-type="subject"><compound-subject><compound-subject-part content-type="code">cat-ACF</compound-subject-part><compound-subject-part content-type="label">Accounting &amp; finance</compound-subject-part></compound-subject></subj-group><subj-group subj-group-type="subject"><compound-subject><compound-subject-part content-type="code"/><compound-subject-part content-type="label">Accounting/accountancy</compound-subject-part></compound-subject></subj-group><subj-group subj-group-type="subject"><compound-subject><compound-subject-part content-type="code"/><compound-subject-part content-type="label">Accounting methods/systems</compound-subject-part></compound-subject></subj-group><subj-group subj-group-type="subject"><compound-subject><compound-subject-part content-type="code"/><compound-subject-part content-type="label">Economics</compound-subject-part></compound-subject></subj-group><subj-group subj-group-type="subject"><compound-subject><compound-subject-part content-type="code"/><compound-subject-part content-type="label">Public finance/economics</compound-subject-part></compound-subject></subj-group></article-categories><title-group><article-title xml:lang="en">Does the balance matter? The gender within government and municipal indebtedness</article-title></title-group><contrib-group><contrib contrib-type="author" corresp="yes"><contrib-id contrib-id-type="orcid">https://orcid.org/0000-0001-9081-1701</contrib-id><name-alternatives><name name-style="western"><surname>Cabaleiro</surname><given-names>Roberto</given-names></name><string-name name-style="western"><given-names>Roberto</given-names> <surname>Cabaleiro</surname></string-name></name-alternatives><email>rcab@uvigo.es</email><xref ref-type="aff" rid="aff1"/></contrib><contrib contrib-type="author"><name-alternatives><name name-style="western"><surname>Buch</surname><given-names>Enrique</given-names></name><string-name name-style="western"><given-names>Enrique</given-names> <surname>Buch</surname></string-name></name-alternatives><email>ebuch@uvigo.es</email><xref ref-type="aff" rid="aff2"/></contrib><aff id="aff1">Department of Financial Economics and Accounting, <institution-wrap><institution>University of Vigo</institution></institution-wrap>, Vigo, <country country="ES">Spain</country></aff><aff id="aff2"><institution-wrap><institution>University of Vigo</institution></institution-wrap>, Vigo, <country country="ES">Spain</country></aff></contrib-group><author-notes><corresp id="cor1">Roberto Cabaleiro can be contacted at: <ext-link ext-link-type="email" xlink:href="mailto:rcab@uvigo.es">rcab@uvigo.es</ext-link></corresp></author-notes><pub-date publication-format="electronic" date-type="pub" iso-8601-date="2024-07-09"><day>09</day><month>07</month><year>2024</year></pub-date><pub-date publication-format="print" date-type="pub" iso-8601-date="2024-08-07"><day>07</day><month>08</month><year>2024</year></pub-date><volume>36</volume><issue>4</issue><fpage>536</fpage><lpage>560</lpage><history><date date-type="received" iso-8601-date="2024-01-09"><day>09</day><month>01</month><year>2024</year></date><date date-type="revised" iso-8601-date="2024-04-05"><day>05</day><month>04</month><year>2024</year></date><date date-type="revised" iso-8601-date="2024-06-17"><day>17</day><month>06</month><year>2024</year></date><date date-type="accepted" iso-8601-date="2024-06-21"><day>21</day><month>06</month><year>2024</year></date></history><permissions><copyright-statement>© Emerald Publishing Limited</copyright-statement><copyright-year>2024</copyright-year><copyright-holder>Emerald Publishing Limited</copyright-holder><license license-type="publisher"><license-p>Licensed re-use rights only</license-p></license></permissions><self-uri content-type="pdf" xlink:href="JPBAFM-01-2024-0003.pdf"/><abstract abstract-type="structured" id="abstr1" xml:lang="en"><sec><title content-type="abstract-subheading">Purpose</title><p>It was to investigate whether gender diversity – gender balance – within political municipal government teams affected the municipal indebtedness. Government ideology, the gender of the mayor and the wealth of the municipal environment were considered as moderators.</p></sec><sec><title content-type="abstract-subheading">Design/methodology/approach</title><p>We used GMM estimators on two dynamic models and a sample of 144 Spanish municipalities with more than 50,000 inhabitants for the period 2013–2022.</p></sec><sec><title content-type="abstract-subheading">Findings</title><p>Gender diversity within government teams reduces the municipal debt. Furthermore, the government right-wing ideology and the female gender of the mayor are robust moderators of the effects of the gender diversity within government teams on institutional indebtedness.</p></sec><sec><title content-type="abstract-subheading">Research limitations/implications</title><p>The differences in financial autonomy and powers to apply public policies by municipalities in the different countries, as well as some differential aspects within the right-wing ideological spectrum, may condition our findings. Within relational demography, gender diversity impacts municipal performance, opening the way to explore other relations in future research.</p></sec><sec><title content-type="abstract-subheading">Practical implications</title><p>The tendency to implement legislation to try to achieve high gender balances within political decision-making bodies generates higher gender diversity, and our research shows that it leads to a better financial performance, a matter of transcendental importance for EU, credit rating agencies, and lenders.</p></sec><sec><title content-type="abstract-subheading">Originality/value</title><p>This study provides new knowledge about the effect of gender within political decision-making bodies on municipal budgetary management. It is the first research analysing the impact of gender balance in the strict sense within decision-making bodies on municipal indebtedness.</p></sec></abstract><kwd-group kwd-group-type="author-generated" xml:lang="en"><kwd>Debt</kwd><x xml:space="preserve">, </x><kwd>Gender</kwd><x xml:space="preserve">, </x><kwd>Diversity</kwd><x xml:space="preserve">, </x><kwd>Municipalities</kwd></kwd-group><counts><fig-count count="1"/><table-count count="4"/><equation-count count="2"/><ref-count count="82"/><page-count count="25"/><word-count count="11099"/></counts><custom-meta-group><custom-meta><meta-name>peer-reviewed</meta-name><meta-value>Yes</meta-value></custom-meta><custom-meta><meta-name>academic-content</meta-name><meta-value>Yes</meta-value></custom-meta><custom-meta><meta-name>EContentType</meta-name><meta-value>Journal</meta-value></custom-meta><custom-meta><meta-name>rightslink</meta-name><meta-value>included</meta-value></custom-meta></custom-meta-group></article-meta></front><back><ref-list id="refs1"><title>References</title><ref id="ref001"><mixed-citation publication-type="journal"><person-group person-group-type="author"><string-name><surname>Alesina</surname>, <given-names>A.</given-names></string-name> and <string-name><surname>La Ferrara</surname>, <given-names>E.</given-names></string-name></person-group> (<year>2005</year>), “<article-title>Preferences for redistribution in the land of opportunities</article-title>”, <source>Journal of Public Economics</source>, Vol. <volume>89</volume> Nos <issue>5-6</issue>, pp. <fpage>897</fpage>-<lpage>931</lpage>, doi: <pub-id pub-id-type="doi">10.1016/j.jpubeco.2004.05.009</pub-id>.</mixed-citation></ref><ref id="ref002"><mixed-citation publication-type="journal"><person-group person-group-type="author"><string-name><surname>Alesina</surname>, <given-names>A.</given-names></string-name> and <string-name><surname>Tabellini</surname>, <given-names>G.</given-names></string-name></person-group> (<year>1990</year>), “<article-title>A positive theory of fiscal deficits and government debt</article-title>”, <source>Review of Economic Studies</source>, Vol. <volume>57</volume> No. <issue>3</issue>, pp. <fpage>403</fpage>-<lpage>414</lpage>, doi: <pub-id pub-id-type="doi">10.2307/2298021</pub-id>.</mixed-citation></ref><ref id="ref003"><mixed-citation publication-type="journal"><person-group person-group-type="author"><string-name><surname>Alvarez</surname>, <given-names>R.</given-names></string-name> and <string-name><surname>McCaffery</surname>, <given-names>E.</given-names></string-name></person-group> (<year>2003</year>), “<article-title>Are there sex differences in fiscal political preferences?</article-title>”, <source>Political Research Quarterly</source>, Vol. <volume>56</volume> No. <issue>1</issue>, pp. <fpage>5</fpage>-<lpage>17</lpage>, doi: <pub-id pub-id-type="doi">10.1177/106591290305600101</pub-id>.</mixed-citation></ref><ref id="ref004"><mixed-citation publication-type="journal"><person-group person-group-type="author"><string-name><surname>Andina-Díaz</surname>, <given-names>A.</given-names></string-name>, <string-name><surname>Penalva-Planelles</surname>, <given-names>P.</given-names></string-name> and <string-name><surname>Socorro Puy</surname>, <given-names>M.</given-names></string-name></person-group> (<year>2020</year>), “<article-title>Women's preferences for social spending: theory and evidence from Spanish political representatives</article-title>”, <source>Hacienda Pública Española/Review of Public Economics</source>, Vol. <volume>235</volume> No. <issue>5</issue>, pp. <fpage>119</fpage>-<lpage>151</lpage>.</mixed-citation></ref><ref id="ref005"><mixed-citation publication-type="journal"><person-group person-group-type="author"><string-name><surname>Arellano</surname>, <given-names>M.</given-names></string-name> and <string-name><surname>Bover</surname>, <given-names>O.</given-names></string-name></person-group> (<year>1995</year>), “<article-title>Another look at the instrumental variable estimation of error-components models</article-title>”, <source>Journal of Econometric</source>, Vol. <volume>68</volume> No. <issue>1</issue>, pp. <fpage>29</fpage>-<lpage>51</lpage>, doi: <pub-id pub-id-type="doi">10.1016/0304-4076(94)01642-d</pub-id>.</mixed-citation></ref><ref id="ref006"><mixed-citation publication-type="journal"><person-group person-group-type="author"><string-name><surname>Ashworth</surname>, <given-names>J.</given-names></string-name>, <string-name><surname>Geys</surname>, <given-names>B.</given-names></string-name> and <string-name><surname>Heyndels</surname>, <given-names>B.</given-names></string-name></person-group> (<year>2005</year>), “<article-title>Government weakness and local public debt development in Flemish municipalities</article-title>”, <source>International Tax and Public Finance</source>, Vol. <volume>12</volume> No. <issue>4</issue>, pp. <fpage>395</fpage>-<lpage>422</lpage>, doi: <pub-id pub-id-type="doi">10.1007/s10797-005-2317-3</pub-id>.</mixed-citation></ref><ref id="ref007"><mixed-citation publication-type="journal"><person-group person-group-type="author"><string-name><surname>Balaguer-Coll</surname>, <given-names>M.T.</given-names></string-name> and <string-name><surname>Toneva</surname>, <given-names>M.I.</given-names></string-name></person-group> (<year>2019</year>), “<article-title>The importance of spatial effects in municipal debt</article-title>”, <source>Spanish Accounting Review</source>, Vol. <volume>22</volume> No. <issue>1</issue>, pp. <fpage>61</fpage>-<lpage>72</lpage>, doi: <pub-id pub-id-type="doi">10.6018/rc-sar.22.1.354311</pub-id>.</mixed-citation></ref><ref id="ref008"><mixed-citation publication-type="journal"><person-group person-group-type="author"><string-name><surname>Balaguer-Coll</surname>, <given-names>M.T.</given-names></string-name>, <string-name><surname>Prior</surname>, <given-names>D.</given-names></string-name> and <string-name><surname>Tortosa-Ausina</surname>, <given-names>E.</given-names></string-name></person-group> (<year>2016</year>), “<article-title>On the determinants of local government debt: does one size fit all?</article-title>”, <source>International Public Management Journal</source>, Vol. <volume>19</volume> No. <issue>4</issue>, pp. <fpage>513</fpage>-<lpage>542</lpage>, doi: <pub-id pub-id-type="doi">10.1080/10967494.2015.1104403</pub-id>.</mixed-citation></ref><ref id="ref009"><mixed-citation publication-type="journal"><person-group person-group-type="author"><string-name><surname>Barnes</surname>, <given-names>T.</given-names></string-name> and <string-name><surname>Cassese</surname>, <given-names>E.</given-names></string-name></person-group> (<year>2017</year>), “<article-title>American party women: a look at the gender gap within parties</article-title>”, <source>Political Research Quarterly</source>, Vol. <volume>70</volume> No. <issue>1</issue>, pp. <fpage>127</fpage>-<lpage>141</lpage>, doi: <pub-id pub-id-type="doi">10.1177/1065912916675738</pub-id>.</mixed-citation></ref><ref id="ref010"><mixed-citation publication-type="journal"><person-group person-group-type="author"><string-name><surname>Baum</surname>, <given-names>C.F.</given-names></string-name>, <string-name><surname>Schaffer</surname>, <given-names>M.E.</given-names></string-name> and <string-name><surname>Stillman</surname>, <given-names>S.</given-names></string-name></person-group> (<year>2003</year>), “<article-title>Instrumental variables and GMM: estimation and testing</article-title>”, <source>The Stata Journal</source>, Vol. <volume>3</volume> No. <issue>1</issue>, pp. <fpage>1</fpage>-<lpage>31</lpage>, doi: <pub-id pub-id-type="doi">10.1177/1536867x0300300101</pub-id>.</mixed-citation></ref><ref id="ref011"><mixed-citation publication-type="journal"><person-group person-group-type="author"><string-name><surname>Benito</surname>, <given-names>B.</given-names></string-name> and <string-name><surname>Bastida</surname>, <given-names>F.</given-names></string-name></person-group> (<year>2004</year>), “<article-title>The determinants of the municipal debt policy in Spain</article-title>”, <source>Journal of Public Budgeting, Accounting and Financial Management</source>, Vol. <volume>16</volume> No. <issue>4</issue>, pp. <fpage>492</fpage>-<lpage>525</lpage>, doi: <pub-id pub-id-type="doi">10.1108/jpbafm-16-04-2004-b002</pub-id>.</mixed-citation></ref><ref id="ref012"><mixed-citation publication-type="journal"><person-group person-group-type="author"><string-name><surname>Benito</surname>, <given-names>B.</given-names></string-name>, <string-name><surname>Guillamón</surname>, <given-names>M.</given-names></string-name> and <string-name><surname>Bastida</surname>, <given-names>F.</given-names></string-name></person-group> (<year>2015</year>), “<article-title>Budget forecast deviations in municipal governments: determinants and implications</article-title>”, <source>Australian Accounting Review</source>, Vol. <volume>25</volume> No. <issue>1</issue>, pp. <fpage>45</fpage>-<lpage>70</lpage>, doi: <pub-id pub-id-type="doi">10.1111/auar.12071</pub-id>.</mixed-citation></ref><ref id="ref013"><mixed-citation publication-type="journal"><person-group person-group-type="author"><string-name><surname>Bhalotra</surname>, <given-names>S.</given-names></string-name> and <string-name><surname>Clots-Figueras</surname>, <given-names>I.</given-names></string-name></person-group> (<year>2014</year>), “<article-title>Health and the political agency of women</article-title>”, <source>American Economic Journal: Economic Policy</source>, Vol. <volume>6</volume> No. <issue>2</issue>, pp. <fpage>164</fpage>-<lpage>197</lpage>, doi: <pub-id pub-id-type="doi">10.1257/pol.6.2.164</pub-id>.</mixed-citation></ref><ref id="ref014"><mixed-citation publication-type="book"><person-group person-group-type="author"><string-name><surname>Blau</surname>, <given-names>P.M.</given-names></string-name></person-group> (<year>1977</year>), <source>Inequality and Heterogeneity: A Primitive Theory of Social Structure</source>, <publisher-name>Free Press</publisher-name>, <publisher-loc>New York</publisher-loc>.</mixed-citation></ref><ref id="ref015"><mixed-citation publication-type="journal"><person-group person-group-type="author"><string-name><surname>Blundell</surname>, <given-names>R.</given-names></string-name> and <string-name><surname>Bond</surname>, <given-names>S.</given-names></string-name></person-group> (<year>1998</year>), “<article-title>Initial conditions and moment restrictions in dynamic panel data models</article-title>”, <source>Journal of Econometrics</source>, Vol. <volume>87</volume> No. <issue>1</issue>, pp. <fpage>115</fpage>-<lpage>143</lpage>, doi: <pub-id pub-id-type="doi">10.1016/s0304-4076(98)00009-8</pub-id>.</mixed-citation></ref><ref id="ref016"><mixed-citation publication-type="journal"><person-group person-group-type="author"><string-name><surname>Brender</surname>, <given-names>A.</given-names></string-name> and <string-name><surname>Drazen</surname>, <given-names>A.</given-names></string-name></person-group> (<year>2005</year>), “<article-title>Political budget cycles in new versus established democracies</article-title>”, <source>Journal of Monetary Economics</source>, Vol. <volume>52</volume> No. <issue>7</issue>, pp. <fpage>1271</fpage>-<lpage>1295</lpage>, doi: <pub-id pub-id-type="doi">10.1016/j.jmoneco.2005.04.004</pub-id>.</mixed-citation></ref><ref id="ref017"><mixed-citation publication-type="journal"><person-group person-group-type="author"><string-name><surname>Brusca</surname>, <given-names>I.</given-names></string-name>, <string-name><surname>Rossi</surname>, <given-names>F.M.</given-names></string-name> and <string-name><surname>Aversano</surname>, <given-names>N.</given-names></string-name></person-group> (<year>2015</year>), “<article-title>Drivers for the financial condition of local government: a comparative study between Italy and Spain</article-title>”, <source>Lex Localis-Journal of Local Self-Government</source>, Vol. <volume>13</volume> No. <issue>2</issue>, pp. <fpage>161</fpage>-<lpage>184</lpage>, doi: <pub-id pub-id-type="doi">10.4335/13.2.161-184(2015)</pub-id>.</mixed-citation></ref><ref id="ref018"><mixed-citation publication-type="journal"><person-group person-group-type="author"><string-name><surname>Buettner</surname>, <given-names>T.</given-names></string-name> and <string-name><surname>Wildasin</surname>, <given-names>D.E.</given-names></string-name></person-group> (<year>2006</year>), “<article-title>The dynamics of municipal fiscal adjustment</article-title>”, <source>Journal of Public Economics</source>, Vol. <volume>90</volume> Nos <issue>6-7</issue>, pp. <fpage>1115</fpage>-<lpage>1132</lpage>, doi: <pub-id pub-id-type="doi">10.1016/j.jpubeco.2005.09.002</pub-id>.</mixed-citation></ref><ref id="ref019"><mixed-citation publication-type="journal"><person-group person-group-type="author"><string-name><surname>Cabaleiro</surname>, <given-names>R.</given-names></string-name> and <string-name><surname>Buch</surname>, <given-names>E.</given-names></string-name></person-group> (<year>2023</year>), “<article-title>Gender diversity in municipal governmental bodies and budgetary solvency</article-title>”, <source>Spanish Accounting Review</source>, Vol. <volume>26</volume> No. <issue>2</issue>, pp. <fpage>315</fpage>-<lpage>329</lpage>, doi: <pub-id pub-id-type="doi">10.6018/rcsar.483041</pub-id>.</mixed-citation></ref><ref id="ref020"><mixed-citation publication-type="journal"><person-group person-group-type="author"><string-name><surname>Cabaleiro-Casal</surname>, <given-names>R.</given-names></string-name> and <string-name><surname>Buch-Gómez</surname>, <given-names>E.</given-names></string-name></person-group> (<year>2020</year>), “<article-title>Women in Spanish municipal councils and budgetary policies</article-title>”, <source>Urban Affairs Review</source>, Vol. <volume>56</volume> No. <issue>6</issue>, pp. <fpage>1715</fpage>-<lpage>1745</lpage>, doi: <pub-id pub-id-type="doi">10.1177/1078087419869844</pub-id>.</mixed-citation></ref><ref id="ref021"><mixed-citation publication-type="journal"><person-group person-group-type="author"><string-name><surname>Cabaleiro-Casal</surname>, <given-names>R.</given-names></string-name> and <string-name><surname>Buch-Gómez</surname>, <given-names>E.</given-names></string-name></person-group> (<year>2021</year>), “<article-title>Female politicians in municipal councils and fiscal performance</article-title>”, <source>Economics and Politics</source>, Vol. <volume>33</volume> No. <issue>2</issue>, pp. <fpage>289</fpage>-<lpage>314</lpage>, doi: <pub-id pub-id-type="doi">10.1111/ecpo.12171</pub-id>.</mixed-citation></ref><ref id="ref022"><mixed-citation publication-type="journal"><person-group person-group-type="author"><string-name><surname>Cepiku</surname>, <given-names>D.</given-names></string-name> and <string-name><surname>Mastrodascio</surname>, <given-names>M.</given-names></string-name></person-group> (<year>2020</year>), “<article-title>Leadership and performance in intermunicipal networks</article-title>”, <source>Journal of Public Budgeting, Accounting and Financial Management</source>, Vol. <volume>32</volume> No. <issue>2</issue>, pp. <fpage>177</fpage>-<lpage>196</lpage>, doi: <pub-id pub-id-type="doi">10.1108/jpbafm-02-2019-0019</pub-id>.</mixed-citation></ref><ref id="ref023"><mixed-citation publication-type="journal"><person-group person-group-type="author"><string-name><surname>Chattopadhyay</surname>, <given-names>R.</given-names></string-name> and <string-name><surname>Duflo</surname>, <given-names>E.</given-names></string-name></person-group> (<year>2004</year>), “<article-title>Women as policy makers: evidence from a randomized policy experiment in India</article-title>”, <source>Econometrica</source>, Vol. <volume>72</volume> No. <issue>5</issue>, pp. <fpage>1409</fpage>-<lpage>1443</lpage>, doi: <pub-id pub-id-type="doi">10.1111/j.1468-0262.2004.00539.x</pub-id>.</mixed-citation></ref><ref id="ref024"><mixed-citation publication-type="journal"><person-group person-group-type="author"><string-name><surname>Chowdhury</surname>, <given-names>S.</given-names></string-name></person-group> (<year>2005</year>), “<article-title>Demographic diversity for building an effective entrepreneurial team: is it important?</article-title>”, <source>Journal of Business Venturing</source>, Vol. <volume>20</volume> No. <issue>6</issue>, pp. <fpage>727</fpage>-<lpage>746</lpage>, doi: <pub-id pub-id-type="doi">10.1016/j.jbusvent.2004.07.001</pub-id>.</mixed-citation></ref><ref id="ref025"><mixed-citation publication-type="book-chapter"><person-group person-group-type="author"><string-name><surname>Couture</surname>, <given-names>J.</given-names></string-name> and <string-name><surname>Imbeau</surname>, <given-names>L.M.</given-names></string-name></person-group> (<year>2009</year>), “<chapter-title>Do governments manipulate their revenue forecasts? Budget speech and budget outcomes in the Canadian provinces</chapter-title>”, in <person-group person-group-type="editor"><string-name><surname>Imbeau</surname>, <given-names>L.</given-names></string-name></person-group> (Ed.), <source>Do They Walk like They Talk? Studies in Public Choice</source>, <publisher-name>Springer</publisher-name>, <publisher-loc>New York, NY</publisher-loc>, Vol. <volume>15</volume>, pp. <fpage>155</fpage>-<lpage>166</lpage>, doi: <pub-id pub-id-type="doi">10.1007/978-0-387-89672-4_9</pub-id>.</mixed-citation></ref><ref id="ref026"><mixed-citation publication-type="journal"><person-group person-group-type="author"><string-name><surname>Cuadrado-Ballesteros</surname>, <given-names>B.</given-names></string-name>, <string-name><surname>Guillamón</surname>, <given-names>M.D.</given-names></string-name> and <string-name><surname>Ríos</surname>, <given-names>A.M.</given-names></string-name></person-group> (<year>2022</year>), “<article-title>Does gender matter in budget deviations? An empirical assessment of Spanish local governments</article-title>”, <source>Public Management Review</source>, Vol. <volume>24</volume> No. <issue>10</issue>, pp. <fpage>1521</fpage>-<lpage>1544</lpage>, doi: <pub-id pub-id-type="doi">10.1080/14719037.2021.1912816</pub-id>.</mixed-citation></ref><ref id="ref027"><mixed-citation publication-type="journal"><person-group person-group-type="author"><string-name><surname>Cuadrado-Ballesteros</surname>, <given-names>B.</given-names></string-name>, <string-name><surname>Ríos</surname>, <given-names>A.M.</given-names></string-name> and <string-name><surname>Guillamón</surname>, <given-names>M.D.</given-names></string-name></person-group> (<year>2024</year>), “<article-title>Does gender explain the indebtedness levels of local governments?</article-title>”, <source>Public Performance and Management Review</source>, Vol. <volume>47</volume> No. <issue>1</issue>, pp. <fpage>147</fpage>-<lpage>173</lpage>, doi: <pub-id pub-id-type="doi">10.1080/15309576.2023.2269398</pub-id>.</mixed-citation></ref><ref id="ref028"><mixed-citation publication-type="journal"><person-group person-group-type="author"><string-name><surname>de Geus</surname>, <given-names>R.A.</given-names></string-name> and <string-name><surname>Shorrocks</surname>, <given-names>R.</given-names></string-name></person-group> (<year>2020</year>), “<article-title>Where do female conservatives stand? A cross-national analysis of the issue positions and ideological placement of female right-wing candidates</article-title>”, <source>Journal of Women, Politics and Policy</source>, Vol. <volume>41</volume> No. <issue>1</issue>, pp. <fpage>7</fpage>-<lpage>35</lpage>, doi: <pub-id pub-id-type="doi">10.4324/9781003323228-2</pub-id>.</mixed-citation></ref><ref id="ref029"><mixed-citation publication-type="journal"><person-group person-group-type="author"><string-name><surname>De Haan</surname>, <given-names>J.</given-names></string-name> and <string-name><surname>Sturm</surname>, <given-names>J.E.</given-names></string-name></person-group> (<year>1994</year>), “<article-title>Political and institutional determinants of fiscal policy in the European Community</article-title>”, <source>Public Choice</source>, Vol. <volume>80</volume> Nos <issue>1-2</issue>, pp. <fpage>157</fpage>-<lpage>172</lpage>, doi: <pub-id pub-id-type="doi">10.1007/bf01047953</pub-id>.</mixed-citation></ref><ref id="ref030"><mixed-citation publication-type="journal"><person-group person-group-type="author"><string-name><surname>Dildar</surname>, <given-names>S.</given-names></string-name> and <string-name><surname>Amjad</surname>, <given-names>N.</given-names></string-name></person-group> (<year>2017</year>), “<article-title>Gender differences in conflict resolution styles (CRS) in different roles: a systematic review</article-title>”, <source>Pakistan Journal of Social and Clinical Psychology</source>, Vol. <volume>15</volume> No. <issue>2</issue>, pp. <fpage>37</fpage>-<lpage>41</lpage>.</mixed-citation></ref><ref id="ref031"><mixed-citation publication-type="journal"><person-group person-group-type="author"><string-name><surname>Dohmen</surname>, <given-names>T.</given-names></string-name>, <string-name><surname>Falk</surname>, <given-names>A.</given-names></string-name>, <string-name><surname>Huffman</surname>, <given-names>D.</given-names></string-name>, <string-name><surname>Sunde</surname>, <given-names>U.</given-names></string-name>, <string-name><surname>Schupp</surname>, <given-names>J.</given-names></string-name> and <string-name><surname>Wagner</surname>, <given-names>G.G.</given-names></string-name></person-group> (<year>2011</year>), “<article-title>Individual risk attitudes: measurement, determinants, and behavioral consequences</article-title>”, <source>Journal of the European Economic Association</source>, Vol. <volume>9</volume> No. <issue>3</issue>, pp. <fpage>522</fpage>-<lpage>550</lpage>, doi: <pub-id pub-id-type="doi">10.1111/j.1542-4774.2011.01015.x</pub-id>.</mixed-citation></ref><ref id="ref032"><mixed-citation publication-type="journal"><person-group person-group-type="author"><string-name><surname>Dovis</surname>, <given-names>A.</given-names></string-name> and <string-name><surname>Kirpalani</surname>, <given-names>R.</given-names></string-name></person-group> (<year>2020</year>), “<article-title>Fiscal rules, bailouts, and reputation in federal governments</article-title>”, <source>American Economic Review</source>, Vol. <volume>110</volume> No. <issue>3</issue>, pp. <fpage>860</fpage>-<lpage>888</lpage>, doi: <pub-id pub-id-type="doi">10.1257/aer.20181432</pub-id>.</mixed-citation></ref><ref id="ref033"><mixed-citation publication-type="journal"><person-group person-group-type="author"><string-name><surname>Duflo</surname>, <given-names>E.</given-names></string-name></person-group> (<year>2012</year>), “<article-title>Women empowerment and economic development</article-title>”, <source>Journal of Economic Literature</source>, Vol. <volume>50</volume> No. <issue>4</issue>, pp. <fpage>1051</fpage>-<lpage>1079</lpage>, doi: <pub-id pub-id-type="doi">10.1257/jel.50.4.1051</pub-id>.</mixed-citation></ref><ref id="ref034"><mixed-citation publication-type="journal"><person-group person-group-type="author"><string-name><surname>Easterly</surname>, <given-names>W.</given-names></string-name> and <string-name><surname>Rebelo</surname>, <given-names>S.</given-names></string-name></person-group> (<year>1993</year>), “<article-title>Fiscal policy and economic growth</article-title>”, <source>Journal of Monetary Economics</source>, Vol. <volume>32</volume> No. <issue>3</issue>, pp. <fpage>417</fpage>-<lpage>458</lpage>, doi: <pub-id pub-id-type="doi">10.1016/0304-3932(93)90025-b</pub-id>.</mixed-citation></ref><ref id="ref035"><mixed-citation publication-type="journal"><person-group person-group-type="author"><string-name><surname>Eslava</surname>, <given-names>M.</given-names></string-name></person-group> (<year>2011</year>), “<article-title>The political economy of fiscal deficits: a survey</article-title>”, <source>Journal of Economic Surveys</source>, Vol. <volume>25</volume> No. <issue>4</issue>, pp. <fpage>645</fpage>-<lpage>673</lpage>, doi: <pub-id pub-id-type="doi">10.1111/j.1467-6419.2010.00647.x</pub-id>.</mixed-citation></ref><ref id="ref036"><mixed-citation publication-type="web"><person-group person-group-type="author"><collab>European Commission</collab></person-group> (<year>2023</year>), “<article-title>Debt sustainability monitor 2022</article-title>”, <comment>Institutional Paper 199 of Economic and Financial Affairs, Publications Office of the European Union, Luxembourg, available at:</comment> <ext-link ext-link-type="uri" xlink:href="https://economy-finance.ec.europa.eu/publications/debt-sustainability-monitor-2022_en">https://economy-finance.ec.europa.eu/publications/debt-sustainability-monitor-2022_en</ext-link></mixed-citation></ref><ref id="ref037"><mixed-citation publication-type="journal"><person-group person-group-type="author"><string-name><surname>Fallan</surname>, <given-names>L.</given-names></string-name></person-group> (<year>1999</year>), “<article-title>Gender, exposure to tax knowledge, and attitudes towards taxation: an experimental approach</article-title>”, <source>Journal of Business Ethics</source>, Vol. <volume>18</volume> No. <issue>2</issue>, pp. <fpage>173</fpage>-<lpage>184</lpage>, doi: <pub-id pub-id-type="doi">10.1023/a:1005711905297</pub-id>.</mixed-citation></ref><ref id="ref038"><mixed-citation publication-type="journal"><person-group person-group-type="author"><string-name><surname>Farrell</surname>, <given-names>C.</given-names></string-name> and <string-name><surname>Titcombe</surname>, <given-names>S.</given-names></string-name></person-group> (<year>2016</year>), “<article-title>Gender and the experiences of local elected members–A focus on Wales</article-title>”, <source>Local Government Studies</source>, Vol. <volume>42</volume> No. <issue>6</issue>, pp. <fpage>867</fpage>-<lpage>884</lpage>, doi: <pub-id pub-id-type="doi">10.1080/03003930.2016.1207629</pub-id>.</mixed-citation></ref><ref id="ref039"><mixed-citation publication-type="journal"><person-group person-group-type="author"><string-name><surname>Ferreira</surname>, <given-names>F.</given-names></string-name> and <string-name><surname>Gyourko</surname>, <given-names>J.</given-names></string-name></person-group> (<year>2009</year>), “<article-title>Do political parties matter? Evidence from US cities</article-title>”, <source>Quarterly Journal of Economics</source>, Vol. <volume>124</volume> No. <issue>1</issue>, pp. <fpage>399</fpage>-<lpage>422</lpage>, doi: <pub-id pub-id-type="doi">10.1162/qjec.2009.124.1.399</pub-id>.</mixed-citation></ref><ref id="ref040"><mixed-citation publication-type="journal"><person-group person-group-type="author"><string-name><surname>Geys</surname>, <given-names>B.</given-names></string-name> and <string-name><surname>Revelli</surname>, <given-names>F.</given-names></string-name></person-group> (<year>2011</year>), “<article-title>Economic and political foundations of local tax structures: an empirical investigation of the tax mix of Flemish municipalities</article-title>”, <source>Environment and Planning C: Government and Policy</source>, Vol. <volume>29</volume> No. <issue>3</issue>, pp. <fpage>410</fpage>-<lpage>427</lpage>, doi: <pub-id pub-id-type="doi">10.1068/c10116r</pub-id>.</mixed-citation></ref><ref id="ref041"><mixed-citation publication-type="journal"><person-group person-group-type="author"><string-name><surname>Gras</surname>, <given-names>E.</given-names></string-name>, <string-name><surname>Hernandez</surname>, <given-names>J.</given-names></string-name> and <string-name><surname>Palacios</surname>, <given-names>M.</given-names></string-name></person-group> (<year>2014</year>), “<article-title>An explanation of local government debt in Spain based on internal control system</article-title>”, <source>Lex Localis- Journal of Local Self-Government</source>, Vol. <volume>12</volume> No. <issue>4</issue>, pp. <fpage>775</fpage>-<lpage>792</lpage>, doi: <pub-id pub-id-type="doi">10.4335/12.4.775-792(2014)</pub-id>.</mixed-citation></ref><ref id="ref042"><mixed-citation publication-type="journal"><person-group person-group-type="author"><string-name><surname>Guillamón</surname>, <given-names>M.</given-names></string-name>, <string-name><surname>Benito</surname>, <given-names>B.</given-names></string-name> and <string-name><surname>Bastida</surname>, <given-names>F.</given-names></string-name></person-group> (<year>2011</year>), “<article-title>Evaluation of local government debt in Spain</article-title>”, <source>Spanish Journal of Finance and Accounting/Revista Española de Financiación y Contabilidad</source>, Vol. <volume>40</volume> No. <issue>150</issue>, pp. <fpage>251</fpage>-<lpage>285</lpage>, doi: <pub-id pub-id-type="doi">10.1080/02102412.2011.10779703</pub-id>.</mixed-citation></ref><ref id="ref043"><mixed-citation publication-type="journal"><person-group person-group-type="author"><string-name><surname>Hamidullah</surname>, <given-names>M.F.</given-names></string-name>, <string-name><surname>Riccucci</surname>, <given-names>N.M.</given-names></string-name> and <string-name><surname>Pandey</surname>, <given-names>S.K.</given-names></string-name></person-group> (<year>2015</year>), “<article-title>Women in city hall: gender dimensions of managerial values</article-title>”, <source>The American Review of Public Administration</source>, Vol. <volume>45</volume> No. <issue>3</issue>, pp. <fpage>247</fpage>-<lpage>262</lpage>, doi: <pub-id pub-id-type="doi">10.1177/0275074013498464</pub-id>.</mixed-citation></ref><ref id="ref044"><mixed-citation publication-type="journal"><person-group person-group-type="author"><string-name><surname>Harrison</surname>, <given-names>D.A.</given-names></string-name> and <string-name><surname>Klein</surname>, <given-names>K.J.</given-names></string-name></person-group> (<year>2007</year>), “<article-title>What's the difference? Diversity constructs as separation, variety, or disparity in organizations</article-title>”, <source>Academy of Management Review</source>, Vol. <volume>32</volume> No. <issue>4</issue>, pp. <fpage>1199</fpage>-<lpage>1228</lpage>, doi: <pub-id pub-id-type="doi">10.5465/amr.2007.26586096</pub-id>.</mixed-citation></ref><ref id="ref045"><mixed-citation publication-type="journal"><person-group person-group-type="author"><string-name><surname>Hernández-Nicolás</surname>, <given-names>C.M.</given-names></string-name>, <string-name><surname>Martín-Ugedo</surname>, <given-names>J.F.</given-names></string-name> and <string-name><surname>Mínguez-Vera</surname>, <given-names>A.</given-names></string-name></person-group> (<year>2018</year>), “<article-title>Women mayors and management of Spanish councils: an empirical analysis</article-title>”, <source>Feminist Economics</source>, Vol. <volume>24</volume> No. <issue>1</issue>, pp. <fpage>168</fpage>-<lpage>191</lpage>, doi: <pub-id pub-id-type="doi">10.1080/13545701.2017.1347695</pub-id>.</mixed-citation></ref><ref id="ref046"><mixed-citation publication-type="journal"><person-group person-group-type="author"><string-name><surname>Holman</surname>, <given-names>M.R.</given-names></string-name></person-group> (<year>2014</year>), “<article-title>Sex and the city: female leaders and spending on social welfare programs in U.S. Municipalities</article-title>”, <source>Journal of Urban Affairs</source>, Vol. <volume>36</volume> No. <issue>4</issue>, pp. <fpage>701</fpage>-<lpage>715</lpage>, doi: <pub-id pub-id-type="doi">10.1111/juaf.12066</pub-id>.</mixed-citation></ref><ref id="ref047"><mixed-citation publication-type="journal"><person-group person-group-type="author"><string-name><surname>Holman</surname>, <given-names>M.R.</given-names></string-name></person-group> (<year>2017</year>), “<article-title>Women in local government: what we know and where we go from here</article-title>”, <source>State and Local Government Review</source>, Vol. <volume>49</volume> No. <issue>4</issue>, pp. <fpage>285</fpage>-<lpage>296</lpage>, doi: <pub-id pub-id-type="doi">10.1177/0160323x17732608</pub-id>.</mixed-citation></ref><ref id="ref048"><mixed-citation publication-type="journal"><person-group person-group-type="author"><string-name><surname>Hornsey</surname>, <given-names>M.J.</given-names></string-name></person-group> (<year>2008</year>), “<article-title>Social identity theory and self-categorization theory: a historical review</article-title>”, <source>Social and Personality Psychology Compass</source>, Vol. <volume>2</volume> No. <issue>1</issue>, pp. <fpage>204</fpage>-<lpage>222</lpage>, doi: <pub-id pub-id-type="doi">10.1111/j.1751-9004.2007.00066.x</pub-id>.</mixed-citation></ref><ref id="ref049"><mixed-citation publication-type="journal"><person-group person-group-type="author"><string-name><surname>Huang</surname>, <given-names>J.</given-names></string-name> and <string-name><surname>Kisgen</surname>, <given-names>D.J.</given-names></string-name></person-group> (<year>2013</year>), “<article-title>Gender and corporate finance: are male executives overconfident relative to female executives</article-title>”, <source>Journal of Financial Economics</source>, Vol. <volume>108</volume> No. <issue>3</issue>, pp. <fpage>822</fpage>-<lpage>839</lpage>, doi: <pub-id pub-id-type="doi">10.1016/j.jfineco.2012.12.005</pub-id>.</mixed-citation></ref><ref id="ref050"><mixed-citation publication-type="web"><person-group person-group-type="author"><collab>International Monetary Fund (IMF)</collab></person-group> (<year>2021</year>), “<article-title>Review of the debt sustainability framework for market access countries</article-title>”, <comment>IMF Policy Paper, January, IMF, Washington, DC, available at:</comment> <ext-link ext-link-type="uri" xlink:href="http://www.imf.org/external/pp/ppindex.aspx">http://www.imf.org/external/pp/ppindex.aspx</ext-link></mixed-citation></ref><ref id="ref051"><mixed-citation publication-type="journal"><person-group person-group-type="author"><string-name><surname>Kent</surname>, <given-names>R.L.</given-names></string-name> and <string-name><surname>Moss</surname>, <given-names>S.E.</given-names></string-name></person-group> (<year>1994</year>), “<article-title>Effects of sex and gender role on leader emergence</article-title>”, <source>Academy of Management Journal</source>, Vol. <volume>37</volume> No. <issue>5</issue>, pp. <fpage>1335</fpage>-<lpage>1346</lpage>, doi: <pub-id pub-id-type="doi">10.5465/256675</pub-id>.</mixed-citation></ref><ref id="ref052"><mixed-citation publication-type="journal"><person-group person-group-type="author"><string-name><surname>Konrad</surname>, <given-names>A.M.</given-names></string-name>, <string-name><surname>Cannings</surname>, <given-names>K.</given-names></string-name> and <string-name><surname>Goldberg</surname>, <given-names>C.B.</given-names></string-name></person-group> (<year>2010</year>), “<article-title>Asymmetrical demography effects on psychological climate for gender diversity: differential effects of leader gender and work unit gender composition among Swedish doctors</article-title>”, <source>Human Relations</source>, Vol. <volume>63</volume> No. <issue>11</issue>, pp. <fpage>1661</fpage>-<lpage>1685</lpage>, doi: <pub-id pub-id-type="doi">10.1177/0018726710369397</pub-id>.</mixed-citation></ref><ref id="ref053"><mixed-citation publication-type="journal"><person-group person-group-type="author"><string-name><surname>Krogstrup</surname>, <given-names>S.</given-names></string-name> and <string-name><surname>Wälti</surname>, <given-names>S.</given-names></string-name></person-group> (<year>2011</year>), “<article-title>Women and budget deficits</article-title>”, <source>The Scandinavian Journal of Economics</source>, Vol. <volume>113</volume> No. <issue>3</issue>, pp. <fpage>712</fpage>-<lpage>728</lpage>, doi: <pub-id pub-id-type="doi">10.1111/j.1467-9442.2011.01655.x</pub-id>.</mixed-citation></ref><ref id="ref054"><mixed-citation publication-type="journal"><person-group person-group-type="author"><string-name><surname>Le Maux</surname>, <given-names>B.</given-names></string-name>, <string-name><surname>Rocaboy</surname>, <given-names>Y.</given-names></string-name> and <string-name><surname>Goodspeed</surname>, <given-names>T.</given-names></string-name></person-group> (<year>2011</year>), “<article-title>Political fragmentation, party ideology and public expenditures</article-title>”, <source>Public Choice</source>, Vol. <volume>147</volume> Nos <issue>1-2</issue>, pp. <fpage>43</fpage>-<lpage>67</lpage>, doi: <pub-id pub-id-type="doi">10.1007/s11127-010-9603-z</pub-id>.</mixed-citation></ref><ref id="ref055"><mixed-citation publication-type="journal"><person-group person-group-type="author"><string-name><surname>Martins</surname>, <given-names>L.L.</given-names></string-name> and <string-name><surname>Parsons</surname>, <given-names>C.K.</given-names></string-name></person-group> (<year>2007</year>), “<article-title>Effects of gender diversity management on perceptions of organizational attractiveness: the role of individual differences in attitudes and beliefs</article-title>”, <source>Journal of Applied Psychology</source>, Vol. <volume>92</volume> No. <issue>3</issue>, pp. <fpage>865</fpage>-<lpage>875</lpage>, doi: <pub-id pub-id-type="doi">10.1037/0021-9010.92.3.865</pub-id>.</mixed-citation></ref><ref id="ref056"><mixed-citation publication-type="web"><person-group person-group-type="author"><collab>Ministry of Finance and Civil Service [MFCS]</collab></person-group> (<year>2023a</year>), “<article-title>Settlement of local budgets</article-title>”, <comment>available at:</comment> <ext-link ext-link-type="uri" xlink:href="https://serviciostelematicosext.hacienda.gob.es/SGFAL/CONPREL">https://serviciostelematicosext.hacienda.gob.es/SGFAL/CONPREL</ext-link> (<comment>accessed</comment> <date-in-citation content-type="access-date">September 2023</date-in-citation>).</mixed-citation></ref><ref id="ref057"><mixed-citation publication-type="web"><person-group person-group-type="author"><collab>Ministry of Finance and Civil Service [MFCS]</collab></person-group> (<year>2023b</year>), “<article-title>Debt of local entities</article-title>”, <comment>available at:</comment> <ext-link ext-link-type="uri" xlink:href="https://www.hacienda.gob.es/es-ES/CDI/Paginas/SistemasFinanciacionDeuda/InformacionEELLs/DeudaViva.aspx">https://www.hacienda.gob.es/es-ES/CDI/Paginas/SistemasFinanciacionDeuda/InformacionEELLs/DeudaViva.aspx</ext-link> (<comment>accessed</comment> <date-in-citation content-type="access-date">September 2023</date-in-citation>).</mixed-citation></ref><ref id="ref058"><mixed-citation publication-type="web"><person-group person-group-type="author"><collab>Ministry of Labour and Social Economy</collab></person-group> (<year>2023</year>), “<article-title>State public employment service</article-title>”, <comment>Statistics by Municipalities (Registered Unemployment and Employment Contracts Database), available at:</comment> <ext-link ext-link-type="uri" xlink:href="https://www.sepe.es/HomeSepe/que-es-el-sepe/estadisticas/datos-estadisticos/municipios.html">https://www.sepe.es/HomeSepe/que-es-el-sepe/estadisticas/datos-estadisticos/municipios.html</ext-link> (<comment>accessed</comment> <date-in-citation content-type="access-date">September 2023</date-in-citation>).</mixed-citation></ref><ref id="ref059"><mixed-citation publication-type="web"><person-group person-group-type="author"><collab>Ministry of the Interior [MI]</collab></person-group> (<year>2023</year>), “<article-title>Electoral results</article-title>”, <comment>available at:</comment> <ext-link ext-link-type="uri" xlink:href="https://infoelectoral.interior.gob.es/opencms/es/elecciones-celebradas/resultados-electorales/">https://infoelectoral.interior.gob.es/opencms/es/elecciones-celebradas/resultados-electorales/</ext-link> (<comment>accessed</comment> <date-in-citation content-type="access-date">September 2023</date-in-citation>).</mixed-citation></ref><ref id="ref060"><mixed-citation publication-type="journal"><person-group person-group-type="author"><string-name><surname>Myaskovsky</surname>, <given-names>L.</given-names></string-name>, <string-name><surname>Unikel</surname>, <given-names>E.</given-names></string-name> and <string-name><surname>Dew</surname>, <given-names>M.A.</given-names></string-name></person-group> (<year>2005</year>), “<article-title>Effects of gender diversity on performance and interpersonal behaviour in small workgroups</article-title>”, <source>Sex Roles</source>, Vol. <volume>52</volume> Nos <issue>9-10</issue>, pp. <fpage>645</fpage>-<lpage>657</lpage>, doi: <pub-id pub-id-type="doi">10.1007/s11199-005-3732-8</pub-id>.</mixed-citation></ref><ref id="ref061"><mixed-citation publication-type="web"><person-group person-group-type="author"><collab>National Statistical Institute [NSI]</collab></person-group> (<year>2023a</year>), “<article-title>INEbase/Demography and Population database</article-title>”, <comment>available at:</comment> <ext-link ext-link-type="uri" xlink:href="https://www.ine.es/dyngs/INEbase/es/categoria.htm?c=Estadistica_P&amp;cid=1254734710984">https://www.ine.es/dyngs/INEbase/es/categoria.htm?c=Estadistica_P&amp;cid=1254734710984</ext-link> (<comment>accessed</comment> <date-in-citation content-type="access-date">September 2023</date-in-citation>).</mixed-citation></ref><ref id="ref062"><mixed-citation publication-type="web"><person-group person-group-type="author"><collab>National Statistical Institute [NSI]</collab></person-group> (<year>2023b</year>), “<article-title>INEbase/Economy/economics accounts/Spanish regional accounts</article-title>”, <comment>Homogeneous Series 2000-2021, available at:</comment> <ext-link ext-link-type="uri" xlink:href="https://www.ine.es/dynt3/inebase/es/index.htm?type=pcaxis&amp;path=/t35/p010/rev19/homoge&amp;file=pcaxis&amp;dh=0&amp;capsel=2">https://www.ine.es/dynt3/inebase/es/index.htm?type=pcaxis&amp;path=/t35/p010/rev19/homoge&amp;file=pcaxis&amp;dh=0&amp;capsel=2</ext-link> (<comment>accessed</comment> <date-in-citation content-type="access-date">September 2023</date-in-citation>).</mixed-citation></ref><ref id="ref063"><mixed-citation publication-type="journal"><person-group person-group-type="author"><string-name><surname>Opstrup</surname>, <given-names>N.</given-names></string-name> and <string-name><surname>Villadsen</surname>, <given-names>A.R.</given-names></string-name></person-group> (<year>2015</year>), “<article-title>The right mix? Gender diversity in top management teams and financial performance</article-title>”, <source>Public Administration Review</source>, Vol. <volume>75</volume> No. <issue>2</issue>, pp. <fpage>291</fpage>-<lpage>301</lpage>, doi: <pub-id pub-id-type="doi">10.1111/puar.12310</pub-id>.</mixed-citation></ref><ref id="ref064"><mixed-citation publication-type="journal"><person-group person-group-type="author"><string-name><surname>Park</surname>, <given-names>S.</given-names></string-name></person-group> (<year>2014</year>), “<article-title>The politics of redistribution in local governments: the effect of gender representation on welfare spending in California counties</article-title>”, <source>Journal of Public Policy</source>, Vol. <volume>34</volume> No. <issue>2</issue>, pp. <fpage>269</fpage>-<lpage>301</lpage>, doi: <pub-id pub-id-type="doi">10.1017/s0143814x14000075</pub-id>.</mixed-citation></ref><ref id="ref065"><mixed-citation publication-type="journal"><person-group person-group-type="author"><string-name><surname>Park</surname>, <given-names>S.</given-names></string-name></person-group> (<year>2021</year>), “<article-title>Gender and performance in public organizations: a research synthesis and research agenda</article-title>”, <source>Public Management Review</source>, Vol. <volume>23</volume> No. <issue>6</issue>, pp. <fpage>929</fpage>-<lpage>948</lpage>, doi: <pub-id pub-id-type="doi">10.1080/14719037.2020.1730940</pub-id>.</mixed-citation></ref><ref id="ref066"><mixed-citation publication-type="journal"><person-group person-group-type="author"><string-name><surname>Petterson-Lidbom</surname>, <given-names>P.</given-names></string-name></person-group> (<year>2001</year>), “<article-title>An empirical investigation of the strategic use of debt</article-title>”, <source>Journal of Political Economy</source>, Vol. <volume>109</volume> No. <issue>3</issue>, pp. <fpage>570</fpage>-<lpage>583</lpage>, doi: <pub-id pub-id-type="doi">10.1086/321021</pub-id>.</mixed-citation></ref><ref id="ref067"><mixed-citation publication-type="journal"><person-group person-group-type="author"><string-name><surname>Post</surname>, <given-names>C.</given-names></string-name> and <string-name><surname>Byron</surname>, <given-names>K.</given-names></string-name></person-group> (<year>2015</year>), “<article-title>Women on boards and firm financial performance: a meta-analysis</article-title>”, <source>Academy of Management Journal</source>, Vol. <volume>58</volume> No. <issue>5</issue>, pp. <fpage>1546</fpage>-<lpage>1571</lpage>, doi: <pub-id pub-id-type="doi">10.5465/amj.2013.0319</pub-id>.</mixed-citation></ref><ref id="ref068"><mixed-citation publication-type="journal"><person-group person-group-type="author"><string-name><surname>Potrafke</surname>, <given-names>N.</given-names></string-name></person-group> (<year>2017</year>), “<article-title>Partisan politics: the empirical evidence from OECD panel studies</article-title>”, <source>Journal of Comparative Economics</source>, Vol. <volume>45</volume> No. <issue>4</issue>, pp. <fpage>712</fpage>-<lpage>750</lpage>, doi: <pub-id pub-id-type="doi">10.1016/j.jce.2016.12.004</pub-id>.</mixed-citation></ref><ref id="ref069"><mixed-citation publication-type="journal"><person-group person-group-type="author"><string-name><surname>Roodman</surname>, <given-names>D.</given-names></string-name></person-group> (<year>2009</year>), “<article-title>How to do xtabond2: an introduction to difference and system GMM in Stata</article-title>”, <source>The Stata Journal</source>, Vol. <volume>9</volume> No. <issue>1</issue>, pp. <fpage>86</fpage>-<lpage>136</lpage>, doi: <pub-id pub-id-type="doi">10.1177/1536867x0900900106</pub-id>.</mixed-citation></ref><ref id="ref070"><mixed-citation publication-type="journal"><person-group person-group-type="author"><string-name><surname>Ryan</surname>, <given-names>M.K.</given-names></string-name>, <string-name><surname>Haslam</surname>, <given-names>S.A.</given-names></string-name> and <string-name><surname>Postmes</surname>, <given-names>T.</given-names></string-name></person-group> (<year>2007</year>), “<article-title>Reactions to the glass cliff: gender differences in the explanations for the precariousness of women's leadership positions</article-title>”, <source>Journal of Organizational Change Management</source>, Vol. <volume>20</volume> No. <issue>2</issue>, pp. <fpage>182</fpage>-<lpage>197</lpage>, doi: <pub-id pub-id-type="doi">10.1108/09534810710724748</pub-id>.</mixed-citation></ref><ref id="ref071"><mixed-citation publication-type="journal"><person-group person-group-type="author"><string-name><surname>Shelton</surname>, <given-names>C.A.</given-names></string-name></person-group> (<year>2007</year>), “<article-title>The size and composition of government expenditure</article-title>”, <source>Journal of Public Economics</source>, Vol. <volume>91</volume> Nos <issue>11-12</issue>, pp. <fpage>2230</fpage>-<lpage>2260</lpage>, doi: <pub-id pub-id-type="doi">10.1016/j.jpubeco.2007.01.003</pub-id>.</mixed-citation></ref><ref id="ref072"><mixed-citation publication-type="journal"><person-group person-group-type="author"><string-name><surname>Slegten</surname>, <given-names>C.</given-names></string-name> and <string-name><surname>Heyndels</surname>, <given-names>B.</given-names></string-name></person-group> (<year>2020</year>), “<article-title>Within-party sex gaps in expenditure preferences among flemish local politicians</article-title>”, <source>Politics and Gender</source>, Vol. <volume>16</volume> No. <issue>3</issue>, pp. <fpage>768</fpage>-<lpage>791</lpage>, doi: <pub-id pub-id-type="doi">10.1017/s1743923x18000685</pub-id>.</mixed-citation></ref><ref id="ref073"><mixed-citation publication-type="journal"><person-group person-group-type="author"><string-name><surname>Slegten</surname>, <given-names>C.</given-names></string-name>, <string-name><surname>Geys</surname>, <given-names>B.</given-names></string-name> and <string-name><surname>Heyndels</surname>, <given-names>B.</given-names></string-name></person-group> (<year>2019</year>), “<article-title>Sex differences in budgetary preferences among Flemish local politicians</article-title>”, <source>Acta Politica</source>, Vol. <volume>54</volume> No. <issue>4</issue>, pp. <fpage>540</fpage>-<lpage>563</lpage>, doi: <pub-id pub-id-type="doi">10.1057/s41269-018-0090-4</pub-id>.</mixed-citation></ref><ref id="ref074"><mixed-citation publication-type="journal"><person-group person-group-type="author"><string-name><surname>Slembeck</surname>, <given-names>T.</given-names></string-name>, <string-name><surname>Jans</surname>, <given-names>A.</given-names></string-name> and <string-name><surname>Leu</surname>, <given-names>T.</given-names></string-name></person-group> (<year>2014</year>), “<article-title>A politico-economic perspective on financial sustainability</article-title>”, <source>Journal of Public Budgeting, Accounting and Financial Management</source>, Vol. <volume>26</volume> No. <issue>1</issue>, pp. <fpage>140</fpage>-<lpage>164</lpage>, doi: <pub-id pub-id-type="doi">10.1108/jpbafm-26-01-2014-b006</pub-id>.</mixed-citation></ref><ref id="ref075"><mixed-citation publication-type="journal"><person-group person-group-type="author"><string-name><surname>Steffens</surname>, <given-names>M.C.</given-names></string-name>, <string-name><surname>Viladot</surname>, <given-names>M.A.</given-names></string-name> and <string-name><surname>Scheifele</surname>, <given-names>C.</given-names></string-name></person-group> (<year>2019</year>), “<article-title>Male majority, female majority, or gender diversity in organizations: how do proportions affect gender stereotyping and women leaders' well-being?</article-title>”, <source>Frontiers in Psychology</source>, Vol. <volume>10</volume>, p. <fpage>1037</fpage>, doi: <pub-id pub-id-type="doi">10.3389/fpsyg.2019.01037</pub-id>.</mixed-citation></ref><ref id="ref076"><mixed-citation publication-type="journal"><person-group person-group-type="author"><string-name><surname>Suzuki</surname>, <given-names>K.</given-names></string-name> and <string-name><surname>Avellaneda</surname>, <given-names>C.N.</given-names></string-name></person-group> (<year>2018</year>), “<article-title>Women and risk-taking behaviour in local public finance</article-title>”, <source>Public Management Review</source>, Vol. <volume>20</volume> No. <issue>12</issue>, pp. <fpage>1741</fpage>-<lpage>1767</lpage>, doi: <pub-id pub-id-type="doi">10.1080/14719037.2017.1412118</pub-id>.</mixed-citation></ref><ref id="ref077"><mixed-citation publication-type="journal"><person-group person-group-type="author"><string-name><surname>van Knippenberg</surname>, <given-names>D.</given-names></string-name> and <string-name><surname>Schippers</surname>, <given-names>M.C.</given-names></string-name></person-group> (<year>2007</year>), “<article-title>Work group diversity</article-title>”, <source>Annual Review of Psychology</source>, Vol. <volume>58</volume> No. <issue>1</issue>, pp. <fpage>515</fpage>-<lpage>541</lpage>, doi: <pub-id pub-id-type="doi">10.1146/annurev.psych.58.110405.085546</pub-id>.</mixed-citation></ref><ref id="ref078"><mixed-citation publication-type="journal"><person-group person-group-type="author"><string-name><surname>Wahid</surname>, <given-names>A.S.</given-names></string-name></person-group> (<year>2019</year>), “<article-title>The effects and the mechanisms of board gender diversity: evidence from financial manipulation</article-title>”, <source>Journal of Business Ethics</source>, Vol. <volume>159</volume> No. <issue>3</issue>, pp. <fpage>705</fpage>-<lpage>725</lpage>, doi: <pub-id pub-id-type="doi">10.1007/s10551-018-3785-6</pub-id>.</mixed-citation></ref><ref id="ref079"><mixed-citation publication-type="journal"><person-group person-group-type="author"><string-name><surname>Wegge</surname>, <given-names>J.</given-names></string-name>, <string-name><surname>Roth</surname>, <given-names>C.</given-names></string-name>, <string-name><surname>Neubach</surname>, <given-names>B.</given-names></string-name>, <string-name><surname>Schmidt</surname>, <given-names>K.</given-names></string-name> and <string-name><surname>Kanfer</surname>, <given-names>R.</given-names></string-name></person-group> (<year>2008</year>), “<article-title>Age and gender diversity as determinants of performance and health in a public organization: the role of task complexity and group size</article-title>”, <source>Journal of Applied Psychology</source>, Vol. <volume>93</volume> No. <issue>6</issue>, pp. <fpage>1301</fpage>-<lpage>1313</lpage>, doi: <pub-id pub-id-type="doi">10.1037/a0012680</pub-id>.</mixed-citation></ref><ref id="ref080"><mixed-citation publication-type="journal"><person-group person-group-type="author"><string-name><surname>Weikart</surname>, <given-names>L.A.</given-names></string-name>, <string-name><surname>Chen</surname>, <given-names>G.</given-names></string-name>, <string-name><surname>Williams</surname>, <given-names>D.</given-names></string-name> and <string-name><surname>Hromic</surname>, <given-names>H.</given-names></string-name></person-group> (<year>2007</year>), “<article-title>The democratic sex: gender differences and the exercise of power</article-title>”, <source>Journal of Women, Politics and Policy</source>, Vol. <volume>28</volume> No. <issue>1</issue>, pp. <fpage>119</fpage>-<lpage>140</lpage>, doi: <pub-id pub-id-type="doi">10.1300/j501v28n01_06</pub-id>.</mixed-citation></ref><ref id="ref081"><mixed-citation publication-type="journal"><person-group person-group-type="author"><string-name><surname>Williams</surname>, <given-names>H.M.</given-names></string-name> and <string-name><surname>Meân</surname>, <given-names>L.J.</given-names></string-name></person-group> (<year>2004</year>), “<article-title>Measuring gender composition in work groups: a comparison of existing methods</article-title>”, <source>Organizational Research Methods</source>, Vol. <volume>7</volume> No. <issue>4</issue>, pp. <fpage>456</fpage>-<lpage>474</lpage>, doi: <pub-id pub-id-type="doi">10.1177/1094428104269175</pub-id>.</mixed-citation></ref><ref id="ref082"><mixed-citation publication-type="journal"><person-group person-group-type="author"><string-name><surname>Windmeijer</surname>, <given-names>F.</given-names></string-name></person-group> (<year>2005</year>), “<article-title>A finite sample correction for the variance of linear efficient two-step GMM estimators</article-title>”, <source>Journal of Econometrics</source>, Vol. <volume>126</volume> No. <issue>1</issue>, pp. <fpage>25</fpage>-<lpage>51</lpage>, doi: <pub-id pub-id-type="doi">10.1016/j.jeconom.2004.02.005</pub-id>.</mixed-citation></ref></ref-list></back></article>