<?xml version="1.0" encoding="UTF-8"?>
<!DOCTYPE article PUBLIC "-//NLM//DTD JATS (Z39.96) Journal Archiving and Interchange DTD with MathML3 v1.1d1 20130915//EN" "JATS-archivearticle1-mathml3.dtd"><article xmlns:mml="http://www.w3.org/1998/Math/MathML" xmlns:xlink="http://www.w3.org/1999/xlink" article-type="research-article" dtd-version="1.1d1" xml:lang="en">
<front id="meta-hdr">
<journal-meta>
<journal-id journal-id-type="publisher-id">SCM</journal-id>
<journal-id journal-id-type="doi">10.1108/SCM</journal-id>
<journal-title-group>
<journal-title>Supply Chain Management: An International Journal</journal-title>
<abbrev-journal-title abbrev-type="publisher">SCM</abbrev-journal-title>
</journal-title-group>
<issn publication-format="print">1359-8546</issn>
<issn publication-format="online">1359-8546</issn>
<publisher>
<publisher-name>Emerald Publishing Limited</publisher-name>
</publisher>
</journal-meta>
<article-meta id="art-meta">
<article-id pub-id-type="publisher-id">704876</article-id>
<article-id pub-id-type="doi">10.1108/SCM-09-2022-0383</article-id>
<article-id pub-id-type="original-pdf">SCM-09-2022-0383.pdf</article-id>
<article-id pub-id-type="filename">SCM-09-2022-0383</article-id>
<article-categories>
<subj-group subj-group-type="type-of-publication">
<compound-subject>
<compound-subject-part content-type="code">research-article</compound-subject-part>
<compound-subject-part content-type="label">Research paper</compound-subject-part>
</compound-subject>
</subj-group>
<subj-group subj-group-type="subject">
<compound-subject>
<compound-subject-part content-type="code">cat-MSOP</compound-subject-part>
<compound-subject-part content-type="label">Management science &amp; operations</compound-subject-part>
</compound-subject>
<subj-group subj-group-type="subject">
<compound-subject>
<compound-subject-part content-type="code"/>
<compound-subject-part content-type="label"> Supply chain management</compound-subject-part>
</compound-subject>
</subj-group>
</subj-group>
</article-categories>
<title-group>
<article-title xml:lang="en">Achieving supply chain resilience in an era of disruptions: a configuration approach of capacities and strategies</article-title>
</title-group>
<contrib-group>
<contrib corresp="yes" contrib-type="author">
<name-alternatives>
<name name-style="western"><surname>Gaudenzi</surname><given-names>Barbara</given-names></name>
<string-name name-style="western"><given-names>Barbara</given-names> <surname>Gaudenzi</surname>
</string-name>
</name-alternatives><email>barbara.gaudenzi@univr.it</email><xref ref-type="aff" rid="aff1"/>
<bio id="bio1">
<p><bold>Barbara Gaudenzi</bold>, PhD, is an Associate Professor in Supply Chain Management and Risk Management at the Department of Management at the University of Verona, Italy (since 2011). She is Director of RiskMaster – Master in Risk Management and is Director of LogiMaster, Master in Supply Chain Management at the University of Verona. Her research interests are, in particular, supply chain management, supply chain risk management, resilience and cyber risk in supply chains. She has published in several leading international journals, such as <italic>Industrial Marketing Management</italic>, <italic>Journal of Purchasing and Supply Management</italic>, <italic>Supply Chain Management: an International Journal</italic>, <italic>International Journal of Production Economics</italic>, <italic>European Management Journal</italic> and others.</p></bio></contrib>
<contrib contrib-type="author">
<name-alternatives>
<name name-style="western"><surname>Pellegrino</surname><given-names>Roberta</given-names></name>
<string-name name-style="western"><given-names>Roberta</given-names> <surname>Pellegrino</surname>
</string-name>
</name-alternatives><email>roberta.pellegrino@poliba.it</email><xref ref-type="aff" rid="aff2"/>
<bio id="bio2">
<p><bold>Roberta Pellegrino</bold> is Assistant Professor at Politecnico di Bari (Italy) in Management Engineering. Main research interests are on public–private partnership (PPP), supply chain risk management, real options theory and other topics in the field of economic-management engineering. She coordinates and is involved in research projects with companies and other private/public organizations. She is member of the ISCRIM network (Supply Chain Risk Management Network). She is author of more than 45 publications on international journals and books, and more than 60 papers presented at international and national conferences.</p></bio></contrib>
<contrib contrib-type="author">
<name-alternatives>
<name name-style="western"><surname>Confente</surname><given-names>Ilenia</given-names></name>
<string-name name-style="western"><given-names>Ilenia</given-names> <surname>Confente</surname>
</string-name>
</name-alternatives><email>ilenia.confente@univr.it</email><xref ref-type="aff" rid="aff3"/>
<bio id="bio3">
<p><bold>Ilenia Confente</bold> is an Associate Professor at the University of Verona, Department of Management, Italy. The main research areas are focused on: digital marketing, sustainable consumer behavior; customer satisfaction and loyalty. She has published in both national and international journals such as the <italic>Journal of Business Research</italic>, <italic>Journal of Brand Management</italic>, <italic>Journal of Product and Brand Management</italic>, <italic>International Journal of Tourism Research</italic>, <italic>Journal of Travel Research</italic>, <italic>International Journal of Physical Distribution and Logistics Management</italic> and others.</p></bio></contrib>
<aff id="aff1">Department of Management, <institution-wrap><institution>University of Verona</institution></institution-wrap>, Verona, <country country="IT">Italy</country></aff>
<aff id="aff2">Department of Mechanics, Mathematics and Management, <institution-wrap><institution>Politecnico di Bari</institution></institution-wrap>, Bari, <country country="IT">Italy</country></aff>
<aff id="aff3">Department of Management, <institution-wrap><institution>University of Verona</institution></institution-wrap>, Verona, <country country="IT">Italy</country></aff>
</contrib-group>
<author-notes>
<corresp id="cor1">Barbara Gaudenzi can be contacted at: <ext-link ext-link-type="email" xlink:href="mailto:barbara.gaudenzi@univr.it">barbara.gaudenzi@univr.it</ext-link></corresp></author-notes>
<pub-date publication-format="electronic" date-type="pub" iso-8601-date="2023-06-15"><day>15</day><month>06</month><year>2023</year></pub-date>
<pub-date publication-format="print" date-type="pub" iso-8601-date="2023-12-18"><day>18</day><month>12</month><year>2023</year></pub-date>
<volume>28</volume><issue>7</issue>
<fpage>97</fpage><lpage>111</lpage>
<history>
<date date-type="received" iso-8601-date="2022-05-31"><day>31</day><month>05</month><year>2022</year></date>
<date date-type="revised" iso-8601-date="2023-01-12"><day>12</day><month>01</month><year>2023</year></date>
<date date-type="revised" iso-8601-date="2023-04-17"><day>17</day><month>04</month><year>2023</year></date>
<date date-type="revised" iso-8601-date="2023-05-22"><day>22</day><month>05</month><year>2023</year></date>
<date date-type="accepted" iso-8601-date="2023-05-25"><day>25</day><month>05</month><year>2023</year></date>
</history>
<permissions>
<copyright-statement>© Barbara Gaudenzi, Roberta Pellegrino and Ilenia Confente.</copyright-statement>
<copyright-year>2023</copyright-year>
<copyright-holder>Barbara Gaudenzi, Roberta Pellegrino and Ilenia Confente.</copyright-holder>
<license license-type="open-access">
<license-p>Published by Emerald Publishing Limited. This article is published under the Creative Commons Attribution (CC BY 4.0) licence. Anyone may reproduce, distribute, translate and create derivative works of this article (for both commercial and non-commercial purposes), subject to full attribution to the original publication and authors. The full terms of this licence may be seen at http://creativecommons.org/licences/by/4.0/legalcode</license-p>
</license>
</permissions>
<self-uri content-type="pdf" xlink:href="SCM-09-2022-0383.pdf"/>
<abstract abstract-type="structured" id="abstr1" xml:lang="en">
<sec>
<title content-type="abstract-subheading">Purpose</title>
<p>The COVID-19 pandemic and recent disruptive events are affecting firms’ operations and supply chain networks on a large scale, causing disturbances in supply, demand, production and logistics activities. Although supply chain resilience (SCR) research has received large attention in recent years, the purpose of this paper is to offer an original contribution by exploring how complex configurations and interactions between SCR strategies and capacities can lead to resilience.</p>
</sec>
<sec>
<title content-type="abstract-subheading">Design/methodology/approach</title>
<p>This study investigates the configurations of SCR strategies and capacities using a fuzzy-set qualitative comparative analysis.</p>
</sec>
<sec>
<title content-type="abstract-subheading">Findings</title>
<p>First, the findings reveal different SCR strategy configurations through the lens of absorptive, reactive and restorative capacities to achieve resilience. Second, this study applies the contingent resource-based view (CRBV) perspective to interpret how organizations can achieve resilience before, during and after a disruptive event. Third, it offers an analysis of different groups of organizations, based on the adoption of different SCR strategies and capacities.</p>
</sec>
<sec>
<title content-type="abstract-subheading">Originality/value</title>
<p>This study identifies a set of equifinal SCR strategies and capacity configurations that can be implemented to cope with a disruptive event and lead to resilience. It also enriches the research addressing the consecutive phases of SCR investments, developing the CRBV perspective. In our results, five solutions describe organizations that invest in absorptive capacities, representing an <italic>ex ante</italic> readiness.</p>
</sec>
</abstract>
<kwd-group kwd-group-type="author-generated" xml:lang="en"><kwd>Qualitative comparative analysis</kwd><x xml:space="preserve">, </x><kwd>Resilience strategies</kwd><x xml:space="preserve">, </x><kwd>Supply chain disruptions</kwd><x xml:space="preserve">, </x><kwd>Resilience capabilities</kwd>
</kwd-group>
<counts>
<fig-count count="2"/>
<table-count count="7"/>
<equation-count count="0"/>
<ref-count count="81"/>
<page-count count="15"/>
<word-count count="11207"/>
</counts>
<custom-meta-group>
<custom-meta>
<meta-name>copyright-code</meta-name>
<meta-value>M</meta-value>
</custom-meta>
<custom-meta>
<meta-name>deliverables</meta-name>
<meta-value>Web-ready article package</meta-value>
</custom-meta>
<custom-meta>
<meta-name>peer-reviewed</meta-name>
<meta-value>Yes</meta-value>
</custom-meta>
<custom-meta>
<meta-name>academic-content</meta-name>
<meta-value>Yes</meta-value>
</custom-meta>
<custom-meta>
<meta-name>EContentType</meta-name>
<meta-value>JOURNAL</meta-value>
</custom-meta>
<custom-meta>
<meta-name>rightslink</meta-name>
<meta-value>excluded</meta-value>
</custom-meta>
</custom-meta-group>
</article-meta>
</front>

<back>

<ref-list id="refs1">
<title>References</title>
<ref id="ref001"><mixed-citation publication-type="journal"><person-group person-group-type="author"><string-name><surname>Agarwal</surname>, <given-names>A.</given-names></string-name>, <string-name><surname>Shankar</surname>, <given-names>R.</given-names></string-name> and <string-name><surname>Tiwari</surname>, <given-names>M.K.</given-names></string-name></person-group> (<year>2007</year>), “<article-title>Modeling agility of supply chain</article-title>”, <source>Industrial Marketing Management</source>, Vol. <volume>36</volume> No. <issue>4</issue>, pp. <fpage>443</fpage>-<lpage>457</lpage>, doi: <pub-id pub-id-type="doi">10.1016/j.indmarman.2005.12.004</pub-id>.</mixed-citation></ref>
<ref id="ref002"><mixed-citation publication-type="journal"><person-group person-group-type="author"><string-name><surname>Ali</surname>, <given-names>I.</given-names></string-name>, <string-name><surname>Golgeci</surname>, <given-names>I.</given-names></string-name> and <string-name><surname>Arslan</surname>, <given-names>A.</given-names></string-name></person-group> (<year>2023</year>), “<article-title>Achieving resilience through knowledge management practices and risk management culture in agri-food supply chains</article-title>”, <source>Supply Chain Management: An International Journal</source>, Vol. <volume>28</volume> No. <issue>2</issue>, pp. <fpage>284</fpage>-<lpage>299</lpage>.</mixed-citation></ref>
<ref id="ref003"><mixed-citation publication-type="web"><person-group person-group-type="author"><string-name><surname>Altman</surname>, <given-names>S.A.</given-names></string-name></person-group> (<year>2020</year>), “<article-title>Will COVID-19 have a lasting impact on globalization?</article-title>”, <source>Harvard Business Review</source>, <comment>available at: <ext-link ext-link-type="uri" xlink:href="https://hbr.org/2020/05/will-covid-19-have-a-lasting-impact-on-globalization">https://hbr.org/2020/05/will-covid-19-have-a-lasting-impact-on-globalization</ext-link></comment></mixed-citation></ref>
<ref id="ref004"><mixed-citation publication-type="web"><person-group person-group-type="author"><string-name><surname>Anayi</surname>, <given-names>L.</given-names></string-name>, <string-name><surname>Bloom</surname>, <given-names>N.</given-names></string-name>, <string-name><surname>Bunn</surname>, <given-names>P.</given-names></string-name>, <string-name><surname>Mizen</surname>, <given-names>P.</given-names></string-name>, <string-name><surname>Oikonomou</surname>, <given-names>M.</given-names></string-name>, <string-name><surname>Smietanka</surname>, <given-names>P.</given-names></string-name> and <string-name><surname>Thwaites</surname>, <given-names>G.</given-names></string-name></person-group> (<year>2021</year>), “<article-title>Update: which firms and industries have been most affected by covid-19?</article-title>”, <source>Economics Observatory</source>, <comment>available at: <ext-link ext-link-type="uri" xlink:href="http://www.economicsobservatory.com/update-which-firms-and-industries-have-been-most-affected-by-covid-19">www.economicsobservatory.com/update-which-firms-and-industries-have-been-most-affected-by-covid-19</ext-link></comment></mixed-citation></ref>
<ref id="ref005"><mixed-citation publication-type="journal"><person-group person-group-type="author"><string-name><surname>Aragòn-Correa</surname>, <given-names>J.A.</given-names></string-name> and <string-name><surname>Sharma</surname>, <given-names>S.</given-names></string-name></person-group> (<year>2003</year>), “<article-title>A contingent resource-based view of proactive corporate environmental strategy</article-title>”, <source>The Academy of Management Review</source>, Vol. <volume>28</volume> No. <issue>1</issue>, pp. <fpage>71</fpage>-<lpage>88</lpage>, doi: <pub-id pub-id-type="doi">10.5465/amr.2003.8925233</pub-id>.</mixed-citation></ref>
<ref id="ref006"><mixed-citation publication-type="journal"><person-group person-group-type="author"><string-name><surname>Araz</surname>, <given-names>O.M.</given-names></string-name>, <string-name><surname>Choi</surname>, <given-names>T.M.</given-names></string-name>, <string-name><surname>Olson</surname>, <given-names>D.L.</given-names></string-name> and <string-name><surname>Salman</surname>, <given-names>F.S.</given-names></string-name></person-group> (<year>2020</year>), “<article-title>Data analytics for operational risk management</article-title>”, <source>Decision Sciences</source>, Vol. <volume>51</volume> No. <issue>6</issue>, pp. <fpage>1316</fpage>-<lpage>1319</lpage>, doi: <pub-id pub-id-type="doi">10.1111/deci.12443</pub-id>.</mixed-citation></ref>
<ref id="ref007"><mixed-citation publication-type="journal"><person-group person-group-type="author"><string-name><surname>Balakrishnan</surname>, <given-names>A.S.</given-names></string-name> and <string-name><surname>Ramanathan</surname>, <given-names>U.</given-names></string-name></person-group> (<year>2021</year>), “<article-title>The role of digital technologies in supply chain resilience for emerging markets’ automotive sector</article-title>”, <source>Supply Chain Management: An International Journal</source>, Vol. <volume>26</volume> No. <issue>6</issue>, pp. <fpage>654</fpage>-<lpage>671</lpage>.</mixed-citation></ref>
<ref id="ref008"><mixed-citation publication-type="journal"><person-group person-group-type="author"><string-name><surname>Belhadi</surname>, <given-names>A.</given-names></string-name>, <string-name><surname>Kamble</surname>, <given-names>S.</given-names></string-name> and <string-name><surname>Fosso Wamba</surname>, <given-names>S.</given-names></string-name></person-group> (<year>2022</year>), “<article-title>Building supply-chain resilience: an artificial intelligence-based technique and decision-making framework</article-title>”, <source>International Journal of Production Research</source>, Vol. <volume>60</volume> No. <issue>14</issue>, pp. <fpage>4487</fpage>-<lpage>4507</lpage>.</mixed-citation></ref>
<ref id="ref009"><mixed-citation publication-type="journal"><person-group person-group-type="author"><string-name><surname>Bell</surname>, <given-names>R.G.</given-names></string-name>, <string-name><surname>Filatotchev</surname>, <given-names>I.</given-names></string-name> and <string-name><surname>Aguilera</surname>, <given-names>R.V.</given-names></string-name></person-group> (<year>2014</year>), “<article-title>Corporate governance and investors' perceptions of foreign IPO value: an institutional perspective</article-title>”, <source>Academy of Management Journal</source>, Vol. <volume>57</volume> No. <issue>1</issue>, pp. <fpage>301</fpage>-<lpage>320</lpage>.</mixed-citation></ref>
<ref id="ref010"><mixed-citation publication-type="journal"><person-group person-group-type="author"><string-name><surname>Berger</surname>, <given-names>E.S.C.</given-names></string-name>, <string-name><surname>Wenzel</surname>, <given-names>M.</given-names></string-name> and <string-name><surname>Wohlgemuth</surname>, <given-names>V.</given-names></string-name></person-group> (<year>2018</year>), “<article-title>Imitation-related performance outcomes in social trading: a configurational approach</article-title>”, <source>Journal of Business Research</source>, Vol. <volume>89</volume>, pp. <fpage>322</fpage>-<lpage>327</lpage>, doi: <pub-id pub-id-type="doi">10.1016/j.jbusres.2017.12.016</pub-id>.</mixed-citation></ref>
<ref id="ref0029"><mixed-citation publication-type="journal"><person-group person-group-type="author"><string-name><surname>Beynon</surname>, <given-names>M.J.</given-names></string-name>, <string-name><surname>Jones</surname>, <given-names>P.</given-names></string-name> and <string-name><surname>Pickernell</surname>, <given-names>D.</given-names></string-name></person-group> (<year>2016</year>), “<article-title>Country-based comparison analysis using fsQCA investigating entrepreneurial attitudes and activity</article-title>”, <source>Journal of Business Research</source>, Vol. <volume>69</volume> No. <issue>4</issue>, pp. <fpage>1271</fpage>-<lpage>1276</lpage>.</mixed-citation></ref>
<ref id="ref011"><mixed-citation publication-type="book"><person-group person-group-type="author"><string-name><surname>Biringer</surname>, <given-names>B.E.</given-names></string-name>, <string-name><surname>Vugrin</surname>, <given-names>E.D.</given-names></string-name> and <string-name><surname>Warren</surname>, <given-names>D.E.</given-names></string-name></person-group> (<year>2013</year>), <source>Critical Infrastructure System Security and Resiliency</source>, <edition>1st ed.</edition>, <publisher-name>CRC Press Taylor &amp; Francis</publisher-name>, <publisher-loc>Boca Raton</publisher-loc>.</mixed-citation></ref>
<ref id="ref012"><mixed-citation publication-type="journal"><person-group person-group-type="author"><string-name><surname>Birkie</surname>, <given-names>S.E.</given-names></string-name>, <string-name><surname>Trucco</surname>, <given-names>P.</given-names></string-name> and <string-name><surname>Campos</surname>, <given-names>P.F.</given-names></string-name></person-group> (<year>2017</year>), “<article-title>Effectiveness of resilience capabilities in mitigating disruptions: leveraging on supply chain structural complexity</article-title>”, <source>Supply Chain Management: An International Journal</source>, Vol. <volume>22</volume> No. <issue>6</issue>, pp. <fpage>506</fpage>-<lpage>521</lpage>, doi: <pub-id pub-id-type="doi">10.1108/SCM-01-2017-0009</pub-id>.</mixed-citation></ref>
<ref id="ref013"><mixed-citation publication-type="journal"><person-group person-group-type="author"><string-name><surname>Blackhurst</surname>, <given-names>J.</given-names></string-name>, <string-name><surname>Dunn</surname>, <given-names>K.S.</given-names></string-name> and <string-name><surname>Craighead</surname>, <given-names>C.W.</given-names></string-name></person-group> (<year>2011</year>), “<article-title>An empirically derived framework of global supply resiliency</article-title>”, <source>Journal of Business Logistics</source>, Vol. <volume>32</volume> No. <issue>4</issue>, pp. <fpage>374</fpage>-<lpage>391</lpage>.</mixed-citation></ref>
<ref id="ref014"><mixed-citation publication-type="journal"><person-group person-group-type="author"><string-name><surname>Brandon-Jones</surname>, <given-names>E.</given-names></string-name>, <string-name><surname>Squire</surname>, <given-names>B.</given-names></string-name>, <string-name><surname>Autry</surname>, <given-names>C.W.</given-names></string-name> and <string-name><surname>Petersen</surname>, <given-names>K.J.</given-names></string-name></person-group> (<year>2014</year>), “<article-title>A contingent resource-based perspective of supply chain resilience and robustness</article-title>”, <source>Journal of Supply Chain Management</source>, Vol. <volume>50</volume> No. <issue>3</issue>, pp. <fpage>55</fpage>-<lpage>73</lpage>, doi: <pub-id pub-id-type="doi">10.1111/jscm.12050</pub-id>.</mixed-citation></ref>
<ref id="ref015"><mixed-citation publication-type="journal"><person-group person-group-type="author"><string-name><surname>Braunscheidel</surname>, <given-names>M.J.</given-names></string-name> and <string-name><surname>Suresh</surname>, <given-names>N.C.</given-names></string-name></person-group> (<year>2009</year>), “<article-title>The organizational antecedents of a firm’s supply chain agility for risk mitigation and response</article-title>”, <source>Journal of Operations Management</source>, Vol. <volume>27</volume> No. <issue>2</issue>, pp. <fpage>119</fpage>-<lpage>140</lpage>, doi: <pub-id pub-id-type="doi">10.1016/j.jom.2008.09.006</pub-id>.</mixed-citation></ref>
<ref id="ref016"><mixed-citation publication-type="journal"><person-group person-group-type="author"><string-name><surname>Butt</surname>, <given-names>A.S.</given-names></string-name></person-group> (<year>2021</year>), “<article-title>Strategies to mitigate the impact of COVID-19 on supply chain disruptions: a multiple case analysis of buyers and distributors</article-title>”, <source>International Journal of Logistics Management</source>, doi: <pub-id pub-id-type="doi">10.1108/IJLM-11-2020-0455</pub-id>.</mixed-citation></ref>
<ref id="ref017"><mixed-citation publication-type="journal"><person-group person-group-type="author"><string-name><surname>Chen</surname>, <given-names>H.</given-names></string-name> and <string-name><surname>Tian</surname>, <given-names>Z.</given-names></string-name></person-group> (<year>2022</year>), “<article-title>Environmental uncertainty, resource orchestration and digital transformation: a fuzzy-set QCA approach</article-title>”, <source>Journal of Business Research</source>, Vol. <volume>139</volume>, pp. <fpage>184</fpage>-<lpage>193</lpage>.</mixed-citation></ref>
<ref id="ref018"><mixed-citation publication-type="journal"><person-group person-group-type="author"><string-name><surname>Chopra</surname>, <given-names>S.</given-names></string-name>, <string-name><surname>Sodhi</surname>, <given-names>M.</given-names></string-name> and <string-name><surname>Lücker</surname>, <given-names>F.</given-names></string-name></person-group> (<year>2021</year>), “<article-title>Achieving supply chain efficiency and resilience by using multi‐level commons</article-title>”, <source>Decision Sciences</source>, Vol. <volume>52</volume> No. <issue>4</issue>, pp. <fpage>817</fpage>-<lpage>832</lpage>, doi: <pub-id pub-id-type="doi">10.1111/deci.12526</pub-id>.</mixed-citation></ref>
<ref id="ref019"><mixed-citation publication-type="journal"><person-group person-group-type="author"><string-name><surname>Chowdhury</surname>, <given-names>M.M.H.</given-names></string-name> and <string-name><surname>Quaddus</surname>, <given-names>M.</given-names></string-name></person-group> (<year>2016</year>), “<article-title>Supply chain readiness, response and recovery for resilience</article-title>”, <source>Supply Chain Management: An International Journal</source>, Vol. <volume>21</volume> No. <issue>6</issue>, pp. <fpage>709</fpage>-<lpage>731</lpage>.</mixed-citation></ref>
<ref id="ref020"><mixed-citation publication-type="journal"><person-group person-group-type="author"><string-name><surname>Chowdhury</surname>, <given-names>M.M.H.</given-names></string-name> and <string-name><surname>Quaddus</surname>, <given-names>M.</given-names></string-name></person-group> (<year>2017</year>), “<article-title>Supply chain resilience: conceptualization and scale development using dynamic capability theory</article-title>”, <source>International Journal of Production Economics</source>, Vol. <volume>188</volume>, pp. <fpage>185</fpage>-<lpage>204</lpage>.</mixed-citation></ref>
<ref id="ref021"><mixed-citation publication-type="journal"><person-group person-group-type="author"><string-name><surname>Chowdhury</surname>, <given-names>M.M.H.</given-names></string-name>, <string-name><surname>Quaddus</surname>, <given-names>M.</given-names></string-name> and <string-name><surname>Agarwal</surname>, <given-names>R.</given-names></string-name></person-group> (<year>2019</year>), “<article-title>Supply chain resilience for performance: role of relational practices and network complexities</article-title>”, <source>Supply Chain Management: An International Journal</source>, Vol. <volume>24</volume> No. <issue>5</issue>, pp. <fpage>659</fpage>-<lpage>676</lpage>, doi: <pub-id pub-id-type="doi">10.1108/SCM-09-2018-0332</pub-id>.</mixed-citation></ref>
<ref id="ref0080"><mixed-citation publication-type="journal"><person-group person-group-type="author"><string-name><surname>Christopher</surname>, <given-names>M.</given-names></string-name> and <string-name><surname>Peck</surname>, <given-names>H.</given-names></string-name></person-group> (<year>2004</year>), “<article-title>Building the resilient supply chain</article-title>”, <source>The International Journal of Logistics Management</source>, Vol. <volume>15</volume> No. <issue>2</issue>, pp. <fpage>1</fpage>-<lpage>14</lpage>.</mixed-citation></ref>
<ref id="ref022"><mixed-citation publication-type="journal"><person-group person-group-type="author"><string-name><surname>Cohen</surname>, <given-names>W.M.</given-names></string-name> and <string-name><surname>Levinthal</surname>, <given-names>D.A.</given-names></string-name></person-group> (<year>1990</year>), “<article-title>Absorptive capacity: a new perspective on learning and innovation</article-title>”, <source>Administrative Science Quarterly</source>, Vol. <volume>35</volume> No. <issue>1</issue>, pp. <fpage>128</fpage>-<lpage>152</lpage>.</mixed-citation></ref>
<ref id="ref023"><mixed-citation publication-type="journal"><person-group person-group-type="author"><string-name><surname>Darby</surname>, <given-names>J.L.</given-names></string-name>, <string-name><surname>Fugate</surname>, <given-names>B.S.</given-names></string-name> and <string-name><surname>Murray</surname>, <given-names>J.B.</given-names></string-name></person-group> (<year>2019</year>), “<article-title>Interpretive research complementary approach to seeking knowledge in supply chain</article-title>”, <source>The International Journal of Logistics Management</source>, Vol. <volume>30</volume> No. <issue>2</issue>, pp. <fpage>395</fpage>-<lpage>413</lpage>.</mixed-citation></ref>
<ref id="ref024"><mixed-citation publication-type="journal"><person-group person-group-type="author"><string-name><surname>Dohale</surname>, <given-names>V.</given-names></string-name>, <string-name><surname>Ambilkar</surname>, <given-names>P.</given-names></string-name>, <string-name><surname>Gunasekaran</surname>, <given-names>A.</given-names></string-name> and <string-name><surname>Verma</surname>, <given-names>P.</given-names></string-name></person-group> (<year>2021</year>), “<article-title>Supply chain risk mitigation strategies during COVID-19: exploratory cases of ‘make-to-order’ handloom saree apparel industries</article-title>”, <source>International Journal of Physical Distribution &amp; Logistics Management</source>, Vol. <volume>52</volume> No. <issue>2</issue>, pp. <fpage>109</fpage>-<lpage>129</lpage>, doi: <pub-id pub-id-type="doi">10.1108/IJPDLM-12-2020-0450</pub-id>.</mixed-citation></ref>
<ref id="ref025"><mixed-citation publication-type="book"><person-group person-group-type="author"><string-name><surname>Donaldson</surname>, <given-names>L.</given-names></string-name></person-group> (<year>2001</year>), <source>The Contingency Theory of Organizations</source>, <publisher-name>Sage Publications</publisher-name>, <publisher-loc>Thousand Oaks, CA</publisher-loc>.</mixed-citation></ref>
<ref id="ref026"><mixed-citation publication-type="journal"><person-group person-group-type="author"><string-name><surname>Dormady</surname>, <given-names>N.</given-names></string-name>, <string-name><surname>Roa-Henriquez</surname>, <given-names>A.</given-names></string-name> and <string-name><surname>Rose</surname>, <given-names>A.</given-names></string-name></person-group> (<year>2019</year>), “<article-title>Economic resilience of the firm: a production theory approach</article-title>”, <source>International Journal of Production Economics</source>, Vol. <volume>208</volume>, pp. <fpage>446</fpage>-<lpage>460</lpage>, doi: <pub-id pub-id-type="doi">10.1016/j.ijpe.2018.07.017</pub-id>.</mixed-citation></ref>
<ref id="ref027"><mixed-citation publication-type="journal"><person-group person-group-type="author"><string-name><surname>Dubey</surname>, <given-names>R.</given-names></string-name>, <string-name><surname>Gunasekaran</surname>, <given-names>A.</given-names></string-name>, <string-name><surname>Childe</surname>, <given-names>S.J.</given-names></string-name>, <string-name><surname>Fosso Wamba</surname>, <given-names>S.</given-names></string-name>, <string-name><surname>Roubaud</surname>, <given-names>D.</given-names></string-name> and <string-name><surname>Foropon</surname>, <given-names>C.</given-names></string-name></person-group> (<year>2021</year>), “<article-title>Empirical investigation of data analytics capability and organizational flexibility as complements to supply chain resilience</article-title>”, <source>International Journal of Production Research</source>, Vol. <volume>59</volume> No. <issue>1</issue>, pp. <fpage>110</fpage>-<lpage>128</lpage>.</mixed-citation></ref>
<ref id="ref028"><mixed-citation publication-type="journal"><person-group person-group-type="author"><string-name><surname>El Baz</surname>, <given-names>J.</given-names></string-name> and <string-name><surname>Ruel</surname>, <given-names>S.</given-names></string-name></person-group> (<year>2021</year>), “<article-title>Can supply chain risk management practices mitigate the disruption impacts on supply chains’ resilience and robustness? Evidence from an empirical survey in a COVID-19 outbreak era</article-title>”, <source>International Journal of Production Economics</source>, Vol. <volume>233</volume>, p. <fpage>107972</fpage>, doi: <pub-id pub-id-type="doi">10.1016/j.ijpe.2020.107972</pub-id>.</mixed-citation></ref>
<ref id="ref029"><mixed-citation publication-type="journal"><person-group person-group-type="author"><string-name><surname>Fiss</surname>, <given-names>P.C.</given-names></string-name></person-group> (<year>2011</year>), “<article-title>Building better causal theories: a fuzzy set approach to typologies in organization research</article-title>”, <source>Academy of Management Journal</source>, Vol. <volume>54</volume> No. <issue>2</issue>, pp. <fpage>393</fpage>-<lpage>420</lpage>, doi: <pub-id pub-id-type="doi">10.5465/amj.2011.60263120</pub-id>.</mixed-citation></ref>
<ref id="ref030"><mixed-citation publication-type="journal"><person-group person-group-type="author"><string-name><surname>Ghasemaghaei</surname>, <given-names>M.</given-names></string-name></person-group> (<year>2019</year>), “<article-title>Does data analytics use improve firm decision making quality? The role of knowledge sharing and data analytics competency</article-title>”, <source>Decision Support Systems</source>, Vol. <volume>120</volume> No. <issue>2</issue>, pp. <fpage>14</fpage>-<lpage>24</lpage>, doi: <pub-id pub-id-type="doi">10.1016/j.dss.2019.03.004</pub-id>.</mixed-citation></ref>
<ref id="ref031"><mixed-citation publication-type="journal"><person-group person-group-type="author"><string-name><surname>Gligor</surname>, <given-names>D.</given-names></string-name>, <string-name><surname>Feizabadi</surname>, <given-names>J.</given-names></string-name>, <string-name><surname>Russo</surname>, <given-names>I.</given-names></string-name>, <string-name><surname>Maloni</surname>, <given-names>M.J.</given-names></string-name> and <string-name><surname>Goldsby</surname>, <given-names>T.J.</given-names></string-name></person-group> (<year>2020</year>), “<article-title>The triple-a supply chain and strategic resources: developing competitive advantage</article-title>”, <source>International Journal of Physical Distribution &amp; Logistics Management</source>, Vol. <volume>50</volume> No. <issue>2</issue>, pp. <fpage>159</fpage>-<lpage>190</lpage>, doi: <pub-id pub-id-type="doi">10.1108/IJPDLM-08-2019-0258</pub-id>.</mixed-citation></ref>
<ref id="ref032"><mixed-citation publication-type="journal"><person-group person-group-type="author"><string-name><surname>Greckhamer</surname>, <given-names>T.</given-names></string-name>, <string-name><surname>Furnari</surname>, <given-names>S.</given-names></string-name>, <string-name><surname>Fiss</surname>, <given-names>P.C.</given-names></string-name> and <string-name><surname>Aguilera</surname>, <given-names>R.V.</given-names></string-name></person-group> (<year>2018</year>), “<article-title>Studying configurations with qualitative comparative analysis: best practices in strategy and organization research</article-title>”, <source>Strategic Organization</source>, Vol. <volume>16</volume>N0 No. <issue>4</issue>, pp. <fpage>482</fpage>-<lpage>495</lpage>.</mixed-citation></ref>
<ref id="ref033"><mixed-citation publication-type="journal"><person-group person-group-type="author"><string-name><surname>Hitt</surname>, <given-names>M.A.</given-names></string-name></person-group> (<year>2011</year>), “<article-title>Relevance of strategic management theory and research for supply chain management</article-title>”, <source>Journal of Supply Chain Management</source>, Vol. <volume>47</volume> No. <issue>1</issue>, pp. <fpage>9</fpage>-<lpage>13</lpage>.</mixed-citation></ref>
<ref id="ref034"><mixed-citation publication-type="journal"><person-group person-group-type="author"><string-name><surname>Hock-Doepgen</surname>, <given-names>M.</given-names></string-name>, <string-name><surname>Clauss</surname>, <given-names>T.</given-names></string-name>, <string-name><surname>Kraus</surname>, <given-names>S.</given-names></string-name> and <string-name><surname>Cheng</surname>, <given-names>C.F.</given-names></string-name></person-group> (<year>2021</year>), “<article-title>Knowledge management capabilities and organizational risk-taking for business model innovation in SMEs</article-title>”, <source>Journal of Business Research</source>, Vol. <volume>130</volume>, pp. <fpage>683</fpage>-<lpage>697</lpage>, doi: <pub-id pub-id-type="doi">10.1016/j.jbusres.2019.12.001</pub-id>.</mixed-citation></ref>
<ref id="ref035"><mixed-citation publication-type="journal"><person-group person-group-type="author"><string-name><surname>Hohenstein</surname>, <given-names>N.O.</given-names></string-name>, <string-name><surname>Feisel</surname>, <given-names>E.</given-names></string-name>, <string-name><surname>Hartmann</surname>, <given-names>E.</given-names></string-name> and <string-name><surname>Giunipero</surname>, <given-names>L.</given-names></string-name></person-group> (<year>2015</year>), “<article-title>Research on the phenomenon of supply chain resilience: a systematic review and paths for further investigation</article-title>”, <source>International Journal of Physical Distribution &amp; Logistics Management</source>, Vol. <volume>45</volume> Nos <issue>1/2</issue>, pp. <fpage>90</fpage>-<lpage>117</lpage>, doi: <pub-id pub-id-type="doi">10.1108/IJPDLM-05-2013-0128</pub-id>.</mixed-citation></ref>
<ref id="ref036"><mixed-citation publication-type="journal"><person-group person-group-type="author"><string-name><surname>Hosseini</surname>, <given-names>S.</given-names></string-name> and <string-name><surname>Barker</surname>, <given-names>K.</given-names></string-name></person-group> (<year>2016a</year>), “<article-title>A Bayesian network model for resilience-based supplier selection</article-title>”, <source>International Journal of Production Economics</source>, Vol. <volume>180</volume>, pp. <fpage>68</fpage>-<lpage>87</lpage>, doi: <pub-id pub-id-type="doi">10.1016/j.ijpe.2016.07.007</pub-id>.</mixed-citation></ref>
<ref id="ref037"><mixed-citation publication-type="journal"><person-group person-group-type="author"><string-name><surname>Hosseini</surname>, <given-names>S.</given-names></string-name> and <string-name><surname>Barker</surname>, <given-names>K.</given-names></string-name></person-group> (<year>2016b</year>), “<article-title>Modeling infrastructure resilience using Bayesian networks: a case study of inland waterway ports</article-title>”, <source>Computers &amp; Industrial Engineering</source>, Vol. <volume>93</volume>, pp. <fpage>252</fpage>-<lpage>266</lpage>, doi: <pub-id pub-id-type="doi">10.1016/j.cie.2016.01.007</pub-id>.</mixed-citation></ref>
<ref id="ref038"><mixed-citation publication-type="journal"><person-group person-group-type="author"><string-name><surname>Hosseini</surname>, <given-names>S.</given-names></string-name>, <string-name><surname>Ivanov</surname>, <given-names>D.</given-names></string-name> and <string-name><surname>Dolgui</surname>, <given-names>A.</given-names></string-name></person-group> (<year>2019</year>), “<article-title>Review of quantitative methods for supply chain resilience analysis</article-title>”, <source>Transportation Research Part E: Logistics and Transportation Review</source>, Vol. <volume>125</volume>, pp. <fpage>285</fpage>-<lpage>307</lpage>, doi: <pub-id pub-id-type="doi">10.1016/j.tre.2019.03.001</pub-id>.</mixed-citation></ref>
<ref id="ref039"><mixed-citation publication-type="journal"><person-group person-group-type="author"><string-name><surname>Ivanov</surname>, <given-names>D.</given-names></string-name></person-group> (<year>2020</year>), “<article-title>Predicting the impacts of epidemic outbreaks on global supply chains: a simulation-based analysis on the coronavirus outbreak (COVID-19/SARS-CoV-2) case</article-title>”, <source>Transportation Research Part E: Logistics and Transportation Review</source>, Vol. <volume>136</volume>, p. <fpage>101922</fpage>, doi: <pub-id pub-id-type="doi">10.1016/j.tre.2020.101922</pub-id>.</mixed-citation></ref>
<ref id="ref040"><mixed-citation publication-type="journal"><person-group person-group-type="author"><string-name><surname>Ivanov</surname>, <given-names>D.</given-names></string-name></person-group> (<year>2021</year>), “<article-title>Supply chain viability and the COVID-19 pandemic: a conceptual and formal generalisation of four major adaptation strategies</article-title>”, <source>International Journal of Production Research</source>, Vol. <volume>59</volume> No. <issue>12</issue>, pp. <fpage>3535</fpage>-<lpage>3552</lpage>, doi: <pub-id pub-id-type="doi">10.1080/00207543.2021.1890852</pub-id>.</mixed-citation></ref>
<ref id="ref041"><mixed-citation publication-type="journal"><person-group person-group-type="author"><string-name><surname>Ivanov</surname>, <given-names>D.</given-names></string-name> and <string-name><surname>Dolgui</surname>, <given-names>A.</given-names></string-name></person-group> (<year>2019</year>), “<article-title>Low-Certainty-Need (LCN) supply chains: a new perspective in managing disruption risks and resilience</article-title>”, <source>International Journal of Production Research</source>, Vol. <volume>57</volume> Nos <issue>15/16</issue>, pp. <fpage>5119</fpage>-<lpage>5136</lpage>.</mixed-citation></ref>
<ref id="ref042"><mixed-citation publication-type="journal"><person-group person-group-type="author"><string-name><surname>Ivanov</surname>, <given-names>D.</given-names></string-name>, <string-name><surname>Sokolov</surname>, <given-names>B.</given-names></string-name> and <string-name><surname>Dolgui</surname>, <given-names>A.</given-names></string-name></person-group> (<year>2014</year>), “<article-title>The ripple effect in supply chains: trade-off ‘efficiency-flexibility-resilience’ in disruption management</article-title>”, <source>International Journal of Production Research</source>, Vol. <volume>52</volume> No. <issue>7</issue>, pp. <fpage>2154</fpage>-<lpage>2172</lpage>.</mixed-citation></ref>
<ref id="ref043"><mixed-citation publication-type="journal"><person-group person-group-type="author"><string-name><surname>Kraus</surname>, <given-names>S.</given-names></string-name>, <string-name><surname>Mensching</surname>, <given-names>H.</given-names></string-name>, <string-name><surname>Calabrò</surname>, <given-names>A.</given-names></string-name>, <string-name><surname>Cheng</surname>, <given-names>C.F.</given-names></string-name> and <string-name><surname>Filser</surname>, <given-names>M.</given-names></string-name></person-group> (<year>2016</year>), “<article-title>Family firm internationalization: a configurational approach</article-title>”, <source>Journal of Business Research</source>, Vol. <volume>69</volume> No. <issue>11</issue>, pp. <fpage>5473</fpage>-<lpage>5478</lpage>.</mixed-citation></ref>
<ref id="ref044"><mixed-citation publication-type="journal"><person-group person-group-type="author"><string-name><surname>Kwak</surname>, <given-names>D.W.</given-names></string-name>, <string-name><surname>Seo</surname>, <given-names>Y.J.</given-names></string-name> and <string-name><surname>Manson</surname>, <given-names>R.</given-names></string-name></person-group> (<year>2018</year>), “<article-title>Investigating the relationship between supply chain innovation, risk management capabilities and competitive advantage in global supply chains</article-title>”, <source>International Journal of Operations &amp; Production Management</source>, Vol. <volume>38</volume> No. <issue>1</issue>, pp. <fpage>2</fpage>-<lpage>21</lpage>.</mixed-citation></ref>
<ref id="ref045"><mixed-citation publication-type="journal"><person-group person-group-type="author"><string-name><surname>Leischnig</surname>, <given-names>A.</given-names></string-name>, <string-name><surname>Henneberg</surname>, <given-names>S.C.</given-names></string-name> and <string-name><surname>Thornton</surname>, <given-names>S.C.</given-names></string-name></person-group> (<year>2016</year>), “<article-title>Net versus combinatory effects of firm and industry antecedents of sales growth</article-title>”, <source>Journal of Business Research</source>, Vol. <volume>69</volume> No. <issue>9</issue>, pp. <fpage>3576</fpage>-<lpage>3583</lpage>.</mixed-citation></ref>
<ref id="ref046"><mixed-citation publication-type="journal"><person-group person-group-type="author"><string-name><surname>Ling-Yee</surname>, <given-names>L.</given-names></string-name></person-group> (<year>2007</year>), “<article-title>Marketing resources and performance of exhibitor firms in trade shows: a con- tingent resource perspective</article-title>”, <source>Industrial Marketing Management</source>, Vol. <volume>36</volume> No. <issue>3</issue>, pp. <fpage>360</fpage>-<lpage>370</lpage>.</mixed-citation></ref>
<ref id="ref047"><mixed-citation publication-type="journal"><person-group person-group-type="author"><string-name><surname>Liu</surname>, <given-names>C.L.</given-names></string-name> and <string-name><surname>Lee</surname>, <given-names>M.Y.</given-names></string-name></person-group> (<year>2017</year>), “<article-title>Integration, supply chain resilience, and service performance in third-party logistics providers</article-title>”, <source>The International Journal of Logistics Management</source>, Vol. <volume>29</volume> No. <issue>1</issue>, pp. <fpage>5</fpage>-<lpage>21</lpage>, doi: <pub-id pub-id-type="doi">10.1108/IJLM-11-2016-0283</pub-id>.</mixed-citation></ref>
<ref id="ref048"><mixed-citation publication-type="journal"><person-group person-group-type="author"><string-name><surname>Liu</surname>, <given-names>H.</given-names></string-name>, <string-name><surname>Ke</surname>, <given-names>K.</given-names></string-name>, <string-name><surname>Wei</surname>, <given-names>K.K.</given-names></string-name> and <string-name><surname>Hua</surname>, <given-names>Z.</given-names></string-name></person-group> (<year>2013</year>), “<article-title>The impact of IT capabilities on firm performance: the mediating roles of absorptive capacity and supply chain agility</article-title>”, <source>Decision Support Systems</source>, Vol. <volume>54</volume> No. <issue>3</issue>, pp. <fpage>1452</fpage>-<lpage>1462</lpage>, doi: <pub-id pub-id-type="doi">10.1016/j.dss.2012.12.016</pub-id>.</mixed-citation></ref>
<ref id="ref049"><mixed-citation publication-type="journal"><person-group person-group-type="author"><string-name><surname>Liu</surname>, <given-names>Y.</given-names></string-name>, <string-name><surname>Lee</surname>, <given-names>J.M.</given-names></string-name> and <string-name><surname>Lee</surname>, <given-names>C.</given-names></string-name></person-group> (<year>2020</year>), “<article-title>The challenges and opportunities of a global health crisis: the management and business implications of COVID-19 from an Asian perspective</article-title>”, <source>Asian Business &amp; Management</source>, Vol. Vol. <volume>19</volume> No. <issue>3</issue>, pp. <fpage>277</fpage>-<lpage>297</lpage>, doi: <pub-id pub-id-type="doi">10.1057/s41291-020-00119-x</pub-id>.</mixed-citation></ref>
<ref id="ref050"><mixed-citation publication-type="journal"><person-group person-group-type="author"><string-name><surname>Lücker</surname>, <given-names>F.</given-names></string-name>, <string-name><surname>Seifert</surname>, <given-names>R.W.</given-names></string-name> and <string-name><surname>Biçer</surname>, <given-names>I.</given-names></string-name></person-group> (<year>2018</year>), “<article-title>Roles of inventory and reserve capacity in mitigating supply chain disruption risk</article-title>”, <source>International Journal of Production Research</source>, pp. <fpage>1238</fpage>-<lpage>1249</lpage>, doi: <pub-id pub-id-type="doi">10.1080/00207543.2018.1504173</pub-id>.</mixed-citation></ref>
<ref id="ref051"><mixed-citation publication-type="journal"><person-group person-group-type="author"><string-name><surname>Mena</surname>, <given-names>C.</given-names></string-name>, <string-name><surname>Karatzas</surname>, <given-names>A.</given-names></string-name> and <string-name><surname>Hansen</surname>, <given-names>C.</given-names></string-name></person-group> (<year>2022</year>), “<article-title>International trade resilience and the covid-19 pandemic</article-title>”, <source>Journal of Business Research</source>, Vol. <volume>138</volume>, pp. <fpage>77</fpage>-<lpage>91</lpage>, doi: <pub-id pub-id-type="doi">10.1016/j.jbusres.2021.08.064</pub-id>.</mixed-citation></ref>
<ref id="ref000017"><mixed-citation publication-type="journal"><person-group person-group-type="author"><string-name><surname>Mitchell</surname>, <given-names>T.R.</given-names></string-name></person-group> (<year>1985</year>), “<article-title>An evaluation of the validity of correlational research conducted in organizations</article-title>”, <source>Academy of Management Review</source>, Vol. <volume>10</volume> No. <issue>2</issue>, pp. <fpage>192</fpage>-<lpage>205</lpage>.</mixed-citation></ref>
<ref id="ref052"><mixed-citation publication-type="journal"><person-group person-group-type="author"><string-name><surname>Modgil</surname>, <given-names>S.</given-names></string-name>, <string-name><surname>Singh</surname>, <given-names>R.K.</given-names></string-name> and <string-name><surname>Hannibal</surname>, <given-names>C.</given-names></string-name></person-group> (<year>2022</year>), “<article-title>Artificial intelligence for supply chain resilience: learning from covid-19</article-title>”, <source>International Journal of Logistics Management. Advance Online Publication</source>, Vol. <volume>33</volume> No. <issue>4</issue>, pp. <fpage>1246</fpage>-<lpage>1268</lpage>, doi: <pub-id pub-id-type="doi">10.1108/IJLM-02-2021-0094</pub-id>.</mixed-citation></ref>
<ref id="ref053"><mixed-citation publication-type="journal"><person-group person-group-type="author"><string-name><surname>Nguyen</surname>, <given-names>H.V.</given-names></string-name>, <string-name><surname>Nguyen</surname>, <given-names>H.T.</given-names></string-name>, <string-name><surname>Deligonul</surname>, <given-names>S.</given-names></string-name> and <string-name><surname>Cavusgil</surname>, <given-names>S.T.</given-names></string-name></person-group> (<year>2017</year>), “<article-title>Developing visibility to mitigate supplier risk: the role of power-dependence structure</article-title>”, <source>Asia-Pacific Journal of Business Administration</source>, Vol. <volume>9</volume> No. <issue>1</issue>, pp. <fpage>69</fpage>-<lpage>82</lpage>, doi: <pub-id pub-id-type="doi">10.1108/APJBA-05-2016-0052</pub-id>.</mixed-citation></ref>
<ref id="ref054"><mixed-citation publication-type="journal"><person-group person-group-type="author"><string-name><surname>Parker</surname>, <given-names>H.</given-names></string-name> and <string-name><surname>Ameen</surname>, <given-names>K.</given-names></string-name></person-group> (<year>2018</year>), “<article-title>The role of resilience capabilities in shaping how firms respond to disruptions</article-title>”, <source>Journal of Business Research</source>, Vol. <volume>88</volume>, pp. <fpage>535</fpage>-<lpage>541</lpage>, doi: <pub-id pub-id-type="doi">10.1016/j.jbusres.2017.12.022</pub-id>.</mixed-citation></ref>
<ref id="ref055"><mixed-citation publication-type="journal"><person-group person-group-type="author"><string-name><surname>Paul</surname>, <given-names>S.K.</given-names></string-name>, <string-name><surname>Chowdhury</surname>, <given-names>P.</given-names></string-name>, <string-name><surname>Moktadir</surname>, <given-names>M.A.</given-names></string-name> and <string-name><surname>Lau</surname>, <given-names>K.H.</given-names></string-name></person-group> (<year>2021a</year>), “<article-title>Supply chain recovery challenges in the wake of COVID-19 pandemic</article-title>”, <source>Journal of Business Research</source>, Vol. <volume>136</volume>, pp. <fpage>316</fpage>-<lpage>329</lpage>, <comment>doi: 10.1016%2Fj.jbusres.2021.07.056</comment>.</mixed-citation></ref>
<ref id="ref056"><mixed-citation publication-type="journal"><person-group person-group-type="author"><string-name><surname>Pavlou</surname>, <given-names>P.A.</given-names></string-name> and <string-name><surname>El Sawy</surname>, <given-names>O.A.</given-names></string-name></person-group> (<year>2006</year>), “<article-title>From IT leveraging competence to competitive advantage in turbulent environments: the case of new product development</article-title>”, <source>Information Systems Research</source>, Vol. <volume>17</volume> No. <issue>3</issue>, pp. <fpage>198</fpage>-<lpage>227</lpage>, <comment>available at: <ext-link ext-link-type="uri" xlink:href="http://www.jstor.org/stable/23015886">www.jstor.org/stable/23015886</ext-link></comment></mixed-citation></ref>
<ref id="ref057"><mixed-citation publication-type="journal"><person-group person-group-type="author"><string-name><surname>Pettit</surname>, <given-names>T.J.</given-names></string-name>, <string-name><surname>Croxton</surname>, <given-names>K.L.</given-names></string-name> and <string-name><surname>Fiksel</surname>, <given-names>J.</given-names></string-name></person-group> (<year>2013</year>), “<article-title>Ensuring supply chain resilience: development and implementation of an assessment tool</article-title>”, <source>Journal of Business Logistics</source>, Vol. <volume>34</volume> No. <issue>1</issue>, pp. <fpage>46</fpage>-<lpage>76</lpage>, doi: <pub-id pub-id-type="doi">10.1111/jbl.12009</pub-id>.</mixed-citation></ref>
<ref id="ref058"><mixed-citation publication-type="book"><person-group person-group-type="author"><string-name><surname>Ragin</surname>, <given-names>C.C.</given-names></string-name></person-group> (<year>2000</year>), <source>Fuzzy-Set Social Science</source>, <publisher-name>University of Chicago Press</publisher-name>, <publisher-loc>Chicago</publisher-loc>.</mixed-citation></ref>
<ref id="ref0043"><mixed-citation publication-type="journal"><person-group person-group-type="author"><string-name><surname>Ragin</surname>, <given-names>C.C.</given-names></string-name></person-group> (<year>2009</year>), “<article-title>Qualitative comparative analysis using fuzzy sets (fsQCA)</article-title>”, <source>Configurational Comparative Methods: Qualitative Comparative Analysis (QCA) and Related Techniques</source>, Vol. <volume>51</volume> No. <issue>8</issue>, pp. <fpage>87</fpage>-<lpage>121</lpage>.</mixed-citation></ref>
<ref id="ref059"><mixed-citation publication-type="book"><person-group person-group-type="author"><string-name><surname>Ragin</surname>, <given-names>C.C.</given-names></string-name> and <string-name><surname>Fiss</surname>, <given-names>P.C.</given-names></string-name></person-group> (<year>2008</year>), “<article-title>Net effects analysis versus configurational analysis: an empirical demonstration</article-title>”, in <person-group person-group-type="editor"><string-name><surname>Ragin</surname>, <given-names>C.C.</given-names></string-name></person-group> (Ed.), <source>Redesigning Social Inquiry: Fuzzy Sets and Beyond</source>, <publisher-name>Chicago University Press</publisher-name>, <publisher-loc>Chicago</publisher-loc>, pp. <fpage>190</fpage>-<lpage>212</lpage>.</mixed-citation></ref>
<ref id="ref060"><mixed-citation publication-type="journal"><person-group person-group-type="author"><string-name><surname>Rai</surname>, <given-names>A.</given-names></string-name>, <string-name><surname>Patnayakuni</surname>, <given-names>R.</given-names></string-name> and <string-name><surname>Seth</surname>, <given-names>N.</given-names></string-name></person-group> (<year>2006</year>), “<article-title>Firm performance impacts of digitally enabled supply chain integration capabilities</article-title>”, <source>MIS Quarterly</source>, Vol. <volume>30</volume> No. <issue>2</issue>, pp. <fpage>225</fpage>-<lpage>246</lpage>, doi: <pub-id pub-id-type="doi">10.2307/25148729</pub-id>.</mixed-citation></ref>
<ref id="ref061"><mixed-citation publication-type="journal"><person-group person-group-type="author"><string-name><surname>Ribeiro-Navarrete</surname>, <given-names>S.</given-names></string-name>, <string-name><surname>Palacios-Marqués</surname>, <given-names>D.</given-names></string-name>, <string-name><surname>Lassala</surname>, <given-names>C.</given-names></string-name> and <string-name><surname>Ulrich</surname>, <given-names>K.</given-names></string-name></person-group> (<year>2021</year>), “<article-title>Key factors of information management for crowdfunding investor satisfaction</article-title>”, <source>International Journal of Information Management</source>, Vol. <volume>59</volume>, p. <fpage>102354</fpage>.</mixed-citation></ref>
<ref id="ref063"><mixed-citation publication-type="journal"><person-group person-group-type="author"><string-name><surname>Rojo</surname>, <given-names>A.</given-names></string-name>, <string-name><surname>Stevenson</surname>, <given-names>M.</given-names></string-name>, <string-name><surname>Lloréns Montes</surname>, <given-names>F.J.</given-names></string-name> and <string-name><surname>Perez-Arostegui</surname>, <given-names>M.N.</given-names></string-name></person-group> (<year>2018</year>), “<article-title>Supply chain flexibility in dynamic environments: the enabling role of operational absorptive capacity and organisational learning</article-title>”, <source>International Journal of Operations &amp; Production Management</source>, Vol. <volume>38</volume> No. <issue>3</issue>, pp. <fpage>636</fpage>-<lpage>666</lpage>, doi: <pub-id pub-id-type="doi">10.1108/IJOPM-08-2016-0450</pub-id>.</mixed-citation></ref>
<ref id="ref064"><mixed-citation publication-type="journal"><person-group person-group-type="author"><string-name><surname>Ruiz-Benítez</surname>, <given-names>R.</given-names></string-name>, <string-name><surname>López</surname>, <given-names>C.</given-names></string-name> and <string-name><surname>Real</surname>, <given-names>J.C.</given-names></string-name></person-group> (<year>2018</year>), “<article-title>The lean and resilient management of the supply chain and its impact on performance</article-title>”, <source>International Journal of Production Economics</source>, Vol. Vol. <volume>203</volume>, pp. <fpage>190</fpage>-<lpage>202</lpage>.</mixed-citation></ref>
<ref id="ref065"><mixed-citation publication-type="web"><person-group person-group-type="author"><string-name><surname>Rushe</surname>, <given-names>D.</given-names></string-name>, <string-name><surname>Davidson</surname>, <given-names>H.</given-names></string-name>, <string-name><surname>Connolly</surname>, <given-names>K.</given-names></string-name>, <string-name><surname>Roth</surname>, <given-names>A.</given-names></string-name>, <string-name><surname>Inman</surname>, <given-names>P.</given-names></string-name> and <string-name><surname>Farrer</surname>, <given-names>M.</given-names></string-name></person-group> (<year>2021</year>), “<article-title>How the supply chain crisis is affecting six big economies</article-title>”, <source>The Guardian</source>, <comment>available at: <ext-link ext-link-type="uri" xlink:href="http://www.theguardian.com/business/2021/oct/02/how-the-supply-chain-crisis-is-affecting-six-big-economies">www.theguardian.com/business/2021/oct/02/how-the-supply-chain-crisis-is-affecting-six-big-economies</ext-link></comment></mixed-citation></ref>
<ref id="ref066"><mixed-citation publication-type="journal"><person-group person-group-type="author"><string-name><surname>Russo</surname>, <given-names>I.</given-names></string-name>, <string-name><surname>Pellathy</surname>, <given-names>D.</given-names></string-name> and <string-name><surname>Omar</surname>, <given-names>A.</given-names></string-name></person-group> (<year>2021</year>), “<article-title>Managing outsourced reverse supply chain operations: middle-range theory development</article-title>”, <source>Journal of Supply Chain Management</source>, Vol. <volume>57</volume> No. <issue>4</issue>, pp. <fpage>63</fpage>-<lpage>85</lpage>, doi: <pub-id pub-id-type="doi">10.1111/jscm.12244</pub-id>.</mixed-citation></ref>
<ref id="ref00077"><mixed-citation publication-type="journal"><person-group person-group-type="author"><string-name><surname>Scarpi</surname>, <given-names>D.</given-names></string-name>, <string-name><surname>Russo</surname>, <given-names>I.</given-names></string-name>, <string-name><surname>Confente</surname>, <given-names>I.</given-names></string-name> and <string-name><surname>Hazen</surname>, <given-names>B.</given-names></string-name></person-group> (<year>2021</year>), “<article-title>Individual antecedents to consumer intention to switch to food waste bioplastic products: a configuration analysis</article-title>”, <source>Industrial Marketing Management</source>, Vol. <volume>93</volume>, pp. <fpage>578</fpage>-<lpage>590</lpage>.</mixed-citation></ref>
<ref id="ref0079"><mixed-citation publication-type="book"><person-group person-group-type="author"><string-name><surname>Schneider</surname>, <given-names>C.Q.</given-names></string-name> and <string-name><surname>Wagemann</surname>, <given-names>C.</given-names></string-name></person-group> (<year>2012</year>), <source>Set-theoretic Methods for the Social Sciences: A Guide to Qualitative Comparative Analysis</source>, <publisher-name>Cambridge University Press</publisher-name>, <publisher-loc>Cambridge</publisher-loc>.</mixed-citation></ref>
<ref id="ref067"><mixed-citation publication-type="journal"><person-group person-group-type="author"><string-name><surname>Sharma</surname>, <given-names>M.</given-names></string-name>, <string-name><surname>Luthra</surname>, <given-names>S.</given-names></string-name>, <string-name><surname>Joshi</surname>, <given-names>S.</given-names></string-name> and <string-name><surname>Kumar</surname>, <given-names>A.</given-names></string-name></person-group> (<year>2022</year>), “<article-title>Developing a framework for enhancing survivability of sustainable supply chains during and post-COVID-19 pandemic</article-title>”, Vol. <volume>25</volume> Nos <issue>4/5</issue>, pp. <fpage>433</fpage>-<lpage>453</lpage>, <source>International Journal of Logistics Research and Applications</source>, doi: <pub-id pub-id-type="doi">10.1080/13675567.2020.1810213</pub-id>.</mixed-citation></ref>
<ref id="ref068"><mixed-citation publication-type="web"><person-group person-group-type="author"><string-name><surname>Sherman</surname>, <given-names>E.</given-names></string-name></person-group> (<year>2020</year>), “<article-title>94% Of the fortune 1000 are seeing coronavirus supply chain disruptions: report</article-title>”, <source>Fortune</source>, <comment>available at: <ext-link ext-link-type="uri" xlink:href="https://fortune.com/2020/02/21/fortune-1000-coronavirus-china-supply-chain-impact/">https://fortune.com/2020/02/21/fortune-1000-coronavirus-china-supply-chain-impact/</ext-link></comment></mixed-citation></ref>
<ref id="ref069"><mixed-citation publication-type="journal"><person-group person-group-type="author"><string-name><surname>Simatupang</surname>, <given-names>T.M.</given-names></string-name> and <string-name><surname>Sridharan</surname>, <given-names>R.</given-names></string-name></person-group> (<year>2008</year>), “<article-title>Design for supply chain collaboration</article-title>”, <source>Business Process Management Journal</source>, Vol. <volume>14</volume> No. <issue>3</issue>, pp. <fpage>401</fpage>-<lpage>418</lpage>.</mixed-citation></ref>
<ref id="ref070"><mixed-citation publication-type="journal"><person-group person-group-type="author"><string-name><surname>Soni</surname>, <given-names>U.</given-names></string-name>, <string-name><surname>Jain</surname>, <given-names>V.</given-names></string-name> and <string-name><surname>Kumar</surname>, <given-names>S.</given-names></string-name></person-group> (<year>2014</year>), “<article-title>Measuring supply chain resilience using a deterministic modeling approach</article-title>”, <source>Computers &amp; Industrial Engineering</source>, Vol. <volume>74</volume>, pp. <fpage>11</fpage>-<lpage>25</lpage>, doi: <pub-id pub-id-type="doi">10.1016/j.cie.2014.04.019</pub-id>.</mixed-citation></ref>
<ref id="ref071"><mixed-citation publication-type="journal"><person-group person-group-type="author"><string-name><surname>Sturm</surname>, <given-names>S.</given-names></string-name>, <string-name><surname>Hohenstein</surname>, <given-names>N.O.</given-names></string-name>, <string-name><surname>Birkel</surname>, <given-names>H.</given-names></string-name>, <string-name><surname>Kaiser</surname>, <given-names>G.</given-names></string-name> and <string-name><surname>Hartmann</surname>, <given-names>E.</given-names></string-name></person-group> (<year>2021</year>), “<article-title>Empirical research on the relationships between demand-and supply-side risk management practices and their impact on business performance</article-title>”, <source>Supply Chain Management: An International Journal</source>, Vol. <volume>27</volume> No. <issue>6</issue>, pp. <fpage>742</fpage>-<lpage>761</lpage>, doi: <pub-id pub-id-type="doi">10.1108/SCM-08-2020-0403</pub-id>.</mixed-citation></ref>
<ref id="ref072"><mixed-citation publication-type="journal"><person-group person-group-type="author"><string-name><surname>Suryawanshi</surname>, <given-names>P.</given-names></string-name> and <string-name><surname>Dutta</surname>, <given-names>P.</given-names></string-name></person-group> (<year>2022</year>), “<article-title>Optimization models for supply chains under risk, uncertainty, and resilience: a state-of-the-art review and future research directions</article-title>”, <source>Transportation Research Part E: Logistics and Transportation Review</source>, Vol. <volume>157</volume>, p. <fpage>102553</fpage>, doi: <pub-id pub-id-type="doi">10.1016/j.tre.2021.102553</pub-id>.</mixed-citation></ref>
<ref id="ref073"><mixed-citation publication-type="journal"><person-group person-group-type="author"><string-name><surname>Um</surname>, <given-names>J.</given-names></string-name> and <string-name><surname>Han</surname>, <given-names>N.</given-names></string-name></person-group> (<year>2020</year>), “<article-title>Understanding the relationships between global supply chain risk and supply chain resilience: the role of mitigating strategies</article-title>”, <source>Supply Chain Management: An International Journal</source>, Vol. <volume>26</volume> No. <issue>2</issue>, pp. <fpage>240</fpage>-<lpage>255</lpage>, doi: <pub-id pub-id-type="doi">10.1108/SCM-06-2020-0248</pub-id>.</mixed-citation></ref>
<ref id="ref777"><mixed-citation publication-type="journal"><person-group person-group-type="author"><string-name><surname>Wieland</surname>, <given-names>A.</given-names></string-name></person-group> (<year>2020</year>), “<article-title>Dancing the supply chain: toward transformative supply chain management</article-title>”, <source>Journal of Supply Chain Management</source>, doi: <pub-id pub-id-type="doi">10.1111/jscm.12248</pub-id>.</mixed-citation></ref>
<ref id="ref074"><mixed-citation publication-type="journal"><person-group person-group-type="author"><string-name><surname>Wieland</surname>, <given-names>A.</given-names></string-name></person-group> (<year>2021</year>), “<article-title>Dancing the supply chain: toward transformative supply chain management</article-title>”, <source>Journal of Supply Chain Management</source>, Vol. <volume>57</volume> No. <issue>1</issue>, pp. <fpage>58</fpage>-<lpage>73</lpage>.</mixed-citation></ref>
<ref id="ref075"><mixed-citation publication-type="journal"><person-group person-group-type="author"><string-name><surname>Wieland</surname>, <given-names>A.</given-names></string-name> and <string-name><surname>Durach</surname>, <given-names>C.F.</given-names></string-name></person-group> (<year>2021</year>), “<article-title>Two perspectives on supply chain resilience</article-title>”, <source>Journal of Business Logistics</source>, Vol. <volume>42</volume> No. <issue>3</issue>, pp. <fpage>315</fpage>-<lpage>322</lpage>.</mixed-citation></ref>
<ref id="ref076"><mixed-citation publication-type="journal"><person-group person-group-type="author"><string-name><surname>Wieland</surname>, <given-names>A.</given-names></string-name> and <string-name><surname>Wallenburg</surname>, <given-names>C.M.</given-names></string-name></person-group> (<year>2013</year>), “<article-title>The influence of relational competencies on supply chain resilience: a relational view</article-title>”, <source>International Journal of Physical Distribution &amp; Logistics Management</source>, Vol. <volume>43</volume> No. <issue>4</issue>, pp. <fpage>300</fpage>-<lpage>320</lpage>, doi: <pub-id pub-id-type="doi">10.1108/IJPDLM-08-2012-0243</pub-id>.</mixed-citation></ref>
<ref id="ref077"><mixed-citation publication-type="journal"><person-group person-group-type="author"><string-name><surname>Woodside</surname>, <given-names>A.G.</given-names></string-name></person-group> (<year>2014a</year>), “<article-title>Embrace perform model: complexity theory, contrarian case analysis, and multiple realities</article-title>”, <source>Journal of Business Research</source>, Vol. <volume>67</volume> No. <issue>12</issue>, pp. <fpage>2495</fpage>-<lpage>2503</lpage>.</mixed-citation></ref>
<ref id="ref00177"><mixed-citation publication-type="journal"><person-group person-group-type="author"><string-name><surname>Woodside</surname>, <given-names>A.G.</given-names></string-name></person-group> (<year>2014b</year>), “<article-title>A primer to the general theory of behavioral strategies in business-to-business marketing. Field guide to case study research in business-to-business marketing and purchasing</article-title>”, <source>Advances in Business Marketing and Purchasing</source>, Vol. <volume>21</volume>, pp. <fpage>147</fpage>-<lpage>166</lpage>.</mixed-citation></ref>
<ref id="ref078"><mixed-citation publication-type="book"><person-group person-group-type="editor"><string-name><surname>Woodside</surname>, <given-names>A.G.</given-names></string-name> and <string-name><surname>Baxter</surname>, <given-names>R.</given-names></string-name></person-group> (Eds) (<year>2013</year>), <source>Deep Knowledge of B2B Relationships within and across Borders</source>, <publisher-name>Emerald Group Publishing</publisher-name>, <publisher-loc>Bingley</publisher-loc>.</mixed-citation></ref>
<ref id="ref0017"><mixed-citation publication-type="journal"><person-group person-group-type="author"><string-name><surname>Xie</surname>, <given-names>Z.</given-names></string-name>, <string-name><surname>Wang</surname>, <given-names>X.</given-names></string-name>, <string-name><surname>Xie</surname>, <given-names>L.</given-names></string-name> and <string-name><surname>Duan</surname>, <given-names>K.</given-names></string-name></person-group> (<year>2021</year>), “<article-title>Entrepreneurial ecosystem and the quality and quantity of regional entrepreneurship: a configurational approach</article-title>”, <source>Journal of Business Research</source>, Vol. <volume>128</volume>, pp. <fpage>499</fpage>-<lpage>509</lpage>.</mixed-citation></ref>
<ref id="ref079"><mixed-citation publication-type="journal"><person-group person-group-type="author"><string-name><surname>Zhang</surname>, <given-names>M.</given-names></string-name> and <string-name><surname>Du</surname>, <given-names>Y.Z.</given-names></string-name></person-group> (<year>2019</year>), “<article-title>Qualitative comparative analysis (QCA) in management and organization research: position, tactics, and directions</article-title>”, <source>Chinese Journal of Management</source>, Vol. <volume>16</volume> No. <issue>9</issue>, pp. <fpage>1312</fpage>-<lpage>1323</lpage>, doi: <pub-id pub-id-type="doi">10.3969/j.issn.1672-884x.2019.09.005</pub-id>.</mixed-citation></ref>
<ref id="ref080"><mixed-citation publication-type="journal"><person-group person-group-type="author"><string-name><surname>Zheng</surname>, <given-names>L.</given-names></string-name>, <string-name><surname>Ulrich</surname>, <given-names>K.</given-names></string-name> and <string-name><surname>Sendra-García</surname>, <given-names>J.</given-names></string-name></person-group> (<year>2021</year>), “<article-title>Qualitative comparative analysis: configurational paths to innovation performance</article-title>”, <source>Journal of Business Research</source>, Vol. <volume>128</volume>, pp. <fpage>83</fpage>-<lpage>93</lpage>, doi: <pub-id pub-id-type="doi">10.1016/j.jbusres.2021.01.044</pub-id>.</mixed-citation></ref></ref-list>
<ref-list id="refs2">
<title>Further reading</title>
<ref id="ref081"><mixed-citation publication-type="journal"><person-group person-group-type="author"><string-name><surname>Xie</surname>, <given-names>X.</given-names></string-name> and <string-name><surname>Wang</surname>, <given-names>H.</given-names></string-name></person-group> (<year>2020</year>), “<article-title>How can open innovation ecosystem modes push product innovation forward? An fsQCA analysis</article-title>”, <source>Journal of Business Research</source>, Vol. <volume>108</volume>, pp. <fpage>29</fpage>-<lpage>41</lpage>.</mixed-citation></ref></ref-list></back>
</article>