<?xml version="1.0" encoding="UTF-8"?>
<!DOCTYPE article PUBLIC "-//NLM//DTD JATS (Z39.96) Journal Archiving and Interchange DTD with MathML3 v1.1d1 20130915//EN" "JATS-archivearticle1-mathml3.dtd"><article xmlns:mml="http://www.w3.org/1998/Math/MathML" xmlns:xlink="http://www.w3.org/1999/xlink" xmlns:xsi="http://www.w3.org/2001/XMLSchema-instance" dtd-version="1.1d1" xml:lang="en" article-type="research-article"><front id="meta-hdr">
<journal-meta>
<journal-id journal-id-type="publisher-id">JHTT</journal-id>
<journal-id journal-id-type="doi">10.1108/JHTT</journal-id>
<journal-title-group>
<journal-title>Journal of Hospitality and Tourism Technology</journal-title>
<abbrev-journal-title abbrev-type="publisher">JHTT</abbrev-journal-title>
</journal-title-group>
<issn publication-format="print">1757-9880</issn>
<issn publication-format="online">1757-9880</issn>
<publisher>
<publisher-name>Emerald Publishing Limited</publisher-name>
</publisher>
</journal-meta>
<article-meta id="art-meta">
<article-id pub-id-type="publisher-id">722693</article-id>
<article-id pub-id-type="doi">10.1108/JHTT-04-2023-0098</article-id>
<article-id pub-id-type="original-pdf">JHTT-04-2023-0098.pdf</article-id>
<article-id pub-id-type="filename">JHTT-04-2023-0098</article-id>
<article-categories>
<subj-group subj-group-type="type-of-publication">
<compound-subject>
<compound-subject-part content-type="code">research-article</compound-subject-part>
<compound-subject-part content-type="label">Research paper</compound-subject-part>
</compound-subject>
</subj-group>
<subj-group subj-group-type="subject">
<compound-subject>
<compound-subject-part content-type="code">cat-THOS</compound-subject-part>
<compound-subject-part content-type="label">Tourism &amp; hospitality</compound-subject-part>
</compound-subject>
<subj-group subj-group-type="subject">
<compound-subject>
<compound-subject-part content-type="code">cat-TTY</compound-subject-part>
<compound-subject-part content-type="label">Tourism technology</compound-subject-part>
</compound-subject>
<subj-group subj-group-type="subject">
<compound-subject>
<compound-subject-part content-type="code">cat-EITM</compound-subject-part>
<compound-subject-part content-type="label">E-commerce in tourism</compound-subject-part>
</compound-subject>
<subj-group subj-group-type="subject">
<compound-subject>
<compound-subject-part content-type="code">cat-THOS</compound-subject-part>
<compound-subject-part content-type="label">Tourism &amp; hospitality</compound-subject-part>
</compound-subject>
<subj-group subj-group-type="subject">
<compound-subject>
<compound-subject-part content-type="code">cat-TTY</compound-subject-part>
<compound-subject-part content-type="label">Tourism technology</compound-subject-part>
</compound-subject>
<subj-group subj-group-type="subject">
<compound-subject>
<compound-subject-part content-type="code">cat-EINT</compound-subject-part>
<compound-subject-part content-type="label">E-Intermediaries in tourism</compound-subject-part>
</compound-subject>
<subj-group subj-group-type="subject">
<compound-subject>
<compound-subject-part content-type="code">cat-THOS</compound-subject-part>
<compound-subject-part content-type="label">Tourism &amp; hospitality</compound-subject-part>
</compound-subject>
<subj-group subj-group-type="subject">
<compound-subject>
<compound-subject-part content-type="code">cat-TTY</compound-subject-part>
<compound-subject-part content-type="label">Tourism technology</compound-subject-part>
</compound-subject>
<subj-group subj-group-type="subject">
<compound-subject>
<compound-subject-part content-type="code">cat-LSGPS</compound-subject-part>
<compound-subject-part content-type="label">Location-based services/global positioning systems</compound-subject-part>
</compound-subject>
<subj-group subj-group-type="subject">
<compound-subject>
<compound-subject-part content-type="code">cat-THOS</compound-subject-part>
<compound-subject-part content-type="label">Tourism &amp; hospitality</compound-subject-part>
</compound-subject>
<subj-group subj-group-type="subject">
<compound-subject>
<compound-subject-part content-type="code">cat-TTY</compound-subject-part>
<compound-subject-part content-type="label">Tourism technology</compound-subject-part>
</compound-subject>
<subj-group subj-group-type="subject">
<compound-subject>
<compound-subject-part content-type="code">cat-MWTT</compound-subject-part>
<compound-subject-part content-type="label">Mobile/wireless technologies in tourism</compound-subject-part>
</compound-subject>
</subj-group>
</subj-group>
</subj-group>
</subj-group>
</subj-group>
</subj-group>
</subj-group>
</subj-group>
</subj-group>
</subj-group>
</subj-group>
</subj-group>
</article-categories>
<title-group>
<article-title xml:lang="en">Sarcasm detection in hotel reviews: a multimodal deep learning approach</article-title>
</title-group>
<contrib-group>
<contrib contrib-type="author"><name-alternatives><name name-style="western"><surname>Liu</surname><given-names>Yang</given-names></name><string-name name-style="western"><given-names>Yang</given-names> <surname>Liu</surname></string-name>
</name-alternatives><email>yang.liu27@whu.edu.cn</email><xref ref-type="aff" rid="aff1"/></contrib>
<contrib contrib-type="author"><name-alternatives><name name-style="western"><surname>Chi</surname><given-names>Maomao</given-names></name><string-name name-style="western"><given-names>Maomao</given-names> <surname>Chi</surname></string-name>
</name-alternatives><email>chimaomao@vip.163.com</email><xref ref-type="aff" rid="aff2"/></contrib>
<contrib corresp="yes" contrib-type="author"><name-alternatives><name name-style="western"><surname>Sun</surname><given-names>Qiong</given-names></name><string-name name-style="western"><given-names>Qiong</given-names> <surname>Sun</surname></string-name>
</name-alternatives><email>sunqiong@btbu.edu.cn</email><xref ref-type="aff" rid="aff3"/></contrib>
<aff id="aff1">School of Information Management, <institution-wrap><institution>Wuhan University</institution></institution-wrap>, Wuhan, <country country="CN">China</country></aff>
<aff id="aff2">School of Economics and Management, <institution-wrap><institution>China University of Geosciences</institution></institution-wrap>, Wuhan, <country country="CN">China</country></aff>
<aff id="aff3">School of Economics, <institution-wrap><institution>Beijing Technology and Business University</institution></institution-wrap>, Beijing, <country country="CN">China</country></aff>
</contrib-group>
<author-notes>
<corresp id="cor1">Qiong Sun can be contacted at: <ext-link ext-link-type="email" xlink:href="mailto:sunqiong@btbu.edu.cn">sunqiong@btbu.edu.cn</ext-link></corresp></author-notes>
<pub-date publication-format="electronic" date-type="pub" iso-8601-date="2024-05-27"><day>27</day><month>05</month><year>2024</year></pub-date>
<pub-date publication-format="print" date-type="pub" iso-8601-date="2024-08-05"><day>05</day><month>08</month><year>2024</year></pub-date>
<volume>15</volume><issue>4</issue>
<fpage>519</fpage><lpage>533</lpage>
<history>
<date date-type="received" iso-8601-date="2023-04-22"><day>22</day><month>04</month><year>2023</year></date>
<date date-type="revised" iso-8601-date="2023-08-05"><day>05</day><month>08</month><year>2023</year></date>
<date date-type="revised" iso-8601-date="2023-09-06"><day>06</day><month>09</month><year>2023</year></date>
<date date-type="revised" iso-8601-date="2023-10-02"><day>02</day><month>10</month><year>2023</year></date>
<date date-type="accepted" iso-8601-date="2023-12-16"><day>16</day><month>12</month><year>2023</year></date>
</history>
<permissions>
<copyright-statement>© Emerald Publishing Limited</copyright-statement>
<copyright-year>2024</copyright-year>
<copyright-holder>Emerald Publishing Limited</copyright-holder>
<license license-type="publisher">
<license-p>Licensed re-use rights only</license-p>
</license>
</permissions>
<self-uri content-type="pdf" xlink:href="JHTT-04-2023-0098.pdf"/>
<abstract abstract-type="structured" id="abstr1" xml:lang="en">
<sec><title content-type="abstract-subheading">Purpose</title>
<p>This study aims to detect consumer sarcasm through inconsistencies in sentiment features between text and images of hotel reviews.</p>
</sec>
<sec><title content-type="abstract-subheading">Design/methodology/approach</title>
<p>This paper proposes a model for sarcasm detection based on multimodal deep learning using reviews of three hotel brands collected from two travel platforms, which can identify emotional inconsistencies within a modality and across modalities. Text-image interaction information is explored using graph neural networks (GNN) to detect essential clues in sarcasm sentiment.</p>
</sec>
<sec><title content-type="abstract-subheading">Findings</title>
<p>The research results show that the multimodal deep learning model outperforms other baseline models, which can help to understand hotel service evaluation and provide hotel managers with decision-making opinions.</p>
</sec>
<sec><title content-type="abstract-subheading">Originality/value</title>
<p>This research can help hoteliers in two ways: detecting service quality and formulating strategies. By selecting reference hotel brands, hoteliers can better assess their level of service quality (optimal resource allocation ensues); therefore, sarcasm detection research is not only beneficial for hotel managers seeking to improve service quality. The multimodal deep learning method introduced in the present study can be replicated in other industries to help travel platforms optimize their products and services.</p>
</sec>
</abstract>
<abstract abstract-type="structured" id="abstr2" xml:lang="zh">
<p>酒店评论中的讽刺检测：一种多模态深度学习方法</p>
<sec><title content-type="abstract-subheading">研究目的</title>
<p>本研究通过分析酒店评论文本和图像之间情感特征的不一致性来检测消费者的讽刺。</p>
</sec>
<sec><title content-type="abstract-subheading">研究方法</title>
<p>本文提出了一种基于多模态深度学习的讽刺检测模型, 使用从两个旅行平台收集的三个酒店品牌的评论, 该模型能够识别模态内部和模态之间的情感不一致性。利用图神经网络（GNN）探索文本-图像交互信息, 以检测讽刺情感中的关键线索。</p>
</sec>
<sec><title content-type="abstract-subheading">研究发现</title>
<p>研究结果显示, 多模态深度学习模型优于其他基线模型, 这有助于理解酒店服务评估, 并为酒店经理提供决策建议。</p>
</sec>
<sec><title content-type="abstract-subheading">研究创新</title>
<p>该研究可以在两方面帮助酒店业者：检测服务质量和制定策略。通过选择参考酒店品牌, 酒店业者可以更好地评估其服务质量水平（随之而来的是最佳资源分配）, 因此, 讽刺检测研究不仅有助于寻求提高服务质量的酒店经理。本研究介绍的多模态深度学习方法可以在其他行业复制, 帮助旅行平台优化其产品和服务。</p>
</sec></abstract>
<kwd-group kwd-group-type="author-generated" xml:lang="en"><kwd>Consumer reviews</kwd><x xml:space="preserve">, </x><kwd>Implicit sentiment</kwd><x xml:space="preserve">, </x><kwd>Multimodal deep learning</kwd><x xml:space="preserve">, </x><kwd>Sarcasm detection</kwd>
</kwd-group>
<kwd-group kwd-group-type="author-generated" xml:lang="zh"><kwd>讽刺检测</kwd><x xml:space="preserve">, </x><kwd>多模态深度学习</kwd><x xml:space="preserve">, </x><kwd>消费者评论</kwd><x xml:space="preserve">, </x><kwd>隐含情感</kwd>
</kwd-group>
<counts>
<fig-count count="5"/>
<table-count count="4"/>
<equation-count count="0"/>
<ref-count count="29"/>
<page-count count="15"/>
<word-count count="6635"/>
</counts>
<custom-meta-group>
<custom-meta><meta-name>copyright-code</meta-name><meta-value>M</meta-value></custom-meta><custom-meta><meta-name>deliverables</meta-name><meta-value>Web-ready article package</meta-value></custom-meta><custom-meta><meta-name>peer-reviewed</meta-name><meta-value>Yes</meta-value></custom-meta><custom-meta><meta-name>academic-content</meta-name><meta-value>Yes</meta-value></custom-meta><custom-meta><meta-name>EContentType</meta-name><meta-value>JOURNAL</meta-value></custom-meta><custom-meta><meta-name>rightslink</meta-name><meta-value>included</meta-value></custom-meta>
</custom-meta-group>
</article-meta>
</front>

<back>
<ref-list id="refs1">
<title>References</title>
<ref id="ref001"><mixed-citation publication-type="journal"><person-group person-group-type="author"><string-name><surname>Alaei</surname>, <given-names>A.R.</given-names></string-name>, <string-name><surname>Becken</surname>, <given-names>S.</given-names></string-name> and <string-name><surname>Stantic</surname>, <given-names>B.</given-names></string-name></person-group> (<year>2019</year>), “<article-title>Sentiment analysis in tourism: capitalizing on big data</article-title>”, <source>Journal of Travel Research</source>, Vol. <volume>58</volume> No. <issue>2</issue>, pp. <fpage>175</fpage>-<lpage>191</lpage>, doi: <pub-id pub-id-type="doi">10.1177/0047287517747753</pub-id>.</mixed-citation></ref>
<ref id="ref002"><mixed-citation publication-type="journal"><person-group person-group-type="author"><string-name><surname>Alzubi</surname>, <given-names>J.</given-names></string-name>, <string-name><surname>Nayyar</surname>, <given-names>A.</given-names></string-name> and <string-name><surname>Kumar</surname>, <given-names>A.</given-names></string-name></person-group> (<year>2018</year>), “<article-title>Machine learning from theory to algorithms: an overview</article-title>”, <source>Journal of Physics: Conference Series</source>, Vol. <volume>1142</volume>, p. <fpage>12012</fpage>, doi: <pub-id pub-id-type="doi">10.1088/1742-6596/1142/1/012012</pub-id>.</mixed-citation></ref>
<ref id="ref003"><mixed-citation publication-type="journal"><person-group person-group-type="author"><string-name><surname>Bagherzadeh</surname>, <given-names>S.</given-names></string-name>, <string-name><surname>Shokouhyar</surname>, <given-names>S.</given-names></string-name>, <string-name><surname>Jahani</surname>, <given-names>H.</given-names></string-name> and <string-name><surname>Sigala</surname>, <given-names>M.</given-names></string-name></person-group> (<year>2021</year>), “<article-title>A generalizable sentiment analysis method for creating a hotel dictionary: using big data on TripAdvisor hotel reviews</article-title>”, <source>Journal of Hospitality and Tourism Technology</source>, Vol. <volume>12</volume> No. <issue>2</issue>, pp. <fpage>210</fpage>-<lpage>238</lpage>, doi: <pub-id pub-id-type="doi">10.1108/JHTT-02-2020-0034</pub-id>.</mixed-citation></ref>
<ref id="ref004"><mixed-citation publication-type="journal"><person-group person-group-type="author"><string-name><surname>Baltrusaitis</surname>, <given-names>T.</given-names></string-name>, <string-name><surname>Ahuja</surname>, <given-names>C.</given-names></string-name> and <string-name><surname>Morency</surname>, <given-names>L.-P.</given-names></string-name></person-group> (<year>2019</year>), “<article-title>Multimodal machine learning: a survey and taxonomy</article-title>”, <source>IEEE Transactions on Pattern Analysis and Machine Intelligence</source>, Vol. <volume>41</volume> No. <issue>2</issue>, pp. <fpage>423</fpage>-<lpage>443</lpage>, doi: <pub-id pub-id-type="doi">10.1109/TPAMI.2018.2798607</pub-id>.</mixed-citation></ref>
<ref id="ref005"><mixed-citation publication-type="confproc"><person-group person-group-type="author"><string-name><surname>Busso</surname>, <given-names>C.</given-names></string-name>, <string-name><surname>Deng</surname>, <given-names>Z.</given-names></string-name>, <string-name><surname>Yildirim</surname>, <given-names>S.</given-names></string-name>, <string-name><surname>Bulut</surname>, <given-names>M.</given-names></string-name>, <string-name><surname>Lee</surname>, <given-names>C.M.</given-names></string-name>, <string-name><surname>Kazemzadeh</surname>, <given-names>A.</given-names></string-name>, <string-name><surname>Lee</surname>, <given-names>S.</given-names></string-name>, <etal><italic>et al.</italic></etal></person-group> (<year>2004</year>), “<article-title>Analysis of emotion recognition using facial expressions, speech and multimodal information</article-title>”, <conf-name>Proceedingsof the 6th International Conference on Multimodal Interfaces - ICMI ’04, presented at the 6th international conference, ACM Press, State College, PA</conf-name>, p. <fpage>205</fpage>, doi: <pub-id pub-id-type="doi">10.1145/1027933.1027968</pub-id>.</mixed-citation></ref>
<ref id="ref006"><mixed-citation publication-type="confproc"><person-group person-group-type="author"><string-name><surname>Cai</surname>, <given-names>Y.</given-names></string-name>, <string-name><surname>Cai</surname>, <given-names>H.</given-names></string-name> and <string-name><surname>Wan</surname>, <given-names>X.</given-names></string-name></person-group> (<year>2019</year>), “<article-title>Multi-modal sarcasm detection in Twitter with hierarchical fusion model</article-title>”, <source><italic>presented at the Proceedings of the 57th Annual Meeting of the Association for Computational Linguistics, </italic> Florence</source>, pp. <fpage>2506</fpage>-<lpage>2515</lpage>, doi: <pub-id pub-id-type="doi">10.18653/v1/P19-1239</pub-id>.</mixed-citation></ref>
<ref id="ref007"><mixed-citation publication-type="journal"><person-group person-group-type="author"><string-name><surname>Geetha</surname>, <given-names>M.</given-names></string-name>, <string-name><surname>Singha</surname>, <given-names>P.</given-names></string-name> and <string-name><surname>Sinha</surname>, <given-names>S.</given-names></string-name></person-group> (<year>2017</year>), “<article-title>Relationship between customer sentiment and online customer ratings for hotels - an empirical analysis</article-title>”, <source>Tourism Management</source>, Vol. <volume>61</volume>, pp. <fpage>43</fpage>-<lpage>54</lpage>, doi: <pub-id pub-id-type="doi">10.1016/j.tourman.2016.12.022</pub-id>.</mixed-citation></ref>
<ref id="ref008"><mixed-citation publication-type="journal"><person-group person-group-type="author"><string-name><surname>Hou</surname>, <given-names>L.</given-names></string-name> and <string-name><surname>Pan</surname>, <given-names>X.</given-names></string-name></person-group> (<year>2023</year>), “<article-title>Aesthetics of hotel photos and its impact on consumer engagement: a computer vision approach</article-title>”, <source>Tourism Management</source>, Vol. <volume>94</volume>, p. <fpage>104653</fpage>, doi: <pub-id pub-id-type="doi">10.1016/j.tourman.2022.104653</pub-id>.</mixed-citation></ref>
<ref id="ref009"><mixed-citation publication-type="journal"><person-group person-group-type="author"><string-name><surname>Jain</surname>, <given-names>P.K.</given-names></string-name>, <string-name><surname>Pamula</surname>, <given-names>R.</given-names></string-name> and <string-name><surname>Srivastava</surname>, <given-names>G.</given-names></string-name></person-group> (<year>2021</year>), “<article-title>A systematic literature review on machine learning applications for consumer sentiment analysis using online reviews</article-title>”, <source>Computer Science Review</source>, Vol. <volume>41</volume>, p. <fpage>100413</fpage>, doi: <pub-id pub-id-type="doi">10.1016/j.cosrev.2021.100413</pub-id>.</mixed-citation></ref>
<ref id="ref010"><mixed-citation publication-type="journal"><person-group person-group-type="author"><string-name><surname>Joshi</surname>, <given-names>A.</given-names></string-name>, <string-name><surname>Bhattacharyya</surname>, <given-names>P.</given-names></string-name> and <string-name><surname>Carman</surname>, <given-names>M.J.</given-names></string-name></person-group> (<year>2017</year>), “<article-title>Automatic sarcasm detection: a survey</article-title>”, <source>ACM Computing Surveys</source>, Vol. <volume>50</volume> No. <issue>5</issue>, pp. <fpage>1</fpage>-<lpage>22</lpage>, doi: <pub-id pub-id-type="doi">10.1145/3124420</pub-id>.</mixed-citation></ref>
<ref id="ref011"><mixed-citation publication-type="journal"><person-group person-group-type="author"><string-name><surname>Kostromitina</surname>, <given-names>M.</given-names></string-name>, <string-name><surname>Keller</surname>, <given-names>D.</given-names></string-name>, <string-name><surname>Cavusoglu</surname>, <given-names>M.</given-names></string-name> and <string-name><surname>Beloin</surname>, <given-names>K.</given-names></string-name></person-group> (<year>2021</year>), “<article-title>‘His lack of a mask ruined everything.’ Restaurant customer satisfaction during the COVID-19 outbreak: an analysis of yelp review texts and star-ratings</article-title>”, <source>International Journal of Hospitality Management</source>, Vol. <volume>98</volume>, p. <fpage>103048</fpage>, doi: <pub-id pub-id-type="doi">10.1016/j.ijhm.2021.103048</pub-id>.</mixed-citation></ref>
<ref id="ref012"><mixed-citation publication-type="journal"><person-group person-group-type="author"><string-name><surname>Kwon</surname>, <given-names>W.</given-names></string-name>, <string-name><surname>Lee</surname>, <given-names>M.</given-names></string-name>, <string-name><surname>Back</surname>, <given-names>K.-J.</given-names></string-name> and <string-name><surname>Lee</surname>, <given-names>K.Y.</given-names></string-name></person-group> (<year>2021</year>), “<article-title>Assessing restaurant review helpfulness through big data: dual-process and social influence theory</article-title>”, <source>Journal of Hospitality and Tourism Technology</source>, Vol. <volume>12</volume> No. <issue>2</issue>, pp. <fpage>177</fpage>-<lpage>195</lpage>, doi: <pub-id pub-id-type="doi">10.1108/JHTT-04-2020-0077</pub-id>.</mixed-citation></ref>
<ref id="ref013"><mixed-citation publication-type="journal"><person-group person-group-type="author"><string-name><surname>Li</surname>, <given-names>C.</given-names></string-name>, <string-name><surname>Kwok</surname>, <given-names>L.</given-names></string-name>, <string-name><surname>Xie</surname>, <given-names>K.L.</given-names></string-name>, <string-name><surname>Liu</surname>, <given-names>J.</given-names></string-name> and <string-name><surname>Ye</surname>, <given-names>Q.</given-names></string-name></person-group> (<year>2023</year>), “<article-title>Let photos speak: the effect of user-generated visual content on hotel review helpfulness</article-title>”, <source>Journal of Hospitality and Tourism Research</source>, Vol. <volume>47</volume> No. <issue>4</issue>, pp. <fpage>665</fpage>-<lpage>690</lpage>, doi: <pub-id pub-id-type="doi">10.1177/10963480211019113</pub-id>.</mixed-citation></ref>
<ref id="ref014"><mixed-citation publication-type="journal"><person-group person-group-type="author"><string-name><surname>Liu</surname>, <given-names>Y.</given-names></string-name>, <string-name><surname>Shi</surname>, <given-names>J.</given-names></string-name>, <string-name><surname>Zhao</surname>, <given-names>C.</given-names></string-name> and <string-name><surname>Zhang</surname>, <given-names>C.</given-names></string-name></person-group> (<year>2023</year>), “<article-title>Generalizing factors of COVID-19 vaccine attitudes in different regions: a summary generation and topic modeling approach</article-title>”, <source>Digital Health</source>, Vol. <volume>9</volume>, p. <fpage>20552076231188852</fpage>, doi: <pub-id pub-id-type="doi">10.1177/20552076231188852</pub-id>.</mixed-citation></ref>
<ref id="ref015"><mixed-citation publication-type="journal"><person-group person-group-type="author"><string-name><surname>Liu</surname>, <given-names>Y.</given-names></string-name>, <string-name><surname>Zeng</surname>, <given-names>Q.</given-names></string-name>, <string-name><surname>Ordieres Meré</surname>, <given-names>J.</given-names></string-name> and <string-name><surname>Yang</surname>, <given-names>H.</given-names></string-name></person-group> (<year>2019</year>), “<article-title>Anticipating stock market of the renowned companies: a knowledge graph approach</article-title>”, <source>Complexity</source>, Vol. <volume>2019</volume>, pp. <fpage>1</fpage>-<lpage>15</lpage>, doi: <pub-id pub-id-type="doi">10.1155/2019/9202457</pub-id>.</mixed-citation></ref>
<ref id="ref016"><mixed-citation publication-type="journal"><person-group person-group-type="author"><string-name><surname>Liu</surname>, <given-names>Y.</given-names></string-name>, <string-name><surname>Fei</surname>, <given-names>H.</given-names></string-name>, <string-name><surname>Zeng</surname>, <given-names>Q.</given-names></string-name>, <string-name><surname>Li</surname>, <given-names>B.</given-names></string-name>, <string-name><surname>Ma</surname>, <given-names>L.</given-names></string-name>, <string-name><surname>Ji</surname>, <given-names>D.</given-names></string-name> and <string-name><surname>Ordieres Meré</surname>, <given-names>J.</given-names></string-name></person-group> (<year>2020</year>), “<article-title>Electronic word-of-mouth effects on studio performance leveraging attention-based model</article-title>”, <source>Neural Computing and Applications</source>, Vol. <volume>32</volume> No. <issue>23</issue>, pp. <fpage>17601</fpage>-<lpage>17622</lpage>, doi: <pub-id pub-id-type="doi">10.1007/s00521-020-04937-0</pub-id>.</mixed-citation></ref>
<ref id="ref017"><mixed-citation publication-type="journal"><person-group person-group-type="author"><string-name><surname>Mehraliyev</surname>, <given-names>F.</given-names></string-name>, <string-name><surname>Chan</surname>, <given-names>I.C.C.</given-names></string-name>, <string-name><surname>Choi</surname>, <given-names>Y.</given-names></string-name>, <string-name><surname>Koseoglu</surname>, <given-names>M.A.</given-names></string-name> and <string-name><surname>Law</surname>, <given-names>R.</given-names></string-name></person-group> (<year>2020</year>), “<article-title>A state-of-the-art review of smart tourism research</article-title>”, <source>Journal of Travel and Tourism Marketing</source>, Vol. <volume>37</volume> No. <issue>1</issue>, pp. <fpage>78</fpage>-<lpage>91</lpage>, doi: <pub-id pub-id-type="doi">10.1080/10548408.2020.1712309</pub-id>.</mixed-citation></ref>
<ref id="ref018"><mixed-citation publication-type="journal"><person-group person-group-type="author"><string-name><surname>Mirzaalian</surname>, <given-names>F.</given-names></string-name> and <string-name><surname>Halpenny</surname>, <given-names>E.</given-names></string-name></person-group> (<year>2019</year>), “<article-title>Social media analytics in hospitality and tourism: a systematic literature review and future trends</article-title>”, <source>Journal of Hospitality and Tourism Technology</source>, Vol. <volume>10</volume> No. <issue>4</issue>, pp. <fpage>764</fpage>-<lpage>790</lpage>, doi: <pub-id pub-id-type="doi">10.1108/JHTT-08-2018-0078</pub-id>.</mixed-citation></ref>
<ref id="ref019"><mixed-citation publication-type="journal"><person-group person-group-type="author"><string-name><surname>Moro</surname>, <given-names>S.</given-names></string-name> and <string-name><surname>Esmerado</surname>, <given-names>J.</given-names></string-name></person-group> (<year>2021</year>), “<article-title>An integrated model to explain online review helpfulness in hospitality</article-title>”, <source>Journal of Hospitality and Tourism Technology</source>, Vol. <volume>12</volume> No. <issue>2</issue>, pp. <fpage>239</fpage>-<lpage>253</lpage>, doi: <pub-id pub-id-type="doi">10.1108/JHTT-01-2020-0026</pub-id>.</mixed-citation></ref>
<ref id="ref020"><mixed-citation publication-type="book"><person-group person-group-type="editor"><string-name><surname>Popkova</surname>, <given-names>E.G.</given-names></string-name> and <string-name><surname>Sergi</surname>, <given-names>B.S.</given-names></string-name></person-group> (Eds) (<year>2020</year>), <source>Digital Economy: Complexity and Variety vs. Rationality</source>, <publisher-name>Springer International Publishing</publisher-name>, <publisher-loc>Cham</publisher-loc>, Vol. <volume>87</volume>, doi: <pub-id pub-id-type="doi">10.1007/978-3-030-29586-8</pub-id>.</mixed-citation></ref>
<ref id="ref021"><mixed-citation publication-type="journal"><person-group person-group-type="author"><string-name><surname>Tan</surname>, <given-names>M.</given-names></string-name> and <string-name><surname>Le</surname>, <given-names>Q.V.</given-names></string-name></person-group> (<year>2020</year>), “<article-title>EfficientNet: rethinking model scaling for convolutional neural networks</article-title>”, <source>arXiv:1905.11946 [Cs, Stat]</source>.</mixed-citation></ref>
<ref id="ref022"><mixed-citation publication-type="journal"><person-group person-group-type="author"><string-name><surname>Tan</surname>, <given-names>H.</given-names></string-name>, <string-name><surname>Lv</surname>, <given-names>X.</given-names></string-name>, <string-name><surname>Liu</surname>, <given-names>X.</given-names></string-name> and <string-name><surname>Gursoy</surname>, <given-names>D.</given-names></string-name></person-group> (<year>2018</year>), “<article-title>Evaluation nudge: effect of evaluation mode of online customer reviews on consumers’ preferences</article-title>”, <source>Tourism Management</source>, Vol. <volume>65</volume>, pp. <fpage>29</fpage>-<lpage>40</lpage>, doi: <pub-id pub-id-type="doi">10.1016/j.tourman.2017.09.011</pub-id>.</mixed-citation></ref>
<ref id="ref023"><mixed-citation publication-type="journal"><person-group person-group-type="author"><string-name><surname>Van de Kauter</surname>, <given-names>M.</given-names></string-name>, <string-name><surname>Breesch</surname>, <given-names>D.</given-names></string-name> and <string-name><surname>Hoste</surname>, <given-names>V.</given-names></string-name></person-group> (<year>2015</year>), “<article-title>Fine-grained analysis of explicit and implicit sentiment in financial news articles</article-title>”, <source>Expert Systems with Applications</source>, Vol. <volume>42</volume> No. <issue>11</issue>, pp. <fpage>4999</fpage>-<lpage>5010</lpage>, doi: <pub-id pub-id-type="doi">10.1016/j.eswa.2015.02.007</pub-id>.</mixed-citation></ref>
<ref id="ref024"><mixed-citation publication-type="journal"><person-group person-group-type="author"><string-name><surname>Wu</surname>, <given-names>Z.</given-names></string-name>, <string-name><surname>Shen</surname>, <given-names>C.</given-names></string-name> and <string-name><surname>Van den Hengel</surname>, <given-names>A.</given-names></string-name></person-group> (<year>2019</year>), “<article-title>Wider or deeper: revisiting the ResNet model for visual recognition</article-title>”, <source>Pattern Recognition</source>, Vol. <volume>90</volume>, pp. <fpage>119</fpage>-<lpage>133</lpage>, doi: <pub-id pub-id-type="doi">10.1016/j.patcog.2019.01.006</pub-id>.</mixed-citation></ref>
<ref id="ref025"><mixed-citation publication-type="journal"><person-group person-group-type="author"><string-name><surname>Wu</surname>, <given-names>H.C.</given-names></string-name>, <string-name><surname>Luk</surname>, <given-names>R.W.P.</given-names></string-name>, <string-name><surname>Wong</surname>, <given-names>K.F.</given-names></string-name> and <string-name><surname>Kwok</surname>, <given-names>K.L.</given-names></string-name></person-group> (<year>2008</year>), “<article-title>Interpreting TF-IDF term weights as making relevance decisions</article-title>”, <source>ACM Transactions on Information Systems</source>, Vol. <volume>26</volume> No. <issue>3</issue>, pp. <fpage>1</fpage>-<lpage>37</lpage>, doi: <pub-id pub-id-type="doi">10.1145/1361684.1361686</pub-id>.</mixed-citation></ref>
<ref id="ref026"><mixed-citation publication-type="journal"><person-group person-group-type="author"><string-name><surname>Yoo</surname>, <given-names>M.</given-names></string-name>, <string-name><surname>Singh</surname>, <given-names>A.K.</given-names></string-name> and <string-name><surname>Loewy</surname>, <given-names>N.</given-names></string-name></person-group> (<year>2023</year>), “<article-title>Predicting hotel booking cancelation with machine learning techniques</article-title>”, <source>Journal of Hospitality and Tourism Technology</source>, Vol. <volume>15</volume> No. <issue>1</issue>, doi: <pub-id pub-id-type="doi">10.1108/JHTT-07-2022-0227</pub-id>.</mixed-citation></ref>
<ref id="ref027"><mixed-citation publication-type="journal"><person-group person-group-type="author"><string-name><surname>Zhan</surname>, <given-names>L.</given-names></string-name>, <string-name><surname>Cheng</surname>, <given-names>M.</given-names></string-name> and <string-name><surname>Zhu</surname>, <given-names>J.</given-names></string-name></person-group> (<year>2024</year>), “<article-title>Progress on image analytics: Implications for tourism and hospitality research</article-title>”, <source>Tourism Management</source>, Vol. <volume>100</volume>, p. <fpage>104798</fpage>, doi: <pub-id pub-id-type="doi">10.1016/j.tourman.2023.104798</pub-id>.</mixed-citation></ref>
<ref id="ref028"><mixed-citation publication-type="journal"><person-group person-group-type="author"><string-name><surname>Zhao</surname>, <given-names>Z.</given-names></string-name>, <string-name><surname>Zhu</surname>, <given-names>H.</given-names></string-name>, <string-name><surname>Xue</surname>, <given-names>Z.</given-names></string-name>, <string-name><surname>Liu</surname>, <given-names>Z.</given-names></string-name>, <string-name><surname>Tian</surname>, <given-names>J.</given-names></string-name>, <string-name><surname>Chua</surname>, <given-names>M.C.H.</given-names></string-name> and <string-name><surname>Liu</surname>, <given-names>M.</given-names></string-name></person-group> (<year>2019</year>), “<article-title>An image-text consistency driven multimodal sentiment analysis approach for social media</article-title>”, <source>Information Processing and Management</source>, Vol. <volume>56</volume> No. <issue>6</issue>, p. <fpage>102097</fpage>, doi: <pub-id pub-id-type="doi">10.1016/j.ipm.2019.102097</pub-id>.</mixed-citation></ref></ref-list></back>
</article>