<?xml version="1.0" encoding="UTF-8"?>
<!DOCTYPE article PUBLIC "-//NLM//DTD JATS (Z39.96) Journal Archiving and Interchange DTD with MathML3 v1.1d1 20130915//EN" "JATS-archivearticle1-mathml3.dtd"><article xmlns:mml="http://www.w3.org/1998/Math/MathML" xmlns:xlink="http://www.w3.org/1999/xlink" xmlns:xsi="http://www.w3.org/2001/XMLSchema-instance" dtd-version="1.1d1" xml:lang="en" article-type="research-article">
<front id="meta-hdr">
<journal-meta>
<journal-id journal-id-type="publisher-id">JHTT</journal-id>
<journal-id journal-id-type="doi">10.1108/JHTT</journal-id>
<journal-title-group>
<journal-title>Journal of Hospitality and Tourism Technology</journal-title>
<abbrev-journal-title abbrev-type="publisher">JHTT</abbrev-journal-title>
</journal-title-group>
<issn publication-format="print">1757-9880</issn>
<issn publication-format="online">1757-9880</issn>
<publisher>
<publisher-name>Emerald Publishing Limited</publisher-name>
</publisher>
</journal-meta>
<article-meta id="art-meta">
<article-id pub-id-type="publisher-id">722700</article-id>
<article-id pub-id-type="doi">10.1108/JHTT-05-2023-0128</article-id>
<article-id pub-id-type="original-pdf">JHTT-05-2023-0128.pdf</article-id>
<article-id pub-id-type="filename">JHTT-05-2023-0128</article-id>
<article-categories>
<subj-group subj-group-type="type-of-publication">
<compound-subject>
<compound-subject-part content-type="code">research-article</compound-subject-part>
<compound-subject-part content-type="label">Research paper</compound-subject-part>
</compound-subject>
</subj-group>
<subj-group subj-group-type="subject">
<compound-subject>
<compound-subject-part content-type="code">cat-THOS</compound-subject-part>
<compound-subject-part content-type="label">Tourism &amp; hospitality</compound-subject-part>
</compound-subject>
<subj-group subj-group-type="subject">
<compound-subject>
<compound-subject-part content-type="code">cat-TTY</compound-subject-part>
<compound-subject-part content-type="label">Tourism technology</compound-subject-part>
</compound-subject>
<subj-group subj-group-type="subject">
<compound-subject>
<compound-subject-part content-type="code">cat-EITM</compound-subject-part>
<compound-subject-part content-type="label">E-commerce in tourism</compound-subject-part>
</compound-subject>
<subj-group subj-group-type="subject">
<compound-subject>
<compound-subject-part content-type="code">cat-THOS</compound-subject-part>
<compound-subject-part content-type="label">Tourism &amp; hospitality</compound-subject-part>
</compound-subject>
<subj-group subj-group-type="subject">
<compound-subject>
<compound-subject-part content-type="code">cat-TTY</compound-subject-part>
<compound-subject-part content-type="label">Tourism technology</compound-subject-part>
</compound-subject>
<subj-group subj-group-type="subject">
<compound-subject>
<compound-subject-part content-type="code">cat-EINT</compound-subject-part>
<compound-subject-part content-type="label">E-Intermediaries in tourism</compound-subject-part>
</compound-subject>
<subj-group subj-group-type="subject">
<compound-subject>
<compound-subject-part content-type="code">cat-THOS</compound-subject-part>
<compound-subject-part content-type="label">Tourism &amp; hospitality</compound-subject-part>
</compound-subject>
<subj-group subj-group-type="subject">
<compound-subject>
<compound-subject-part content-type="code">cat-TTY</compound-subject-part>
<compound-subject-part content-type="label">Tourism technology</compound-subject-part>
</compound-subject>
<subj-group subj-group-type="subject">
<compound-subject>
<compound-subject-part content-type="code">cat-LSGPS</compound-subject-part>
<compound-subject-part content-type="label">Location-based services/global positioning systems</compound-subject-part>
</compound-subject>
<subj-group subj-group-type="subject">
<compound-subject>
<compound-subject-part content-type="code">cat-THOS</compound-subject-part>
<compound-subject-part content-type="label">Tourism &amp; hospitality</compound-subject-part>
</compound-subject>
<subj-group subj-group-type="subject">
<compound-subject>
<compound-subject-part content-type="code">cat-TTY</compound-subject-part>
<compound-subject-part content-type="label">Tourism technology</compound-subject-part>
</compound-subject>
<subj-group subj-group-type="subject">
<compound-subject>
<compound-subject-part content-type="code">cat-MWTT</compound-subject-part>
<compound-subject-part content-type="label">Mobile/wireless technologies in tourism</compound-subject-part>
</compound-subject>
</subj-group>
</subj-group>
</subj-group>
</subj-group>
</subj-group>
</subj-group>
</subj-group>
</subj-group>
</subj-group>
</subj-group>
</subj-group>
</subj-group>
</article-categories>
<title-group>
<article-title xml:lang="en">When employees become streamers: the mediating power of friendship and self-congruity</article-title>
</title-group>
<contrib-group>
<contrib corresp="yes" contrib-type="author">
<name-alternatives>
<name name-style="western"><surname>Zhang</surname><given-names>Tingting</given-names></name>
<string-name name-style="western"><given-names>Tingting</given-names> <surname>Zhang</surname></string-name>
</name-alternatives><email>tingting.zhang@ucf.edu</email><xref ref-type="aff" rid="aff1"/>
</contrib>
<contrib contrib-type="author">
<name-alternatives>
<name name-style="western"><surname>Li</surname><given-names>Bin</given-names></name>
<string-name name-style="western"><given-names>Bin</given-names> <surname>Li</surname></string-name>
</name-alternatives><email>654435996@qq.com</email><xref ref-type="aff" rid="aff2"/>
</contrib>
<contrib contrib-type="author">
<name-alternatives>
<name name-style="western"><surname>Hua</surname><given-names>Nan</given-names></name>
<string-name name-style="western"><given-names>Nan</given-names> <surname>Hua</surname></string-name>
</name-alternatives><email>nan.hua@ucf.edu</email><xref ref-type="aff" rid="aff3"/>
</contrib>
<contrib contrib-type="author">
<name-alternatives>
<name name-style="western"><surname>Zhang</surname><given-names>Pei</given-names></name>
<string-name name-style="western"><given-names>Pei</given-names> <surname>Zhang</surname></string-name>
</name-alternatives><email>pzhang11@calpoly.edu</email><xref ref-type="aff" rid="aff4"/>
</contrib>
<aff id="aff1">Rosen College of Hospitality Management, <institution-wrap><institution>University of Central Florida</institution></institution-wrap>, Orlando, Florida, <country country="US">USA</country></aff>
<aff id="aff2">Business School, <institution-wrap><institution>Minnan Normal University</institution></institution-wrap>, Zhangzhou, <country country="CN">China</country></aff>
<aff id="aff3">Rosen College of Hospitality Management, <institution-wrap><institution>University of Central Florida</institution></institution-wrap>, Orlando, Florida, <country country="US">USA</country></aff>
<aff id="aff4">Experience Industry Management, <institution-wrap><institution>California Polytechnic State University</institution></institution-wrap>, San Luis Obispo, California, <country country="US">USA</country></aff>
</contrib-group>
<author-notes>
<corresp id="cor1">Tingting Zhang can be contacted at: <ext-link ext-link-type="email" xlink:href="mailto:tingting.zhang@ucf.edu">tingting.zhang@ucf.edu</ext-link></corresp></author-notes>
<pub-date publication-format="electronic" date-type="pub" iso-8601-date="2024-05-16"><day>16</day><month>05</month><year>2024</year></pub-date>
<pub-date publication-format="print" date-type="pub" iso-8601-date="2024-08-05"><day>05</day><month>08</month><year>2024</year></pub-date>
<volume>15</volume><issue>4</issue>
<fpage>551</fpage><lpage>573</lpage>
<history>
<date date-type="received" iso-8601-date="2023-05-09"><day>09</day><month>05</month><year>2023</year></date>
<date date-type="revised" iso-8601-date="2023-09-19"><day>19</day><month>09</month><year>2023</year></date>
<date date-type="revised" iso-8601-date="2024-02-29"><day>29</day><month>02</month><year>2024</year></date>
<date date-type="accepted" iso-8601-date="2024-03-25"><day>25</day><month>03</month><year>2024</year></date>
</history>
<permissions>
<copyright-statement>© Emerald Publishing Limited</copyright-statement>
<copyright-year>2024</copyright-year>
<copyright-holder>Emerald Publishing Limited</copyright-holder>
<license license-type="publisher">
<license-p>Licensed re-use rights only</license-p>
</license>
</permissions>
<self-uri content-type="pdf" xlink:href="JHTT-05-2023-0128.pdf"/>
<abstract abstract-type="structured" id="abstr1" xml:lang="en">
<sec><title content-type="abstract-subheading">Purpose</title>
<p>The purpose of this study is to investigate the effects of employee live streamers on consumers' purchase behaviors and brand image, as well as to understand the mediating roles of friendship and self-congruity.</p>
</sec>
<sec><title content-type="abstract-subheading">Design/methodology/approach</title>
<p>A framework was proposed to explain the influence of employee live streamers' qualities on consumers' behaviors and brand image through the mediators of friendship and self-congruity. Primary data was collected from 225 valid survey responses in China, and the PLS-SEM analysis was employed to test the statistical significance of the hypothesized relationships.</p>
</sec>
<sec><title content-type="abstract-subheading">Findings</title>
<p>The study found that four qualities of employee live streamers – trustworthiness, attractiveness, responsiveness and expertise – had significant effects on consumers' purchase behaviors and brand image through the mediators of self-congruity and friendship.</p>
</sec>
<sec><title content-type="abstract-subheading">Originality/value</title>
<p>This research provides valuable insights into the varying roles of employee live streamers in consumers' decision-making and brand image formation. It offers a theoretical basis for scholars to understand the factors of PSI (parasocial interaction) between consumers and an employee streamer, contributing to the growing body of literature on live streaming and consumer behavior.</p>
</sec>
</abstract>
<abstract abstract-type="structured" id="abstr2" xml:lang="zh">
<sec><title content-type="abstract-subheading">研究目的</title>
<p>本研究旨在调查员工直播主对消费者购买行为和品牌形象的影响, 以及了解友谊和自我一致性在其中的中介作用。</p>
</sec>
<sec><title content-type="abstract-subheading">研究方法</title>
<p>本研究提出了一个框架, 以解释员工直播主的特质通过友谊和自我一致性的中介对消费者行为和品牌形象的影响。在中国收集了225份有效的调查问卷数据, 并采用PLS-SEM分析来测试假设关系的统计显著性。</p>
</sec>
<sec><title content-type="abstract-subheading">研究发现</title>
<p>研究发现员工直播主的四种特质 - 可信度、吸引力、反应能力和专业性 - 通过自我一致性和友谊的中介对消费者的购买行为和品牌形象产生了显著影响。</p>
</sec>
<sec><title content-type="abstract-subheading">研究创新</title>
<p>本研究深入探讨了员工直播主在消费者决策和品牌形象塑造中的不同作用, 为学者们理解消费者与员工直播主之间PSI（伪社交互动）的因素提供了理论基础, 为直播和消费者行为领域的日益增长的文献体系做出了贡献。</p>
</sec>
</abstract>
<kwd-group kwd-group-type="author-generated" xml:lang="en">
<kwd>Self-congruity</kwd><x xml:space="preserve">, </x>
<kwd>Trustworthiness</kwd><x xml:space="preserve">, </x>
<kwd>Attractiveness</kwd>
</kwd-group>
<kwd-group kwd-group-type="author-generated" xml:lang="zh">
<kwd>直播主</kwd><x xml:space="preserve">, </x>
<kwd>可信度</kwd><x xml:space="preserve">, </x>
<kwd>吸引力</kwd><x xml:space="preserve">, </x>
<kwd>友谊</kwd><x xml:space="preserve">, </x>
<kwd>自我一致性</kwd>
</kwd-group>
<counts>
<fig-count count="2"/>
<table-count count="7"/>
<equation-count count="0"/>
<ref-count count="67"/>
<page-count count="23"/>
<word-count count="8740"/>
</counts>
<custom-meta-group>
<custom-meta><meta-name>copyright-code</meta-name><meta-value>M</meta-value></custom-meta><custom-meta><meta-name>deliverables</meta-name><meta-value>Web-ready article package</meta-value></custom-meta><custom-meta><meta-name>peer-reviewed</meta-name><meta-value>Yes</meta-value></custom-meta><custom-meta><meta-name>academic-content</meta-name><meta-value>Yes</meta-value></custom-meta><custom-meta><meta-name>EContentType</meta-name><meta-value>JOURNAL</meta-value></custom-meta><custom-meta><meta-name>rightslink</meta-name><meta-value>included</meta-value></custom-meta>
</custom-meta-group>
</article-meta>
</front>

<back>
<ref-list id="refs1">
<title>References</title>
<ref id="ref001"><mixed-citation publication-type="journal"><person-group person-group-type="author"><string-name><surname>Alam</surname>, <given-names>S.S.</given-names></string-name>, <string-name><surname>Masukujjaman</surname>, <given-names>M.</given-names></string-name>, <string-name><surname>Makhbul</surname>, <given-names>Z.K.M.</given-names></string-name>, <string-name><surname>Ali</surname>, <given-names>M.H.</given-names></string-name>, <string-name><surname>Omar</surname>, <given-names>N.A.</given-names></string-name> and <string-name><surname>Siddik</surname>, <given-names>A.B.</given-names></string-name></person-group> (<year>2023</year>), “<article-title>Impulsive hotel consumption intention in live streaming E-commerce settings: moderating role of impulsive consumption tendency using two-stage SEM</article-title>”, <source>International Journal of Hospitality Management</source>, Vol. <volume>115</volume>, p. <fpage>103606</fpage>.</mixed-citation></ref>
<ref id="ref002"><mixed-citation publication-type="journal"><person-group person-group-type="author"><string-name><surname>Anwar</surname>, <given-names>A.</given-names></string-name>, <string-name><surname>Gulzar</surname>, <given-names>A.</given-names></string-name>, <string-name><surname>Sohail</surname>, <given-names>F.B.</given-names></string-name> and <string-name><surname>Akram</surname>, <given-names>S.N.</given-names></string-name></person-group> (<year>2011</year>), “<article-title>Impact of brand image, trust and affect on consumer brand extension attitude: the mediating role of brand loyalty</article-title>”, <source>International Journal of Economics and Management Sciences</source>, Vol. <volume>1</volume> No. <issue>5</issue>, pp. <fpage>73</fpage>-<lpage>79</lpage>.</mixed-citation></ref>
<ref id="ref003"><mixed-citation publication-type="journal"><person-group person-group-type="author"><string-name><surname>Aw</surname>, <given-names>E.C.X.</given-names></string-name> and <string-name><surname>Chuah</surname>, <given-names>S.H.W.</given-names></string-name></person-group> (<year>2021</year>), “<article-title>Stop the unattainable ideal for an ordinary me!’ fostering parasocial relationships with social media influencers: the role of self-discrepancy</article-title>”, <source>Journal of Business Research</source>, Vol. <volume>132</volume>, pp. <fpage>146</fpage>-<lpage>157</lpage>.</mixed-citation></ref>
<ref id="ref064"><mixed-citation publication-type="journal"><person-group person-group-type="author"><string-name><surname>Bartone</surname>, <given-names>P.T.</given-names></string-name></person-group> (<year>2007</year>), “<article-title>Test-retest reliability of the dispositional resilience scale-15, a brief hardiness scale</article-title>”, <source>Psychological Reports</source>, Vol. <volume>101</volume> No. <issue>3</issue>, pp. <fpage>943</fpage>-<lpage>944</lpage>.</mixed-citation></ref>
<ref id="ref004"><mixed-citation publication-type="journal"><person-group person-group-type="author"><string-name><surname>Beerli</surname>, <given-names>A.</given-names></string-name>, <string-name><surname>Meneses</surname>, <given-names>G.D.</given-names></string-name> and <string-name><surname>Gil</surname>, <given-names>S.M.</given-names></string-name></person-group> (<year>2007</year>), “<article-title>Self-congruity and destination choice</article-title>”, <source>Annals of Tourism Research</source>, Vol. <volume>34</volume> No. <issue>3</issue>, pp. <fpage>571</fpage>-<lpage>587</lpage>.</mixed-citation></ref>
<ref id="ref210"><mixed-citation publication-type="journal"><person-group person-group-type="author"><string-name><surname>Bi</surname>, <given-names>Y.</given-names></string-name>, <string-name><surname>Yin</surname>, <given-names>J.</given-names></string-name> and <string-name><surname>Kim</surname>, <given-names>I.</given-names></string-name></person-group> (<year>2021</year>), “<article-title>Fostering a young audience’s media-induced travel intentions: the role of parasocial interactions</article-title>”, <source>Journal of Hospitality and Tourism Management</source>, Vol. <volume>47</volume>, pp. <fpage>398</fpage>-<lpage>407</lpage>.</mixed-citation></ref>
<ref id="ref005"><mixed-citation publication-type="journal"><person-group person-group-type="author"><string-name><surname>Chang</surname>, <given-names>Y.W.</given-names></string-name>, <string-name><surname>Hsu</surname>, <given-names>P.Y.</given-names></string-name> and <string-name><surname>Lan</surname>, <given-names>Y.C.</given-names></string-name></person-group> (<year>2019</year>), “<article-title>Cooperation and competition between online travel agencies and hotels</article-title>”, <source>Tourism Management</source>, Vol. <volume>71</volume>, pp. <fpage>187</fpage>-<lpage>196</lpage>.</mixed-citation></ref>
<ref id="ref202"><mixed-citation publication-type="journal"><person-group person-group-type="author"><string-name><surname>Cheng</surname>, <given-names>Y.</given-names></string-name>, <string-name><surname>Wei</surname>, <given-names>W.</given-names></string-name> and <string-name><surname>Zhang</surname>, <given-names>L.</given-names></string-name></person-group> (<year>2020</year>), “<article-title>Seeing destinations through vlogs: implications for leveraging customer engagement behavior to increase travel intention</article-title>”, <source>International Journal of Contemporary Hospitality Management</source>, Vol. <volume>32</volume> No. <issue>10</issue>, pp. <fpage>3227</fpage>-<lpage>3248</lpage>.</mixed-citation></ref>
<ref id="ref006"><mixed-citation publication-type="journal"><person-group person-group-type="author"><string-name><surname>Chin</surname>, <given-names>W.W.</given-names></string-name>, <string-name><surname>Peterson</surname>, <given-names>R.A.</given-names></string-name> and <string-name><surname>Brown</surname>, <given-names>S.P.</given-names></string-name></person-group> (<year>2008</year>), “<article-title>Structural equation modeling in marketing: some practical reminders</article-title>”, <source>Journal of Marketing Theory and Practice</source>, Vol. <volume>16</volume> No. <issue>4</issue>, pp. <fpage>287</fpage>-<lpage>298</lpage>.</mixed-citation></ref>
<ref id="ref007"><mixed-citation publication-type="journal"><person-group person-group-type="author"><string-name><surname>Chon</surname>, <given-names>K.S.</given-names></string-name></person-group> (<year>1992</year>), “<article-title>Self-image/destination image congruity</article-title>”, <source>Annals of Tourism Research</source>, Vol. <volume>19</volume> No. <issue>2</issue>, pp. <fpage>360</fpage>-<lpage>363</lpage>.</mixed-citation></ref>
<ref id="ref008"><mixed-citation publication-type="journal"><person-group person-group-type="author"><string-name><surname>De Kerpel</surname>, <given-names>L.</given-names></string-name> and <string-name><surname>Van Kerckhove</surname>, <given-names>A.</given-names></string-name></person-group> (<year>2023</year>), “<article-title>Advocating beyond call of duty: a review of employee advocacy and a call for research</article-title>”, <source>Management Review Quarterly</source>, doi: <pub-id pub-id-type="doi">10.1007/s11301-023-00381-1</pub-id>.</mixed-citation></ref>
<ref id="ref009"><mixed-citation publication-type="journal"><person-group person-group-type="author"><string-name><surname>Deng</surname>, <given-names>Z.</given-names></string-name>, <string-name><surname>Benckendorff</surname>, <given-names>P.</given-names></string-name> and <string-name><surname>Wang</surname>, <given-names>J.</given-names></string-name></person-group> (<year>2021</year>), “<article-title>Travel live streaming: an affordance perspective</article-title>”, <source>Information Technology and Tourism</source>, Vol. <volume>23</volume> No. <issue>2</issue>, pp. <fpage>189</fpage>-<lpage>207</lpage>.</mixed-citation></ref>
<ref id="ref010"><mixed-citation publication-type="journal"><person-group person-group-type="author"><string-name><surname>Douglas</surname>, <given-names>S.P.</given-names></string-name> and <string-name><surname>Craig</surname>, <given-names>C.S.</given-names></string-name></person-group> (<year>2007</year>), “<article-title>Collaborative and iterative translation: an alternative approach to back translation</article-title>”, <source>Journal of International Marketing</source>, Vol. <volume>15</volume> No. <issue>1</issue>, pp. <fpage>30</fpage>-<lpage>43</lpage>.</mixed-citation></ref>
<ref id="ref011"><mixed-citation publication-type="journal"><person-group person-group-type="author"><string-name><surname>Egbert</surname>, <given-names>S.</given-names></string-name> and <string-name><surname>Rudeloff</surname>, <given-names>C.</given-names></string-name></person-group> (<year>2023</year>), “<article-title>Employees as corporate influencers: exploring the impacts of parasocial interactions on brand equity and brand outcomes</article-title>”, <source>International Journal of Strategic Communication</source>, Vol. <volume>17</volume> No. <issue>5</issue>, pp. <fpage>439</fpage>-<lpage>456</lpage>.</mixed-citation></ref>
<ref id="ref012"><mixed-citation publication-type="journal"><person-group person-group-type="author"><string-name><surname>Etikan</surname>, <given-names>I.</given-names></string-name>, <string-name><surname>Musa</surname>, <given-names>S.A.</given-names></string-name> and <string-name><surname>Alkassim</surname>, <given-names>R.S.</given-names></string-name></person-group> (<year>2016</year>), “<article-title>Comparison of convenience sampling and purposive sampling</article-title>”, <source>American Journal of Theoretical and Applied Statistics</source>, Vol. <volume>5</volume> No. <issue>1</issue>, pp. <fpage>1</fpage>-<lpage>4</lpage>.</mixed-citation></ref>
<ref id="ref013"><mixed-citation publication-type="journal"><person-group person-group-type="author"><string-name><surname>Gao</surname>, <given-names>S.</given-names></string-name>, <string-name><surname>Li</surname>, <given-names>Y.</given-names></string-name> and <string-name><surname>Guo</surname>, <given-names>H.</given-names></string-name></person-group> (<year>2019</year>), “<article-title>Understanding the adoption of bike sharing systems: by combining technology diffusion theories and perceived risk</article-title>”, <source>Journal of Hospitality and Tourism Technology</source>, Vol. <volume>10</volume> No. <issue>3</issue>, pp. <fpage>464</fpage>-<lpage>478</lpage>.</mixed-citation></ref>
<ref id="ref014"><mixed-citation publication-type="journal"><person-group person-group-type="author"><string-name><surname>Hair</surname>, <given-names>J.F.</given-names></string-name>, <string-name><surname>Ringle</surname>, <given-names>C.M.</given-names></string-name> and <string-name><surname>Sarstedt</surname>, <given-names>M.</given-names></string-name></person-group> (<year>2013</year>), “<article-title>Partial least squares structural equation modeling: rigorous applications, better results and higher acceptance</article-title>”, <source>Long Range Planning</source>, Vol. <volume>46</volume> Nos <issue>1/2</issue>, pp. <fpage>1</fpage>-<lpage>12</lpage>.</mixed-citation></ref>
<ref id="ref015"><mixed-citation publication-type="journal"><person-group person-group-type="author"><string-name><surname>Hair</surname>, <given-names>J.F.</given-names></string-name>, <string-name><surname>Risher</surname>, <given-names>J.J.</given-names></string-name>, <string-name><surname>Sarstedt</surname>, <given-names>M.</given-names></string-name> and <string-name><surname>Ringle</surname>, <given-names>C.M.</given-names></string-name></person-group> (<year>2019</year>), “<article-title>When to use and how to report the results of PLS-SEM</article-title>”, <source>European Business Review</source>, Vol. <volume>31</volume> No. <issue>1</issue>, pp. <fpage>2</fpage>-<lpage>24</lpage>.</mixed-citation></ref>
<ref id="ref016"><mixed-citation publication-type="book"><person-group person-group-type="author"><string-name><surname>Harman</surname>, <given-names>H.H.</given-names></string-name></person-group> (<year>1976</year>), <source>Modern Factor Analysis</source>, <publisher-name>University of Chicago press</publisher-name>, <publisher-loc>Chicago</publisher-loc>.</mixed-citation></ref>
<ref id="ref017"><mixed-citation publication-type="journal"><person-group person-group-type="author"><string-name><surname>Hayes</surname>, <given-names>A.F.</given-names></string-name> and <string-name><surname>Scharkow</surname>, <given-names>M.</given-names></string-name></person-group> (<year>2013</year>), “<article-title>The relative trustworthiness of inferential tests of the indirect effect in statistical mediation analysis: does method really matter?</article-title>”, <source>Psychological Science</source>, Vol. <volume>24</volume> No. <issue>10</issue>, pp. <fpage>1918</fpage>-<lpage>1927</lpage>.</mixed-citation></ref>
<ref id="ref018"><mixed-citation publication-type="journal"><person-group person-group-type="author"><string-name><surname>Helgeson</surname>, <given-names>J.G.</given-names></string-name> and <string-name><surname>Supphellen</surname>, <given-names>M.</given-names></string-name></person-group> (<year>2004</year>), “<article-title>A conceptual and measurement comparison of self-congruity and brand personality: the impact of socially desirable responding</article-title>”, <source>International Journal of Market Research</source>, Vol. <volume>46</volume> No. <issue>2</issue>, pp. <fpage>205</fpage>-<lpage>233</lpage>.</mixed-citation></ref>
<ref id="ref019"><mixed-citation publication-type="book"><person-group person-group-type="author"><string-name><surname>Henseler</surname>, <given-names>J.</given-names></string-name>, <string-name><surname>Ringle</surname>, <given-names>C.M.</given-names></string-name> and <string-name><surname>Sarstedt</surname>, <given-names>M.</given-names></string-name></person-group> (<year>2012</year>), “<article-title>Using partial least squares path modeling in advertising research: basic concepts and recent issues</article-title>”, <source>Handbook of Research on International Advertising</source>, <publisher-name>Edward Elgar Publishing</publisher-name>, <publisher-loc>Massachusetts</publisher-loc>, Vol. <volume>252</volume>.</mixed-citation></ref>
<ref id="ref020"><mixed-citation publication-type="journal"><person-group person-group-type="author"><string-name><surname>Henseler</surname>, <given-names>J.</given-names></string-name>, <string-name><surname>Hubona</surname>, <given-names>G.</given-names></string-name> and <string-name><surname>Ray</surname>, <given-names>P.A.</given-names></string-name></person-group> (<year>2016</year>), “<article-title>Using PLS path modeling in new technology research: updated guidelines</article-title>”, <source>Industrial Management and Data Systems</source>, Vol. <volume>116</volume> No. <issue>1</issue>, pp. <fpage>2</fpage>-<lpage>20</lpage>.</mixed-citation></ref>
<ref id="ref021"><mixed-citation publication-type="journal"><person-group person-group-type="author"><string-name><surname>Henseler</surname>, <given-names>J.</given-names></string-name>, <string-name><surname>Ringle</surname>, <given-names>C.M.</given-names></string-name> and <string-name><surname>Sarstedt</surname>, <given-names>M.</given-names></string-name></person-group> (<year>2015</year>), “<article-title>A new criterion for assessing discriminant validity in variance-based structural equation modeling</article-title>”, <source>Journal of the Academy of Marketing Science</source>, Vol. <volume>43</volume> No. <issue>1</issue>, pp. <fpage>115</fpage>-<lpage>135</lpage>.</mixed-citation></ref>
<ref id="ref022"><mixed-citation publication-type="journal"><person-group person-group-type="author"><string-name><surname>Hon</surname>, <given-names>A.H.</given-names></string-name> and <string-name><surname>Lui</surname>, <given-names>S.S.</given-names></string-name></person-group> (<year>2016</year>), “<article-title>Employee creativity and innovation in organizations: review, integration, and future directions for hospitality research</article-title>”, <source>International Journal of Contemporary Hospitality Management</source>, Vol. <volume>28</volume> No. <issue>5</issue>, pp. <fpage>862</fpage>-<lpage>885</lpage>.</mixed-citation></ref>
<ref id="ref023"><mixed-citation publication-type="journal"><person-group person-group-type="author"><string-name><surname>Horng</surname>, <given-names>J.S.</given-names></string-name>, <string-name><surname>Liu</surname>, <given-names>C.H.</given-names></string-name>, <string-name><surname>Chou</surname>, <given-names>S.F.</given-names></string-name>, <string-name><surname>Yu</surname>, <given-names>T.Y.</given-names></string-name> and <string-name><surname>Hu</surname>, <given-names>D.C.</given-names></string-name></person-group> (<year>2024</year>), “<article-title>Role of social media influencers on marketing of sustainable hotels: gratification and the parasocial interaction perspective</article-title>”, <source>Journal of Hospitality Marketing and Management</source>, p. <fpage>2315947</fpage>.</mixed-citation></ref>
<ref id="ref024"><mixed-citation publication-type="journal"><person-group person-group-type="author"><string-name><surname>Hsu</surname>, <given-names>C.L.</given-names></string-name> and <string-name><surname>Lin</surname>, <given-names>J.C.C.</given-names></string-name></person-group> (<year>2021</year>), “<article-title>The effects of gratifications, flow and satisfaction on the usage of livestreaming services</article-title>”, <source>Library Hi Tech</source>, doi: <pub-id pub-id-type="doi">10.1108/LHT-02-2021-0069</pub-id>.</mixed-citation></ref>
<ref id="ref025"><mixed-citation publication-type="journal"><person-group person-group-type="author"><string-name><surname>Hu</surname>, <given-names>M.</given-names></string-name>, <string-name><surname>Zhang</surname>, <given-names>M.</given-names></string-name> and <string-name><surname>Wang</surname>, <given-names>Y.</given-names></string-name></person-group> (<year>2017</year>), “<article-title>Why do audiences choose to keep watching on live video streaming platforms? An explanation of dual identification framework</article-title>”, <source>Computers in Human Behavior</source>, Vol. <volume>75</volume>, pp. <fpage>594</fpage>-<lpage>606</lpage>.</mixed-citation></ref>
<ref id="ref026"><mixed-citation publication-type="journal"><person-group person-group-type="author"><string-name><surname>Hua</surname>, <given-names>N.</given-names></string-name>, <string-name><surname>Li</surname>, <given-names>B.</given-names></string-name> and <string-name><surname>Zhang</surname>, <given-names>T.</given-names></string-name></person-group> (<year>2023</year>), “<article-title>Live streaming: pushing limits of hospitality and tourism online experiences</article-title>”, <source>International Journal of Contemporary Hospitality Management</source>, Vol. <volume>35</volume> No. <issue>10</issue>, pp. <fpage>3703</fpage>-<lpage>3717</lpage>.</mixed-citation></ref>
<ref id="ref027"><mixed-citation publication-type="journal"><person-group person-group-type="author"><string-name><surname>Japutra</surname>, <given-names>A.</given-names></string-name>, <string-name><surname>Wang</surname>, <given-names>S.</given-names></string-name> and <string-name><surname>Li</surname>, <given-names>T. (.</given-names></string-name></person-group> (<year>2023</year>), “<article-title>The influence of self-congruence and relationship quality on student educational involvement</article-title>”, <source>Journal of Marketing for Higher Education</source>, Vol. <volume>33</volume> No. <issue>1</issue>, pp. <fpage>40</fpage>-<lpage>57</lpage>.</mixed-citation></ref>
<ref id="ref028"><mixed-citation publication-type="journal"><person-group person-group-type="author"><string-name><surname>Kim</surname>, <given-names>M.</given-names></string-name> and <string-name><surname>Kim</surname>, <given-names>J.</given-names></string-name></person-group> (<year>2020</year>), “<article-title>How does a celebrity make fans happy? Interaction between celebrities and fans in the social media context</article-title>”, <source>Computers in Human Behavior</source>, Vol. <volume>111</volume>, p. <fpage>106419</fpage>, doi: <pub-id pub-id-type="doi">10.1016/j.chb.2020.106419</pub-id>.</mixed-citation></ref>
<ref id="ref029"><mixed-citation publication-type="journal"><person-group person-group-type="author"><string-name><surname>Kim</surname>, <given-names>J.</given-names></string-name> and <string-name><surname>Sintas</surname>, <given-names>J.L.</given-names></string-name></person-group> (<year>2021</year>), “<article-title>Social TV viewers’ symbolic parasocial interactions with media characters: a topic modelling analysis of viewers’ comments</article-title>”, <source>Social Sciences and Humanities Open</source>, Vol. <volume>3</volume> No. <issue>1</issue>, p. <fpage>100129</fpage>.</mixed-citation></ref>
<ref id="ref030"><mixed-citation publication-type="journal"><person-group person-group-type="author"><string-name><surname>Kim</surname>, <given-names>S.S.</given-names></string-name>, <string-name><surname>Choe</surname>, <given-names>J.Y.J.</given-names></string-name> and <string-name><surname>Petrick</surname>, <given-names>J.F.</given-names></string-name></person-group> (<year>2018</year>), “<article-title>The effect of celebrity on brand awareness, perceived quality, brand image, brand loyalty, and destination attachment to a literary festival</article-title>”, <source>Journal of Destination Marketing and Management</source>, Vol. <volume>9</volume>, pp. <fpage>320</fpage>-<lpage>329</lpage>.</mixed-citation></ref>
<ref id="ref031"><mixed-citation publication-type="web"><person-group person-group-type="author"><string-name><surname>Laporte</surname>, <given-names>N.</given-names></string-name></person-group> (<year>2021</year>), “<article-title>This 24/7 livestream starring chefs is going after the $500 billion cooking market. Fast company</article-title>”, <comment>available at: <ext-link ext-link-type="uri" xlink:href="http://www.fastcompany.com/90695035/this-new-streaming-platform-wants-to-be-twitch-for-chefs-and-food-lovers">www.fastcompany.com/90695035/this-new-streaming-platform-wants-to-be-twitch-for-chefs-and-food-lovers</ext-link></comment></mixed-citation></ref>
<ref id="ref032"><mixed-citation publication-type="journal"><person-group person-group-type="author"><string-name><surname>Lee</surname>, <given-names>S.A.</given-names></string-name> and <string-name><surname>Lee</surname>, <given-names>M.</given-names></string-name></person-group> (<year>2017</year>), “<article-title>Effects of relationship types on customers’ parasocial interactions: promoting relationship marketing in social media</article-title>”, <source>Journal of Hospitality and Tourism Technology</source>, Vol. <volume>8</volume> No. <issue>1</issue>, pp. <fpage>133</fpage>-<lpage>147</lpage>.</mixed-citation></ref>
<ref id="ref033"><mixed-citation publication-type="journal"><person-group person-group-type="author"><string-name><surname>Levy</surname>, <given-names>M.R.</given-names></string-name> and <string-name><surname>Windahl</surname>, <given-names>S.</given-names></string-name></person-group> (<year>1984</year>), “<article-title>Audience activity and gratifications: a conceptual clarification and exploration</article-title>”, <source>Communication Research</source>, Vol. <volume>11</volume> No. <issue>1</issue>, pp. <fpage>51</fpage>-<lpage>78</lpage>.</mixed-citation></ref>
<ref id="ref034"><mixed-citation publication-type="journal"><person-group person-group-type="author"><string-name><surname>Li</surname>, <given-names>Y.</given-names></string-name> and <string-name><surname>Peng</surname>, <given-names>Y.</given-names></string-name></person-group> (<year>2021</year>), “<article-title>What drives gift-giving intention in live streaming? The perspectives of emotional attachment and flow experience</article-title>”, <source>International Journal of Human–Computer Interaction</source>, Vol. <volume>37</volume> No. <issue>14</issue>, pp. <fpage>1317</fpage>-<lpage>1329</lpage>.</mixed-citation></ref>
<ref id="ref035"><mixed-citation publication-type="journal"><person-group person-group-type="author"><string-name><surname>Li</surname>, <given-names>F.</given-names></string-name>, <string-name><surname>Ma</surname>, <given-names>J.</given-names></string-name> and <string-name><surname>Tong</surname>, <given-names>Y.</given-names></string-name></person-group> (<year>2022</year>), “<article-title>Livestreaming in tourism: what drives tourism live streamers to share their travel experiences?</article-title>”, <source>Tourism Review</source>, doi: <pub-id pub-id-type="doi">10.1108/TR-09-2021-0420</pub-id>.</mixed-citation></ref>
<ref id="ref036"><mixed-citation publication-type="journal"><person-group person-group-type="author"><string-name><surname>Li</surname>, <given-names>R.</given-names></string-name>, <string-name><surname>Lu</surname>, <given-names>Y.</given-names></string-name>, <string-name><surname>Ma</surname>, <given-names>J.</given-names></string-name> and <string-name><surname>Wang</surname>, <given-names>W.</given-names></string-name></person-group> (<year>2021</year>), “<article-title>Examining gifting behavior on live streaming platforms: an identity-based motivation model</article-title>”, <source>Information and Management</source>, Vol. <volume>58</volume> No. <issue>6</issue>, p. <fpage>103406</fpage>.</mixed-citation></ref>
<ref id="ref037"><mixed-citation publication-type="journal"><person-group person-group-type="author"><string-name><surname>Liebers</surname>, <given-names>N.</given-names></string-name> and <string-name><surname>Straub</surname>, <given-names>R.</given-names></string-name></person-group> (<year>2020</year>), “<article-title>Fantastic relationships and where to find them: fantasy and its impact on romantic parasocial phenomena with media characters</article-title>”, <source>Poetics</source>, Vol. <volume>83</volume>, p. <fpage>101481</fpage>.</mixed-citation></ref>
<ref id="ref233"><mixed-citation publication-type="journal"><person-group person-group-type="author"><string-name><surname>Lim</surname>, <given-names>J.S.</given-names></string-name>, <string-name><surname>Choe</surname>, <given-names>M.J.</given-names></string-name>, <string-name><surname>Zhang</surname>, <given-names>J.</given-names></string-name> and <string-name><surname>Noh</surname>, <given-names>G.Y.</given-names></string-name></person-group> (<year>2020</year>), “<article-title>The role of wishful identification, emotional engagement, and parasocial relationships in repeated viewing of live-streaming games: a social cognitive theory perspective</article-title>”, <source>Computers in Human Behavior</source>, Vol. <volume>108</volume>, p. <fpage>106327</fpage>, doi: <pub-id pub-id-type="doi">10.1016/j.chb.2020.106327</pub-id>.</mixed-citation></ref>
<ref id="ref038"><mixed-citation publication-type="journal"><person-group person-group-type="author"><string-name><surname>Lu</surname>, <given-names>B.</given-names></string-name> and <string-name><surname>Chen</surname>, <given-names>Z.</given-names></string-name></person-group> (<year>2021</year>), “<article-title>Live streaming commerce and consumers’ purchase intention: an uncertainty reduction perspective</article-title>”, <source>Information and Management</source>, Vol. <volume>58</volume> No. <issue>7</issue>, p. <fpage>103509</fpage>.</mixed-citation></ref>
<ref id="ref039"><mixed-citation publication-type="journal"><person-group person-group-type="author"><string-name><surname>McLaughlin</surname>, <given-names>C.</given-names></string-name> and <string-name><surname>Wohn</surname>, <given-names>D.Y.</given-names></string-name></person-group> (<year>2021</year>), “<article-title>Predictors of parasocial interaction and relationships in live streaming</article-title>”, <source>Convergence: The International Journal of Research into New Media Technologies</source>, Vol. <volume>27</volume> No. <issue>6</issue>, pp. <fpage>1714</fpage>-<lpage>1734</lpage>.</mixed-citation></ref>
<ref id="ref040"><mixed-citation publication-type="journal"><person-group person-group-type="author"><string-name><surname>Molinillo</surname>, <given-names>S.</given-names></string-name>, <string-name><surname>Liébana-Cabanillas</surname>, <given-names>F.</given-names></string-name>, <string-name><surname>Anaya-Sánchez</surname>, <given-names>R.</given-names></string-name> and <string-name><surname>Buhalis</surname>, <given-names>D.</given-names></string-name></person-group> (<year>2018</year>), “<article-title>DMO online platforms: image and intention to visit</article-title>”, <source>Tourism Management</source>, Vol. <volume>65</volume>, pp. <fpage>116</fpage>-<lpage>130</lpage>.</mixed-citation></ref>
<ref id="ref041"><mixed-citation publication-type="book"><person-group person-group-type="author"><string-name><surname>Morris</surname>, <given-names>S.</given-names></string-name> and <string-name><surname>Snell</surname>, <given-names>S.</given-names></string-name></person-group> (<year>2019</year>), “<article-title>How employees can better solve customer problems: a use value approach to human and social capital</article-title>”, <source>Handbook of Research on Strategic Human Capital Resources</source>, <publisher-name>Edward Elgar Publishing</publisher-name>, <publisher-loc>Massachusetts</publisher-loc>, pp. <fpage>199</fpage>-<lpage>214</lpage>.</mixed-citation></ref>
<ref id="ref042"><mixed-citation publication-type="journal"><person-group person-group-type="author"><string-name><surname>Ngo</surname>, <given-names>L.V.</given-names></string-name>, <string-name><surname>Nguyen</surname>, <given-names>N.P.</given-names></string-name>, <string-name><surname>Huynh</surname>, <given-names>K.T.</given-names></string-name>, <string-name><surname>Gregory</surname>, <given-names>G.</given-names></string-name> and <string-name><surname>Cuong</surname>, <given-names>P.H.</given-names></string-name></person-group> (<year>2020</year>), “<article-title>Converting internal brand knowledge into employee performance</article-title>”, <source>Journal of Product and Brand Management</source>, Vol. <volume>29</volume> No. <issue>3</issue>, pp. <fpage>273</fpage>-<lpage>287</lpage>.</mixed-citation></ref>
<ref id="ref043"><mixed-citation publication-type="journal"><person-group person-group-type="author"><string-name><surname>Omuris</surname>, <given-names>E.</given-names></string-name></person-group> (<year>2019</year>), “<article-title>Workplace friendship in hospitality organizations: a scale development</article-title>”, <source>International Journal of Contemporary Hospitality Management</source>, Vol. <volume>31</volume> No. <issue>3</issue>, pp. <fpage>1390</fpage>-<lpage>1411</lpage>.</mixed-citation></ref>
<ref id="ref044"><mixed-citation publication-type="journal"><person-group person-group-type="author"><string-name><surname>Parvez</surname>, <given-names>M.O.</given-names></string-name>, <string-name><surname>Arasli</surname>, <given-names>H.</given-names></string-name>, <string-name><surname>Ozturen</surname>, <given-names>A.</given-names></string-name>, <string-name><surname>Lodhi</surname>, <given-names>R.N.</given-names></string-name> and <string-name><surname>Ongsakul</surname>, <given-names>V.</given-names></string-name></person-group> (<year>2022</year>), “<article-title>Antecedents of human-robot collaboration: theoretical extension of the technology acceptance model</article-title>”, <source>Journal of Hospitality and Tourism Technology</source>, Vol. <volume>13</volume> No. <issue>2</issue>, pp. <fpage>240</fpage>-<lpage>263</lpage>.</mixed-citation></ref>
<ref id="ref045"><mixed-citation publication-type="report"><person-group person-group-type="author"><collab>Pigipanda</collab></person-group> (<year>2020</year>), <article-title>From 10 million to 11 hundred million RMB: Ctrip’s livestream sales</article-title>.</mixed-citation></ref>
<ref id="ref046"><mixed-citation publication-type="journal"><person-group person-group-type="author"><string-name><surname>Podsakoff</surname>, <given-names>P.M.</given-names></string-name> and <string-name><surname>Organ</surname>, <given-names>D.W.</given-names></string-name></person-group> (<year>1986</year>), “<article-title>Self-reports in organizational research: problems and prospects</article-title>”, <source>Journal of Management</source>, Vol. <volume>12</volume> No. <issue>4</issue>, pp. <fpage>531</fpage>-<lpage>544</lpage>.</mixed-citation></ref>
<ref id="ref047"><mixed-citation publication-type="journal"><person-group person-group-type="author"><string-name><surname>Podsakoff</surname>, <given-names>P.M.</given-names></string-name>, <string-name><surname>MacKenzie</surname>, <given-names>S.B.</given-names></string-name>, <string-name><surname>Lee</surname>, <given-names>J.Y.</given-names></string-name> and <string-name><surname>Podsakoff</surname>, <given-names>N.P.</given-names></string-name></person-group> (<year>2003</year>), “<article-title>Common method biases in behavioral research: a critical review of the literature and recommended remedies</article-title>”, <source>Journal of Applied Psychology</source>, Vol. <volume>88</volume> No. <issue>5</issue>, p. <fpage>879</fpage>.</mixed-citation></ref>
<ref id="ref048"><mixed-citation publication-type="journal"><person-group person-group-type="author"><string-name><surname>Rasoolimanesh</surname>, <given-names>S.M.</given-names></string-name>, <string-name><surname>Jaafar</surname>, <given-names>M.</given-names></string-name> and <string-name><surname>Barghi</surname>, <given-names>R.</given-names></string-name></person-group> (<year>2017</year>), “<article-title>Effects of motivation, knowledge and perceived power on residents' perceptions: application of weber's theory in world heritage site destinations</article-title>”, <source>International Journal of Tourism Research</source>, Vol. <volume>19</volume> No. <issue>1</issue>, pp. <fpage>68</fpage>-<lpage>79</lpage>.</mixed-citation></ref>
<ref id="ref049"><mixed-citation publication-type="journal"><person-group person-group-type="author"><string-name><surname>Reinartz</surname>, <given-names>W.</given-names></string-name>, <string-name><surname>Haenlein</surname>, <given-names>M.</given-names></string-name> and <string-name><surname>Henseler</surname>, <given-names>J.</given-names></string-name></person-group> (<year>2009</year>), “<article-title>An empirical comparison of the efficacy of covariance-based and variance-based SEM</article-title>”, <source>International Journal of Research in Marketing</source>, Vol. <volume>26</volume> No. <issue>4</issue>, pp. <fpage>332</fpage>-<lpage>344</lpage>.</mixed-citation></ref>
<ref id="ref050"><mixed-citation publication-type="book"><person-group person-group-type="author"><string-name><surname>Rifon</surname>, <given-names>N.J.</given-names></string-name>, <string-name><surname>Jiang</surname>, <given-names>M.</given-names></string-name> and <string-name><surname>Kim</surname>, <given-names>S.</given-names></string-name></person-group> (<year>2015</year>), “<article-title>Don’t hate me because I am beautiful: identifying the relative influence of celebrity attractiveness and character traits on credibility</article-title>”, <source>Advances in Advertising Research (Vol. VI) The Digital, the Classic, the Subtle, and the Alternative</source>, <publisher-name>Springer Fachmedien Wiesbaden</publisher-name>, <publisher-loc>Wiesbaden</publisher-loc>, pp. <fpage>125</fpage>-<lpage>134</lpage>.</mixed-citation></ref>
<ref id="ref051"><mixed-citation publication-type="journal"><person-group person-group-type="author"><string-name><surname>Rubin</surname>, <given-names>A.M.</given-names></string-name> and <string-name><surname>Step</surname>, <given-names>M.M.</given-names></string-name></person-group> (<year>2000</year>), “<article-title>Impact of motivation, attraction, and parasocial interaction on talk radio listening</article-title>”, <source>Journal of Broadcasting and Electronic Media</source>, Vol. <volume>44</volume> No. <issue>4</issue>, pp. <fpage>635</fpage>-<lpage>654</lpage>.</mixed-citation></ref>
<ref id="ref052"><mixed-citation publication-type="journal"><person-group person-group-type="author"><string-name><surname>Shen</surname>, <given-names>H.</given-names></string-name>, <string-name><surname>Zhao</surname>, <given-names>C.</given-names></string-name>, <string-name><surname>Fan</surname>, <given-names>D.X.</given-names></string-name> and <string-name><surname>Buhalis</surname>, <given-names>D.</given-names></string-name></person-group> (<year>2022</year>), “<article-title>The effect of hotel livestreaming on viewers’ purchase intention: exploring the role of parasocial interaction and emotional engagement</article-title>”, <source>International Journal of Hospitality Management</source>, Vol. <volume>107</volume>, p. <fpage>103348</fpage>.</mixed-citation></ref>
<ref id="ref053"><mixed-citation publication-type="journal"><person-group person-group-type="author"><string-name><surname>Smith</surname>, <given-names>D.</given-names></string-name>, <string-name><surname>Jacobson</surname>, <given-names>J.</given-names></string-name> and <string-name><surname>Rudkowski</surname>, <given-names>J.L.</given-names></string-name></person-group> (<year>2021</year>), “<article-title>Employees as influencers: measuring employee brand equity in a social media age</article-title>”, <source>Journal of Product and Brand Management</source>, Vol. <volume>30</volume> No. <issue>6</issue>, pp. <fpage>834</fpage>-<lpage>853</lpage>.</mixed-citation></ref>
<ref id="ref054"><mixed-citation publication-type="journal"><person-group person-group-type="author"><string-name><surname>Tran</surname>, <given-names>P.K.T.</given-names></string-name>, <string-name><surname>Nguyen</surname>, <given-names>P.D.</given-names></string-name>, <string-name><surname>Le</surname>, <given-names>A.H.N.</given-names></string-name> and <string-name><surname>Tran</surname>, <given-names>V.T.</given-names></string-name></person-group> (<year>2022</year>), “<article-title>Linking self-congruity, perceived quality and satisfaction to brand loyalty in a tourism destination: the moderating role of visit frequency</article-title>”, <source>Tourism Review</source>, Vol. <volume>77</volume> No. <issue>1</issue>, pp. <fpage>287</fpage>-<lpage>301</lpage>.</mixed-citation></ref>
<ref id="ref055"><mixed-citation publication-type="journal"><person-group person-group-type="author"><string-name><surname>Venciute</surname>, <given-names>D.</given-names></string-name>, <string-name><surname>Karalius</surname>, <given-names>L.</given-names></string-name>, <string-name><surname>Reardon</surname>, <given-names>J.</given-names></string-name> and <string-name><surname>Auruskeviciene</surname>, <given-names>V.</given-names></string-name></person-group> (<year>2023</year>), “<article-title>The impact of employees’ social media advocacy on attitudes toward the brand: the mediating role of parasocial relationships</article-title>”, <source>Journal of Product and Brand Management</source>, Vol. <volume>32</volume> No. <issue>8</issue>, pp. <fpage>1374</fpage>-<lpage>1387</lpage>.</mixed-citation></ref>
<ref id="ref056"><mixed-citation publication-type="journal"><person-group person-group-type="author"><string-name><surname>Wang</surname>, <given-names>X.</given-names></string-name>, <string-name><surname>Wen</surname>, <given-names>X.</given-names></string-name>, <string-name><surname>Paşamehmetoğlu</surname>, <given-names>A.</given-names></string-name> and <string-name><surname>Guchait</surname>, <given-names>P.</given-names></string-name></person-group> (<year>2021</year>), “<article-title>Hospitality employee’s mindfulness and its impact on creativity and customer satisfaction: the moderating role of organizational error tolerance</article-title>”, <source>International Journal of Hospitality Management</source>, Vol. <volume>94</volume>, p. <fpage>102846</fpage>.</mixed-citation></ref>
<ref id="ref057"><mixed-citation publication-type="journal"><person-group person-group-type="author"><string-name><surname>Wongkitrungrueng</surname>, <given-names>A.</given-names></string-name> and <string-name><surname>Assarut</surname>, <given-names>N.</given-names></string-name></person-group> (<year>2020</year>), “<article-title>The role of live streaming in building consumer trust and engagement with social commerce sellers</article-title>”, <source>Journal of Business Research</source>, Vol. <volume>117</volume>, pp. <fpage>543</fpage>-<lpage>556</lpage>.</mixed-citation></ref>
<ref id="ref058"><mixed-citation publication-type="journal"><person-group person-group-type="author"><string-name><surname>Xi</surname>, <given-names>D.</given-names></string-name>, <string-name><surname>Xu</surname>, <given-names>W.</given-names></string-name>, <string-name><surname>Tang</surname>, <given-names>L.</given-names></string-name> and <string-name><surname>Han</surname>, <given-names>B.</given-names></string-name></person-group> (<year>2023</year>), “<article-title>The impact of streamer emotions on viewer gifting behavior: evidence from entertainment live streaming</article-title>”, <source>Internet Research</source>.</mixed-citation></ref>
<ref id="ref059"><mixed-citation publication-type="journal"><person-group person-group-type="author"><string-name><surname>Xu</surname>, <given-names>X.</given-names></string-name>, <string-name><surname>Huang</surname>, <given-names>D.</given-names></string-name> and <string-name><surname>Shang</surname>, <given-names>X.</given-names></string-name></person-group> (<year>2021</year>), “<article-title>Social presence or physical presence? Determinants of purchasing behaviour in tourism live-streamed shopping</article-title>”, <source>Tourism Management Perspectives</source>, Vol. <volume>40</volume>, p. <fpage>100917</fpage>.</mixed-citation></ref>
<ref id="ref060"><mixed-citation publication-type="journal"><person-group person-group-type="author"><string-name><surname>Xue</surname>, <given-names>J.</given-names></string-name>, <string-name><surname>Liang</surname>, <given-names>X.</given-names></string-name>, <string-name><surname>Xie</surname>, <given-names>T.</given-names></string-name> and <string-name><surname>Wang</surname>, <given-names>H.</given-names></string-name></person-group> (<year>2020</year>), “<article-title>See now, act now: how to interact with customers to enhance social commerce engagement?</article-title>”, <source>Information and Management</source>, Vol. <volume>57</volume> No. <issue>6</issue>, p. <fpage>103324</fpage>.</mixed-citation></ref>
<ref id="ref061"><mixed-citation publication-type="journal"><person-group person-group-type="author"><string-name><surname>Yuan</surname>, <given-names>C.L.</given-names></string-name>, <string-name><surname>Moon</surname>, <given-names>H.</given-names></string-name>, <string-name><surname>Kim</surname>, <given-names>K.H.</given-names></string-name> and <string-name><surname>Wang</surname>, <given-names>S.</given-names></string-name></person-group> (<year>2021</year>), “<article-title>The influence of parasocial relationship in fashion web on customer equity</article-title>”, <source>Journal of Business Research</source>, Vol. <volume>130</volume>, pp. <fpage>610</fpage>-<lpage>617</lpage>.</mixed-citation></ref>
<ref id="ref062"><mixed-citation publication-type="journal"><person-group person-group-type="author"><string-name><surname>Zhang</surname>, <given-names>Y.G.</given-names></string-name>, <string-name><surname>Dang</surname>, <given-names>Y.M.</given-names></string-name>, <string-name><surname>Brown</surname>, <given-names>S.A.</given-names></string-name> and <string-name><surname>Chen</surname>, <given-names>H.</given-names></string-name></person-group> (<year>2017</year>), “<article-title>Investigating the impacts of avatar gender, avatar age, and region theme on avatar physical activity in the virtual world</article-title>”, <source>Computers in Human Behavior</source>, Vol. <volume>68</volume>, pp. <fpage>378</fpage>-<lpage>387</lpage>.</mixed-citation></ref>
<ref id="ref063"><mixed-citation publication-type="journal"><person-group person-group-type="author"><string-name><surname>Zhou</surname>, <given-names>Z.</given-names></string-name>, <string-name><surname>Wu</surname>, <given-names>J.P.</given-names></string-name>, <string-name><surname>Zhang</surname>, <given-names>Q.</given-names></string-name> and <string-name><surname>Xu</surname>, <given-names>S.</given-names></string-name></person-group> (<year>2013</year>), “<article-title>Transforming visitors into members in online brand communities: evidence from China</article-title>”, <source>Journal of Business Research</source>, Vol. <volume>66</volume> No. <issue>12</issue>, pp. <fpage>2438</fpage>-<lpage>2443</lpage>.</mixed-citation></ref></ref-list>
<ref-list id="refs2">
<title>Further reading</title>
<ref id="ref065"><mixed-citation publication-type="journal"><person-group person-group-type="author"><string-name><surname>Ma</surname>, <given-names>Y.</given-names></string-name></person-group> (<year>2021</year>), “<article-title>Elucidating determinants of customer satisfaction with live-stream shopping: an extension of the information systems success model</article-title>”, <source>Telematics and Informatics</source>, Vol. <volume>65</volume>, p. <fpage>101707</fpage>.</mixed-citation></ref>
<ref id="ref066"><mixed-citation publication-type="journal"><person-group person-group-type="author"><string-name><surname>Qiu</surname>, <given-names>L.</given-names></string-name>, <string-name><surname>Chen</surname>, <given-names>X.</given-names></string-name> and <string-name><surname>Lee</surname>, <given-names>T.J.</given-names></string-name></person-group> (<year>2021</year>), “<article-title>How can the celebrity endorsement effect help consumer engagement? A case of promoting tourism products through live streaming</article-title>”, <source>Sustainability</source>, Vol. <volume>13</volume> No. <issue>15</issue>, p. <fpage>8655</fpage>.</mixed-citation></ref>
<ref id="ref067"><mixed-citation publication-type="journal"><person-group person-group-type="author"><string-name><surname>Sokolova</surname>, <given-names>K.</given-names></string-name> and <string-name><surname>Kefi</surname>, <given-names>H.</given-names></string-name></person-group> (<year>2020</year>), “<article-title>Instagram and YouTube bloggers promote it, why should I buy? How credibility and parasocial interaction influence purchase intentions</article-title>”, <source>Journal of Retailing and Consumer Services</source>, Vol. <volume>53</volume>, p. <fpage>101742</fpage>.</mixed-citation></ref></ref-list>
</back>

</article>