<?xml version="1.0" encoding="UTF-8"?>
<!DOCTYPE article PUBLIC "-//NLM//DTD JATS (Z39.96) Journal Archiving and Interchange DTD with MathML3 v1.1d1 20130915//EN" "JATS-archivearticle1-mathml3.dtd"><article xmlns:mml="http://www.w3.org/1998/Math/MathML" xmlns:xlink="http://www.w3.org/1999/xlink" xmlns:xsi="http://www.w3.org/2001/XMLSchema-instance" dtd-version="1.1d1" xml:lang="en" article-type="research-article"><front id="meta-hdr">
<journal-meta>
<journal-id journal-id-type="publisher-id">JHTT</journal-id>
<journal-id journal-id-type="doi">10.1108/JHTT</journal-id>
<journal-title-group>
<journal-title>Journal of Hospitality and Tourism Technology</journal-title>
<abbrev-journal-title abbrev-type="publisher">JHTT</abbrev-journal-title>
</journal-title-group>
<issn publication-format="print">1757-9880</issn>
<issn publication-format="online">1757-9880</issn>
<publisher>
<publisher-name>Emerald Publishing Limited</publisher-name>
</publisher>
</journal-meta>
<article-meta id="art-meta">
<article-id pub-id-type="publisher-id">724260</article-id>
<article-id pub-id-type="doi">10.1108/JHTT-11-2023-0374</article-id>
<article-id pub-id-type="original-pdf">JHTT-11-2023-0374.pdf</article-id>
<article-id pub-id-type="filename">JHTT-11-2023-0374</article-id>
<article-categories>
<subj-group subj-group-type="type-of-publication">
<compound-subject>
<compound-subject-part content-type="code">research-article</compound-subject-part>
<compound-subject-part content-type="label">Research paper</compound-subject-part>
</compound-subject>
</subj-group>
<subj-group subj-group-type="subject">
<compound-subject>
<compound-subject-part content-type="code">cat-THOS</compound-subject-part>
<compound-subject-part content-type="label">Tourism &amp; hospitality</compound-subject-part>
</compound-subject>
<subj-group subj-group-type="subject">
<compound-subject>
<compound-subject-part content-type="code">cat-TTY</compound-subject-part>
<compound-subject-part content-type="label">Tourism technology</compound-subject-part>
</compound-subject>
<subj-group subj-group-type="subject">
<compound-subject>
<compound-subject-part content-type="code">cat-EITM</compound-subject-part>
<compound-subject-part content-type="label">E-commerce in tourism</compound-subject-part>
</compound-subject>
<subj-group subj-group-type="subject">
<compound-subject>
<compound-subject-part content-type="code">cat-THOS</compound-subject-part>
<compound-subject-part content-type="label">Tourism &amp; hospitality</compound-subject-part>
</compound-subject>
<subj-group subj-group-type="subject">
<compound-subject>
<compound-subject-part content-type="code">cat-TTY</compound-subject-part>
<compound-subject-part content-type="label">Tourism technology</compound-subject-part>
</compound-subject>
<subj-group subj-group-type="subject">
<compound-subject>
<compound-subject-part content-type="code">cat-EINT</compound-subject-part>
<compound-subject-part content-type="label">E-Intermediaries in tourism</compound-subject-part>
</compound-subject>
<subj-group subj-group-type="subject">
<compound-subject>
<compound-subject-part content-type="code">cat-THOS</compound-subject-part>
<compound-subject-part content-type="label">Tourism &amp; hospitality</compound-subject-part>
</compound-subject>
<subj-group subj-group-type="subject">
<compound-subject>
<compound-subject-part content-type="code">cat-TTY</compound-subject-part>
<compound-subject-part content-type="label">Tourism technology</compound-subject-part>
</compound-subject>
<subj-group subj-group-type="subject">
<compound-subject>
<compound-subject-part content-type="code">cat-LSGPS</compound-subject-part>
<compound-subject-part content-type="label">Location-based services/global positioning systems</compound-subject-part>
</compound-subject>
<subj-group subj-group-type="subject">
<compound-subject>
<compound-subject-part content-type="code">cat-THOS</compound-subject-part>
<compound-subject-part content-type="label">Tourism &amp; hospitality</compound-subject-part>
</compound-subject>
<subj-group subj-group-type="subject">
<compound-subject>
<compound-subject-part content-type="code">cat-TTY</compound-subject-part>
<compound-subject-part content-type="label">Tourism technology</compound-subject-part>
</compound-subject>
<subj-group subj-group-type="subject">
<compound-subject>
<compound-subject-part content-type="code">cat-MWTT</compound-subject-part>
<compound-subject-part content-type="label">Mobile/wireless technologies in tourism</compound-subject-part>
</compound-subject>
</subj-group>
</subj-group>
</subj-group>
</subj-group>
</subj-group>
</subj-group>
</subj-group>
</subj-group>
</subj-group>
</subj-group>
</subj-group>
</subj-group>
</article-categories>
<title-group>
<article-title xml:lang="en">Chatbot symbolic recovery and customer forgiveness: a moderated mediation model</article-title>
</title-group>
<contrib-group>
<contrib corresp="yes" contrib-type="author"><name-alternatives><name name-style="western"><surname>Zaki</surname><given-names>Heba Salah</given-names></name><string-name name-style="western"><given-names>Heba Salah</given-names> <surname>Zaki</surname></string-name>
</name-alternatives><email>heba.salah@fth.usc.edu.eg</email><xref ref-type="aff" rid="aff1"/><bio id="bio1">
<p>Heba Salah Zaki is an associate professor at the faculty of tourism and hotels, university of Sadat city – Egypt. Her research interests are: human resources management in tourism, consumer behavior, tourism management, sustainable tourism, tourism marketing, digital transformation, leadership in tourism and organizational behavior in tourism.</p></bio></contrib>
<contrib contrib-type="author"><name-alternatives><name name-style="western"><surname>Al-Romeedy</surname><given-names>Bassam Samir</given-names></name><string-name name-style="western"><given-names>Bassam Samir</given-names> <surname>Al-Romeedy</surname></string-name>
</name-alternatives><email>bassam.samir@fth.usc.edu.eg</email><xref ref-type="aff" rid="aff1"/><bio id="bio2">
<p>Bassam Samir Al-Romeedy is an associate professor at the faculty of tourism and hotels, university of Sadat city – Egypt, and Accredited external auditor at the National Authority for Quality Assurance of Education and Accreditation – Egypt. His research interests are: human resources management in tourism, knowledge management, ecotourism, tourism management, sustainable tourism, tourism marketing, competitiveness in travel agencies, leadership in tourism and organizational behavior in tourism.</p></bio></contrib>
<aff id="aff1">Department of Tourism Studies, Faculty of Tourism and Hotels, <institution-wrap><institution>University of Sadat City</institution></institution-wrap>, El Sadat City, <country country="EG">Egypt</country></aff>
</contrib-group>
<author-notes>
<corresp id="cor1">Heba Salah Zaki can be contacted at: <ext-link ext-link-type="email" xlink:href="mailto:heba.salah@fth.usc.edu.eg">heba.salah@fth.usc.edu.eg</ext-link></corresp></author-notes>
<pub-date publication-format="electronic" date-type="pub" iso-8601-date="2024-06-14"><day>14</day><month>06</month><year>2024</year></pub-date>
<pub-date publication-format="print" date-type="pub" iso-8601-date="2024-08-05"><day>05</day><month>08</month><year>2024</year></pub-date>
<volume>15</volume><issue>4</issue>
<fpage>610</fpage><lpage>628</lpage>
<history>
<date date-type="received" iso-8601-date="2023-11-28"><day>28</day><month>11</month><year>2023</year></date>
<date date-type="revised" iso-8601-date="2024-03-11"><day>11</day><month>03</month><year>2024</year></date>
<date date-type="revised" iso-8601-date="2024-04-13"><day>13</day><month>04</month><year>2024</year></date>
<date date-type="accepted" iso-8601-date="2024-04-22"><day>22</day><month>04</month><year>2024</year></date>
</history>
<permissions>
<copyright-statement>© Emerald Publishing Limited</copyright-statement>
<copyright-year>2024</copyright-year>
<copyright-holder>Emerald Publishing Limited</copyright-holder>
<license license-type="publisher">
<license-p>Licensed re-use rights only</license-p>
</license>
</permissions>
<self-uri content-type="pdf" xlink:href="JHTT-11-2023-0374.pdf"/>
<abstract abstract-type="structured" id="abstr1" xml:lang="en">
<sec><title content-type="abstract-subheading">Purpose</title>
<p>Artificial intelligence-based chatbots are frequently used to handle customer complaints in the hospitality and tourism sectors; however, little is known about their recovery strategies. Further, the widespread usage of chatbots is anticipated to affect customers' favorable responses. Therefore, this study aims to examine how chatbots’ symbolic recovery influences customer forgiveness through customer empathy and explore the moderating effect of time pressure on it. Moreover, it investigates the effect of customer forgiveness on customer reconciliation and customer continuous trust.</p>
</sec>
<sec><title content-type="abstract-subheading">Design/methodology/approach</title>
<p>Structural equation modeling was used to analyze data collected from 994 customers who have experienced chatbot recovery in tourism and hospitality during the past four months.</p>
</sec>
<sec><title content-type="abstract-subheading">Findings</title>
<p>The results show that chatbots’ symbolic recovery stimulates customer forgiveness, which subsequently positively affects customer reconciliation and customer continuous trust. Moreover, customer empathy partially mediates the effect of chatbots’ symbolic recovery on customer forgiveness, and time pressure plays a moderating role in the relationship between chatbots’ symbolic recovery and customer forgiveness.</p>
</sec>
<sec><title content-type="abstract-subheading">Practical implications</title>
<p>The results offer highly persuasive insights that may be used to promote chatbots’ symbolic recovery in tourism organizations. The effectiveness of chatbots’ symbolic recovery in achieving customer forgiveness will motivate tourism organizations to use chatbots efficiently in service recovery.</p>
</sec>
<sec><title content-type="abstract-subheading">Originality/value</title>
<p>This study extends the theoretical scope of chatbot research by investigating the symbolic recovery capabilities of chatbots. Moreover, it expands the application of SOR theory in the context of chatbot service recovery and reveals the underlying mechanism behind the impact of chatbots’ symbolic recovery on customer forgiveness, thus building and testing an integrative model of chatbot service recovery.</p>
</sec>
</abstract><abstract abstract-type="structured" id="abstr2" xml:lang="zh">
<p>AR眼镜在遗产旅游中使用时遇到的阻碍因素：个人能力的调节效应通过SEM-PLS过程</p>
<sec><title content-type="abstract-subheading">研究目的</title>
<p>系统评估阻碍因素作为技术接受模型（TAM）的先驱方面存在一定的空白。本研究调查了三个阻碍因素, 即不适感、不安全感和风险。此外, 本研究提出了调节变量 - 个人能力（PC）, 并测试其对感知有用性（PU）、感知易用性（PEU）和行为意图（BI）之间关系的影响。</p>
</sec>
<sec><title content-type="abstract-subheading">研究方法</title>
<p>使用量化数据分析验证了通过Smart PLS4使用的调整模型。对327名有效受访者的数据进行了分析。</p>
</sec>
<sec><title content-type="abstract-subheading">研究发现</title>
<p>不适感是影响PU和PEU的显著先驱因素。不安全感和风险分别是PEU和PU的抑制因素。本研究在稀缺文献中贡献了个人能力的调节效应, 积极调节PU和BI之间影响的研究。</p>
</sec>
<sec><title content-type="abstract-subheading">研究创新</title>
<p>本研究通过纳入阻碍因素并探索个人能力在AR眼镜方面的调节作用, 为TAM提供了一种新的拓展。此外, 该研究还使创新公司能够通过用户的反馈来增强其产品和服务的设计。</p>
</sec></abstract>
<kwd-group kwd-group-type="author-generated" xml:lang="en"><kwd>Chatbot symbolic recovery</kwd><x xml:space="preserve">, </x><kwd>Customer forgiveness</kwd><x xml:space="preserve">, </x><kwd>Customer empathy</kwd><x xml:space="preserve">, </x><kwd>Time pressure</kwd><x xml:space="preserve">, </x><kwd>Customer reconciliation</kwd><x xml:space="preserve">, </x><kwd>Customer continuous trust</kwd>
</kwd-group>
<kwd-group kwd-group-type="author-generated" xml:lang="zh"><kwd>： 技术接受模型(TAM), 沉浸式技术, 阻碍因素, 个人能力, 遗产保护</kwd>
</kwd-group>
<counts>
<fig-count count="1"/>
<table-count count="8"/>
<equation-count count="0"/>
<ref-count count="62"/>
<page-count count="19"/>
<word-count count="10001"/>
</counts>
<custom-meta-group>
<custom-meta>
<meta-name>copyright-code</meta-name>
<meta-value>M</meta-value>
</custom-meta>
<custom-meta>
<meta-name>deliverables</meta-name>
<meta-value>Web-ready article package</meta-value>
</custom-meta>
<custom-meta>
<meta-name>peer-reviewed</meta-name>
<meta-value>Yes</meta-value>
</custom-meta>
<custom-meta>
<meta-name>academic-content</meta-name>
<meta-value>Yes</meta-value>
</custom-meta>
<custom-meta>
<meta-name>EContentType</meta-name>
<meta-value>JOURNAL</meta-value>
</custom-meta>
<custom-meta>
<meta-name>rightslink</meta-name>
<meta-value>included</meta-value>
</custom-meta>
</custom-meta-group>
</article-meta>
</front>

<back>
<ref-list id="refs1">
<title>References</title>
<ref id="ref001"><mixed-citation publication-type="confproc"><person-group person-group-type="author"><string-name><surname>Adamopoulou</surname>, <given-names>E.</given-names></string-name> and <string-name><surname>Moussiades</surname>, <given-names>L.</given-names></string-name></person-group> (<year>2020</year>), “<article-title>An overview of Chatbot technology</article-title>”, <source>IFIP international conference on artificial intelligence applications and innovations</source>, <conf-name>Springer</conf-name>, <conf-loc>Cham</conf-loc>, pp. <fpage>373</fpage>-<lpage>383</lpage>.</mixed-citation></ref>
<ref id="ref002"><mixed-citation publication-type="journal"><person-group person-group-type="author"><string-name><surname>Al-Azab</surname>, <given-names>M.</given-names></string-name> and <string-name><surname>Al-Romeedy</surname>, <given-names>B.</given-names></string-name></person-group> (<year>2024</year>), “<article-title>Servant leadership and tourism businesses’ outcomes: a multiple mediation model</article-title>”, <source>Tourism Review</source>, Vol. <volume>79</volume> No. <issue>1</issue>, pp. <fpage>184</fpage>-<lpage>204</lpage>.</mixed-citation></ref>
<ref id="ref003"><mixed-citation publication-type="journal"><person-group person-group-type="author"><string-name><surname>Al-Romeedy</surname>, <given-names>B.</given-names></string-name> and <string-name><surname>El-Sisi</surname>, <given-names>S.</given-names></string-name></person-group> (<year>2023</year>), “<article-title>Does workplace incivility affect travel agency performance through innovation, organizational citizenship behaviors, and organizational commitment?</article-title>”, <source>Tourism Review</source>, doi: <pub-id pub-id-type="doi">10.1108/TR-06-2023-0389</pub-id>.</mixed-citation></ref>
<ref id="ref004"><mixed-citation publication-type="journal"><person-group person-group-type="author"><string-name><surname>Ashraf</surname>, <given-names>M.</given-names></string-name>, <string-name><surname>Ahmad</surname>, <given-names>J.</given-names></string-name>, <string-name><surname>Sharif</surname>, <given-names>W.</given-names></string-name>, <string-name><surname>Raza</surname>, <given-names>A.</given-names></string-name>, <string-name><surname>Salman Shabbir</surname>, <given-names>M.</given-names></string-name>, <string-name><surname>Abbas</surname>, <given-names>M.</given-names></string-name> and <string-name><surname>Thurasamy</surname>, <given-names>R.</given-names></string-name></person-group> (<year>2020</year>), “<article-title>The role of continuous trust in usage of online product recommendations</article-title>”, <source>Online Information Review</source>, Vol. <volume>44</volume> No. <issue>4</issue>, pp. <fpage>745</fpage>-<lpage>766</lpage>.</mixed-citation></ref>
<ref id="ref005"><mixed-citation publication-type="journal"><person-group person-group-type="author"><string-name><surname>Chaves</surname>, <given-names>A.</given-names></string-name> and <string-name><surname>Gerosa</surname>, <given-names>M.</given-names></string-name></person-group> (<year>2021</year>), “<article-title>How should my Chatbot interact? A survey on social characteristics in human–Chatbot interaction design</article-title>”, <source>International Journal of Human–Computer Interaction</source>, Vol. <volume>37</volume> No. <issue>8</issue>, pp. <fpage>729</fpage>-<lpage>758</lpage>.</mixed-citation></ref>
<ref id="ref006"><mixed-citation publication-type="journal"><person-group person-group-type="author"><string-name><surname>Che</surname>, <given-names>M.</given-names></string-name>, <string-name><surname>Say</surname>, <given-names>S.</given-names></string-name>, <string-name><surname>Yu</surname>, <given-names>H.</given-names></string-name>, <string-name><surname>Zhou</surname>, <given-names>Q.</given-names></string-name>, <string-name><surname>Shu</surname>, <given-names>J.</given-names></string-name>, <string-name><surname>Sun</surname>, <given-names>W.</given-names></string-name>, … and <string-name><surname>Xu</surname>, <given-names>H.</given-names></string-name></person-group> (<year>2023</year>), “<article-title>Investigating customers’ continuous trust towards mobile banking apps</article-title>”, <source>Humanities and Social Sciences Communications</source>, Vol. <volume>10</volume> No. <issue>1</issue>, pp. <fpage>1</fpage>-<lpage>10</lpage>.</mixed-citation></ref>
<ref id="ref007"><mixed-citation publication-type="journal"><person-group person-group-type="author"><string-name><surname>Chen</surname>, <given-names>J.</given-names></string-name>, <string-name><surname>Le</surname>, <given-names>T.</given-names></string-name> and <string-name><surname>Florence</surname>, <given-names>D.</given-names></string-name></person-group> (<year>2021</year>), “<article-title>Usability and responsiveness of artificial intelligence Chatbot on online customer experience in e-retailing</article-title>”, <source>International Journal of Retail and Distribution Management</source>, Vol. <volume>49</volume> No. <issue>11</issue>, pp. <fpage>1512</fpage>-<lpage>1531</lpage>.</mixed-citation></ref>
<ref id="ref008"><mixed-citation publication-type="journal"><person-group person-group-type="author"><string-name><surname>Chen</surname>, <given-names>K.</given-names></string-name>, <string-name><surname>Chen</surname>, <given-names>J.</given-names></string-name>, <string-name><surname>Zhan</surname>, <given-names>W.</given-names></string-name> and <string-name><surname>Sharma</surname>, <given-names>P.</given-names></string-name></person-group> (<year>2020</year>), “<article-title>When in Rome! Complaint contagion effect in multi-actor service ecosystems</article-title>”, <source>Journal of Business Research</source>, Vol. <volume>121</volume>, pp. <fpage>628</fpage>-<lpage>641</lpage>.</mixed-citation></ref>
<ref id="ref009"><mixed-citation publication-type="journal"><person-group person-group-type="author"><string-name><surname>Dyer</surname>, <given-names>N.</given-names></string-name>, <string-name><surname>Hanges</surname>, <given-names>P.</given-names></string-name> and <string-name><surname>Hall</surname>, <given-names>R.</given-names></string-name></person-group> (<year>2005</year>), “<article-title>Applying multilevel confirmatory factor analysis techniques to the study of leadership</article-title>”, <source>The Leadership Quarterly</source>, Vol. <volume>16</volume> No. <issue>1</issue>, pp. <fpage>149</fpage>-<lpage>167</lpage>.</mixed-citation></ref>
<ref id="ref010"><mixed-citation publication-type="journal"><person-group person-group-type="author"><string-name><surname>Elbaz</surname>, <given-names>A.</given-names></string-name>, <string-name><surname>Soliman</surname>, <given-names>M.</given-names></string-name>, <string-name><surname>Al-Alawi</surname>, <given-names>A.</given-names></string-name>, <string-name><surname>Al-Romeedy</surname>, <given-names>B.</given-names></string-name> and <string-name><surname>Mekawy</surname>, <given-names>M.</given-names></string-name></person-group> (<year>2023</year>), “<article-title>Customer responses to airline companies' service failure and recovery strategies: the moderating role of service failure habit</article-title>”, <source>Tourism Review</source>, Vol. <volume>78</volume> No. <issue>1</issue>, pp. <fpage>1</fpage>-<lpage>17</lpage>.</mixed-citation></ref>
<ref id="ref011"><mixed-citation publication-type="journal"><person-group person-group-type="author"><string-name><surname>Fan</surname>, <given-names>H.</given-names></string-name>, <string-name><surname>Han</surname>, <given-names>B.</given-names></string-name> and <string-name><surname>Wang</surname>, <given-names>W.</given-names></string-name></person-group> (<year>2023</year>), “<article-title>Aligning (in) congruent Chatbot–employee empathic responses with Service-Recovery contexts for customer retention</article-title>”, <source>Journal of Travel Research</source>, available at: <ext-link ext-link-type="uri" xlink:href="http://www.journals.sagepub.com/doi/10.1177/00472875231201505">www.journals.sagepub.com/doi/10.1177/00472875231201505</ext-link></mixed-citation></ref>
<ref id="ref012"><mixed-citation publication-type="thesis"><person-group person-group-type="author"><string-name><surname>Farahat</surname>, <given-names>E.</given-names></string-name></person-group> (<year>2023</year>), “<article-title>Applications of artificial intelligence as a marketing tool and their impact on the competitiveness of the Egyptian tourist destination</article-title>”, Doctoral Dissertation, <publisher-name>Minia University</publisher-name>.</mixed-citation></ref>
<ref id="ref013"><mixed-citation publication-type="journal"><person-group person-group-type="author"><string-name><surname>Fassott</surname>, <given-names>G.</given-names></string-name>, <string-name><surname>Henseler</surname>, <given-names>J.</given-names></string-name> and <string-name><surname>Coelho</surname>, <given-names>P.S.</given-names></string-name></person-group> (<year>2016</year>), “<article-title>Testing moderating effects in PLS path models with composite variables</article-title>”, <source>Industrial Management and Data Systems</source>, Vol. <volume>116</volume> No. <issue>9</issue>, pp. <fpage>1887</fpage>-<lpage>1900</lpage>.</mixed-citation></ref>
<ref id="ref014"><mixed-citation publication-type="journal"><person-group person-group-type="author"><string-name><surname>Fehr</surname>, <given-names>R.</given-names></string-name> and <string-name><surname>Gelfand</surname>, <given-names>M.</given-names></string-name></person-group> (<year>2009</year>), “<article-title>But I said I was sorry! On the importance of matching apologies to victim self-construals</article-title>”, <source>Academy of Management Proceedings</source>, Vol. <volume>2009</volume> No. <issue>1</issue>, pp. <fpage>1</fpage>-<lpage>6</lpage>.</mixed-citation></ref>
<ref id="ref015"><mixed-citation publication-type="journal"><person-group person-group-type="author"><string-name><surname>Franke</surname>, <given-names>G.</given-names></string-name> and <string-name><surname>Sarstedt</surname>, <given-names>M.</given-names></string-name></person-group> (<year>2019</year>), “<article-title>Heuristics versus statistics in discriminant validity testing: a comparison of four procedures</article-title>”, <source>Internet Research</source>, Vol. <volume>29</volume> No. <issue>3</issue>, pp. <fpage>430</fpage>-<lpage>447</lpage>.</mixed-citation></ref>
<ref id="ref016"><mixed-citation publication-type="journal"><person-group person-group-type="author"><string-name><surname>Giammarco</surname>, <given-names>E.</given-names></string-name> and <string-name><surname>Vernon</surname>, <given-names>P.</given-names></string-name></person-group> (<year>2014</year>), “<article-title>Vengeance and the dark triad: the role of empathy and perspective taking in trait forgivingness</article-title>”, <source>Personality and Individual Differences</source>, Vol. <volume>67</volume> No. <issue>9</issue>, pp. <fpage>23</fpage>-<lpage>29</lpage>.</mixed-citation></ref>
<ref id="ref017"><mixed-citation publication-type="book"><person-group person-group-type="author"><string-name><surname>Hair</surname>, <given-names>J.</given-names></string-name>, <string-name><surname>Black</surname>, <given-names>W.</given-names></string-name>, <string-name><surname>Babin</surname>, <given-names>B.</given-names></string-name> and <string-name><surname>Anderson</surname>, <given-names>R.</given-names></string-name></person-group> (<year>2010</year>), <source>Multivariate Data Analysis</source>, <publisher-name>Pearson</publisher-name>, <publisher-loc>New York, NY</publisher-loc>.</mixed-citation></ref>
<ref id="ref018"><mixed-citation publication-type="journal"><person-group person-group-type="author"><string-name><surname>Hannawa</surname>, <given-names>A.</given-names></string-name>, <string-name><surname>Shigemoto</surname>, <given-names>Y.</given-names></string-name> and <string-name><surname>Little</surname>, <given-names>T.</given-names></string-name></person-group> (<year>2016</year>), “<article-title>Medical errors: disclosure styles, interpersonal forgiveness, and outcomes</article-title>”, <source>Social Science and Medicine</source>, Vol. <volume>156</volume>, pp. <fpage>29</fpage>-<lpage>38</lpage>.</mixed-citation></ref>
<ref id="ref019"><mixed-citation publication-type="journal"><person-group person-group-type="author"><string-name><surname>Harrison-Walker</surname>, <given-names>L.</given-names></string-name></person-group> (<year>2019</year>), “<article-title>The critical role of customer forgiveness in successful service recovery</article-title>”, <source>Journal of Business Research</source>, Vol. <volume>95</volume>, pp. <fpage>376</fpage>-<lpage>391</lpage>.</mixed-citation></ref>
<ref id="ref020"><mixed-citation publication-type="book"><person-group person-group-type="author"><string-name><surname>Hayes</surname>, <given-names>A.</given-names></string-name></person-group> (<year>2017</year>), <source>Introduction to Mediation, Moderation, and Conditional Process Analysis: A Regression-Based Approach</source>, <publisher-name>Guilford publications</publisher-name>.</mixed-citation></ref>
<ref id="ref021"><mixed-citation publication-type="journal"><person-group person-group-type="author"><string-name><surname>Hoehle</surname>, <given-names>H.</given-names></string-name>, <string-name><surname>Huff</surname>, <given-names>S.</given-names></string-name> and <string-name><surname>Goode</surname>, <given-names>S.</given-names></string-name></person-group> (<year>2012</year>), “<article-title>The role of continuous trust in information systems continuance</article-title>”, <source>Journal of Computer Information Systems</source>, Vol. <volume>52</volume> No. <issue>4</issue>, pp. <fpage>1</fpage>-<lpage>9</lpage>.</mixed-citation></ref>
<ref id="ref022"><mixed-citation publication-type="journal"><person-group person-group-type="author"><string-name><surname>Honora</surname>, <given-names>A.</given-names></string-name>, <string-name><surname>Chih</surname>, <given-names>W.</given-names></string-name> and <string-name><surname>Wang</surname>, <given-names>K.</given-names></string-name></person-group> (<year>2022</year>), “<article-title>Managing social media recovery: the important role of service recovery transparency in retaining customers</article-title>”, <source>Journal of Retailing and Consumer Services</source>, Vol. <volume>64</volume>, p. <fpage>102814</fpage>.</mixed-citation></ref>
<ref id="ref023"><mixed-citation publication-type="journal"><person-group person-group-type="author"><string-name><surname>Hsu</surname>, <given-names>C.</given-names></string-name> and <string-name><surname>Lin</surname>, <given-names>J.</given-names></string-name></person-group> (<year>2023</year>), “<article-title>Understanding the user satisfaction and loyalty of customer service Chatbots</article-title>”, <source>Journal of Retailing and Consumer Services</source>, Vol. <volume>71</volume>, p. <fpage>103211</fpage>.</mixed-citation></ref>
<ref id="ref024"><mixed-citation publication-type="journal"><person-group person-group-type="author"><string-name><surname>Hu</surname>, <given-names>Y.</given-names></string-name>, <string-name><surname>Min</surname>, <given-names>H.</given-names></string-name> and <string-name><surname>Su</surname>, <given-names>N.</given-names></string-name></person-group> (<year>2021</year>), “<article-title>How sincere is an apology? Recovery satisfaction in a robot service failure context</article-title>”, <source>Journal of Hospitality and Tourism Research</source>, Vol. <volume>45</volume> No. <issue>6</issue>, pp. <fpage>1022</fpage>-<lpage>1043</lpage>.</mixed-citation></ref>
<ref id="ref025"><mixed-citation publication-type="journal"><person-group person-group-type="author"><string-name><surname>Huang</surname>, <given-names>M.</given-names></string-name> and <string-name><surname>Rust</surname>, <given-names>R.</given-names></string-name></person-group> (<year>2018</year>), “<article-title>Artificial intelligence in service</article-title>”, <source>Journal of Service Research</source>, Vol. <volume>21</volume> No. <issue>2</issue>, pp. <fpage>155</fpage>-<lpage>172</lpage>.</mixed-citation></ref>
<ref id="ref026"><mixed-citation publication-type="journal"><person-group person-group-type="author"><string-name><surname>Joireman</surname>, <given-names>J.</given-names></string-name>, <string-name><surname>Grégoire</surname>, <given-names>Y.</given-names></string-name> and <string-name><surname>Tripp</surname>, <given-names>T.</given-names></string-name></person-group> (<year>2016</year>), “<article-title>Customer forgiveness following service failures</article-title>”, <source>Current Opinion in Psychology</source>, Vol. <volume>10</volume>, pp. <fpage>76</fpage>-<lpage>82</lpage>.</mixed-citation></ref>
<ref id="ref027"><mixed-citation publication-type="journal"><person-group person-group-type="author"><string-name><surname>Kirmani</surname>, <given-names>A.</given-names></string-name>, <string-name><surname>Hamilton</surname>, <given-names>R.</given-names></string-name>, <string-name><surname>Thompson</surname>, <given-names>D.</given-names></string-name> and <string-name><surname>Lantzy</surname>, <given-names>S.</given-names></string-name></person-group> (<year>2017</year>), “<article-title>Doing well versus doing good: the differential effect of underdog positioning on moral and competent service providers</article-title>”, <source>Journal of Marketing</source>, Vol. <volume>81</volume> No. <issue>1</issue>, pp. <fpage>103</fpage>-<lpage>117</lpage>.</mixed-citation></ref>
<ref id="ref028"><mixed-citation publication-type="journal"><person-group person-group-type="author"><string-name><surname>Lei</surname>, <given-names>S.</given-names></string-name>, <string-name><surname>Shen</surname>, <given-names>H.</given-names></string-name> and <string-name><surname>Ye</surname>, <given-names>S.</given-names></string-name></person-group> (<year>2021</year>), “<article-title>A comparison between chatbot and human service: customer perception and reuse intention</article-title>”, <source>International Journal of Contemporary Hospitality Management</source>, Vol. <volume>33</volume> No. <issue>11</issue>, pp. <fpage>3977</fpage>-<lpage>3995</lpage>.</mixed-citation></ref>
<ref id="ref029"><mixed-citation publication-type="journal"><person-group person-group-type="author"><string-name><surname>Leung</surname>, <given-names>X.</given-names></string-name> and <string-name><surname>Wen</surname>, <given-names>H.</given-names></string-name></person-group> (<year>2020</year>), “<article-title>Chatbot usage in restaurant takeout orders: a comparison study of three ordering methods</article-title>”, <source>Journal of Hospitality and Tourism Management</source>, Vol. <volume>45</volume>, pp. <fpage>377</fpage>-<lpage>386</lpage>.</mixed-citation></ref>
<ref id="ref030"><mixed-citation publication-type="journal"><person-group person-group-type="author"><string-name><surname>Li</surname>, <given-names>C.</given-names></string-name> and <string-name><surname>Zhang</surname>, <given-names>J.</given-names></string-name></person-group> (<year>2023</year>), “<article-title>Chatbots or me? Consumers’ switching between human agents and conversational agents</article-title>”, <source>Journal of Retailing and Consumer Services</source>, Vol. <volume>72</volume>, p. <fpage>103264</fpage>.</mixed-citation></ref>
<ref id="ref031"><mixed-citation publication-type="journal"><person-group person-group-type="author"><string-name><surname>Lin</surname>, <given-names>Y.</given-names></string-name> and <string-name><surname>Chen</surname>, <given-names>C.</given-names></string-name></person-group> (<year>2013</year>), “<article-title>Passengers’ shopping motivations and commercial activities at airports–the moderating effects of time pressure and impulse buying tendency</article-title>”, <source>Tourism Management</source>, Vol. <volume>36</volume>, pp. <fpage>426</fpage>-<lpage>434</lpage>.</mixed-citation></ref>
<ref id="ref032"><mixed-citation publication-type="journal"><person-group person-group-type="author"><string-name><surname>Lv</surname>, <given-names>X.</given-names></string-name>, <string-name><surname>Liu</surname>, <given-names>Y.</given-names></string-name>, <string-name><surname>Luo</surname>, <given-names>J.</given-names></string-name>, <string-name><surname>Liu</surname>, <given-names>Y.</given-names></string-name> and <string-name><surname>Li</surname>, <given-names>C.</given-names></string-name></person-group> (<year>2021</year>), “<article-title>Does a cute artificial intelligence assistant soften the blow? The impact of cuteness on customer tolerance of assistant service failure</article-title>”, <source>Annals of Tourism Research</source>, Vol. <volume>87</volume>, p. <fpage>103114</fpage>.</mixed-citation></ref>
<ref id="ref033"><mixed-citation publication-type="journal"><person-group person-group-type="author"><string-name><surname>Lv</surname>, <given-names>X.</given-names></string-name>, <string-name><surname>Yang</surname>, <given-names>Y.</given-names></string-name>, <string-name><surname>Qin</surname>, <given-names>D.</given-names></string-name>, <string-name><surname>Cao</surname>, <given-names>X.</given-names></string-name> and <string-name><surname>Xu</surname>, <given-names>H.</given-names></string-name></person-group> (<year>2022</year>), “<article-title>Artificial intelligence service recovery: the role of empathic response in hospitality customers’ continuous usage intention</article-title>”, <source>Computers in Human Behavior</source>, Vol. <volume>126</volume>, p. <fpage>106993</fpage>.</mixed-citation></ref>
<ref id="ref034"><mixed-citation publication-type="journal"><person-group person-group-type="author"><string-name><surname>McCullough</surname>, <given-names>M.</given-names></string-name>, <string-name><surname>Worthington</surname>, <given-names>E.</given-names></string-name> and <string-name><surname>Rachal</surname>, <given-names>K.</given-names></string-name></person-group> (<year>1997</year>), “<article-title>Interpersonal forgiving in close relationships</article-title>”, <source>Journal of Personality and Social Psychology</source>, Vol. <volume>73</volume> No. <issue>2</issue>, pp. <fpage>321</fpage>-<lpage>336</lpage>.</mixed-citation></ref>
<ref id="ref035"><mixed-citation publication-type="web"><person-group person-group-type="author"><collab>Marriott International</collab></person-group> (<year>2017</year>), “<article-title>Marriott international’s AI-powered chatbots on Facebook messenger and slack, and Aloft’s ChatBotlr, simplify travel for guests throughout their journey</article-title>”, <comment>available at: <ext-link ext-link-type="uri" xlink:href="http://www.news.marriott.com/news/2017/09/28/marriott-internationals-ai-powered-chatbots-on-facebook-messenger-and-slack-and-alofts-chatbotlr-simplify-travel-for-gueststhroughout-their-journey">www.news.marriott.com/news/2017/09/28/marriott-internationals-ai-powered-chatbots-on-facebook-messenger-and-slack-and-alofts-chatbotlr-simplify-travel-for-gueststhroughout-their-journey</ext-link></comment></mixed-citation></ref>
<ref id="ref036"><mixed-citation publication-type="journal"><person-group person-group-type="author"><string-name><surname>Melkamu Asaye</surname>, <given-names>M.</given-names></string-name>, <string-name><surname>Gelaye</surname>, <given-names>K.</given-names></string-name>, <string-name><surname>Matebe</surname>, <given-names>Y.</given-names></string-name>, <string-name><surname>Lindgren</surname>, <given-names>H.</given-names></string-name> and <string-name><surname>Erlandsson</surname>, <given-names>K.</given-names></string-name></person-group> (<year>2022</year>), “<article-title>Valid and reliable neonatal near-miss assessment scale in Ethiopia: a psychometric validation</article-title>”, <source>Global Health Action</source>, Vol. <volume>15</volume> No. <issue>1</issue>, p. <fpage>2029334</fpage>.</mixed-citation></ref>
<ref id="ref037"><mixed-citation publication-type="journal"><person-group person-group-type="author"><string-name><surname>Pillai</surname>, <given-names>R.</given-names></string-name> and <string-name><surname>Sivathanu</surname>, <given-names>B.</given-names></string-name></person-group> (<year>2020</year>), “<article-title>Adoption of AI-based chatbots for hospitality and tourism</article-title>”, <source>International Journal of Contemporary Hospitality Management</source>, Vol. <volume>32</volume> No. <issue>10</issue>, pp. <fpage>3199</fpage>-<lpage>3226</lpage>.</mixed-citation></ref>
<ref id="ref038"><mixed-citation publication-type="journal"><person-group person-group-type="author"><string-name><surname>Preacher</surname>, <given-names>K.</given-names></string-name> and <string-name><surname>Hayes</surname>, <given-names>A.</given-names></string-name></person-group> (<year>2004</year>), “<article-title>SPSS and SAS procedures for estimating indirect effects in simple mediation models</article-title>”, <source>Behavior Research Methods, Instruments, and Computers</source>, Vol. <volume>36</volume> No. <issue>4</issue>, pp. <fpage>717</fpage>-<lpage>731</lpage>.</mixed-citation></ref>
<ref id="ref039"><mixed-citation publication-type="journal"><person-group person-group-type="author"><string-name><surname>Rhim</surname>, <given-names>J.</given-names></string-name>, <string-name><surname>Kwak</surname>, <given-names>M.</given-names></string-name>, <string-name><surname>Gong</surname>, <given-names>Y.</given-names></string-name> and <string-name><surname>Gweon</surname>, <given-names>G.</given-names></string-name></person-group> (<year>2022</year>), “<article-title>Application of humanization to survey chatbots: change in chatbot perception, interaction experience, and survey data quality</article-title>”, <source>Computers in Human Behavior</source>, Vol. <volume>126</volume>, p. <fpage>107034</fpage>.</mixed-citation></ref>
<ref id="ref040"><mixed-citation publication-type="journal"><person-group person-group-type="author"><string-name><surname>Roschk</surname>, <given-names>H.</given-names></string-name> and <string-name><surname>Kaiser</surname>, <given-names>S.</given-names></string-name></person-group> (<year>2013</year>), “<article-title>The nature of an apology: an experimental study on how to apologize after a service failure</article-title>”, <source>Marketing Letters</source>, Vol. <volume>24</volume> No. <issue>3</issue>, pp. <fpage>293</fpage>-<lpage>309</lpage>.</mixed-citation></ref>
<ref id="ref041"><mixed-citation publication-type="journal"><person-group person-group-type="author"><string-name><surname>Shrestha</surname>, <given-names>N.</given-names></string-name></person-group> (<year>2021</year>), “<article-title>Factor analysis as a tool for survey analysis</article-title>”, <source>American Journal of Applied Mathematics and Statistics</source>, Vol. <volume>9</volume> No. <issue>1</issue>, pp. <fpage>4</fpage>-<lpage>11</lpage>.</mixed-citation></ref>
<ref id="ref042"><mixed-citation publication-type="journal"><person-group person-group-type="author"><string-name><surname>Smith</surname>, <given-names>A.</given-names></string-name>, <string-name><surname>Bolton</surname>, <given-names>R.</given-names></string-name> and <string-name><surname>Wagner</surname>, <given-names>J.</given-names></string-name></person-group> (<year>1999</year>), “<article-title>A model of customer satisfaction with service encounters involving failure and recovery</article-title>”, <source>Journal of Marketing Research</source>, Vol. <volume>36</volume> No. <issue>3</issue>, pp. <fpage>356</fpage>-<lpage>372</lpage>.</mixed-citation></ref>
<ref id="ref043"><mixed-citation publication-type="journal"><person-group person-group-type="author"><string-name><surname>Sohn</surname>, <given-names>H.</given-names></string-name> and <string-name><surname>Lee</surname>, <given-names>T.</given-names></string-name></person-group> (<year>2017</year>), “<article-title>Tourists’ impulse buying behavior at duty-free shops: the moderating effects of time pressure and shopping involvement</article-title>”, <source>Journal of Travel and Tourism Marketing</source>, Vol. <volume>34</volume> No. <issue>3</issue>, pp. <fpage>341</fpage>-<lpage>356</lpage>.</mixed-citation></ref>
<ref id="ref044"><mixed-citation publication-type="journal"><person-group person-group-type="author"><string-name><surname>Song</surname>, <given-names>M.</given-names></string-name>, <string-name><surname>Du</surname>, <given-names>J.</given-names></string-name>, <string-name><surname>Xing</surname>, <given-names>X.</given-names></string-name> and <string-name><surname>Mou</surname>, <given-names>J.</given-names></string-name></person-group> (<year>2022</year>), “<article-title>Should the chatbot ‘save itself’ or ‘be helped by others’? The influence of service recovery types on consumer perceptions of recovery satisfaction</article-title>”, <source>Electronic Commerce Research and Applications</source>, Vol. <volume>55</volume>, p. <fpage>101199</fpage>.</mixed-citation></ref>
<ref id="ref045"><mixed-citation publication-type="journal"><person-group person-group-type="author"><string-name><surname>Song</surname>, <given-names>M.</given-names></string-name>, <string-name><surname>Qiao</surname>, <given-names>L.</given-names></string-name> and <string-name><surname>Hu</surname>, <given-names>T.</given-names></string-name></person-group> (<year>2019</year>), “<article-title>The influence of social network interaction on tourism behavior based on SOR theory</article-title>”, <source>Enterprise Economy</source>, Vol. <volume>38</volume>, pp. <fpage>73</fpage>-<lpage>79</lpage>.</mixed-citation></ref>
<ref id="ref046"><mixed-citation publication-type="journal"><person-group person-group-type="author"><string-name><surname>Song</surname>, <given-names>M.</given-names></string-name>, <string-name><surname>Zhang</surname>, <given-names>H.</given-names></string-name>, <string-name><surname>Xing</surname>, <given-names>X.</given-names></string-name> and <string-name><surname>Duan</surname>, <given-names>Y.</given-names></string-name></person-group> (<year>2023</year>), “<article-title>Appreciation vs. apology: Research on the influence mechanism of Chatbot service recovery based on politeness theory</article-title>”, <source>Journal of Retailing and Consumer Services</source>, Vol. <volume>73</volume>, p. <fpage>103323</fpage>.</mixed-citation></ref>
<ref id="ref047"><mixed-citation publication-type="book"><person-group person-group-type="author"><string-name><surname>Sue</surname>, <given-names>V.</given-names></string-name> and <string-name><surname>Ritter</surname>, <given-names>L.</given-names></string-name></person-group> (<year>2012</year>), <source>Conducting Online Surveys</source>, <publisher-name>Sage</publisher-name>.</mixed-citation></ref>
<ref id="ref048"><mixed-citation publication-type="journal"><person-group person-group-type="author"><string-name><surname>Sun</surname>, <given-names>N.</given-names></string-name> and <string-name><surname>Sun</surname>, <given-names>Y.</given-names></string-name></person-group> (<year>2021</year>), “<article-title>Service recovery, empathy, and consumer forgiveness: Model construction and demonstration from the perspective of attribution theory</article-title>”, <source>Forecasts</source>, Vol. <volume>2021</volume>, pp. <fpage>30</fpage>-<lpage>35</lpage>.</mixed-citation></ref>
<ref id="ref049"><mixed-citation publication-type="journal"><person-group person-group-type="author"><string-name><surname>Tsarenko</surname>, <given-names>Y.</given-names></string-name> and <string-name><surname>Tojib</surname>, <given-names>D.</given-names></string-name></person-group> (<year>2015</year>), “<article-title>Consumers’ forgiveness after brand transgression: the effect of the firm’s corporate social responsibility and response</article-title>”, <source>Journal of Marketing Management</source>, Vol. <volume>31</volume> Nos <issue>17/18</issue>, pp. <fpage>1851</fpage>-<lpage>1877</lpage>.</mixed-citation></ref>
<ref id="ref050"><mixed-citation publication-type="journal"><person-group person-group-type="author"><string-name><surname>Vijayaraghavan</surname>, <given-names>V.</given-names></string-name>, <string-name><surname>Cooper</surname>, <given-names>J.B.</given-names></string-name> and <string-name><surname>Leevinson</surname>, <given-names>R.</given-names></string-name></person-group> (<year>2020</year>), “<article-title>Algorithm inspection for chatbot performance evaluation</article-title>”, <source>Procedia Computer Science</source>, Vol. <volume>171</volume>, pp. <fpage>2267</fpage>-<lpage>2274</lpage>.</mixed-citation></ref>
<ref id="ref051"><mixed-citation publication-type="journal"><person-group person-group-type="author"><string-name><surname>Wang</surname>, <given-names>K.</given-names></string-name>, <string-name><surname>Chih</surname>, <given-names>W.</given-names></string-name> and <string-name><surname>Honora</surname>, <given-names>A.</given-names></string-name></person-group> (<year>2023</year>), “<article-title>How the emoji use in apology messages influences customers’ responses in online service recoveries: the moderating role of communication style</article-title>”, <source>International Journal of Information Management</source>, Vol. <volume>69</volume>, p. <fpage>102618</fpage>.</mixed-citation></ref>
<ref id="ref052"><mixed-citation publication-type="journal"><person-group person-group-type="author"><string-name><surname>Wei</surname>, <given-names>C.</given-names></string-name>, <string-name><surname>Liu</surname>, <given-names>M.</given-names></string-name> and <string-name><surname>Keh</surname>, <given-names>H.</given-names></string-name></person-group> (<year>2020</year>), “<article-title>The road to consumer forgiveness is paved with money or apology? The roles of empathy and power in service recovery</article-title>”, <source>Journal of Business Research</source>, Vol. <volume>118</volume>, pp. <fpage>321</fpage>-<lpage>334</lpage>.</mixed-citation></ref>
<ref id="ref053"><mixed-citation publication-type="journal"><person-group person-group-type="author"><string-name><surname>Wei</surname>, <given-names>J.</given-names></string-name>, <string-name><surname>Wang</surname>, <given-names>Z.</given-names></string-name>, <string-name><surname>Hou</surname>, <given-names>Z.</given-names></string-name> and <string-name><surname>Meng</surname>, <given-names>Y.</given-names></string-name></person-group> (<year>2022</year>), “<article-title>The influence of empathy and consumer forgiveness on the service recovery effect of online shopping</article-title>”, <source>Frontiers in Psychology</source>, Vol. <volume>13</volume>, p. <fpage>842207</fpage>.</mixed-citation></ref>
<ref id="ref054"><mixed-citation publication-type="journal"><person-group person-group-type="author"><string-name><surname>Wei</surname>, <given-names>J.</given-names></string-name>, <string-name><surname>Zhu</surname>, <given-names>S.</given-names></string-name>, <string-name><surname>Lu</surname>, <given-names>H.</given-names></string-name>, <string-name><surname>Li</surname>, <given-names>C.</given-names></string-name>, <string-name><surname>Hou</surname>, <given-names>Z.</given-names></string-name> and <string-name><surname>Zhou</surname>, <given-names>X.</given-names></string-name></person-group> (<year>2023</year>), “<article-title>Research on the impact of consumer forgiveness on consumer continuous trust</article-title>”, <source>Total Quality Management and Business Excellence</source>, Vol. <volume>34</volume> Nos <issue>5/6</issue>, pp. <fpage>692</fpage>-<lpage>711</lpage>.</mixed-citation></ref>
<ref id="ref055"><mixed-citation publication-type="journal"><person-group person-group-type="author"><string-name><surname>Xie</surname>, <given-names>Y.</given-names></string-name> and <string-name><surname>Peng</surname>, <given-names>S.</given-names></string-name></person-group> (<year>2009</year>), “<article-title>How to repair customer trust after negative publicity: the roles of competence, integrity, benevolence, and forgiveness</article-title>”, <source>Psychology and Marketing</source>, Vol. <volume>26</volume> No. <issue>7</issue>, pp. <fpage>572</fpage>-<lpage>589</lpage>.</mixed-citation></ref>
<ref id="ref056"><mixed-citation publication-type="journal"><person-group person-group-type="author"><string-name><surname>Xing</surname>, <given-names>X.</given-names></string-name>, <string-name><surname>Song</surname>, <given-names>M.</given-names></string-name>, <string-name><surname>Duan</surname>, <given-names>Y.</given-names></string-name> and <string-name><surname>Mou</surname>, <given-names>J.</given-names></string-name></person-group> (<year>2022</year>), “<article-title>Effects of different service failure types and recovery strategies on the consumer response mechanism of chatbots</article-title>”, <source>Technology in Society</source>, Vol. <volume>70</volume>, p. <fpage>102049</fpage>.</mixed-citation></ref>
<ref id="ref057"><mixed-citation publication-type="journal"><person-group person-group-type="author"><string-name><surname>Xu</surname>, <given-names>X.</given-names></string-name> and <string-name><surname>Liu</surname>, <given-names>J.</given-names></string-name></person-group> (<year>2022</year>), “<article-title>Artificial intelligence humor in service recovery</article-title>”, <source>Annals of Tourism Research</source>, Vol. <volume>95</volume>, p. <fpage>103439</fpage>.</mixed-citation></ref>
<ref id="ref058"><mixed-citation publication-type="journal"><person-group person-group-type="author"><string-name><surname>You</surname>, <given-names>Y.</given-names></string-name>, <string-name><surname>Yang</surname>, <given-names>X.</given-names></string-name>, <string-name><surname>Wang</surname>, <given-names>L.</given-names></string-name> and <string-name><surname>Deng</surname>, <given-names>X.</given-names></string-name></person-group> (<year>2020</year>), “<article-title>When and why saying ‘thank you’ is better than saying ‘sorry’ in redressing service failures: the role of self-esteem</article-title>”, <source>Journal of Marketing</source>, Vol. <volume>84</volume> No. <issue>2</issue>, pp. <fpage>133</fpage>-<lpage>150</lpage>.</mixed-citation></ref>
<ref id="ref059"><mixed-citation publication-type="journal"><person-group person-group-type="author"><string-name><surname>Zhang</surname>, <given-names>J.</given-names></string-name>, <string-name><surname>Zhu</surname>, <given-names>Y.</given-names></string-name>, <string-name><surname>Wu</surname>, <given-names>J.</given-names></string-name> and <string-name><surname>Yu-Buck</surname>, <given-names>G.</given-names></string-name></person-group> (<year>2023</year>), “<article-title>A natural apology is sincere: Understanding chatbots' performance in symbolic recovery</article-title>”, <source>International Journal of Hospitality Management</source>, Vol. <volume>108</volume>, p. <fpage>103387</fpage>.</mixed-citation></ref>
<ref id="ref060"><mixed-citation publication-type="journal"><person-group person-group-type="author"><string-name><surname>Zhao</surname>, <given-names>X.</given-names></string-name>, <string-name><surname>Lynch</surname>, <given-names>J.</given-names></string-name> and <string-name><surname>Chen</surname>, <given-names>Q.</given-names></string-name></person-group> (<year>2010</year>), “<article-title>Reconsidering Baron and Kenny: myths and truths about mediation analysis</article-title>”, <source>Journal of Consumer Research</source>, Vol. <volume>37</volume> No. <issue>2</issue>, pp. <fpage>197</fpage>-<lpage>206</lpage>.</mixed-citation></ref>
<ref id="ref061"><mixed-citation publication-type="journal"><person-group person-group-type="author"><string-name><surname>Zhu</surname>, <given-names>Y.</given-names></string-name>, <string-name><surname>Zhang</surname>, <given-names>J.</given-names></string-name> and <string-name><surname>Wu</surname>, <given-names>J.</given-names></string-name></person-group> (<year>2023</year>), “<article-title>Who did what and when? The effect of chatbots’ service recovery on customer satisfaction and revisit intention</article-title>”, <source>Journal of Hospitality and Tourism Technology</source>, Vol. <volume>14</volume> No. <issue>3</issue>, pp. <fpage>416</fpage>-<lpage>429</lpage>.</mixed-citation></ref></ref-list>
<ref-list id="refs2">
<title>Further reading</title>
<ref id="ref062"><mixed-citation publication-type="journal"><person-group person-group-type="author"><string-name><surname>Baron</surname>, <given-names>R.</given-names></string-name> and <string-name><surname>Kenny</surname>, <given-names>D.</given-names></string-name></person-group> (<year>1986</year>), “<article-title>The moderator–mediator variable distinction in social psychological research: conceptual, strategic, and statistical considerations</article-title>”, <source>Journal of Personality and Social Psychology</source>, Vol. <volume>51</volume> No. <issue>6</issue>, pp. <fpage>1173</fpage>-<lpage>1182</lpage>.</mixed-citation></ref></ref-list></back>
</article>