<?xml version="1.0" encoding="UTF-8"?>
<!DOCTYPE article PUBLIC "-//NLM//DTD JATS (Z39.96) Journal Archiving and Interchange DTD with MathML3 v1.1d1 20130915//EN" "JATS-archivearticle1-mathml3.dtd"><article xmlns:mml="http://www.w3.org/1998/Math/MathML" xmlns:xlink="http://www.w3.org/1999/xlink" xmlns:xsi="http://www.w3.org/2001/XMLSchema-instance" dtd-version="1.1d1" xml:lang="en" article-type="research-article">
<front id="meta-hdr">
<journal-meta>
<journal-id journal-id-type="publisher-id">JHTT</journal-id>
<journal-id journal-id-type="doi">10.1108/JHTT</journal-id>
<journal-title-group>
<journal-title>Journal of Hospitality and Tourism Technology</journal-title>
<abbrev-journal-title abbrev-type="publisher">JHTT</abbrev-journal-title>
</journal-title-group>
<issn publication-format="print">1757-9880</issn>
<issn publication-format="online">1757-9880</issn>
<publisher>
<publisher-name>Emerald Publishing Limited</publisher-name>
</publisher>
</journal-meta>
<article-meta id="art-meta">
<article-id pub-id-type="publisher-id">724868</article-id>
<article-id pub-id-type="doi">10.1108/JHTT-08-2023-0228</article-id>
<article-id pub-id-type="original-pdf">JHTT-08-2023-0228.pdf</article-id>
<article-id pub-id-type="filename">JHTT-08-2023-0228</article-id>
<article-categories>
<subj-group subj-group-type="type-of-publication">
<compound-subject>
<compound-subject-part content-type="code">research-article</compound-subject-part>
<compound-subject-part content-type="label">Research paper</compound-subject-part>
</compound-subject>
</subj-group>
<subj-group subj-group-type="subject">
<compound-subject>
<compound-subject-part content-type="code">cat-THOS</compound-subject-part>
<compound-subject-part content-type="label">Tourism &amp; hospitality</compound-subject-part>
</compound-subject>
<subj-group subj-group-type="subject">
<compound-subject>
<compound-subject-part content-type="code">cat-TTY</compound-subject-part>
<compound-subject-part content-type="label">Tourism technology</compound-subject-part>
</compound-subject>
<subj-group subj-group-type="subject">
<compound-subject>
<compound-subject-part content-type="code">cat-EITM</compound-subject-part>
<compound-subject-part content-type="label">E-commerce in tourism</compound-subject-part>
</compound-subject>
<subj-group subj-group-type="subject">
<compound-subject>
<compound-subject-part content-type="code">cat-THOS</compound-subject-part>
<compound-subject-part content-type="label">Tourism &amp; hospitality</compound-subject-part>
</compound-subject>
<subj-group subj-group-type="subject">
<compound-subject>
<compound-subject-part content-type="code">cat-TTY</compound-subject-part>
<compound-subject-part content-type="label">Tourism technology</compound-subject-part>
</compound-subject>
<subj-group subj-group-type="subject">
<compound-subject>
<compound-subject-part content-type="code">cat-EINT</compound-subject-part>
<compound-subject-part content-type="label">E-Intermediaries in tourism</compound-subject-part>
</compound-subject>
<subj-group subj-group-type="subject">
<compound-subject>
<compound-subject-part content-type="code">cat-THOS</compound-subject-part>
<compound-subject-part content-type="label">Tourism &amp; hospitality</compound-subject-part>
</compound-subject>
<subj-group subj-group-type="subject">
<compound-subject>
<compound-subject-part content-type="code">cat-TTY</compound-subject-part>
<compound-subject-part content-type="label">Tourism technology</compound-subject-part>
</compound-subject>
<subj-group subj-group-type="subject">
<compound-subject>
<compound-subject-part content-type="code">cat-LSGPS</compound-subject-part>
<compound-subject-part content-type="label">Location-based services/global positioning systems</compound-subject-part>
</compound-subject>
<subj-group subj-group-type="subject">
<compound-subject>
<compound-subject-part content-type="code">cat-THOS</compound-subject-part>
<compound-subject-part content-type="label">Tourism &amp; hospitality</compound-subject-part>
</compound-subject>
<subj-group subj-group-type="subject">
<compound-subject>
<compound-subject-part content-type="code">cat-TTY</compound-subject-part>
<compound-subject-part content-type="label">Tourism technology</compound-subject-part>
</compound-subject>
<subj-group subj-group-type="subject">
<compound-subject>
<compound-subject-part content-type="code">cat-MWTT</compound-subject-part>
<compound-subject-part content-type="label">Mobile/wireless technologies in tourism</compound-subject-part>
</compound-subject>
</subj-group>
</subj-group>
</subj-group>
</subj-group>
</subj-group>
</subj-group>
</subj-group>
</subj-group>
</subj-group>
</subj-group>
</subj-group>
</subj-group>
</article-categories>
<title-group>
<article-title xml:lang="en">What motivates customers’ participation in mobile instant messaging-based online restaurant community: an extended technology acceptance model</article-title>
</title-group>
<contrib-group>
<contrib contrib-type="author"><name-alternatives><name name-style="western"><surname>Xu</surname><given-names>Jie</given-names></name><string-name name-style="western"><given-names>Jie</given-names> <surname>Xu</surname></string-name>
</name-alternatives><email>xujie32467@163.com</email><xref ref-type="aff" rid="aff1"/><bio id="bio1">
<p>Jie Xu is a PhD candidate at the Department of Tourism and Hospitality Management, School of Management, Xiamen University. Her research interests include tourism impact and tourist behavior.</p></bio></contrib>
<contrib contrib-type="author" corresp="yes"><name-alternatives><name name-style="western"><surname>Liu</surname><given-names>Min</given-names></name><string-name name-style="western"><given-names>Min</given-names> <surname>Liu</surname></string-name>
</name-alternatives><email>liuminxmu@126.com</email><xref ref-type="aff" rid="aff1"/><bio id="bio2">
<p>Min Liu is a PhD candidate at the Department of Tourism and Hospitality Management, School of Management, Xiamen University. Her research interests include destination marketing and tourist behavior. Min Liu is also affiliation with Department of Tourism Management, Nanchang University.</p></bio></contrib>
<contrib contrib-type="author"><name-alternatives><name name-style="western"><surname>Li</surname><given-names>Shuhao</given-names></name><string-name name-style="western"><given-names>Shuhao</given-names> <surname>Li</surname></string-name>
</name-alternatives><email>xmlsh2018@126.com</email><xref ref-type="aff" rid="aff2"/><bio id="bio3">
<p>Shuhao Li is an Associate Professor of School of Tourism and Geography Science, Qingdao University. His research interests include tourism impact and tourist behavior.</p></bio></contrib>
<aff id="aff1">Department of Tourism and Hospitality Management, <institution-wrap><institution>Xiamen University</institution></institution-wrap>, Xiamen, <country country="CN">China</country></aff>
<aff id="aff2">Department of Tourism and Exhibition Management, <institution-wrap><institution>Qingdao University</institution></institution-wrap>, Qingdao, <country country="CN">China</country></aff>
</contrib-group>
<author-notes>
<corresp id="cor1">Min Liu is the corresponding author and can be contacted at: <ext-link ext-link-type="email" xlink:href="mailto:liuminxmu@126.com">liuminxmu@126.com</ext-link></corresp></author-notes>
<pub-date publication-format="electronic" date-type="pub" iso-8601-date="2024-07-04"><day>04</day><month>07</month><year>2024</year></pub-date>
<pub-date publication-format="print" date-type="pub" iso-8601-date="2024-08-05"><day>05</day><month>08</month><year>2024</year></pub-date>
<volume>15</volume><issue>4</issue>
<fpage>648</fpage><lpage>666</lpage>
<history>
<date date-type="received" iso-8601-date="2023-08-18"><day>18</day><month>08</month><year>2023</year></date>
<date date-type="revised" iso-8601-date="2024-03-02"><day>02</day><month>03</month><year>2024</year></date>
<date date-type="revised" iso-8601-date="2024-04-21"><day>21</day><month>04</month><year>2024</year></date>
<date date-type="accepted" iso-8601-date="2024-04-22"><day>22</day><month>04</month><year>2024</year></date>
</history>
<permissions>
<copyright-statement>© Emerald Publishing Limited</copyright-statement>
<copyright-year>2024</copyright-year>
<copyright-holder>Emerald Publishing Limited</copyright-holder>
<license license-type="publisher">
<license-p>Licensed re-use rights only</license-p>
</license>
</permissions>
<self-uri content-type="pdf" xlink:href="JHTT-08-2023-0228.pdf"/>
<abstract abstract-type="structured" id="abstr1" xml:lang="en">
<sec>
<title content-type="abstract-subheading">Purpose</title>
<p>An increasing number of restaurants are building mobile instant messaging-based online restaurant communities to enhance connections with customers, but the mechanisms of customers’ behavioral intentions toward these communities remain unclear. To address this gap, this study aims to investigate the factors affecting customers’ acceptance of mobile instant messaging-based online restaurant communities from the perspectives of social support theory and technology acceptance model.</p>
</sec>
<sec>
<title content-type="abstract-subheading">Design/methodology/approach</title>
<p>Partial least squares structural equation modeling was used to analyze data collected from 360 customers.</p>
</sec>
<sec>
<title content-type="abstract-subheading">Findings</title>
<p>The results indicate that informational support and social presence influence perceived ease of use and usefulness. By contrast, emotional support significantly affects only perceived usefulness. Additionally, perceived ease of use and usefulness can positively predict customer attitudes and foster behavioral intentions.</p>
</sec>
<sec>
<title content-type="abstract-subheading">Originality/value</title>
<p>This research broadens existing research on online restaurant communities by constructing an integrated model that considers social support-related and technology use-related factors to understand consumers’ participation in a new type of restaurant community, namely, the mobile instant messaging-based online restaurant community. The findings also offer guidance on how restaurants can encourage customers to embrace mobile instant messaging-based online restaurant communities.</p>
</sec>
</abstract><trans-abstract xml:lang="zh" id="trans-abstr1">
<p>移动即时通讯在线餐厅社区中顾客参与的动机：扩展的技术接受模型</p>
<sec>
<title>研究目的</title>
<p>越来越多的餐厅正在建立基于移动即时通讯的在线餐厅社区, 以增强与顾客的联系, 但顾客对这些社区的行为意图机制仍不清楚。为了填补这一空白, 本研究从社会支持理论和技术接受模型的视角探讨了影响顾客接受基于移动即时通讯的在线餐厅社区的因素。</p>
</sec>
<sec>
<title>研究方法</title>
<p>运用偏最小二乘结构方程模型对收集到的360名顾客的数据进行分析。</p>
</sec>
<sec>
<title>研究发现</title>
<p>结果表明, 信息支持和社会存在感影响了感知易用性和有用性。相比之下, 情感支持只对感知有用性有显著影响。此外, 感知易用性和有用性可以积极预测顾客态度, 并促进行为意图的形成。</p>
</sec>
<sec>
<title>研究创新</title>
<p>本研究通过构建一个综合模型, 考虑了社会支持相关因素和技术使用相关因素, 拓展了对在线餐厅社区的现有研究, 以理解消费者参与一种新型餐厅社区——基于移动即时通讯的在线餐厅社区。研究结果还提供了餐厅如何鼓励顾客接受基于移动即时通讯的在线餐厅社区的指导。</p>
</sec></trans-abstract>
<kwd-group kwd-group-type="author-generated" xml:lang="en"><kwd>Mobile instant messaging-based online restaurant community</kwd><x xml:space="preserve">, </x><kwd>Technology acceptance model</kwd><x xml:space="preserve">, </x><kwd>Social support theory</kwd><x xml:space="preserve">, </x><kwd>Informational support</kwd><x xml:space="preserve">, </x><kwd>Emotional support</kwd><x xml:space="preserve">, </x><kwd>Social presence</kwd>
</kwd-group>
<kwd-group kwd-group-type="author-generated" xml:lang="zh"><kwd>移动即时通讯在线餐厅社区</kwd><x xml:space="preserve">, </x><kwd>、技术接受模型</kwd><x xml:space="preserve">, </x><kwd>、社会支持理论</kwd><x xml:space="preserve">, </x><kwd>、信息支持</kwd><x xml:space="preserve">, </x><kwd>、情感支持</kwd><x xml:space="preserve">, </x><kwd>、社会存在感</kwd>
</kwd-group>
<counts>
<fig-count count="3"/>
<table-count count="4"/>
<equation-count count="0"/>
<ref-count count="27"/>
<page-count count="19"/>
<word-count count="7825"/>
</counts>
<custom-meta-group>
<custom-meta>
<meta-name>copyright-code</meta-name>
<meta-value>M</meta-value>
</custom-meta>
<custom-meta>
<meta-name>deliverables</meta-name>
<meta-value>Web-ready article package</meta-value>
</custom-meta>
<custom-meta>
<meta-name>peer-reviewed</meta-name>
<meta-value>Yes</meta-value>
</custom-meta>
<custom-meta>
<meta-name>academic-content</meta-name>
<meta-value>Yes</meta-value>
</custom-meta>
<custom-meta>
<meta-name>EContentType</meta-name>
<meta-value>JOURNAL</meta-value>
</custom-meta>
<custom-meta>
<meta-name>rightslink</meta-name>
<meta-value>included</meta-value>
</custom-meta>
</custom-meta-group>
</article-meta>
</front>

<back>
<ref-list id="refs1">
<title>References</title>
<ref id="ref0800"><mixed-citation publication-type="book"><person-group person-group-type="author"><string-name><surname>Ajzen</surname>, <given-names>I.</given-names></string-name> and <string-name><surname>Fishbein</surname>, <given-names>M.</given-names></string-name></person-group> (<year>1980</year>), <source>Understanding Attitudes and Predicting Social Behavior</source>, <publisher-loc>Prentice-Hall, New Jersey, NJ</publisher-loc>.</mixed-citation></ref>
<ref id="ref001"><mixed-citation publication-type="journal"><person-group person-group-type="author"><string-name><surname>Ballantine</surname>, <given-names>P.W.</given-names></string-name> and <string-name><surname>Stephenson</surname>, <given-names>R.J.</given-names></string-name></person-group> (<year>2011</year>), “<article-title>Help me, I’m fat! Social support in online weight loss networks</article-title>”, <source>Journal of Consumer Behaviour</source>, Vol. <volume>10</volume> No. <issue>6</issue>, pp. <fpage>332</fpage>-<lpage>337</lpage>, doi: <pub-id pub-id-type="doi">10.1002/cb.374</pub-id>.</mixed-citation></ref>
<ref id="ref002"><mixed-citation publication-type="journal"><person-group person-group-type="author"><string-name><surname>Cao</surname>, <given-names>H.</given-names></string-name>, <string-name><surname>Chen</surname>, <given-names>Z.</given-names></string-name>, <string-name><surname>Cheng</surname>, <given-names>M.</given-names></string-name>, <string-name><surname>Zhao</surname>, <given-names>S.</given-names></string-name>, <string-name><surname>Wang</surname>, <given-names>T.</given-names></string-name> and <string-name><surname>Li</surname>, <given-names>Y.</given-names></string-name></person-group> (<year>2021</year>), “<article-title>You recommend, I buy: how and why people engage in instant messaging based social commerce</article-title>”, <source>Proceedings of the ACM on Human-Computer Interaction</source>, Vol. <volume>5</volume> No. <issue>CSCW1</issue>, pp. <fpage>1</fpage>-<lpage>25</lpage>, doi: <pub-id pub-id-type="doi">10.1145/3449141</pub-id>.</mixed-citation></ref>
<ref id="ref003"><mixed-citation publication-type="journal"><person-group person-group-type="author"><string-name><surname>Cobb</surname>, <given-names>S.</given-names></string-name></person-group> (<year>1976</year>), “<article-title>Social support as a moderator of life stress</article-title>”, <source>Psychosomatic Medicine</source>, Vol. <volume>38</volume> No. <issue>5</issue>, pp. <fpage>300</fpage>-<lpage>314</lpage>, doi: <pub-id pub-id-type="doi">10.1097/00006842-197609000-00003</pub-id>.</mixed-citation></ref>
<ref id="ref004"><mixed-citation publication-type="journal"><person-group person-group-type="author"><string-name><surname>Cyr</surname>, <given-names>D.</given-names></string-name>, <string-name><surname>Hassanein</surname>, <given-names>K.</given-names></string-name>, <string-name><surname>Head</surname>, <given-names>M.</given-names></string-name> and <string-name><surname>Ivanov</surname>, <given-names>A.</given-names></string-name></person-group> (<year>2007</year>), “<article-title>The role of social presence in establishing loyalty in e-Service environments</article-title>”, <source>Interacting with Computers</source>, Vol. <volume>19</volume> No. <issue>1</issue>, pp. <fpage>43</fpage>-<lpage>56</lpage>, doi: <pub-id pub-id-type="doi">10.1016/j.intcom.2006.07.010</pub-id>.</mixed-citation></ref>
<ref id="ref005"><mixed-citation publication-type="journal"><person-group person-group-type="author"><string-name><surname>Davis</surname>, <given-names>F.D.</given-names></string-name>, <string-name><surname>Bagozzi</surname>, <given-names>R.P.</given-names></string-name> and <string-name><surname>Warshaw</surname>, <given-names>P.R.</given-names></string-name></person-group> (<year>1989</year>), “<article-title>User acceptance of computer technology: a comparison of two theoretical models</article-title>”, <source>Management Science</source>, Vol. <volume>35</volume> No. <issue>8</issue>, pp. <fpage>982</fpage>-<lpage>1003</lpage>, doi: <pub-id pub-id-type="doi">10.1287/mnsc.35.8.982</pub-id>.</mixed-citation></ref>
<ref id="ref2222"><mixed-citation publication-type="journal"><person-group person-group-type="author"><string-name><surname>Fornell</surname>, <given-names>C.</given-names></string-name> and <string-name><surname>Larcker</surname>, <given-names>D.F.</given-names></string-name></person-group> (<year>1981</year>), “<article-title>Evaluating structural equation models with unobservable variables and measurement error</article-title>”, <source>Journal of Marketing Research</source>, Vol. <volume>18</volume> No. <issue>1</issue>, pp. <fpage>39</fpage>-<lpage>50</lpage>, doi: <pub-id pub-id-type="doi">10.1177/002224378101800104</pub-id>.</mixed-citation></ref>
<ref id="ref006"><mixed-citation publication-type="confproc"><person-group person-group-type="author"><string-name><surname>Ge</surname>, <given-names>W.</given-names></string-name>, <string-name><surname>Bai</surname>, <given-names>H.</given-names></string-name>, <string-name><surname>Wu</surname>, <given-names>H.</given-names></string-name> and <string-name><surname>He</surname>, <given-names>J.</given-names></string-name></person-group> (<year>2020</year>), “<article-title>Teacher supported behaviors affecting MOOC learners’ intention based on TAM and SOR model</article-title>”, <source>2020 Ninth International Conference of Educational Innovation through Technology (EITT)</source>, <conf-name><italic>IEEE</italic></conf-name>, pp. <fpage>41</fpage>-<lpage>46</lpage>, doi: <pub-id pub-id-type="doi">10.1109/eitt50754.2020.00013</pub-id>.</mixed-citation></ref>
<ref id="ref1111"><mixed-citation publication-type="journal"><person-group person-group-type="author"><string-name><surname>Guo</surname>, <given-names>J.</given-names></string-name> and <string-name><surname>Wang</surname>, <given-names>W.</given-names></string-name></person-group> (<year>2020</year>), “<article-title>Digital transformation helps Xibei restaurant ‘save itself’ amid the COVID-19 crisis</article-title>”, <comment>available at: <ext-link ext-link-type="uri" xlink:href="https://mp.weixin.qq.com/s/lyfH39NScQ7CKajev5Ia0Q">https://mp.weixin.qq.com/s/lyfH39NScQ7CKajev5Ia0Q</ext-link></comment> (accessed <date-in-citation content-type="access-date">20 May 2023</date-in-citation>).</mixed-citation></ref>
<ref id="ref007"><mixed-citation publication-type="journal"><person-group person-group-type="author"><string-name><surname>Hair</surname>, <given-names>J.F.</given-names></string-name>, <string-name><surname>Risher</surname>, <given-names>J.J.</given-names></string-name>, <string-name><surname>Sarstedt</surname>, <given-names>M.</given-names></string-name> and <string-name><surname>Ringle</surname>, <given-names>C.M.</given-names></string-name></person-group> (<year>2019</year>), “<article-title>When to use and how to report the results of PLS–SEM</article-title>”, <source>European Business Review</source>, Vol. <volume>31</volume> No. <issue>1</issue>, pp. <fpage>2</fpage>-<lpage>24</lpage>, doi: <pub-id pub-id-type="doi">10.1108/ebr–11–2018–0203</pub-id>.</mixed-citation></ref>
<ref id="ref008"><mixed-citation publication-type="journal"><person-group person-group-type="author"><string-name><surname>He</surname>, <given-names>S.</given-names></string-name>, <string-name><surname>Jiang</surname>, <given-names>S.</given-names></string-name>, <string-name><surname>Zhu</surname>, <given-names>R.</given-names></string-name> and <string-name><surname>Hu</surname>, <given-names>X.</given-names></string-name></person-group> (<year>2023</year>), “<article-title>The influence of educational and emotional support on e-learning acceptance: an integration of social support theory and TAM</article-title>”, <source>Education and Information Technologies</source>, Vol. <volume>28</volume> No. <issue>9</issue>, doi: <pub-id pub-id-type="doi">10.1007/s10639-023-11648-1</pub-id>.</mixed-citation></ref>
<ref id="ref009"><mixed-citation publication-type="journal"><person-group person-group-type="author"><string-name><surname>Hou</surname>, <given-names>R.</given-names></string-name> and <string-name><surname>Zhang</surname>, <given-names>C.</given-names></string-name></person-group> (<year>2021</year>), “<article-title>Reducing social loafing in online brand communities: insights from social exchange theory</article-title>”, <source>Social Behavior and Personality: An International Journal</source>, Vol. <volume>49</volume> No. <issue>5</issue>, pp. <fpage>1</fpage>-<lpage>10</lpage>, doi: <pub-id pub-id-type="doi">10.2224/sbp.10190</pub-id>.</mixed-citation></ref>
<ref id="ref010"><mixed-citation publication-type="journal"><person-group person-group-type="author"><string-name><surname>Ibrahim</surname>, <given-names>B.</given-names></string-name></person-group> (<year>2023</year>), “<article-title>Social media marketing and restaurant purchase intention: do online brand community identification and gender matter?</article-title>”, <source>International Journal of Internet Marketing and Advertising</source>, Vol. <volume>18</volume> No. <issue>2/3</issue>, pp. <fpage>286</fpage>-<lpage>309</lpage>, doi: <pub-id pub-id-type="doi">10.1504/IJIMA.2023.129668</pub-id>.</mixed-citation></ref>
<ref id="ref011"><mixed-citation publication-type="journal"><person-group person-group-type="author"><string-name><surname>Kim</surname>, <given-names>D.-Y.</given-names></string-name>, <string-name><surname>Park</surname>, <given-names>J.</given-names></string-name> and <string-name><surname>Morrison</surname>, <given-names>A.M.</given-names></string-name></person-group> (<year>2008</year>), “<article-title>A model of traveller acceptance of mobile technology</article-title>”, <source>International Journal of Tourism Research</source>, Vol. <volume>10</volume> No. <issue>5</issue>, pp. <fpage>393</fpage>-<lpage>407</lpage>, doi: <pub-id pub-id-type="doi">10.1002/jtr.669</pub-id>.</mixed-citation></ref>
<ref id="ref012"><mixed-citation publication-type="journal"><person-group person-group-type="author"><string-name><surname>Lei</surname>, <given-names>S.I.</given-names></string-name>, <string-name><surname>Kirillova</surname>, <given-names>K.</given-names></string-name>, <string-name><surname>Wang</surname>, <given-names>D.</given-names></string-name> and <string-name><surname>Xiao</surname>, <given-names>C.</given-names></string-name></person-group> (<year>2021</year>), “<article-title>Determinants of instant messaging use for communication with hotels: a policy-capturing study</article-title>”, <source>International Journal of Contemporary Hospitality Management</source>, Vol. <volume>33</volume> No. <issue>12</issue>, pp. <fpage>4237</fpage>-<lpage>4257</lpage>, doi: <pub-id pub-id-type="doi">10.1108/IJCHM-04-2021-0447</pub-id>.</mixed-citation></ref>
<ref id="ref013"><mixed-citation publication-type="journal"><person-group person-group-type="author"><string-name><surname>Li</surname>, <given-names>C.</given-names></string-name>, <string-name><surname>Li</surname>, <given-names>H.</given-names></string-name> and <string-name><surname>Suomi</surname>, <given-names>R.</given-names></string-name></person-group> (<year>2022</year>), “<article-title>Antecedents and consequences of the perceived usefulness of smoking cessation online health communities</article-title>”, <source>Internet Research</source>, Vol. <volume>32</volume> No. <issue>7</issue>, pp. <fpage>56</fpage>-<lpage>86</lpage>, doi: <pub-id pub-id-type="doi">10.1108/INTR-04-2020-0220</pub-id>.</mixed-citation></ref>
<ref id="ref014"><mixed-citation publication-type="journal"><person-group person-group-type="author"><string-name><surname>Lin</surname>, <given-names>C.-P.</given-names></string-name></person-group> (<year>2011</year>), “<article-title>Assessing the mediating role of online social capital between social support and instant messaging usage</article-title>”, <source>Electronic Commerce Research and Applications</source>, Vol. <volume>10</volume> No. <issue>1</issue>, pp. <fpage>105</fpage>-<lpage>114</lpage>, doi: <pub-id pub-id-type="doi">10.1016/j.elerap.2010.08.003</pub-id>.</mixed-citation></ref>
<ref id="ref015"><mixed-citation publication-type="journal"><person-group person-group-type="author"><string-name><surname>Lin</surname>, <given-names>X.</given-names></string-name> and <string-name><surname>Kishore</surname>, <given-names>R.</given-names></string-name></person-group> (<year>2021</year>), “<article-title>Social media-enabled healthcare: a conceptual model of social media affordances, online social support, and health behaviors and outcomes</article-title>”, <source>Technological Forecasting and Social Change</source>, Vol. <volume>166</volume>, p. <fpage>120574</fpage>, doi: <pub-id pub-id-type="doi">10.1016/j.techfore.2021.120574</pub-id>.</mixed-citation></ref>
<ref id="ref016"><mixed-citation publication-type="journal"><person-group person-group-type="author"><string-name><surname>Lin</surname>, <given-names>Z.</given-names></string-name> and <string-name><surname>Rasoolimanesh</surname>, <given-names>S.M.</given-names></string-name></person-group> (<year>2023</year>), “<article-title>Influencing factors on the intention of sharing heritage tourism experience in social media</article-title>”, <source>Journal of Hospitality and Tourism Technology</source>, Vol. <volume>14</volume> No. <issue>4</issue>, pp. <fpage>675</fpage>-<lpage>700</lpage>, doi: <pub-id pub-id-type="doi">10.1108/JHTT-05-2021-0157</pub-id>.</mixed-citation></ref>
<ref id="ref017"><mixed-citation publication-type="journal"><person-group person-group-type="author"><string-name><surname>Liu</surname>, <given-names>G.</given-names></string-name>, <string-name><surname>Lei</surname>, <given-names>S.S.I.</given-names></string-name> and <string-name><surname>Law</surname>, <given-names>R.</given-names></string-name></person-group> (<year>2022</year>), “<article-title>Enhancing social media branded content effectiveness: strategies via telepresence and social presence</article-title>”, <source>Information Technology and Tourism</source>, Vol. <volume>24</volume> No. <issue>2</issue>, pp. <fpage>245</fpage>-<lpage>263</lpage>, doi: <pub-id pub-id-type="doi">10.1007/s40558-022-00225-w</pub-id>.</mixed-citation></ref>
<ref id="ref018"><mixed-citation publication-type="journal"><person-group person-group-type="author"><string-name><surname>Meurer</surname>, <given-names>M.M.</given-names></string-name>, <string-name><surname>Waldkirch</surname>, <given-names>M.</given-names></string-name>, <string-name><surname>Schou</surname>, <given-names>P.K.</given-names></string-name>, <string-name><surname>Bucher</surname>, <given-names>E.L.</given-names></string-name> and <string-name><surname>Burmeister-Lamp</surname>, <given-names>K.</given-names></string-name></person-group> (<year>2022</year>), “<article-title>Digital affordances: how entrepreneurs access support in online communities during the COVID-19 pandemic</article-title>”, <source>Small Business Economics</source>, Vol. <volume>58</volume> No. <issue>2</issue>, pp. <fpage>637</fpage>-<lpage>663</lpage>, doi: <pub-id pub-id-type="doi">10.1007/s11187-021-00540-2</pub-id>.</mixed-citation></ref>
<ref id="ref019"><mixed-citation publication-type="journal"><person-group person-group-type="author"><string-name><surname>Park</surname>, <given-names>S.</given-names></string-name>, <string-name><surname>Lee</surname>, <given-names>S.</given-names></string-name> and <string-name><surname>Song</surname>, <given-names>S.</given-names></string-name></person-group> (<year>2023</year>), “<article-title>Does being different from others increase extremeness and volatility in restaurant firm performance?</article-title>”, <source>International Journal of Hospitality Management</source>, Vol. <volume>114</volume>, p. <fpage>103568</fpage>, doi: <pub-id pub-id-type="doi">10.1016/j.ijhm.2023.103568</pub-id>.</mixed-citation></ref>
<ref id="ref020"><mixed-citation publication-type="journal"><person-group person-group-type="author"><string-name><surname>Pimmer</surname>, <given-names>C.</given-names></string-name>, <string-name><surname>Brühlmann</surname>, <given-names>F.</given-names></string-name>, <string-name><surname>Odetola</surname>, <given-names>T.D.</given-names></string-name>, <string-name><surname>Oluwasola</surname>, <given-names>D.O.</given-names></string-name>, <string-name><surname>Dipeolu</surname>, <given-names>O.</given-names></string-name> and <string-name><surname>Ajuwon</surname>, <given-names>A.J.</given-names></string-name></person-group> (<year>2019</year>), “<article-title>Facilitating professional mobile learning communities with instant messaging</article-title>”, <source>Computers and Education</source>, Vol. <volume>128</volume>, pp. <fpage>102</fpage>-<lpage>112</lpage>, doi: <pub-id pub-id-type="doi">10.1016/j.compedu.2018.09.005</pub-id>.</mixed-citation></ref>
<ref id="ref222"><mixed-citation publication-type="journal"><person-group person-group-type="author"><string-name><surname>Podsakoff</surname>, <given-names>P.M.</given-names></string-name>, <string-name><surname>MacKenzie</surname>, <given-names>S.B.</given-names></string-name>, <string-name><surname>Lee</surname>, <given-names>J.Y.</given-names></string-name> and <string-name><surname>Podsakoff</surname>, <given-names>N.P.</given-names></string-name></person-group> (<year>2003</year>), “<article-title>Common method biases in behavioral research: a critical review of the literature and recommended remedies</article-title>”, <source>Journal of Applied Psychology</source>, Vol. <volume>88</volume> No. <issue>5</issue>, pp. <fpage>879</fpage>-<lpage>903</lpage>, doi: <pub-id pub-id-type="doi">10.1037/0021-9010.88.5.879</pub-id>.</mixed-citation></ref>
<ref id="ref021"><mixed-citation publication-type="journal"><person-group person-group-type="author"><string-name><surname>Rasoolimanesh</surname>, <given-names>S.M.</given-names></string-name>, <string-name><surname>Wang</surname>, <given-names>M.</given-names></string-name>, <string-name><surname>Roldan</surname>, <given-names>J.L.</given-names></string-name> and <string-name><surname>Kunasekaran</surname>, <given-names>P.</given-names></string-name></person-group> (<year>2021</year>), “<article-title>Are we in right path for mediation analysis? Reviewing the literature and proposing robust guidelines</article-title>”, <source>Journal of Hospitality and Tourism Management</source>, Vol. <volume>48</volume>, pp. <fpage>395</fpage>-<lpage>405</lpage>, doi: <pub-id pub-id-type="doi">10.1016/j.jhtm.2021.07.013</pub-id>.</mixed-citation></ref>
<ref id="ref022"><mixed-citation publication-type="journal"><person-group person-group-type="author"><string-name><surname>Shin</surname>, <given-names>D.H.</given-names></string-name></person-group> (<year>2013</year>), “<article-title>Defining sociability and social presence in social TV</article-title>”, <source>Computers in Human Behavior</source>, Vol. <volume>29</volume> No. <issue>3</issue>, pp. <fpage>939</fpage>-<lpage>947</lpage>, doi: <pub-id pub-id-type="doi">10.1016/j.chb.2012.07.006</pub-id>.</mixed-citation></ref>
<ref id="ref023"><mixed-citation publication-type="web"><person-group person-group-type="author"><collab>Statista</collab></person-group> (<year>2022</year>), “<article-title>Most popular global mobile messenger apps as of January 2022</article-title>”, <comment>available at: <ext-link ext-link-type="uri" xlink:href="http://www.statista.com/statistics/258749/most-popular-globalmobile-messenger-apps/">www.statista.com/statistics/258749/most-popular-globalmobile-messenger-apps/</ext-link></comment> (<date-in-citation content-type="access-date">accessed 24 March 2023</date-in-citation>).</mixed-citation></ref>
<ref id="ref00200"><mixed-citation publication-type="journal"><person-group person-group-type="author"><string-name><surname>Treem</surname>, <given-names>J.W.</given-names></string-name> and <string-name><surname>Leonardi</surname>, <given-names>P.M.</given-names></string-name></person-group> (<year>2013</year>), “<article-title>Social media use in organizations: exploring the affordances of visibility, editability, persistence, and association</article-title>”, <source>Annals of the International Communication Association</source>, Vol. <volume>36</volume> No. <issue>1</issue>, pp. <fpage>143</fpage>-<lpage>189</lpage>, doi: <pub-id pub-id-type="doi">10.1080/23808985.2013.11679130</pub-id>.</mixed-citation></ref>
<ref id="ref024"><mixed-citation publication-type="journal"><person-group person-group-type="author"><string-name><surname>Yersüren</surname>, <given-names>S.</given-names></string-name> and <string-name><surname>Özel</surname>, <given-names>Ç.H.</given-names></string-name></person-group> (<year>2024</year>), “<article-title>The effect of virtual reality experience quality on destination visit intention and virtual reality travel intention</article-title>”, <source>Journal of Hospitality and Tourism Technology</source>, Vol. <volume>15</volume> No. <issue>1</issue>, pp. <fpage>70</fpage>-<lpage>103</lpage>, doi: <pub-id pub-id-type="doi">10.1108/JHTT-02-2023-0046</pub-id>.</mixed-citation></ref>
<ref id="ref025"><mixed-citation publication-type="journal"><person-group person-group-type="author"><string-name><surname>Zhang</surname>, <given-names>H.</given-names></string-name>, <string-name><surname>Lu</surname>, <given-names>Y.</given-names></string-name>, <string-name><surname>Gupta</surname>, <given-names>S.</given-names></string-name> and <string-name><surname>Zhao</surname>, <given-names>L.</given-names></string-name></person-group> (<year>2014</year>), “<article-title>What motivates customers to participate in social commerce? The impact of technological environments and virtual customer experiences</article-title>”, <source>Information and Management</source>, Vol. <volume>51</volume> No. <issue>8</issue>, pp. <fpage>1017</fpage>-<lpage>1030</lpage>, doi: <pub-id pub-id-type="doi">10.1016/j.im.2014.07.005</pub-id>.</mixed-citation></ref>
<ref id="ref026"><mixed-citation publication-type="journal"><person-group person-group-type="author"><string-name><surname>Zhao</surname>, <given-names>J.-D.</given-names></string-name>, <string-name><surname>Huang</surname>, <given-names>J.-S.</given-names></string-name> and <string-name><surname>Su</surname>, <given-names>S.</given-names></string-name></person-group> (<year>2019</year>), “<article-title>The effects of trust on consumers’ continuous purchase intentions in C2C social commerce: a trust transfer perspective</article-title>”, <source>Journal of Retailing and Consumer Services</source>, Vol. <volume>50</volume>, pp. <fpage>42</fpage>-<lpage>49</lpage>, doi: <pub-id pub-id-type="doi">10.1016/j.jretconser.2019.04.014</pub-id>.</mixed-citation></ref>
<ref id="ref027"><mixed-citation publication-type="web"><person-group person-group-type="author"><collab>Ziran Design</collab></person-group> (<year>2022</year>), “<article-title>Repeated epidemic, the catering industry how to build their own private domain flow to do community operation?</article-title>”, <comment>available at: <ext-link ext-link-type="uri" xlink:href="https://mp.weixin.qq.com/s/IYCw1E_HZQiIWEXiLsd9KA">https://mp.weixin.qq.com/s/IYCw1E_HZQiIWEXiLsd9KA</ext-link></comment> (<date-in-citation content-type="access-date">accessed 16 January 2023</date-in-citation>).</mixed-citation></ref></ref-list>
</back>
</article>