<?xml version="1.0" encoding="UTF-8"?>
<!DOCTYPE article PUBLIC "-//NLM//DTD JATS (Z39.96) Journal Archiving and Interchange DTD with MathML3 v1.1d1 20130915//EN" "JATS-archivearticle1-mathml3.dtd"><article xmlns:mml="http://www.w3.org/1998/Math/MathML" xmlns:xsi="http://www.w3.org/2001/XMLSchema-instance" xmlns:xlink="http://www.w3.org/1999/xlink" article-type="research-article" dtd-version="1.1d1" xml:lang="en"><front id="meta-hdr"><journal-meta><journal-id journal-id-type="publisher-id">JPBAFM</journal-id><journal-id journal-id-type="doi">10.1108/JPBAFM</journal-id><journal-title-group><journal-title>Journal of Public Budgeting, Accounting &amp; Financial Management</journal-title><abbrev-journal-title abbrev-type="publisher">JPBAFM</abbrev-journal-title></journal-title-group><issn publication-format="print">1096-3367</issn><issn publication-format="online">1945-1814</issn><publisher><publisher-name>Emerald Publishing Limited</publisher-name></publisher></journal-meta><article-meta id="art-meta"><article-id pub-id-type="publisher-id">725054</article-id><article-id pub-id-type="doi">10.1108/JPBAFM-08-2023-0147</article-id><article-id pub-id-type="original-pdf">JPBAFM-08-2023-0147.pdf</article-id><article-id pub-id-type="filename">JPBAFM-08-2023-0147</article-id><article-categories><subj-group subj-group-type="type-of-publication"><compound-subject><compound-subject-part content-type="code">research-article</compound-subject-part><compound-subject-part content-type="label">Research paper</compound-subject-part></compound-subject></subj-group><subj-group subj-group-type="subject"><compound-subject><compound-subject-part content-type="code">cat-ACF</compound-subject-part><compound-subject-part content-type="label">Accounting &amp; finance</compound-subject-part></compound-subject></subj-group><subj-group subj-group-type="subject"><compound-subject><compound-subject-part content-type="code"/><compound-subject-part content-type="label">Accounting/accountancy</compound-subject-part></compound-subject></subj-group><subj-group subj-group-type="subject"><compound-subject><compound-subject-part content-type="code"/><compound-subject-part content-type="label">Accounting methods/systems</compound-subject-part></compound-subject></subj-group><subj-group subj-group-type="subject"><compound-subject><compound-subject-part content-type="code"/><compound-subject-part content-type="label">Economics</compound-subject-part></compound-subject></subj-group><subj-group subj-group-type="subject"><compound-subject><compound-subject-part content-type="code"/><compound-subject-part content-type="label">Public finance/economics</compound-subject-part></compound-subject></subj-group></article-categories><title-group><article-title xml:lang="en">Institutional fragmentation in United States protected area agencies and its impact on budget processes</article-title></title-group><contrib-group><contrib contrib-type="author" corresp="yes"><contrib-id contrib-id-type="orcid">https://orcid.org/0000-0001-9323-1219</contrib-id><name-alternatives><name name-style="western"><surname>Khmara</surname><given-names>Liza</given-names></name><string-name name-style="western"><given-names>Liza</given-names> <surname>Khmara</surname></string-name></name-alternatives><email>l.khmara@miami.edu</email><xref ref-type="aff" rid="aff1"/></contrib><contrib contrib-type="author"><contrib-id contrib-id-type="orcid">https://orcid.org/0000-0001-7645-1391</contrib-id><name-alternatives><name name-style="western"><surname>Touchton</surname><given-names>Michael</given-names></name><string-name name-style="western"><given-names>Michael</given-names> <surname>Touchton</surname></string-name></name-alternatives><email>miketouchton@miami.edu</email><xref ref-type="aff" rid="aff2"/><xref ref-type="aff" rid="aff3"/></contrib><aff id="aff1"><institution-wrap><institution>Abess Center for Ecosystem Science and Policy</institution></institution-wrap>, <institution-wrap><institution>University of Miami</institution></institution-wrap>, Coral Gables, Florida, <country country="US">USA</country></aff><aff id="aff2">Department of Political Science, <institution-wrap><institution>University of Miami</institution></institution-wrap>, Coral Gables, Florida, <country country="US">USA</country></aff><aff id="aff3"><institution-wrap><institution>Institute for Advanced Study of the Americas</institution></institution-wrap>, <institution-wrap><institution>University of Miami</institution></institution-wrap>, Coral Gables, Florida, <country country="US">USA</country></aff></contrib-group><author-notes><corresp id="cor1">Liza Khmara can be contacted at: <ext-link ext-link-type="email" xlink:href="mailto:l.khmara@miami.edu">l.khmara@miami.edu</ext-link></corresp></author-notes><pub-date publication-format="electronic" date-type="pub" iso-8601-date="2024-07-11"><day>11</day><month>07</month><year>2024</year></pub-date><pub-date publication-format="print" date-type="pub" iso-8601-date="2024-08-07"><day>07</day><month>08</month><year>2024</year></pub-date><volume>36</volume><issue>4</issue><fpage>490</fpage><lpage>513</lpage><history><date date-type="received" iso-8601-date="2023-08-20"><day>20</day><month>08</month><year>2023</year></date><date date-type="revised" iso-8601-date="2024-01-16"><day>16</day><month>01</month><year>2024</year></date><date date-type="revised" iso-8601-date="2024-04-21"><day>21</day><month>04</month><year>2024</year></date><date date-type="revised" iso-8601-date="2024-05-30"><day>30</day><month>05</month><year>2024</year></date><date date-type="accepted" iso-8601-date="2024-05-31"><day>31</day><month>05</month><year>2024</year></date></history><permissions><copyright-statement>© Emerald Publishing Limited</copyright-statement><copyright-year>2026</copyright-year><copyright-holder>Emerald Publishing Limited</copyright-holder><license license-type="publisher"><license-p>Licensed re-use rights only</license-p></license></permissions><self-uri content-type="pdf" xlink:href="JPBAFM-08-2023-0147.pdf"/><abstract abstract-type="structured" id="abstr1" xml:lang="en"><sec><title content-type="abstract-subheading">Purpose</title><p>Protected areas, lands and seas set aside for nature conservation, are the main tool for governments to conserve biodiversity. The complexity of government processes, however, can lead to fragmentation in protected area systems. Institutional fragmentation can preclude central coordination and undermine funding and performance. Here, we examine the impact of institutional fragmentation on budgets for protected area agencies in the United States, an important actor in the global conservation movement.</p></sec><sec><title content-type="abstract-subheading">Design/methodology/approach</title><p>This article uses visual text and network analysis with agency budget documents to examine linkages between agencies. These findings are triangulated with semi-structured interviews analyzed with axial coding to develop a framework for the budget process and its outcomes in US protected area agencies.</p></sec><sec><title content-type="abstract-subheading">Findings</title><p>The visual text analysis demonstrates varying levels of coordination between agencies. The conceptual framework shows that five factors - mismatches within agencies, the influence of the Presidential administration, the power of Congress as the appropriator of funds, external forces that influence Congress, and a lack of accountability in allocations – lead to institutional fragmentation and “disparate nature enclaves”.</p></sec><sec><title content-type="abstract-subheading">Research limitations/implications</title><p>Interview findings are derived from a non-representative population, and thus should not be generalized for all agencies or budget systems.</p></sec><sec><title content-type="abstract-subheading">Practical implications</title><p>Understanding the factors influencing agency budget proposals will inform policy to make budgeting more effective for U.S. and other national protected area systems.</p></sec><sec><title content-type="abstract-subheading">Originality/value</title><p>Few studies have conducted qualitative analyses of federal agencies and their budgets, particularly for federal protected areas.</p></sec></abstract><kwd-group kwd-group-type="author-generated" xml:lang="en"><kwd>Public budgeting</kwd><x xml:space="preserve">, </x><kwd>Institutional fragmentation</kwd><x xml:space="preserve">, </x><kwd>Protected areas</kwd><x xml:space="preserve">, </x><kwd>Biodiversity conservation</kwd></kwd-group><counts><fig-count count="4"/><table-count count="2"/><equation-count count="0"/><ref-count count="85"/><page-count count="24"/><word-count count="12037"/></counts><custom-meta-group><custom-meta><meta-name>peer-reviewed</meta-name><meta-value>Yes</meta-value></custom-meta><custom-meta><meta-name>academic-content</meta-name><meta-value>Yes</meta-value></custom-meta><custom-meta><meta-name>EContentType</meta-name><meta-value>Journal</meta-value></custom-meta><custom-meta><meta-name>rightslink</meta-name><meta-value>included</meta-value></custom-meta></custom-meta-group></article-meta></front><back><ref-list id="refs1"><title>References</title><ref id="ref001"><mixed-citation publication-type="journal"><person-group person-group-type="author"><string-name><surname>Ahrends</surname>, <given-names>A.</given-names></string-name>, <string-name><surname>Burgess</surname>, <given-names>N.D.</given-names></string-name>, <string-name><surname>Gereau</surname>, <given-names>R.E.</given-names></string-name>, <string-name><surname>Marchant</surname>, <given-names>R.</given-names></string-name>, <string-name><surname>Bulling</surname>, <given-names>M.T.</given-names></string-name>, <string-name><surname>Lovett</surname>, <given-names>J.C.</given-names></string-name>, <string-name><surname>Platts</surname>, <given-names>P.J.</given-names></string-name>, <string-name><surname>Wilkins Kindemba</surname>, <given-names>V.</given-names></string-name>, <string-name><surname>Owen</surname>, <given-names>N.</given-names></string-name>, <string-name><surname>Fanning</surname>, <given-names>E.</given-names></string-name> and <string-name><surname>Rahbek</surname>, <given-names>C.</given-names></string-name></person-group> (<year>2011</year>), “<article-title>Funding begets biodiversity</article-title>”, <source>Diversity and Distributions</source>, Vol. <volume>17</volume> No. <issue>2</issue>, pp. <fpage>191</fpage>-<lpage>200</lpage>, doi: <pub-id pub-id-type="doi">10.1111/j.1472-4642.2010.00737.x</pub-id>.</mixed-citation></ref><ref id="ref002"><mixed-citation publication-type="journal"><person-group person-group-type="author"><string-name><surname>Aleksandrov</surname>, <given-names>E.</given-names></string-name> and <string-name><surname>Mauro</surname>, <given-names>S.G.</given-names></string-name></person-group> (<year>2023</year>), “<article-title>Searching for dialogue in public sector budgeting research: the case study of the JPBAFM</article-title>”, <source>Journal of Public Budgeting, Accounting and Financial Management</source>, Vol. <volume>35</volume> No. <issue>2</issue>, pp. <fpage>141</fpage>-<lpage>171</lpage>, doi: <pub-id pub-id-type="doi">10.1108/JPBAFM-12-2021-0175</pub-id>.</mixed-citation></ref><ref id="ref003"><mixed-citation publication-type="journal"><person-group person-group-type="author"><string-name><surname>Anders</surname>, <given-names>K.K.</given-names></string-name> and <string-name><surname>Shook</surname>, <given-names>C.A.</given-names></string-name></person-group> (<year>2003</year>), “<article-title>New federalism: impact on state and local governments</article-title>”, <source>Journal of Public Budgeting, Accounting and Financial Management</source>, Vol. <volume>15</volume> No. <issue>3</issue>, pp. <fpage>466</fpage>-<lpage>486</lpage>, doi: <pub-id pub-id-type="doi">10.1108/jpbafm-15-03-2003-b005</pub-id>.</mixed-citation></ref><ref id="ref004"><mixed-citation publication-type="journal"><person-group person-group-type="author"><string-name><surname>Anderson</surname>, <given-names>B.</given-names></string-name>, <string-name><surname>Davis</surname>, <given-names>S.</given-names></string-name> and <string-name><surname>Gullo</surname>, <given-names>T.</given-names></string-name></person-group> (<year>2003</year>), “<article-title>The evolution of the federal budget process</article-title>”, <source>Journal of Public Budgeting, Accounting and Financial Management</source>, Vol. <volume>15</volume> No. <issue>2</issue>, pp. <fpage>239</fpage>-<lpage>250</lpage>, doi: <pub-id pub-id-type="doi">10.1108/jpbafm-15-02-2003-b004</pub-id>.</mixed-citation></ref><ref id="ref005"><mixed-citation publication-type="journal"><person-group person-group-type="author"><string-name><surname>Andrade</surname>, <given-names>G.S.M.</given-names></string-name> and <string-name><surname>Rhodes</surname>, <given-names>J.R.</given-names></string-name></person-group> (<year>2012</year>), “<article-title>Protected areas and local communities: an inevitable partnership toward successful conservation strategies?</article-title>”, <source>Ecology and Society</source>, Vol. <volume>17</volume> No. <issue>4</issue>, <elocation-id>art14</elocation-id>, doi: <pub-id pub-id-type="doi">10.5751/ES-05216-170414</pub-id>.</mixed-citation></ref><ref id="ref006"><mixed-citation publication-type="journal"><person-group person-group-type="author"><string-name><surname>Anessi-Pessina</surname>, <given-names>E.</given-names></string-name>, <string-name><surname>Barbera</surname>, <given-names>C.</given-names></string-name>, <string-name><surname>Langella</surname>, <given-names>C.</given-names></string-name>, <string-name><surname>Manes-Rossi</surname>, <given-names>F.</given-names></string-name>, <string-name><surname>Sancino</surname>, <given-names>A.</given-names></string-name>, <string-name><surname>Sicilia</surname>, <given-names>M.</given-names></string-name> and <string-name><surname>Steccolini</surname>, <given-names>I.</given-names></string-name></person-group> (<year>2020</year>), “<article-title>Reconsidering public budgeting after the COVID-19 outbreak: key lessons and future challenges</article-title>”, <source>Journal of Public Budgeting, Accounting and Financial Management</source>, Vol. <volume>32</volume> No. <issue>5</issue>, pp. <fpage>957</fpage>-<lpage>965</lpage>, doi: <pub-id pub-id-type="doi">10.1108/jpbafm-07-2020-0115</pub-id>.</mixed-citation></ref><ref id="ref007"><mixed-citation publication-type="journal"><person-group person-group-type="author"><string-name><surname>Aranda</surname>, <given-names>C.</given-names></string-name>, <string-name><surname>Arellano</surname>, <given-names>J.</given-names></string-name> and <string-name><surname>Dávila</surname>, <given-names>A.</given-names></string-name></person-group> (<year>2023</year>), “<article-title>Budgeting in public organizations: the influence of managerial and political aspects</article-title>”, <source>European Accounting Review</source>, Vol. <volume>32</volume> No. <issue>2</issue>, pp. <fpage>345</fpage>-<lpage>377</lpage>, doi: <pub-id pub-id-type="doi">10.1080/09638180.2021.1972325</pub-id>.</mixed-citation></ref><ref id="ref008"><mixed-citation publication-type="book"><person-group person-group-type="author"><string-name><surname>Bell</surname>, <given-names>F.G.</given-names></string-name> and <string-name><surname>Donnelly</surname>, <given-names>L.J.</given-names></string-name></person-group> (<year>2006</year>), <source>Mining and its Impact on the Environment</source>, <publisher-name>CRC Press</publisher-name>, <publisher-loc>London</publisher-loc>.</mixed-citation></ref><ref id="ref009"><mixed-citation publication-type="book"><person-group person-group-type="author"><string-name><surname>Bernard</surname>, <given-names>H.R.</given-names></string-name></person-group> (<year>2017</year>), <source>Research Methods in Anthropology: Qualitative and Quantitative Approaches</source>, <publisher-name>Rowman &amp; Littlefield</publisher-name>, <publisher-loc>Lanham</publisher-loc>.</mixed-citation></ref><ref id="ref010"><mixed-citation publication-type="journal"><person-group person-group-type="author"><string-name><surname>Biermann</surname>, <given-names>F.</given-names></string-name>, <string-name><surname>Pattberg</surname>, <given-names>P.</given-names></string-name>, <string-name><surname>van Asselt</surname>, <given-names>H.</given-names></string-name> and <string-name><surname>Zelli</surname>, <given-names>F.</given-names></string-name></person-group> (<year>2009</year>), “<article-title>The fragmentation of global governance architectures: a framework for analysis</article-title>”, <source>Global Environmental Politics</source>, Vol. <volume>9</volume> No. <issue>4</issue>, pp. <fpage>14</fpage>-<lpage>40</lpage>, doi: <pub-id pub-id-type="doi">10.1162/glep.2009.9.4.14</pub-id>.</mixed-citation></ref><ref id="ref082"><mixed-citation publication-type="journal"><person-group person-group-type="author"><string-name><surname>Bjedov</surname>, <given-names>T.</given-names></string-name>, <string-name><surname>Lapointe</surname>, <given-names>S.</given-names></string-name> and <string-name><surname>Madiès</surname>, <given-names>T.</given-names></string-name></person-group> (<year>2014</year>), “<article-title>The impact of within-party and between-party ideological dispersion on fiscal outcomes: evidence from Swiss cantonal parliaments</article-title>”, <source>Public Choice</source>, Vol. <volume>161</volume> Nos <issue>1-2</issue>, pp. <fpage>209</fpage>-<lpage>232</lpage>.</mixed-citation></ref><ref id="ref011"><mixed-citation publication-type="book-chapter"><person-group person-group-type="author"><string-name><surname>Blomquist</surname>, <given-names>W.</given-names></string-name></person-group> (<year>2009</year>), “<chapter-title>Multi-level governance and natural resource management: the challenges of complexity, diversity, and uncertainty</chapter-title>”, in <person-group person-group-type="editor"><string-name><surname>Beckmann</surname>, <given-names>V.</given-names></string-name> and <string-name><surname>Padmanabhan</surname>, <given-names>M.</given-names></string-name></person-group> (Eds), <source>Institutions and Sustainability: Political Economy of Agriculture and the Environment - Essays in Honour of Konrad Hagedorn</source>, <publisher-name>Springer Netherlands</publisher-name>, <publisher-loc>Dordrecht</publisher-loc>, pp. <fpage>109</fpage>-<lpage>126</lpage>, doi: <pub-id pub-id-type="doi">10.1007/978-1-4020-9690-7_6</pub-id>.</mixed-citation></ref><ref id="ref012"><mixed-citation publication-type="book-chapter"><person-group person-group-type="author"><string-name><surname>Borrini-Feyerabend</surname>, <given-names>G.</given-names></string-name>, <string-name><surname>Dudley</surname>, <given-names>N.</given-names></string-name>, <string-name><surname>Jaeger</surname>, <given-names>T.</given-names></string-name>, <string-name><surname>Lassen</surname>, <given-names>B.</given-names></string-name>, <string-name><surname>Pathak</surname>, <given-names>N.</given-names></string-name>, <string-name><surname>Phillips</surname>, <given-names>A.</given-names></string-name> and <string-name><surname>Sandwith</surname>, <given-names>T.</given-names></string-name></person-group> (<year>2013</year>), “<chapter-title>Governance of protected areas: from understanding to action</chapter-title>”, <source>Best Practice Protected Area Guideline Series No. 20</source>, <publisher-name>International Union for Conservation of Nature</publisher-name>.</mixed-citation></ref><ref id="ref013"><mixed-citation publication-type="book-chapter"><person-group person-group-type="author"><string-name><surname>Boucher</surname>, <given-names>T.</given-names></string-name>, <string-name><surname>Spalding</surname>, <given-names>M.</given-names></string-name> and <string-name><surname>Revenga</surname>, <given-names>C.</given-names></string-name></person-group> (<year>2013</year>), “<chapter-title>Role and trends of protected areas in conservation</chapter-title>”, in <source>Encyclopedia of Biodiversity</source>, pp. <fpage>485</fpage>-<lpage>503</lpage>, doi: <pub-id pub-id-type="doi">10.1016/B978-0-12-384719-5.00348-8</pub-id>.</mixed-citation></ref><ref id="ref014"><mixed-citation publication-type="journal"><person-group person-group-type="author"><string-name><surname>Bowen</surname>, <given-names>G.A.</given-names></string-name></person-group> (<year>2009</year>), “<article-title>Document analysis as a qualitative research method</article-title>”, <source>Qualitative Research Journal</source>, Vol. <volume>9</volume> No. <issue>2</issue>, pp. <fpage>27</fpage>-<lpage>40</lpage>, doi: <pub-id pub-id-type="doi">10.3316/QRJ0902027</pub-id>.</mixed-citation></ref><ref id="ref015"><mixed-citation publication-type="journal"><person-group person-group-type="author"><string-name><surname>Bowers</surname>, <given-names>J.</given-names></string-name> and <string-name><surname>Testa</surname>, <given-names>P.F.</given-names></string-name></person-group> (<year>2019</year>), “<article-title>Better government, better science: the promise of and challenges facing the evidence-informed policy movement</article-title>”, <source>Annual Review of Political Science</source>, Vol. <volume>22</volume> No. <issue>1</issue>, pp. <fpage>521</fpage>-<lpage>542</lpage>, doi: <pub-id pub-id-type="doi">10.1146/annurev-polisci-050517-124041</pub-id>.</mixed-citation></ref><ref id="ref016"><mixed-citation publication-type="journal"><person-group person-group-type="author"><string-name><surname>Bracken</surname>, <given-names>L.J.</given-names></string-name> and <string-name><surname>Oughton</surname>, <given-names>E.A.</given-names></string-name></person-group> (<year>2013</year>), “<article-title>Making sense of policy implementation: the construction and uses of expertise and evidence in managing freshwater environments</article-title>”, <source>Environmental Science and Policy</source>, Vol. <volume>30</volume>, pp. <fpage>10</fpage>-<lpage>18</lpage>, doi: <pub-id pub-id-type="doi">10.1016/j.envsci.2012.07.010</pub-id>.</mixed-citation></ref><ref id="ref017"><mixed-citation publication-type="journal"><person-group person-group-type="author"><string-name><surname>Brook</surname>, <given-names>D.A.</given-names></string-name></person-group> (<year>2012</year>), “<article-title>Budgeting for national security: a whole of government perspective</article-title>”, <source>Journal of Public Budgeting, Accounting and Financial Management</source>, Vol. <volume>24</volume> No. <issue>1</issue>, pp. <fpage>32</fpage>-<lpage>57</lpage>, doi: <pub-id pub-id-type="doi">10.1108/jpbafm-24-01-2012-b002</pub-id>.</mixed-citation></ref><ref id="ref018"><mixed-citation publication-type="journal"><person-group person-group-type="author"><string-name><surname>Bryan</surname>, <given-names>M.</given-names></string-name>, <string-name><surname>Coppes</surname>, <given-names>G.</given-names></string-name>, <string-name><surname>Hepburn</surname>, <given-names>K.</given-names></string-name> and <string-name><surname>Keogh</surname>, <given-names>R.</given-names></string-name></person-group> (<year>2015</year>), “<article-title>Cause for rebellion: examining how federal land management agencies and local governments collaborate on land use planning</article-title>”, <source>George Washington Journal of Energy and Environmental Law</source>, Vol. <volume>6</volume>, p. <fpage>1</fpage>.</mixed-citation></ref><ref id="ref019"><mixed-citation publication-type="journal"><person-group person-group-type="author"><string-name><surname>Ceballos</surname>, <given-names>G.</given-names></string-name>, <string-name><surname>Ehrlich</surname>, <given-names>P.R.</given-names></string-name>, <string-name><surname>Barnosky</surname>, <given-names>A.D.</given-names></string-name>, <string-name><surname>García</surname>, <given-names>A.</given-names></string-name>, <string-name><surname>Pringle</surname>, <given-names>R.M.</given-names></string-name> and <string-name><surname>Palmer</surname>, <given-names>T.M.</given-names></string-name></person-group> (<year>2015</year>), “<article-title>Accelerated modern human-induced species losses: entering the sixth mass extinction</article-title>”, <source>Science Advances</source>, Vol. <volume>1</volume> No. <issue>5</issue>, <elocation-id>e1400253</elocation-id>, doi: <pub-id pub-id-type="doi">10.1126/sciadv.1400253</pub-id>.</mixed-citation></ref><ref id="ref020"><mixed-citation publication-type="journal"><person-group person-group-type="author"><string-name><surname>Corbin</surname>, <given-names>J.</given-names></string-name> and <string-name><surname>Strauss</surname>, <given-names>A.</given-names></string-name></person-group> (<year>1990</year>), “<article-title>Grounded theory research: procedures, canons, and evaluative criteria</article-title>”, <source>Qualitative Sociology</source>, Vol. <volume>13</volume> No. <issue>1</issue>, pp. <fpage>19</fpage>-<lpage>21</lpage>, doi: <pub-id pub-id-type="doi">10.1007/bf00988593</pub-id>.</mixed-citation></ref><ref id="ref021"><mixed-citation publication-type="journal"><person-group person-group-type="author"><string-name><surname>Cuadrado-Ballesteros</surname>, <given-names>B.</given-names></string-name> and <string-name><surname>Bisogno</surname>, <given-names>M.</given-names></string-name></person-group> (<year>2022</year>), “<article-title>Budget transparency and financial sustainability</article-title>”, <source>Journal of Public Budgeting, Accounting and Financial Management</source>, Vol. <volume>34</volume> No. <issue>6</issue>, pp. <fpage>210</fpage>-<lpage>234</lpage>, doi: <pub-id pub-id-type="doi">10.1108/JPBAFM-02-2022-0025</pub-id>.</mixed-citation></ref><ref id="ref083"><mixed-citation publication-type="journal"><person-group person-group-type="author"><string-name><surname>de Haan</surname>, <given-names>J.</given-names></string-name>, <string-name><surname>Jong-A-Pin</surname>, <given-names>R.</given-names></string-name> and <string-name><surname>Mierau</surname>, <given-names>J.O.</given-names></string-name></person-group> (<year>2012</year>), “<article-title>Do budgetary institutions mitigate the common pool problem? New empirical evidence for the EU</article-title>”, <source>Public Choice</source>, Vol. <volume>156</volume> Nos <issue>3-4</issue>, pp. <fpage>423</fpage>-<lpage>441</lpage>.</mixed-citation></ref><ref id="ref022"><mixed-citation publication-type="journal"><person-group person-group-type="author"><string-name><surname>Douglas</surname>, <given-names>S.</given-names></string-name> and <string-name><surname>Overmans</surname>, <given-names>T.</given-names></string-name></person-group> (<year>2020</year>), “<article-title>Public value budgeting: propositions for the future of budgeting</article-title>”, <source>Journal of Public Budgeting, Accounting and Financial Management</source>, Vol. <volume>32</volume> No. <issue>4</issue>, pp. <fpage>623</fpage>-<lpage>637</lpage>, doi: <pub-id pub-id-type="doi">10.1108/jpbafm-05-2020-0066</pub-id>.</mixed-citation></ref><ref id="ref023"><mixed-citation publication-type="journal"><person-group person-group-type="author"><string-name><surname>Drieger</surname>, <given-names>P.</given-names></string-name></person-group> (<year>2013</year>), “<article-title>Semantic network analysis as a method for visual text analytics</article-title>”, <source>Procedia - Social and Behavioral Sciences</source>, Vol. <volume>79</volume>, pp. <fpage>4</fpage>-<lpage>17</lpage>, doi: <pub-id pub-id-type="doi">10.1016/j.sbspro.2013.05.053</pub-id>.</mixed-citation></ref><ref id="ref024"><mixed-citation publication-type="journal"><person-group person-group-type="author"><string-name><surname>Eichman</surname>, <given-names>H.</given-names></string-name>, <string-name><surname>Hunt</surname>, <given-names>G.L.</given-names></string-name>, <string-name><surname>Kerkvliet</surname>, <given-names>J.</given-names></string-name> and <string-name><surname>Plantinga</surname>, <given-names>A.J.</given-names></string-name></person-group> (<year>2010</year>), “<article-title>Local employment growth, migration, and public land policy: evidence from the Northwest Forest Plan</article-title>”, <source>Journal of Agricultural and Resource Economics</source>, pp. <fpage>316</fpage>-<lpage>333</lpage>.</mixed-citation></ref><ref id="ref025"><mixed-citation publication-type="journal"><person-group person-group-type="author"><string-name><surname>Elgie</surname>, <given-names>R.</given-names></string-name> and <string-name><surname>McMenamin</surname>, <given-names>I.</given-names></string-name></person-group> (<year>2008</year>), “<article-title>Political fragmentation, fiscal deficits and political institutionalisation</article-title>”, <source>Public Choice</source>, Vol. <volume>136</volume> Nos <issue>3-4</issue>, pp. <fpage>255</fpage>-<lpage>267</lpage>, doi: <pub-id pub-id-type="doi">10.1007/s11127-008-9294-x</pub-id>.</mixed-citation></ref><ref id="ref026"><mixed-citation publication-type="journal"><person-group person-group-type="author"><string-name><surname>Elliott</surname>, <given-names>I.C.</given-names></string-name>, <string-name><surname>Bottom</surname>, <given-names>K.A.</given-names></string-name>, <string-name><surname>Carmichael</surname>, <given-names>P.</given-names></string-name>, <string-name><surname>Liddle</surname>, <given-names>J.</given-names></string-name>, <string-name><surname>Martin</surname>, <given-names>S.</given-names></string-name> and <string-name><surname>Pyper</surname>, <given-names>R.</given-names></string-name></person-group> (<year>2022</year>), “<article-title>The fragmentation of public administration: differentiated and decentered governance in the (dis) United Kingdom</article-title>”, <source>Public Administration</source>, Vol. <volume>100</volume> No. <issue>1</issue>, pp. <fpage>98</fpage>-<lpage>115</lpage>, doi: <pub-id pub-id-type="doi">10.1111/padm.12803</pub-id>.</mixed-citation></ref><ref id="ref081"><mixed-citation publication-type="journal"><person-group person-group-type="author"><string-name><surname>Eslava</surname>, <given-names>M.</given-names></string-name> and <string-name><surname>Nupia</surname>, <given-names>O.</given-names></string-name></person-group> (<year>2010</year>), “<article-title>Political fragmentation and government spending: bringing ideological polarization into the picture</article-title>”, <source>SSRN Journal</source>.</mixed-citation></ref><ref id="ref027"><mixed-citation publication-type="journal"><person-group person-group-type="author"><string-name><surname>Feldman</surname>, <given-names>D.L.</given-names></string-name></person-group> (<year>2015</year>), “<article-title>The legitimacy of U.S. Government agency power</article-title>”, <source>Public Administration Review</source>, Vol. <volume>75</volume> No. <issue>1</issue>, pp. <fpage>75</fpage>-<lpage>84</lpage>, doi: <pub-id pub-id-type="doi">10.1111/puar.12279</pub-id>.</mixed-citation></ref><ref id="ref028"><mixed-citation publication-type="journal"><person-group person-group-type="author"><string-name><surname>Ferry</surname>, <given-names>L.</given-names></string-name> and <string-name><surname>Midgley</surname>, <given-names>H.</given-names></string-name></person-group> (<year>2024</year>), “<article-title>Are public sector accounts trusted? Exploring the verdict of the public administration and constitutional affairs committee in the United Kingdom</article-title>”, <source>Public Administration</source>, Vol. <volume>102</volume>, doi: <pub-id pub-id-type="doi">10.1111/padm.12983</pub-id>.</mixed-citation></ref><ref id="ref029"><mixed-citation publication-type="journal"><person-group person-group-type="author"><string-name><surname>Ferry</surname>, <given-names>L.</given-names></string-name>, <string-name><surname>Eckersley</surname>, <given-names>P.</given-names></string-name> and <string-name><surname>Zakaria</surname>, <given-names>Z.</given-names></string-name></person-group> (<year>2015</year>), “<article-title>Accountability and transparency in English local government: moving from ‘matching parts’ to ‘awkward couple’?</article-title>”, <source>Financial Accountability and Management</source>, Vol. <volume>31</volume> No. <issue>3</issue>, pp. <fpage>345</fpage>-<lpage>361</lpage>, doi: <pub-id pub-id-type="doi">10.1111/faam.12060</pub-id>.</mixed-citation></ref><ref id="ref030"><mixed-citation publication-type="journal"><person-group person-group-type="author"><string-name><surname>Ferry</surname>, <given-names>L.</given-names></string-name>, <string-name><surname>Radcliffe</surname>, <given-names>V.S.</given-names></string-name> and <string-name><surname>Steccolini</surname>, <given-names>I.</given-names></string-name></person-group> (<year>2022</year>), “<article-title>The future of public audit</article-title>”, <source>Financial Accountability and Management</source>, Vol. <volume>38</volume> No. <issue>3</issue>, pp. <fpage>325</fpage>-<lpage>336</lpage>, doi: <pub-id pub-id-type="doi">10.1111/faam.12339</pub-id>.</mixed-citation></ref><ref id="ref031"><mixed-citation publication-type="journal"><person-group person-group-type="author"><string-name><surname>García-Frapolli</surname>, <given-names>E.</given-names></string-name>, <string-name><surname>Ramos-Fernández</surname>, <given-names>G.</given-names></string-name>, <string-name><surname>Galicia</surname>, <given-names>E.</given-names></string-name> and <string-name><surname>Serrano</surname>, <given-names>A.</given-names></string-name></person-group> (<year>2009</year>), “<article-title>The complex reality of biodiversity conservation through Natural Protected Area policy: three cases from the Yucatan Peninsula, Mexico</article-title>”, <source>Land Use Policy</source>, Vol. <volume>26</volume> No. <issue>3</issue>, pp. <fpage>715</fpage>-<lpage>722</lpage>, doi: <pub-id pub-id-type="doi">10.1016/j.landusepol.2008.09.008</pub-id>.</mixed-citation></ref><ref id="ref032"><mixed-citation publication-type="journal"><person-group person-group-type="author"><string-name><surname>Hagerman</surname>, <given-names>S.</given-names></string-name>, <string-name><surname>Dowlatabadi</surname>, <given-names>H.</given-names></string-name>, <string-name><surname>Chan</surname>, <given-names>K.M.</given-names></string-name> and <string-name><surname>Satterfield</surname>, <given-names>T.</given-names></string-name></person-group> (<year>2010</year>), “<article-title>Integrative propositions for adapting conservation policy to the impacts of climate change</article-title>”, <source>Global Environmental Change</source>, Vol. <volume>20</volume> No. <issue>2</issue>, pp. <fpage>351</fpage>-<lpage>362</lpage>, doi: <pub-id pub-id-type="doi">10.1016/j.gloenvcha.2009.11.002</pub-id>.</mixed-citation></ref><ref id="ref033"><mixed-citation publication-type="journal"><person-group person-group-type="author"><string-name><surname>Hennink</surname>, <given-names>M.</given-names></string-name> and <string-name><surname>Kaiser</surname>, <given-names>B.N.</given-names></string-name></person-group> (<year>2022</year>), “<article-title>Sample sizes for saturation in qualitative research: a systematic review of empirical tests</article-title>”, <source>Social Science and Medicine</source>, Vol. <volume>292</volume>, <elocation-id>114523</elocation-id>, doi: <pub-id pub-id-type="doi">10.1016/j.socscimed.2021.114523</pub-id>.</mixed-citation></ref><ref id="ref034"><mixed-citation publication-type="journal"><person-group person-group-type="author"><string-name><surname>Hennink</surname>, <given-names>M.M.</given-names></string-name>, <string-name><surname>Kaiser</surname>, <given-names>B.N.</given-names></string-name> and <string-name><surname>Marconi</surname>, <given-names>V.C.</given-names></string-name></person-group> (<year>2017</year>), “<article-title>Code saturation versus meaning saturation: how many interviews are enough?</article-title>”, <source>Qualitative Health Research</source>, Vol. <volume>27</volume> No. <issue>4</issue>, pp. <fpage>591</fpage>-<lpage>608</lpage>, doi: <pub-id pub-id-type="doi">10.1177/1049732316665344</pub-id>.</mixed-citation></ref><ref id="ref035"><mixed-citation publication-type="journal"><person-group person-group-type="author"><string-name><surname>Hinterleitner</surname>, <given-names>M.</given-names></string-name></person-group> (<year>2017</year>), “<article-title>Reconciling perspectives on blame avoidance behaviour</article-title>”, <source>Political Studies Review</source>, Vol. <volume>15</volume> No. <issue>2</issue>, pp. <fpage>243</fpage>-<lpage>254</lpage>, doi: <pub-id pub-id-type="doi">10.1111/1478-9302.12099</pub-id>.</mixed-citation></ref><ref id="ref036"><mixed-citation publication-type="journal"><person-group person-group-type="author"><string-name><surname>Hinterleitner</surname>, <given-names>M.</given-names></string-name> and <string-name><surname>Sager</surname>, <given-names>F.</given-names></string-name></person-group> (<year>2015</year>), “<article-title>Avoiding blame—a comprehensive framework and the A ustralian H ome I nsulation P rogram F iasco</article-title>”, <source>Policy Studies Journal</source>, Vol. <volume>43</volume> No. <issue>1</issue>, pp. <fpage>139</fpage>-<lpage>161</lpage>, doi: <pub-id pub-id-type="doi">10.1111/psj.12088</pub-id>.</mixed-citation></ref><ref id="ref037"><mixed-citation publication-type="journal"><person-group person-group-type="author"><string-name><surname>Hinterleitner</surname>, <given-names>M.</given-names></string-name> and <string-name><surname>Sager</surname>, <given-names>F.</given-names></string-name></person-group> (<year>2017</year>), “<article-title>Anticipatory and reactive forms of blame avoidance: of foxes and lions</article-title>”, <source>European Political Science Review</source>, Vol. <volume>9</volume> No. <issue>4</issue>, pp. <fpage>587</fpage>-<lpage>606</lpage>, doi: <pub-id pub-id-type="doi">10.1017/s1755773916000126</pub-id>.</mixed-citation></ref><ref id="ref038"><mixed-citation publication-type="journal"><person-group person-group-type="author"><string-name><surname>Jenkins</surname>, <given-names>C.N.</given-names></string-name>, <string-name><surname>Van Houtan</surname>, <given-names>K.S.</given-names></string-name>, <string-name><surname>Pimm</surname>, <given-names>S.L.</given-names></string-name> and <string-name><surname>Sexton</surname>, <given-names>J.O.</given-names></string-name></person-group> (<year>2015</year>), “<article-title>US protected lands mismatch biodiversity priorities</article-title>”, <source>Proceedings of the National Academy of Sciences of the United States of America</source>, Vol. <volume>112</volume> No. <issue>16</issue>, pp. <fpage>5081</fpage>-<lpage>5086</lpage>, doi: <pub-id pub-id-type="doi">10.1073/pnas.1418034112</pub-id>.</mixed-citation></ref><ref id="ref039"><mixed-citation publication-type="journal"><person-group person-group-type="author"><string-name><surname>Jensen</surname>, <given-names>C.</given-names></string-name> and <string-name><surname>Mortensen</surname>, <given-names>P.B.</given-names></string-name></person-group> (<year>2014</year>), “<article-title>Government responses to fiscal austerity: the effect of institutional fragmentation and partisanship</article-title>”, <source>Comparative Political Studies</source>, Vol. <volume>47</volume> No. <issue>2</issue>, pp. <fpage>143</fpage>-<lpage>170</lpage>, doi: <pub-id pub-id-type="doi">10.1177/0010414013488536</pub-id>.</mixed-citation></ref><ref id="ref040"><mixed-citation publication-type="journal"><person-group person-group-type="author"><string-name><surname>Jimenez</surname>, <given-names>B.S.</given-names></string-name></person-group> (<year>2016</year>), “<article-title>Externalities in the fragmented metropolis: local institutional choices and the efficiency–equity trade-off</article-title>”, <source>The American Review of Public Administration</source>, Vol. <volume>46</volume> No. <issue>3</issue>, pp. <fpage>314</fpage>-<lpage>336</lpage>, doi: <pub-id pub-id-type="doi">10.1177/0275074014550703</pub-id>.</mixed-citation></ref><ref id="ref041"><mixed-citation publication-type="journal"><person-group person-group-type="author"><string-name><surname>Keiter</surname>, <given-names>R.B.</given-names></string-name></person-group> (<year>2001</year>), “<article-title>Biodiversity conservation and the intermixed ownership problem: from nature reserves to collaborative processes</article-title>”, <source>Idaho Law Review</source>, Vol. <volume>38</volume>, p. <fpage>301</fpage>.</mixed-citation></ref><ref id="ref042"><mixed-citation publication-type="journal"><person-group person-group-type="author"><string-name><surname>Keiter</surname>, <given-names>R.B.</given-names></string-name></person-group> (<year>2018</year>), “<article-title>Toward a national conservation network act: transforming landscape conservation on the public lands into law</article-title>”, <source>Harvard Environmental Law Review</source>, Vol. <volume>42</volume>, doi: <pub-id pub-id-type="doi">10.2139/ssrn.3171678</pub-id>.</mixed-citation></ref><ref id="ref043"><mixed-citation publication-type="journal"><person-group person-group-type="author"><string-name><surname>Kelly</surname>, <given-names>J.M.</given-names></string-name></person-group> (<year>2005</year>), “<article-title>A century of public budgeting reform: the ‘key’ question</article-title>”, <source>Administration and Society</source>, Vol. <volume>37</volume> No. <issue>1</issue>, pp. <fpage>89</fpage>-<lpage>109</lpage>, doi: <pub-id pub-id-type="doi">10.1177/0095399704268626</pub-id>.</mixed-citation></ref><ref id="ref044"><mixed-citation publication-type="book-chapter"><person-group person-group-type="author"><string-name><surname>Kerler</surname>, <given-names>W.A.</given-names></string-name>, <string-name><surname>Fleming</surname>, <given-names>A.S.</given-names></string-name> and <string-name><surname>Allport</surname>, <given-names>C.D.</given-names></string-name></person-group> (<year>2014</year>), “<chapter-title>How framed information and justification impact capital budgeting decisions</chapter-title>”, in <source>Advances in Management Accounting</source>, <publisher-name>Emerald Group Publishing</publisher-name>, Vol. <volume>23</volume>, pp. <fpage>181</fpage>-<lpage>210</lpage>, doi: <pub-id pub-id-type="doi">10.1108/s1474-787120140000023006</pub-id>.</mixed-citation></ref><ref id="ref045"><mixed-citation publication-type="book"><person-group person-group-type="author"><string-name><surname>Koven</surname>, <given-names>S.G.</given-names></string-name></person-group> (<year>1999</year>), <source>Public Budgeting in the United States: The Cultural and Ideological Setting</source>, <publisher-name>Georgetown University Press</publisher-name>, <publisher-loc>Washington, DC</publisher-loc>.</mixed-citation></ref><ref id="ref046"><mixed-citation publication-type="journal"><person-group person-group-type="author"><string-name><surname>Krauss</surname>, <given-names>K.M.</given-names></string-name>, <string-name><surname>Sandäng</surname>, <given-names>A.</given-names></string-name> and <string-name><surname>Karlsson</surname>, <given-names>E.</given-names></string-name></person-group> (<year>2021</year>), “<article-title>Budgeting under public scrutiny: tracing the justification work of stakeholder groups in the controversy of an Olympic candidature</article-title>”, <source>Journal of Public Budgeting, Accounting and Financial Management</source>, Vol. <volume>33</volume> No. <issue>2</issue>, pp. <fpage>207</fpage>-<lpage>233</lpage>, doi: <pub-id pub-id-type="doi">10.1108/jpbafm-06-2020-0092</pub-id>.</mixed-citation></ref><ref id="ref047"><mixed-citation publication-type="journal"><person-group person-group-type="author"><string-name><surname>Kremen</surname>, <given-names>C.</given-names></string-name> and <string-name><surname>Merenlender</surname>, <given-names>A.M.</given-names></string-name></person-group> (<year>2018</year>), “<article-title>Landscapes that work for biodiversity and people</article-title>”, <source>Science</source>, Vol. <volume>362</volume> No. <issue>6412</issue>, <elocation-id>eaau6020</elocation-id>, doi: <pub-id pub-id-type="doi">10.1126/science.aau6020</pub-id>.</mixed-citation></ref><ref id="ref048"><mixed-citation publication-type="journal"><person-group person-group-type="author"><string-name><surname>Leca</surname>, <given-names>B.</given-names></string-name> and <string-name><surname>Laguecir</surname>, <given-names>A.</given-names></string-name></person-group> (<year>2023</year>), “<article-title>Expanding public sector performance measurement and management research with actor-centred approaches in new institutionalism</article-title>”, <source>Journal of Public Budgeting, Accounting and Financial Management</source>, Vol. <volume>35</volume> No. <issue>5</issue>, pp. <fpage>608</fpage>-<lpage>620</lpage>, doi: <pub-id pub-id-type="doi">10.1108/jpbafm-12-2022-0180</pub-id>.</mixed-citation></ref><ref id="ref049"><mixed-citation publication-type="journal"><person-group person-group-type="author"><string-name><surname>Leong</surname>, <given-names>K.M.</given-names></string-name>, <string-name><surname>Emmerson</surname>, <given-names>D.P.</given-names></string-name> and <string-name><surname>Byron</surname>, <given-names>R.(R.)</given-names></string-name></person-group> (<year>2011</year>), “<article-title>The new governance era: implications for collaborative conservation and adaptive management in department of the interior agencies</article-title>”, <source>Human Dimensions of Wildlife</source>, Vol. <volume>16</volume> No. <issue>4</issue>, pp. <fpage>236</fpage>-<lpage>243</lpage>, doi: <pub-id pub-id-type="doi">10.1080/10871209.2011.585436</pub-id>.</mixed-citation></ref><ref id="ref050"><mixed-citation publication-type="journal"><person-group person-group-type="author"><string-name><surname>Lerner</surname>, <given-names>J.</given-names></string-name>, <string-name><surname>Mackey</surname>, <given-names>J.</given-names></string-name> and <string-name><surname>Casey</surname>, <given-names>F.</given-names></string-name></person-group> (<year>2007</year>), “<article-title>What's in Noah's wallet? Land conservation spending in the United States</article-title>”, <source>BioScience</source>, Vol. <volume>57</volume> No. <issue>5</issue>, pp. <fpage>419</fpage>-<lpage>423</lpage>, doi: <pub-id pub-id-type="doi">10.1641/B570507</pub-id>.</mixed-citation></ref><ref id="ref051"><mixed-citation publication-type="journal"><person-group person-group-type="author"><string-name><surname>Lubell</surname>, <given-names>M.</given-names></string-name>, <string-name><surname>Mewhirter</surname>, <given-names>J.M.</given-names></string-name>, <string-name><surname>Berardo</surname>, <given-names>R.</given-names></string-name> and <string-name><surname>Scholz</surname>, <given-names>J.T.</given-names></string-name></person-group> (<year>2017</year>), “<article-title>Transaction costs and the perceived effectiveness of complex institutional systems</article-title>”, <source>Public Administration Review</source>, Vol. <volume>77</volume> No. <issue>5</issue>, pp. <fpage>668</fpage>-<lpage>680</lpage>, doi: <pub-id pub-id-type="doi">10.1111/puar.12622</pub-id>.</mixed-citation></ref><ref id="ref052"><mixed-citation publication-type="journal"><person-group person-group-type="author"><string-name><surname>Maor</surname>, <given-names>M.</given-names></string-name></person-group> (<year>2020</year>), “<article-title>Strategic communication by regulatory agencies as a form of reputation management: a strategic agenda</article-title>”, <source>Public Administration</source>, Vol. <volume>98</volume> No. <issue>4</issue>, pp. <fpage>1044</fpage>-<lpage>1055</lpage>, doi: <pub-id pub-id-type="doi">10.1111/padm.12667</pub-id>.</mixed-citation></ref><ref id="ref084"><mixed-citation publication-type="journal"><person-group person-group-type="author"><string-name><surname>Martin</surname>, <given-names>L.W.</given-names></string-name> and <string-name><surname>Vanberg</surname>, <given-names>G.</given-names></string-name></person-group> (<year>2013</year>), “<article-title>Multiparty government, fiscal institutions, and public spending</article-title>”, <source>The Journal of Politics</source>, Vol. <volume>75</volume> No. <issue>4</issue>, pp. <fpage>953</fpage>-<lpage>967</lpage>.</mixed-citation></ref><ref id="ref053"><mixed-citation publication-type="journal"><person-group person-group-type="author"><string-name><surname>Maxwell</surname>, <given-names>S.L.</given-names></string-name>, <string-name><surname>Cazalis</surname>, <given-names>V.</given-names></string-name>, <string-name><surname>Dudley</surname>, <given-names>N.</given-names></string-name>, <string-name><surname>Hoffmann</surname>, <given-names>M.</given-names></string-name>, <string-name><surname>Rodrigues</surname>, <given-names>A.S.L.</given-names></string-name>, <string-name><surname>Stolton</surname>, <given-names>S.</given-names></string-name>, <string-name><surname>Visconti</surname>, <given-names>P.</given-names></string-name>, <string-name><surname>Woodley</surname>, <given-names>S.</given-names></string-name>, <string-name><surname>Kingston</surname>, <given-names>N.</given-names></string-name>, <string-name><surname>Lewis</surname>, <given-names>E.</given-names></string-name>, <string-name><surname>Maron</surname>, <given-names>M.</given-names></string-name>, <string-name><surname>Strassburg</surname>, <given-names>B.B.N.</given-names></string-name>, <string-name><surname>Wenger</surname>, <given-names>A.</given-names></string-name>, <string-name><surname>Jonas</surname>, <given-names>H.D.</given-names></string-name>, <string-name><surname>Venter</surname>, <given-names>O.</given-names></string-name> and <string-name><surname>Watson</surname>, <given-names>J.E.M.</given-names></string-name></person-group> (<year>2020</year>), “<article-title>Area-based conservation in the twenty-first century</article-title>”, <source>Nature</source>, Vol. <volume>586</volume> No. <issue>7828</issue>, pp. <fpage>217</fpage>-<lpage>227</lpage>, doi: <pub-id pub-id-type="doi">10.1038/s41586-020-2773-z</pub-id>.</mixed-citation></ref><ref id="ref054"><mixed-citation publication-type="journal"><person-group person-group-type="author"><string-name><surname>McCright</surname>, <given-names>A.M.</given-names></string-name>, <string-name><surname>Xiao</surname>, <given-names>C.</given-names></string-name> and <string-name><surname>Dunlap</surname>, <given-names>R.E.</given-names></string-name></person-group> (<year>2014</year>), “<article-title>Political polarization on support for government spending on environmental protection in the USA, 1974-2012</article-title>”, <source>Social Science Research</source>, Vol. <volume>48</volume>, pp. <fpage>251</fpage>-<lpage>260</lpage>, doi: <pub-id pub-id-type="doi">10.1016/j.ssresearch.2014.06.008</pub-id>.</mixed-citation></ref><ref id="ref055"><mixed-citation publication-type="journal"><person-group person-group-type="author"><string-name><surname>McDonald-Madden</surname>, <given-names>E.</given-names></string-name>, <string-name><surname>Baxter</surname>, <given-names>P.W.J.</given-names></string-name> and <string-name><surname>Possingham</surname>, <given-names>H.P.</given-names></string-name></person-group> (<year>2008</year>), “<article-title>Making robust decisions for conservation with restricted money and knowledge</article-title>”, <source>Journal of Applied Ecology</source>, Vol. <volume>45</volume> No. <issue>6</issue>, pp. <fpage>1630</fpage>-<lpage>1638</lpage>, doi: <pub-id pub-id-type="doi">10.1111/j.1365-2664.2008.01553.x</pub-id>.</mixed-citation></ref><ref id="ref056"><mixed-citation publication-type="journal"><person-group person-group-type="author"><string-name><surname>McLaughlin</surname>, <given-names>A.</given-names></string-name> and <string-name><surname>Mineau</surname>, <given-names>P.</given-names></string-name></person-group> (<year>1995</year>), “<article-title>The impact of agricultural practices on biodiversity</article-title>”, <source>Agriculture, Ecosystems and Environment</source>, Vol. <volume>55</volume> No. <issue>3</issue>, pp. <fpage>201</fpage>-<lpage>212</lpage>, doi: <pub-id pub-id-type="doi">10.1016/0167-8809(95)00609-V</pub-id>.</mixed-citation></ref><ref id="ref057"><mixed-citation publication-type="journal"><person-group person-group-type="author"><string-name><surname>Melanidis</surname>, <given-names>M.S.</given-names></string-name>, <string-name><surname>Hagerman</surname>, <given-names>S.</given-names></string-name>, <string-name><surname>St‐Laurent</surname>, <given-names>G.P.</given-names></string-name>, <string-name><surname>Oakes</surname>, <given-names>L.E.</given-names></string-name> and <string-name><surname>Cross</surname>, <given-names>M.S.</given-names></string-name></person-group> (<year>2023</year>), “<article-title>Exploring the emergence of a tipping point for conservation with increased recognition of social considerations</article-title>”, <source>Conservation Biology</source>, Vols <volume>37</volume> Nos <issue>4</issue>, <elocation-id>e14086</elocation-id>, doi: <pub-id pub-id-type="doi">10.1111/cobi.14086</pub-id>.</mixed-citation></ref><ref id="ref058"><mixed-citation publication-type="journal"><person-group person-group-type="author"><string-name><surname>Millner</surname>, <given-names>A.</given-names></string-name> and <string-name><surname>Ollivier</surname>, <given-names>H.</given-names></string-name></person-group> (<year>2016</year>), “<article-title>Beliefs, politics, and environmental policy</article-title>”, <source>Review of Environmental Economics and Policy</source>, Vol. <volume>10</volume> No. <issue>2</issue>, pp. <fpage>226</fpage>-<lpage>244</lpage>, doi: <pub-id pub-id-type="doi">10.1093/reep/rew010</pub-id>.</mixed-citation></ref><ref id="ref059"><mixed-citation publication-type="journal"><person-group person-group-type="author"><string-name><surname>Mooney</surname>, <given-names>H.</given-names></string-name>, <string-name><surname>Larigauderie</surname>, <given-names>A.</given-names></string-name>, <string-name><surname>Cesario</surname>, <given-names>M.</given-names></string-name>, <string-name><surname>Elmquist</surname>, <given-names>T.</given-names></string-name>, <string-name><surname>Hoegh-Guldberg</surname>, <given-names>O.</given-names></string-name>, <string-name><surname>Lavorel</surname>, <given-names>S.</given-names></string-name>, <string-name><surname>Mace</surname>, <given-names>G.M.</given-names></string-name>, <string-name><surname>Palmer</surname>, <given-names>M.</given-names></string-name>, <string-name><surname>Scholes</surname>, <given-names>R.</given-names></string-name> and <string-name><surname>Yahara</surname>, <given-names>T.</given-names></string-name></person-group> (<year>2009</year>), “<article-title>Biodiversity, climate change, and ecosystem services</article-title>”, <source>Current Opinion in Environmental Sustainability</source>, Vol. <volume>1</volume> No. <issue>1</issue>, pp. <fpage>46</fpage>-<lpage>54</lpage>, doi: <pub-id pub-id-type="doi">10.1016/j.cosust.2009.07.006</pub-id>.</mixed-citation></ref><ref id="ref060"><mixed-citation publication-type="journal"><person-group person-group-type="author"><string-name><surname>Palinkas</surname>, <given-names>L.A.</given-names></string-name>, <string-name><surname>Horwitz</surname>, <given-names>S.M.</given-names></string-name>, <string-name><surname>Green</surname>, <given-names>C.A.</given-names></string-name>, <string-name><surname>Wisdom</surname>, <given-names>J.P.</given-names></string-name>, <string-name><surname>Duan</surname>, <given-names>N.</given-names></string-name> and <string-name><surname>Hoagwood</surname>, <given-names>K.</given-names></string-name></person-group> (<year>2015</year>), “<article-title>Purposeful sampling for qualitative data collection and analysis in mixed method implementation research</article-title>”, <source>Administration and Policy in Mental Health and Mental Health Services Research</source>, Vol. <volume>42</volume> No. <issue>5</issue>, pp. <fpage>533</fpage>-<lpage>544</lpage>, doi: <pub-id pub-id-type="doi">10.1007/s10488-013-0528-y</pub-id>.</mixed-citation></ref><ref id="ref061"><mixed-citation publication-type="journal"><person-group person-group-type="author"><string-name><surname>Pasachoff</surname>, <given-names>E.</given-names></string-name></person-group> (<year>2016</year>), “<article-title>The President's budget as a source of agency policy control</article-title>”, <source>Yale Law Journal</source>, Vol. <volume>125</volume> No. <issue>8</issue>, pp. <fpage>2182</fpage>-<lpage>2555</lpage>.</mixed-citation></ref><ref id="ref062"><mixed-citation publication-type="book"><person-group person-group-type="author"><string-name><surname>Pipkin</surname>, <given-names>J.</given-names></string-name></person-group> (<year>1998</year>), <source>The Northwest Forest Plan Revisited</source>, <publisher-name>Office of Policy Analysis, U.S. Department of the Interior</publisher-name>, <publisher-loc>Washington, DC</publisher-loc>.</mixed-citation></ref><ref id="ref063"><mixed-citation publication-type="journal"><person-group person-group-type="author"><string-name><surname>Pulkkinen</surname>, <given-names>M.</given-names></string-name>, <string-name><surname>Sinervo</surname>, <given-names>L.M.</given-names></string-name> and <string-name><surname>Kurkela</surname>, <given-names>K.</given-names></string-name></person-group> (<year>2023</year>), “<article-title>Premises for sustainability–participatory budgeting as a way to construct collaborative innovation capacity in local government</article-title>”, <source>Journal of Public Budgeting, Accounting and Financial Management</source>, Vol. <volume>36</volume> No. <issue>1</issue>, pp. <fpage>40</fpage>-<lpage>59</lpage>, doi: <pub-id pub-id-type="doi">10.1108/jpbafm-04-2022-0077</pub-id>.</mixed-citation></ref><ref id="ref064"><mixed-citation publication-type="journal"><person-group person-group-type="author"><string-name><surname>Rose</surname>, <given-names>D.C.</given-names></string-name>, <string-name><surname>Amano</surname>, <given-names>T.</given-names></string-name>, <string-name><surname>González-Varo</surname>, <given-names>J.P.</given-names></string-name>, <string-name><surname>Mukherjee</surname>, <given-names>N.</given-names></string-name>, <string-name><surname>Robertson</surname>, <given-names>R.J.</given-names></string-name>, <string-name><surname>Simmons</surname>, <given-names>B.I.</given-names></string-name>, <string-name><surname>Wauchope</surname>, <given-names>H.S.</given-names></string-name> and <string-name><surname>Sutherland</surname>, <given-names>W.J.</given-names></string-name></person-group> (<year>2019</year>), “<article-title>Calling for a new agenda for conservation science to create evidence-informed policy</article-title>”, <source>Biological Conservation</source>, Vol. <volume>238</volume>, <elocation-id>108222</elocation-id>, doi: <pub-id pub-id-type="doi">10.1016/j.biocon.2019.108222</pub-id>.</mixed-citation></ref><ref id="ref065"><mixed-citation publication-type="book"><person-group person-group-type="author"><string-name><surname>Rubin</surname>, <given-names>I.S.</given-names></string-name></person-group> (<year>2006</year>), <source>The Politics of Public Budget: Getting and Spending, Borrowing and Balancing</source>, <edition>5th ed.</edition>, <publisher-name>CQ Press</publisher-name>, <publisher-loc>Washington, DC</publisher-loc>.</mixed-citation></ref><ref id="ref066"><mixed-citation publication-type="journal"><person-group person-group-type="author"><string-name><surname>Savage</surname>, <given-names>L.</given-names></string-name></person-group> (<year>2019</year>), “<article-title>The politics of social spending after the great recession: the return of partisan policy making</article-title>”, <source>Governance</source>, Vol. <volume>32</volume> No. <issue>1</issue>, pp. <fpage>123</fpage>-<lpage>141</lpage>, doi: <pub-id pub-id-type="doi">10.1111/gove.12354</pub-id>.</mixed-citation></ref><ref id="ref067"><mixed-citation publication-type="book"><person-group person-group-type="author"><string-name><surname>Schick</surname>, <given-names>A.</given-names></string-name></person-group> (<year>2008</year>), <source>The Federal Budget: Politics, Policy, Process</source>, <publisher-name>Brookings Institution Press</publisher-name>, <publisher-loc>Washington, DC</publisher-loc>.</mixed-citation></ref><ref id="ref068"><mixed-citation publication-type="journal"><person-group person-group-type="author"><string-name><surname>Shrader-Frechette</surname>, <given-names>K.S.</given-names></string-name> and <string-name><surname>McCoy</surname>, <given-names>E.D.</given-names></string-name></person-group> (<year>1994</year>), “<article-title>How the tail wags the dog: how value judgments determine ecological science</article-title>”, <source>Environmental Values</source>, Vol. <volume>3</volume> No. <issue>2</issue>, pp. <fpage>107</fpage>-<lpage>120</lpage>, doi: <pub-id pub-id-type="doi">10.3197/096327194776679764</pub-id>.</mixed-citation></ref><ref id="ref069"><mixed-citation publication-type="journal"><person-group person-group-type="author"><string-name><surname>Sikor</surname>, <given-names>T.</given-names></string-name>, <string-name><surname>Auld</surname>, <given-names>G.</given-names></string-name>, <string-name><surname>Bebbington</surname>, <given-names>A.J.</given-names></string-name>, <string-name><surname>Benjaminsen</surname>, <given-names>T.A.</given-names></string-name>, <string-name><surname>Gentry</surname>, <given-names>B.S.</given-names></string-name>, <string-name><surname>Hunsberger</surname>, <given-names>C.</given-names></string-name>, <string-name><surname>Izac</surname>, <given-names>A.M.</given-names></string-name>, <string-name><surname>Margulis</surname>, <given-names>M.E.</given-names></string-name>, <string-name><surname>Plieninger</surname>, <given-names>T.</given-names></string-name>, <string-name><surname>Schroeder</surname>, <given-names>H.</given-names></string-name> and <string-name><surname>Upton</surname>, <given-names>C.</given-names></string-name></person-group> (<year>2013</year>), “<article-title>Global land governance: from territory to flow?</article-title>”, <source>Current Opinion in Environmental Sustainability</source>, Vol. <volume>5</volume> No. <issue>5</issue>, pp. <fpage>522</fpage>-<lpage>527</lpage>, doi: <pub-id pub-id-type="doi">10.1016/j.cosust.2013.06.006</pub-id>.</mixed-citation></ref><ref id="ref070"><mixed-citation publication-type="journal"><person-group person-group-type="author"><string-name><surname>Silva</surname>, <given-names>J.M.C.D.</given-names></string-name>, <string-name><surname>Dias</surname>, <given-names>T.C.A.D.C.</given-names></string-name>, <string-name><surname>Cunha</surname>, <given-names>A.C.D.</given-names></string-name> and <string-name><surname>Cunha</surname>, <given-names>H.F.A.</given-names></string-name></person-group> (<year>2021</year>), “<article-title>Funding deficits of protected areas in Brazil</article-title>”, <source>Land Use Policy</source>, Vol. <volume>100</volume>, <elocation-id>104926</elocation-id>, doi: <pub-id pub-id-type="doi">10.1016/j.landusepol.2020.104926</pub-id>.</mixed-citation></ref><ref id="ref071"><mixed-citation publication-type="book"><person-group person-group-type="author"><string-name><surname>Skillen</surname>, <given-names>J.R.</given-names></string-name></person-group> (<year>2009</year>), <source>The Nation’s Largest Landlord: the Bureau of Land Management in the American West</source>, <publisher-name>University Press of Kansas</publisher-name>, <publisher-loc>Lawrence</publisher-loc>.</mixed-citation></ref><ref id="ref072"><mixed-citation publication-type="journal"><person-group person-group-type="author"><string-name><surname>Tatham</surname>, <given-names>P.</given-names></string-name> and <string-name><surname>Houghton</surname>, <given-names>L.</given-names></string-name></person-group> (<year>2011</year>), “<article-title>The wicked problem of humanitarian logistics and disaster relief aid</article-title>”, <source>Journal of Humanitarian Logistics and Supply Chain Management</source>, Vol. <volume>1</volume> No. <issue>1</issue>, pp. <fpage>15</fpage>-<lpage>31</lpage>, doi: <pub-id pub-id-type="doi">10.1108/20426741111122394</pub-id>.</mixed-citation></ref><ref id="ref073"><mixed-citation publication-type="journal"><person-group person-group-type="author"><string-name><surname>Touchton</surname>, <given-names>M.</given-names></string-name>, <string-name><surname>McNulty</surname>, <given-names>S.</given-names></string-name> and <string-name><surname>Wampler</surname>, <given-names>B.</given-names></string-name></person-group> (<year>2023</year>), “<article-title>Participatory budgeting and well-being: governance and sustainability in comparative perspective</article-title>”, <source>Journal of Public Budgeting, Accounting and Financial Management</source>, Vol. <volume>36</volume> No. <issue>1</issue>, pp. <fpage>105</fpage>-<lpage>123</lpage>, doi: <pub-id pub-id-type="doi">10.1108/jpbafm-04-2022-0067</pub-id>.</mixed-citation></ref><ref id="ref074"><mixed-citation publication-type="journal"><person-group person-group-type="author"><string-name><surname>Traber</surname>, <given-names>D.</given-names></string-name>, <string-name><surname>Schoonvelde</surname>, <given-names>M.</given-names></string-name> and <string-name><surname>Schumacher</surname>, <given-names>G.</given-names></string-name></person-group> (<year>2020</year>), “<article-title>Errors have been made, others will be blamed: issue engagement and blame shifting in prime minister speeches during the economic crisis in Europe</article-title>”, <source>European Journal of Political Research</source>, Vol. <volume>5</volume> No. <issue>2</issue>, pp. <fpage>379</fpage>-<lpage>412</lpage>.</mixed-citation></ref><ref id="ref085"><mixed-citation publication-type="journal"><person-group person-group-type="author"><collab>U.S. Geological Survey</collab></person-group> (<year>2022</year>), “<article-title>Pad-US statistics dashboard</article-title>”, <comment>Gap Analysis Project</comment>, available at: <ext-link ext-link-type="uri" xlink:href="https://www.usgs.gov/programs/gap-analysis-project/science/pad-us-statistics-dashboard">https://www.usgs.gov/programs/gap-analysis-project/science/pad-us-statistics-dashboard</ext-link></mixed-citation></ref><ref id="ref075"><mixed-citation publication-type="journal"><person-group person-group-type="author"><string-name><surname>Vakkuri</surname>, <given-names>J.</given-names></string-name>, <string-name><surname>Johanson</surname>, <given-names>J.E.</given-names></string-name>, <string-name><surname>Feng</surname>, <given-names>N.C.</given-names></string-name> and <string-name><surname>Giordano</surname>, <given-names>F.</given-names></string-name></person-group> (<year>2021</year>), “<article-title>Governance and accountability in hybrid organizations–past, present and future</article-title>”, <source>Journal of Public Budgeting, Accounting and Financial Management</source>, Vol. <volume>33</volume> No. <issue>3</issue>, pp. <fpage>245</fpage>-<lpage>260</lpage>, doi: <pub-id pub-id-type="doi">10.1108/jpbafm-02-2021-0033</pub-id>.</mixed-citation></ref><ref id="ref080"><mixed-citation publication-type="journal"><person-group person-group-type="author"><string-name><surname>Wehner</surname>, <given-names>J.</given-names></string-name></person-group> (<year>2010</year>), “<article-title>Cabinet structure and fiscal policy outcomes</article-title>”, <source>European Journal of Political Research</source>, Vol. <volume>49</volume> No. <issue>5</issue>, pp. <fpage>631</fpage>-<lpage>653</lpage>.</mixed-citation></ref><ref id="ref076"><mixed-citation publication-type="book"><person-group person-group-type="author"><string-name><surname>Wildavsky</surname>, <given-names>A.</given-names></string-name></person-group> (<year>1964</year>), <source>The Politics of the Budgetary Process</source>, <publisher-name>Little Brown</publisher-name>, <publisher-loc>Boston</publisher-loc>.</mixed-citation></ref><ref id="ref077"><mixed-citation publication-type="journal"><person-group person-group-type="author"><string-name><surname>Winkel</surname>, <given-names>G.</given-names></string-name></person-group> (<year>2014</year>), “<article-title>When the pendulum doesn't find its center: environmental narratives, strategies, and forest policy change in the US Pacific Northwest</article-title>”, <source>Global Environmental Change</source>, Vol. <volume>27</volume>, pp. <fpage>84</fpage>-<lpage>95</lpage>, doi: <pub-id pub-id-type="doi">10.1016/j.gloenvcha.2014.04.009</pub-id>.</mixed-citation></ref><ref id="ref078"><mixed-citation publication-type="journal"><person-group person-group-type="author"><string-name><surname>Young</surname>, <given-names>J.C.</given-names></string-name>, <string-name><surname>Rose</surname>, <given-names>D.C.</given-names></string-name>, <string-name><surname>Mumby</surname>, <given-names>H.S.</given-names></string-name>, <string-name><surname>Benitez‐Capistros</surname>, <given-names>F.</given-names></string-name>, <string-name><surname>Derrick</surname>, <given-names>C.J.</given-names></string-name>, <string-name><surname>Finch</surname>, <given-names>T.</given-names></string-name>, <string-name><surname>Garcia</surname>, <given-names>C.</given-names></string-name>, <string-name><surname>Home</surname>, <given-names>C.</given-names></string-name>, <string-name><surname>Marwaha</surname>, <given-names>E.</given-names></string-name>, <string-name><surname>Morgans</surname>, <given-names>C.</given-names></string-name>, <string-name><surname>Parkinson</surname>, <given-names>S.</given-names></string-name>, <string-name><surname>Shah</surname>, <given-names>J.</given-names></string-name>, <string-name><surname>Wilson</surname>, <given-names>K.A.</given-names></string-name> and <string-name><surname>Mukherjee</surname>, <given-names>N.</given-names></string-name></person-group> (<year>2018</year>), “<article-title>A methodological guide to using and reporting on interviews in conservation science research</article-title>”, <source>Methods in Ecology and Evolution</source>, Vol. <volume>9</volume> No. <issue>1</issue>, pp. <fpage>10</fpage>-<lpage>19</lpage>, doi: <pub-id pub-id-type="doi">10.1111/2041-210X.12828</pub-id>.</mixed-citation></ref><ref id="ref079"><mixed-citation publication-type="journal"><person-group person-group-type="author"><string-name><surname>Zelli</surname>, <given-names>F.</given-names></string-name> and <string-name><surname>van Asselt</surname>, <given-names>H.</given-names></string-name></person-group> (<year>2013</year>), “<article-title>The institutional fragmentation of Global Environmental Governance: causes, consequences, and responses</article-title>”, <source>Global Environmental Politics</source>, Vol. <volume>13</volume> No. <issue>3</issue>, pp. <fpage>1</fpage>-<lpage>13</lpage>, doi: <pub-id pub-id-type="doi">10.1162/GLEP_a_00180</pub-id>.</mixed-citation></ref></ref-list></back></article>