<?xml version="1.0" encoding="UTF-8"?>
<!DOCTYPE article PUBLIC "-//NLM//DTD JATS (Z39.96) Journal Archiving and Interchange DTD with MathML3 v1.1d1 20130915//EN" "JATS-archivearticle1-mathml3.dtd"><article xmlns:mml="http://www.w3.org/1998/Math/MathML" xmlns:xlink="http://www.w3.org/1999/xlink" xmlns:xsi="http://www.w3.org/2001/XMLSchema-instance" dtd-version="1.1d1" xml:lang="en" article-type="research-article">
<front id="meta-hdr">
<journal-meta>
<journal-id journal-id-type="publisher-id">RIA</journal-id>
<journal-id journal-id-type="doi">10.1108/RIA</journal-id>
<journal-title-group>
<journal-title>Robotic Intelligence and Automation</journal-title>
<abbrev-journal-title abbrev-type="publisher">RIA</abbrev-journal-title>
</journal-title-group>
<issn publication-format="print">2754-6969</issn>
<issn publication-format="online">2754-6977</issn>
<issn-l/>
<publisher>
<publisher-name>Emerald Publishing Limited</publisher-name>
</publisher>
</journal-meta>
<article-meta id="art-meta">
<article-id pub-id-type="publisher-id">718258</article-id>
<article-id pub-id-type="doi">10.1108/RIA-06-2023-0080</article-id>
<article-id pub-id-type="original-pdf">RIA-06-2023-0080.pdf</article-id>
<article-id pub-id-type="filename">RIA-06-2023-0080</article-id>
<article-categories>
<subj-group subj-group-type="type-of-publication">
<compound-subject>
<compound-subject-part content-type="code">research-article</compound-subject-part>
<compound-subject-part content-type="label">Research paper</compound-subject-part>
</compound-subject>
</subj-group>
<subj-group subj-group-type="subject">
<compound-subject>
<compound-subject-part content-type="code">cat-ENGG</compound-subject-part>
<compound-subject-part content-type="label">Engineering</compound-subject-part>
</compound-subject>
<subj-group subj-group-type="subject">
<compound-subject>
<compound-subject-part content-type="code"/>
<compound-subject-part content-type="label">Industrial engineering</compound-subject-part>
</compound-subject>
<subj-group subj-group-type="subject">
<compound-subject>
<compound-subject-part content-type="code"/>
<compound-subject-part content-type="label">design &amp; manufacturing</compound-subject-part>
</compound-subject>
<subj-group subj-group-type="subject">
<compound-subject>
<compound-subject-part content-type="code">cat-ENGG</compound-subject-part>
<compound-subject-part content-type="label">Engineering</compound-subject-part>
</compound-subject>
<subj-group subj-group-type="subject">
<compound-subject>
<compound-subject-part content-type="code">cat-MEG</compound-subject-part>
<compound-subject-part content-type="label">Mechanical engineering</compound-subject-part>
</compound-subject>
</subj-group>
</subj-group>
</subj-group>
</subj-group>
</subj-group>
</article-categories>
<title-group>
<article-title xml:lang="en">Research on decoupling control of single leg joints of hydraulic quadruped robot</article-title>
</title-group>
<contrib-group>
<contrib corresp="yes" contrib-type="author">
<name-alternatives>
<name name-style="western"><surname>Gao</surname><given-names>Bingwei</given-names></name>
<string-name name-style="western"><given-names>Bingwei</given-names> <surname>Gao</surname>
</string-name>
</name-alternatives>
<email>gaobingwei_happy@163.com</email>
<xref ref-type="aff" rid="aff1"/>
</contrib>
<contrib contrib-type="author">
<name-alternatives>
<name name-style="western"><surname>Zhao</surname><given-names>Hongjian</given-names></name>
<string-name name-style="western"><given-names>Hongjian</given-names> <surname>Zhao</surname>
</string-name>
</name-alternatives>
<email>zhao13396447894@163.com</email>
<xref ref-type="aff" rid="aff1"/>
</contrib>
<contrib contrib-type="author">
<name-alternatives>
<name name-style="western"><surname>Han</surname><given-names>Wenlong</given-names></name>
<string-name name-style="western"><given-names>Wenlong</given-names> <surname>Han</surname>
</string-name>
</name-alternatives>
<email>18644068785@163.com</email>
<xref ref-type="aff" rid="aff2"/>
</contrib>
<contrib contrib-type="author">
<name-alternatives>
<name name-style="western"><surname>Xue</surname><given-names>Shilong</given-names></name>
<string-name name-style="western"><given-names>Shilong</given-names> <surname>Xue</surname>
</string-name>
</name-alternatives>
<email>121434651@qq.com</email>
<xref ref-type="aff" rid="aff2"/>
</contrib>
<aff id="aff1">Department of School of Mechanical and Power Engineering, <institution-wrap><institution>Harbin University of Science and Technology</institution></institution-wrap>, Harbin, <country country="CN">China</country></aff>
<aff id="aff2"><institution-wrap><institution>Harbin Fenghua Co., Ltd. Power Station Equipment Filiale China Aerospace Science and Industry Corp</institution></institution-wrap>, Harbin, <country country="CN">China</country></aff>
</contrib-group>
<author-notes>
<corresp id="cor1">Bingwei Gao can be contacted at: <ext-link ext-link-type="email" xlink:href="mailto:gaobingwei_happy@163.com">gaobingwei_happy@163.com</ext-link></corresp></author-notes>
<pub-date publication-format="electronic" date-type="pub" iso-8601-date="2024-04-17"><day>17</day><month>04</month><year>2024</year></pub-date>
<pub-date publication-format="print" date-type="pub" iso-8601-date="2024-05-06"><day>06</day><month>05</month><year>2024</year></pub-date>
<volume>44</volume><issue>2</issue>
<fpage>201</fpage><lpage>214</lpage>
<history>
<date date-type="received" iso-8601-date="2023-05-09"><day>09</day><month>05</month><year>2023</year></date>
<date date-type="revised" iso-8601-date="2023-08-24"><day>24</day><month>08</month><year>2023</year></date>
<date date-type="revised" iso-8601-date="2023-08-30"><day>30</day><month>08</month><year>2023</year></date>
<date date-type="accepted" iso-8601-date="2023-08-30"><day>30</day><month>08</month><year>2023</year></date>
</history>
<permissions>
<copyright-statement>© Emerald Publishing Limited</copyright-statement>
<copyright-year>2024</copyright-year>
<copyright-holder>Emerald Publishing Limited</copyright-holder>
<license license-type="publisher">
<license-p>Licensed re-use rights only</license-p>
</license>
</permissions>
<self-uri content-type="pdf" xlink:href="RIA-06-2023-0080.pdf"/>
<abstract abstract-type="structured" id="abstr1" xml:lang="en">
<sec>
<title content-type="abstract-subheading">Purpose</title>
<p>This study proposes a predictive neural network model reference decoupling control method for the coupling problem between the leg joints of hydraulic quadruped robots, and verifies its decoupling effect..</p>
</sec>
<sec>
<title content-type="abstract-subheading">Design/methodology/approach</title>
<p>The machine–hydraulic cross-linking coupling is studied as the coupling behavior of the hydraulically driven quadruped robot, and the mechanical dynamics coupling force of the robot system is controlled as the disturbance force of the hydraulic system through the Jacobian matrix transformation. According to the principle of multivariable decoupling, a prediction-based neural network model reference decoupling control method is proposed; each module of the control algorithm is designed one by one, and the stability of the system is analyzed by the Lyapunov stability theorem.</p>
</sec>
<sec>
<title content-type="abstract-subheading">Findings</title>
<p>The simulation and experimental research on the robot joint decoupling control method is carried out, and the prediction-based neural network model reference decoupling control method is compared with the decoupling control method without any decoupling control method. The results show that taking the coupling effect experiment between the hip joint and knee joint as an example, after using the predictive neural network model reference decoupling control method, the phase lag of the hip joint response line was reduced from 20.3° to 14.8°, the amplitude attenuation was reduced from 1.82% to 0.21%, the maximum error of the knee joint coupling line was reduced from 0.67 mm to 0.16 mm and the coupling effect between the hip joint and knee joint was reduced from 1.9% to 0.48%, achieving good decoupling.</p>
</sec>
<sec>
<title content-type="abstract-subheading">Originality/value</title>
<p>The prediction-based neural network model reference decoupling control method proposed in this paper can use the neural network model to predict the next output of the system according to the input and output. Finally, the weights of the neural network are corrected online according to the predicted output and the given reference output, so that the optimization index of the neural network decoupling controller is extremely small, and the purpose of decoupling control is achieved.</p>
</sec>
</abstract>
<kwd-group kwd-group-type="author-generated" xml:lang="en"><kwd>Hydraulic quadruped robot</kwd><x xml:space="preserve">, </x><kwd>Predictive control</kwd><x xml:space="preserve">, </x><kwd>Neural network</kwd><x xml:space="preserve">, </x><kwd>Model reference</kwd><x xml:space="preserve">, </x><kwd>Decoupling control</kwd> 
</kwd-group>
<counts>
<fig-count count="15"/>
<table-count count="1"/>
<equation-count count="69"/>
<ref-count count="26"/>
<page-count count="14"/>
<word-count count="7253"/>
</counts>
<custom-meta-group>
<custom-meta>
          <meta-name>copyright-code</meta-name>
          <meta-value>M</meta-value>
        </custom-meta>
        <custom-meta>
          <meta-name>deliverables</meta-name>
          <meta-value>Web-ready article package</meta-value>
        </custom-meta>
        <custom-meta>
          <meta-name>peer-reviewed</meta-name>
          <meta-value>Yes</meta-value>
        </custom-meta>
        <custom-meta>
          <meta-name>academic-content</meta-name>
          <meta-value>Yes</meta-value>
        </custom-meta>
        <custom-meta>
          <meta-name>EContentType</meta-name>
          <meta-value>JOURNAL</meta-value>
        </custom-meta>
        <custom-meta>
          <meta-name>rightslink</meta-name>
          <meta-value>included</meta-value>
        </custom-meta>
</custom-meta-group>
</article-meta>
</front>

<back>

<ref-list id="refs1">
<title>References</title>
<ref id="ref001"><mixed-citation publication-type="journal"><person-group person-group-type="author"><string-name><surname>Burlacu</surname>, <given-names>A.</given-names></string-name> and <string-name><surname>Lazar</surname>, <given-names>C.</given-names></string-name></person-group> (<year>2012</year>), “<article-title>Reference trajectory-based visual predictive control</article-title>”, <source>Advanced Robotics</source>, Vol. <volume>26</volume> Nos <issue>8/9</issue>, pp. <fpage>1035</fpage>-<lpage>1054</lpage>.</mixed-citation></ref>
<ref id="ref002"><mixed-citation publication-type="journal"><person-group person-group-type="author"><string-name><surname>Chatty</surname>, <given-names>A.</given-names></string-name>, <string-name><surname>Gaussier</surname>, <given-names>P.</given-names></string-name>, <string-name><surname>Hasnain</surname>, <given-names>S.K.</given-names></string-name>, <string-name><surname>Kallel</surname>, <given-names>I.</given-names></string-name> and <string-name><surname>Alimi</surname>, <given-names>A.M.</given-names></string-name></person-group> (<year>2014</year>), “<article-title>The effect of learning by imitation on a multi-robot system based on the coupling of low-level imitation strategy and online learning for cognitive map building</article-title>”, <source>Advanced Robotics</source>, Vol. <volume>28</volume> No. <issue>11</issue>, pp. <fpage>731</fpage>-<lpage>743</lpage>.</mixed-citation></ref>
<ref id="ref003"><mixed-citation publication-type="journal"><person-group person-group-type="author"><string-name><surname>Chiang</surname>, <given-names>M.H.</given-names></string-name>, <string-name><surname>Yeh</surname>, <given-names>Y.P.</given-names></string-name>, <string-name><surname>Yang</surname>, <given-names>F.L.</given-names></string-name> and <string-name><surname>Chen</surname>, <given-names>Y.N.</given-names></string-name></person-group> (<year>2005</year>), “<article-title>Integrated control of clamping force and energy-saving in hydraulic injection moulding machines using decoupling fuzzy sliding-mode control</article-title>”, <source>The International Journal of Advanced Manufacturing Technology</source>, Vol. <volume>27</volume> Nos <issue>1/2</issue>, pp. <fpage>53</fpage>-<lpage>62</lpage>.</mixed-citation></ref>
<ref id="ref004"><mixed-citation publication-type="journal"><person-group person-group-type="author"><string-name><surname>Fu</surname>, <given-names>B.</given-names></string-name> and <string-name><surname>Cai</surname>, <given-names>G.W.</given-names></string-name></person-group> (<year>2022</year>), “<article-title>Design and optimization of a joint torque sensor with small crosstalk error for robots</article-title>”, <source>Measurement</source>, Vol. <volume>200</volume>, p. <fpage>111629</fpage>.</mixed-citation></ref>
<ref id="ref005"><mixed-citation publication-type="journal"><person-group person-group-type="author"><string-name><surname>Gao</surname>, <given-names>B.W.</given-names></string-name> and <string-name><surname>Han</surname>, <given-names>W.L.</given-names></string-name></person-group> (<year>2018</year>), “<article-title>Neural network model reference decoupling control for single leg joint of hydraulic quadruped robot</article-title>”, <source>Assembly Automation</source>, Vol. <volume>38</volume> No. <issue>4</issue>, pp. <fpage>465</fpage>-<lpage>475</lpage>.</mixed-citation></ref>
<ref id="ref006"><mixed-citation publication-type="journal"><person-group person-group-type="author"><string-name><surname>Gao</surname>, <given-names>B.W.</given-names></string-name>, <string-name><surname>Ye</surname>, <given-names>Y.T.</given-names></string-name> and <string-name><surname>Han</surname>, <given-names>G.H.</given-names></string-name></person-group> (<year>2019</year>), “<article-title>Research on PID neural network decoupling control among joints of hydraulic quadruped robot</article-title>”, <source>Recent Patents on Mechanical Engineering</source>, Vol. <volume>12</volume> No. <issue>4</issue>, pp. <fpage>367</fpage>-<lpage>377</lpage>.</mixed-citation></ref>
<ref id="ref007"><mixed-citation publication-type="journal"><person-group person-group-type="author"><string-name><surname>García-Herreros</surname>, <given-names>I.</given-names></string-name>, <string-name><surname>Kestelyn</surname>, <given-names>X.</given-names></string-name>, <string-name><surname>Gomand</surname>, <given-names>J.</given-names></string-name>, <string-name><surname>Coleman</surname>, <given-names>R.</given-names></string-name> and <string-name><surname>Barre</surname>, <given-names>P.J.</given-names></string-name></person-group> (<year>2012</year>), “<article-title>Model-based decoupling control method for dual-drive gantry stages: a case study with experimental validations</article-title>”, <source>Control Engineering Practice</source>, Vol. <volume>21</volume> No. <issue>3</issue>, pp. <fpage>298</fpage>-<lpage>307</lpage>.</mixed-citation></ref>
<ref id="ref008"><mixed-citation publication-type="journal"><person-group person-group-type="author"><string-name><surname>Garrido</surname>, <given-names>J.</given-names></string-name>, <string-name><surname>Vázquez</surname>, <given-names>F.</given-names></string-name> and <string-name><surname>Morilla</surname>, <given-names>F.</given-names></string-name></person-group> (<year>2012</year>), “<article-title>Centralized multivariable control by simplified decoupling</article-title>”, <source>Journal of Process Control</source>, Vol. <volume>22</volume> No. <issue>6</issue>, pp. <fpage>1044</fpage>-<lpage>1062</lpage>.</mixed-citation></ref>
<ref id="ref009"><mixed-citation publication-type="journal"><person-group person-group-type="author"><string-name><surname>Guo</surname>, <given-names>Y.Q.</given-names></string-name>, <string-name><surname>Zha</surname>, <given-names>X.M.</given-names></string-name>, <string-name><surname>Shen</surname>, <given-names>Y.Y.</given-names></string-name>, <string-name><surname>Wang</surname>, <given-names>Y.N.</given-names></string-name> and <string-name><surname>Chen</surname>, <given-names>G.</given-names></string-name></person-group> (<year>2022</year>), “<article-title>Research on PID position control of a hydraulic servo system based on Kalman genetic optimization</article-title>”, <source>Actuators</source>, Vol. <volume>11</volume> No. <issue>6</issue>, p. <fpage>162</fpage>.</mixed-citation></ref>
<ref id="ref010"><mixed-citation publication-type="journal"><person-group person-group-type="author"><string-name><surname>Li</surname>, <given-names>G.</given-names></string-name>, <string-name><surname>Liu</surname>, <given-names>W.</given-names></string-name>, <string-name><surname>Han</surname>, <given-names>W.F.</given-names></string-name>, <string-name><surname>Guo</surname>, <given-names>B.J.</given-names></string-name> and <string-name><surname>Li</surname>, <given-names>Y.S.</given-names></string-name></person-group> (<year>2018</year>), “<article-title>Research on structure decoupling of passive electro-hydraulic force servo system</article-title>”, <source>Advances in Mechanical Engineering</source>, Vol. <volume>10</volume> No. <issue>5</issue>, p. <fpage>168781401877290</fpage>.</mixed-citation></ref>
<ref id="ref011"><mixed-citation publication-type="journal"><person-group person-group-type="author"><string-name><surname>Liu</surname>, <given-names>L.</given-names></string-name>, <string-name><surname>Tian</surname>, <given-names>S.</given-names></string-name>, <string-name><surname>Xue</surname>, <given-names>D.</given-names></string-name>, <string-name><surname>Zhang</surname>, <given-names>T.</given-names></string-name>, <string-name><surname>Chen</surname>, <given-names>Y.</given-names></string-name> and <string-name><surname>Zhang</surname>, <given-names>S.</given-names></string-name></person-group> (<year>2019</year>), “<article-title>A review of industrial MIMO decoupling control</article-title>”, <source>International Journal of Control, Automation and Systems</source>, Vol. <volume>17</volume> No. <issue>5</issue>, pp. <fpage>1246</fpage>-<lpage>1254</lpage>.</mixed-citation></ref>
<ref id="ref012"><mixed-citation publication-type="journal"><person-group person-group-type="author"><string-name><surname>Liu</surname>, <given-names>Z.W.</given-names></string-name>, <string-name><surname>Yang</surname>, <given-names>D.</given-names></string-name>, <string-name><surname>Wang</surname>, <given-names>S.Q.</given-names></string-name> and <string-name><surname>Su</surname>, <given-names>H.A.</given-names></string-name></person-group> (<year>2022</year>), “<article-title>Adaptive multi-channel Bayesian graph attention network for IoT transaction security</article-title>”, <source>Digital Communications and Networks (in Press, Journal Pre-Proof)</source>.</mixed-citation></ref>
<ref id="ref013"><mixed-citation publication-type="journal"><person-group person-group-type="author"><string-name><surname>Liu</surname>, <given-names>X.R.</given-names></string-name>, <string-name><surname>Jiang</surname>, <given-names>W.Y.</given-names></string-name>, <string-name><surname>Su</surname>, <given-names>H.</given-names></string-name>, <string-name><surname>Qi</surname>, <given-names>W.</given-names></string-name> and <string-name><surname>Ge</surname>, <given-names>S.S.</given-names></string-name></person-group> (<year>2023a</year>), “<article-title>A control strategy of robot Eye-Head coordinated gaze behavior achieved for minimized neural transmission noise</article-title>”, <source>IEEE/ASME Transactions on Mechatronics</source>, Vol. <volume>28</volume> No. <issue>2</issue>, pp. <fpage>956</fpage>-<lpage>966</lpage>.</mixed-citation></ref>
<ref id="ref014"><mixed-citation publication-type="journal"><person-group person-group-type="author"><string-name><surname>Liu</surname>, <given-names>X.R.</given-names></string-name>, <string-name><surname>Li</surname>, <given-names>X.</given-names></string-name>, <string-name><surname>Su</surname>, <given-names>H.</given-names></string-name>, <string-name><surname>Zhao</surname>, <given-names>Y.F.</given-names></string-name> and <string-name><surname>Ge</surname>, <given-names>S.S.</given-names></string-name></person-group> (<year>2023b</year>), “<article-title>The opening workspace control strategy of a novel manipulator-driven emission source microscopy system</article-title>”, <source>ISA Transactions</source>, Vol. <volume>134</volume>, pp. <fpage>573</fpage>-<lpage>587</lpage>.</mixed-citation></ref>
<ref id="ref015"><mixed-citation publication-type="journal"><person-group person-group-type="author"><string-name><surname>Liu</surname>, <given-names>Z.W.</given-names></string-name>, <string-name><surname>Yang</surname>, <given-names>D.</given-names></string-name>, <string-name><surname>Wang</surname>, <given-names>Y.J.</given-names></string-name>, <string-name><surname>Lu</surname>, <given-names>M.J.</given-names></string-name> and <string-name><surname>Li</surname>, <given-names>R.R.</given-names></string-name></person-group> (<year>2023c</year>), “<article-title>EGNN: graph structure learning based on evolutionary computation helps more in graph neural networks</article-title>”, <source>Applied Soft Computing</source>, Vol. <volume>135</volume>, p. <fpage>110040</fpage>.</mixed-citation></ref>
<ref id="ref016"><mixed-citation publication-type="journal"><person-group person-group-type="author"><string-name><surname>Nguyen</surname>, <given-names>H.T.</given-names></string-name> and <string-name><surname>St</surname>, <given-names>W.S.</given-names></string-name></person-group> (<year>2009</year>), “<article-title>Conditions for triangular decoupling control</article-title>”, <source>International Journal of Control</source>, Vol. <volume>82</volume> No. <issue>9</issue>, pp. <fpage>1575</fpage>-<lpage>1581</lpage>.</mixed-citation></ref>
<ref id="ref017"><mixed-citation publication-type="journal"><person-group person-group-type="author"><string-name><surname>Ram</surname>, <given-names>R.V.</given-names></string-name>, <string-name><surname>Pathak</surname>, <given-names>P.M.</given-names></string-name> and <string-name><surname>Junco</surname>, <given-names>S.J.</given-names></string-name></person-group> (<year>2019</year>), “<article-title>Inverse kinematics of mobile manipulator using bidirectional particle swarm optimization by manipulator decoupling</article-title>”, <source>Mechanism and Machine Theory</source>, Vol. <volume>131</volume>, pp. <fpage>385</fpage>-<lpage>405</lpage>.</mixed-citation></ref>
<ref id="ref018"><mixed-citation publication-type="journal"><person-group person-group-type="author"><string-name><surname>Rui</surname>, <given-names>Z.</given-names></string-name>, <string-name><surname>Yang</surname>, <given-names>Q.J.</given-names></string-name>, <string-name><surname>Song</surname>, <given-names>J.X.</given-names></string-name>, <string-name><surname>Yang</surname>, <given-names>S.R.</given-names></string-name>, <string-name><surname>Liu</surname>, <given-names>Y.D.</given-names></string-name> and <string-name><surname>Qi</surname>, <given-names>M.</given-names></string-name></person-group> (<year>2021</year>), “<article-title>Research and improvement on active compliance control of hydraulic quadruped robot</article-title>”, <source>International Journal of Control Automation and Systems</source>, Vol. <volume>19</volume> No. <issue>5</issue>, pp. <fpage>1931</fpage>-<lpage>1943</lpage>.</mixed-citation></ref>
<ref id="ref019"><mixed-citation publication-type="journal"><person-group person-group-type="author"><string-name><surname>Saraswati</surname>, <given-names>S.</given-names></string-name> and <string-name><surname>Chand</surname>, <given-names>S.</given-names></string-name></person-group> (<year>2010</year>), “<article-title>Online linearization-based neural predictive control of air-fuel ratio in SI engines with PID feedback correction scheme</article-title>”, <source>Neural Computing and Applications</source>, Vol. <volume>19</volume> No. <issue>6</issue>, pp. <fpage>919</fpage>-<lpage>933</lpage>.</mixed-citation></ref>
<ref id="ref020"><mixed-citation publication-type="journal"><person-group person-group-type="author"><string-name><surname>Shao</surname>, <given-names>J.</given-names></string-name>, <string-name><surname>Jin</surname>, <given-names>C.H.</given-names></string-name>, <string-name><surname>Wang</surname>, <given-names>X.G.</given-names></string-name>, <string-name><surname>Wang</surname>, <given-names>Y.M.</given-names></string-name>, <string-name><surname>Jing</surname>, <given-names>J.</given-names></string-name> and <string-name><surname>Zhou</surname>, <given-names>X.</given-names></string-name></person-group> (<year>2019</year>), “<article-title>Study on motion analysis and force/position hydraulic control of a parallel cylinder transmission system of heavy-duty quadruped robot</article-title>”, <source>International Journal of Advanced Robotic Systems</source>, Vol. <volume>16</volume> No. <issue>1</issue>, p. <fpage>172988141983155</fpage>.</mixed-citation></ref>
<ref id="ref021"><mixed-citation publication-type="other"><person-group person-group-type="author"><string-name><surname>Song</surname>, <given-names>S.J.</given-names></string-name></person-group> (<year>2020</year>), “<article-title>Research on dynamic decoupling control strategy of 6-DOF parallel mechanism</article-title>”, <comment>Electronic Science and Technology, CN</comment>.</mixed-citation></ref>
<ref id="ref022"><mixed-citation publication-type="journal"><person-group person-group-type="author"><string-name><surname>Song</surname>, <given-names>X.</given-names></string-name>, <string-name><surname>Zhao</surname>, <given-names>Y.</given-names></string-name>, <string-name><surname>Jin</surname>, <given-names>L.</given-names></string-name>, <string-name><surname>Zhang</surname>, <given-names>P.</given-names></string-name> and <string-name><surname>Chen</surname>, <given-names>C.</given-names></string-name></person-group> (<year>2019</year>), “<article-title>Dynamic feedforward control in decoupling space for a four-degree-of-freedom parallel robot</article-title>”, <source>International Journal of Advanced Robotic Systems</source>, Vol. <volume>16</volume> No. <issue>1</issue>, p. <fpage>172988141882045</fpage>.</mixed-citation></ref>
<ref id="ref023"><mixed-citation publication-type="journal"><person-group person-group-type="author"><string-name><surname>Sun</surname>, <given-names>W.</given-names></string-name>, <string-name><surname>Lin</surname>, <given-names>J.W.</given-names></string-name>, <string-name><surname>Su</surname>, <given-names>S.F.</given-names></string-name>, <string-name><surname>Wang</surname>, <given-names>N.</given-names></string-name> and <string-name><surname>Er</surname>, <given-names>M.J.</given-names></string-name></person-group> (<year>2020</year>), “<article-title>Reduced adaptive fuzzy decoupling control for lower limb exoskeleton</article-title>”, <source>IEEE Transactions on Cybernetics</source>, Vol. <volume>51</volume> No. <issue>3</issue>, pp. <fpage>1099</fpage>-<lpage>1109</lpage>.</mixed-citation></ref>
<ref id="ref024"><mixed-citation publication-type="journal"><person-group person-group-type="author"><string-name><surname>Yuzawa</surname>, <given-names>Y.</given-names></string-name> and <string-name><surname>Kudo</surname>, <given-names>K.</given-names></string-name></person-group> (<year>2011</year>), “<article-title>Empirical predictive model for long-period (1-15 SEC) ground motion on hard rocks</article-title>”, <source>Journal of Structural and Construction Engineering (Transactions of AIJ)</source>, Vol. <volume>76</volume> No. <issue>661</issue>, pp. <fpage>519</fpage>-<lpage>526</lpage>.</mixed-citation></ref>
<ref id="ref025"><mixed-citation publication-type="journal"><person-group person-group-type="author"><string-name><surname>Zhang</surname>, <given-names>M.</given-names></string-name>, <string-name><surname>Fang</surname>, <given-names>L.J.</given-names></string-name>, <string-name><surname>Sun</surname>, <given-names>F.</given-names></string-name> and <string-name><surname>Sun</surname>, <given-names>X.W.</given-names></string-name></person-group> (<year>2019</year>), “<article-title>Joint design and decoupling control method of variable stiffness flexible robot</article-title>”, <source>Electric Machines and Control</source>, Vol. <volume>23</volume> No. <issue>7</issue>, pp. <fpage>120</fpage>-<lpage>128</lpage>.</mixed-citation></ref>
<ref id="ref026"><mixed-citation publication-type="journal"><person-group person-group-type="author"><string-name><surname>Zhao</surname>, <given-names>J.</given-names></string-name>, <string-name><surname>Sun</surname>, <given-names>X.D.</given-names></string-name>, <string-name><surname>Zhao</surname>, <given-names>L.</given-names></string-name> and <string-name><surname>Wang</surname>, <given-names>J.Z.</given-names></string-name></person-group> (<year>2018</year>), “<article-title>Robust backstepping control of double-rod cylinder for motion synchronization of mold oscillator</article-title>”, <source>Proceedings of the Institution of Mechanical Engineers, Part I: Journal of Systems and Control Engineering</source>, Vol. <volume>232</volume> No. <issue>1</issue>, pp. <fpage>29</fpage>-<lpage>38</lpage>.</mixed-citation></ref></ref-list></back>
</article>