<?xml version="1.0" encoding="UTF-8"?>
<!DOCTYPE article PUBLIC "-//NLM//DTD JATS (Z39.96) Journal Archiving and Interchange DTD with MathML3 v1.1d1 20130915//EN" "JATS-archivearticle1-mathml3.dtd"><article xmlns:mml="http://www.w3.org/1998/Math/MathML" xmlns:xlink="http://www.w3.org/1999/xlink" article-type="research-article" dtd-version="1.1d1" xml:lang="en">
<front id="meta-hdr">
<journal-meta>
<journal-id journal-id-type="publisher-id">RIA</journal-id>
<journal-id journal-id-type="doi">10.1108/RIA</journal-id>
<journal-title-group>
<journal-title>Robotic Intelligence and Automation</journal-title>
<abbrev-journal-title abbrev-type="publisher">RIA</abbrev-journal-title>
</journal-title-group>
<issn publication-format="print">2754-6969</issn>
<issn publication-format="online">2754-6977</issn>
<issn-l/>
<publisher>
<publisher-name>Emerald Publishing Limited</publisher-name>
</publisher>
</journal-meta>
<article-meta id="art-meta">
<article-id pub-id-type="publisher-id">719614</article-id>
<article-id pub-id-type="doi">10.1108/RIA-07-2023-0090</article-id>
<article-id pub-id-type="original-pdf">RIA-07-2023-0090.pdf</article-id>
<article-id pub-id-type="filename">RIA-07-2023-0090</article-id>
<article-categories>
<subj-group subj-group-type="type-of-publication">
<compound-subject>
<compound-subject-part content-type="code">research-article</compound-subject-part>
<compound-subject-part content-type="label">Research paper</compound-subject-part>
</compound-subject>
</subj-group>
<subj-group subj-group-type="subject">
<compound-subject>
<compound-subject-part content-type="code">cat-ENGG</compound-subject-part>
<compound-subject-part content-type="label">Engineering</compound-subject-part>
</compound-subject>
<subj-group subj-group-type="subject">
<compound-subject>
<compound-subject-part content-type="code"/>
<compound-subject-part content-type="label">Industrial engineering</compound-subject-part>
</compound-subject>
<subj-group subj-group-type="subject">
<compound-subject>
<compound-subject-part content-type="code"/>
<compound-subject-part content-type="label">design &amp; manufacturing</compound-subject-part>
</compound-subject>
<subj-group subj-group-type="subject">
<compound-subject>
<compound-subject-part content-type="code">cat-ENGG</compound-subject-part>
<compound-subject-part content-type="label">Engineering</compound-subject-part>
</compound-subject>
<subj-group subj-group-type="subject">
<compound-subject>
<compound-subject-part content-type="code">cat-MEG</compound-subject-part>
<compound-subject-part content-type="label">Mechanical engineering</compound-subject-part>
</compound-subject>
</subj-group>
</subj-group>
</subj-group>
</subj-group>
</subj-group>
</article-categories>
<title-group>
<article-title xml:lang="en">Research on small sample target detection for underwater robot</article-title>
</title-group>
<contrib-group>
<contrib contrib-type="author"><name-alternatives><name name-style="western"><surname>Luo</surname><given-names>Hu</given-names></name><string-name name-style="western"><given-names>Hu</given-names> <surname>Luo</surname></string-name>
</name-alternatives><email>lhshanghai123@shu.edu.cn</email><xref ref-type="aff" rid="aff1"/>
</contrib>
<contrib contrib-type="author"><name-alternatives><name name-style="western"><surname>Ruan</surname><given-names>Haobin</given-names></name><string-name name-style="western"><given-names>Haobin</given-names> <surname>Ruan</surname></string-name>
</name-alternatives><email>825258680@qq.com</email><xref ref-type="aff" rid="aff1"/>
</contrib>
<contrib corresp="yes" contrib-type="author"><name-alternatives><name name-style="western"><surname>Tu</surname><given-names>Dawei</given-names></name><string-name name-style="western"><given-names>Dawei</given-names> <surname>Tu</surname></string-name>
</name-alternatives><email>tdw@shu.edu.cn</email><xref ref-type="aff" rid="aff1"/>
</contrib>
<aff id="aff1"><institution-wrap><institution>School of Mechatronic Engineering and Automation, Shanghai University</institution></institution-wrap>, Shanghai, <country country="CN">People’s Republic of China</country></aff>
</contrib-group>
<author-notes>
<corresp id="cor1">Dawei Tu can be contacted at: <ext-link ext-link-type="email" xlink:href="mailto:tdw@shu.edu.cn">tdw@shu.edu.cn</ext-link></corresp></author-notes>
<pub-date publication-format="electronic" date-type="pub" iso-8601-date="2024-04-08"><day>08</day><month>04</month><year>2024</year></pub-date>
<pub-date publication-format="print" date-type="pub" iso-8601-date="2024-05-06"><day>06</day><month>05</month><year>2024</year></pub-date>
<volume>44</volume><issue>2</issue>
<fpage>229</fpage><lpage>241</lpage>
<history>
<date date-type="received" iso-8601-date="2023-02-02"><day>02</day><month>02</month><year>2023</year></date>
<date date-type="revised" iso-8601-date="2023-10-12"><day>12</day><month>10</month><year>2023</year></date>
<date date-type="revised" iso-8601-date="2023-11-11"><day>11</day><month>11</month><year>2023</year></date>
<date date-type="accepted" iso-8601-date="2023-11-11"><day>11</day><month>11</month><year>2023</year></date>
</history>
<permissions>
<copyright-statement>© Emerald Publishing Limited</copyright-statement>
<copyright-year>2024</copyright-year>
<copyright-holder>Emerald Publishing Limited</copyright-holder>
<license license-type="publisher">
<license-p>Licensed re-use rights only</license-p>
</license>
</permissions>
<self-uri content-type="pdf" xlink:href="RIA-07-2023-0090.pdf"/>
<abstract abstract-type="structured" id="abstr1" xml:lang="en">
<sec><title content-type="abstract-subheading">Purpose</title>
<p>The purpose of this paper is to propose a whole set of methods for underwater target detection, because most underwater objects have small samples, low quality underwater images problems such as detail loss, low contrast and color distortion, and verify the feasibility of the proposed methods through experiments.</p>
</sec>
<sec><title content-type="abstract-subheading">Design/methodology/approach</title>
<p>The improved RGHS algorithm to enhance the original underwater target image is proposed, and then the YOLOv4 deep learning network for underwater small sample targets detection is improved based on the combination of traditional data expansion method and Mosaic algorithm, expanding the feature extraction capability with SPP (Spatial Pyramid Pooling) module after each feature extraction layer to extract richer feature information.</p>
</sec>
<sec><title content-type="abstract-subheading">Findings</title>
<p>The experimental results, using the official dataset, reveal a 3.5% increase in average detection accuracy for three types of underwater biological targets compared to the traditional YOLOv4 algorithm. In underwater robot application testing, the proposed method achieves an impressive 94.73% average detection accuracy for the three types of underwater biological targets.</p>
</sec>
<sec><title content-type="abstract-subheading">Originality/value</title>
<p>Underwater target detection is an important task for underwater robot application. However, most underwater targets have the characteristics of small samples, and the detection of small sample targets is a comprehensive problem because it is affected by the quality of underwater images. This paper provides a whole set of methods to solve the problems, which is of great significance to the application of underwater robot.</p>
</sec>
</abstract>
<kwd-group kwd-group-type="author-generated" xml:lang="en"><kwd>Small sample</kwd><x xml:space="preserve">, </x><kwd>Underwater image</kwd><x xml:space="preserve">, </x><kwd>Image enhancement</kwd><x xml:space="preserve">, </x><kwd>Target detection</kwd>
</kwd-group>
<counts>
<fig-count count="15"/>
<table-count count="4"/>
<equation-count count="15"/>
<ref-count count="28"/>
<page-count count="13"/>
<word-count count="5987"/>
</counts>
<custom-meta-group>
<custom-meta>
<meta-name>copyright-code</meta-name>
<meta-value>M</meta-value>
</custom-meta>
<custom-meta>
<meta-name>deliverables</meta-name>
<meta-value>Web-ready article package</meta-value>
</custom-meta>
<custom-meta>
<meta-name>peer-reviewed</meta-name>
<meta-value>Yes</meta-value>
</custom-meta>
<custom-meta>
<meta-name>academic-content</meta-name>
<meta-value>Yes</meta-value>
</custom-meta>
<custom-meta>
<meta-name>EContentType</meta-name>
<meta-value>JOURNAL</meta-value>
</custom-meta>
<custom-meta>
<meta-name>rightslink</meta-name>
<meta-value>included</meta-value>
</custom-meta>
</custom-meta-group>
</article-meta>
</front>

<back>

<ref-list id="refs1">
<title>References</title>
<ref id="ref001"><mixed-citation publication-type="other"><person-group person-group-type="author"><string-name><surname>Bochkovskiy</surname>, <given-names>A.</given-names></string-name>, <string-name><surname>Wang</surname>, <given-names>C.Y.</given-names></string-name> and <string-name><surname>Liao</surname>, <given-names>H.Y.M.</given-names></string-name></person-group> (<year>2020</year>), “<article-title>YOLOv4: optimal speed and accuracy of object detection</article-title>”, <comment>arXiv preprint arXiv:2004.10934</comment>.</mixed-citation></ref>
<ref id="ref002"><mixed-citation publication-type="journal"><person-group person-group-type="author"><string-name><surname>Cao</surname>, <given-names>Q.</given-names></string-name>, <string-name><surname>Xia</surname>, <given-names>Y.</given-names></string-name>, <string-name><surname>Sun</surname>, <given-names>Z.</given-names></string-name> and <string-name><surname>Li</surname>, <given-names>D.</given-names></string-name></person-group> (<year>2022</year>), “<article-title>Fusion event-triggered model predictive control based on shrinking prediction horizon</article-title>”, <source>Assembly Automation</source>, Vol. <volume>42</volume> No. <issue>6</issue>, pp. <fpage>721</fpage>-<lpage>729</lpage>, doi: <pub-id pub-id-type="doi">10.1108/aa-02-2022-0022</pub-id>.</mixed-citation></ref>
<ref id="ref003"><mixed-citation publication-type="journal"><person-group person-group-type="author"><string-name><surname>Fu</surname>, <given-names>H.</given-names></string-name>, <string-name><surname>Song</surname>, <given-names>G.</given-names></string-name> and <string-name><surname>Wang</surname>, <given-names>Y.</given-names></string-name></person-group> (<year>2021</year>), “<article-title>Improved YOLOv4 marine target detection combined with CBAM</article-title>”, <source>Symmetry</source>, Vol. <volume>13</volume> No. <issue>4</issue>, p. <fpage>623</fpage>, doi: <pub-id pub-id-type="doi">10.3390/sym13040623</pub-id>.</mixed-citation></ref>
<ref id="ref004"><mixed-citation publication-type="journal"><person-group person-group-type="author"><string-name><surname>Hou</surname>, <given-names>G.</given-names></string-name>, <string-name><surname>Pan</surname>, <given-names>H.</given-names></string-name>, <string-name><surname>Huang</surname>, <given-names>B.</given-names></string-name>, <string-name><surname>Wang</surname>, <given-names>G.</given-names></string-name>, <string-name><surname>Wei</surname>, <given-names>W.</given-names></string-name> and <string-name><surname>Pan</surname>, <given-names>Z.</given-names></string-name></person-group> (<year>2018</year>), “<article-title>Efficient L1-based nonlocal total variational model of Retinex for image restoration</article-title>”, <source>Journal of Electronic Imaging</source>, Vol. <volume>27</volume> No. <issue>5</issue>, p. <fpage>1</fpage>, doi: <pub-id pub-id-type="doi">10.1117/1.jei.27.5.051207</pub-id>.</mixed-citation></ref>
<ref id="ref005"><mixed-citation publication-type="journal"><person-group person-group-type="author"><string-name><surname>Huang</surname>, <given-names>D.</given-names></string-name>, <string-name><surname>Wang</surname>, <given-names>Y.</given-names></string-name>, <string-name><surname>Song</surname>, <given-names>W.</given-names></string-name>, <string-name><surname>Sequeira</surname>, <given-names>J.</given-names></string-name> and <string-name><surname>Mavromatis</surname>, <given-names>S.</given-names></string-name></person-group> (<year>2018</year>), “<article-title>Shallow-water image enhancement using relative global histogram stretching based on adaptive parameter acquisition</article-title>”, <source>MultiMedia Modeling</source>, pp. <fpage>453</fpage>-<lpage>465</lpage>, doi: <pub-id pub-id-type="doi">10.1007/978-3-319-73603-7_37</pub-id>.</mixed-citation></ref>
<ref id="ref006"><mixed-citation publication-type="journal"><person-group person-group-type="author"><string-name><surname>Hummel</surname>, <given-names>R.</given-names></string-name></person-group> (<year>1977</year>), “<article-title>Image enhancement by histogram transformation</article-title>”, <source>Computer Graphics and Image Processing</source>, Vol. <volume>6</volume> No. <issue>2</issue>, pp. <fpage>184</fpage>-<lpage>195</lpage>, doi: <pub-id pub-id-type="doi">10.1016/s0146-664x(77)80011-7</pub-id>.</mixed-citation></ref>
<ref id="ref007"><mixed-citation publication-type="confproc"><person-group person-group-type="author"><string-name><surname>Kim</surname>, <given-names>K.J.</given-names></string-name>, <string-name><surname>Kim</surname>, <given-names>P.K.</given-names></string-name>, <string-name><surname>Chung</surname>, <given-names>Y.S.</given-names></string-name> and <string-name><surname>Choi</surname>, <given-names>D.H.</given-names></string-name></person-group> (<year>2018</year>), “<article-title>Performance enhancement of YOLOv3 by adding prediction layers with spatial pyramid pooling for vehicle detection</article-title>”, <source><italic>15th IEEE International Conference on Advanced Video and Signal Based Surveillance</italic></source>, pp. <source>1</source>-<lpage>6</lpage>, doi: <pub-id pub-id-type="doi">10.1109/AVSS.2018.8639438</pub-id>.</mixed-citation></ref>
<ref id="ref008"><mixed-citation publication-type="confproc"><person-group person-group-type="author"><string-name><surname>Lin</surname>, <given-names>T.Y.</given-names></string-name>, <string-name><surname>Dollár</surname>, <given-names>P.</given-names></string-name>, <string-name><surname>Girshick</surname>, <given-names>R.</given-names></string-name>, <string-name><surname>He</surname>, <given-names>K.</given-names></string-name>, <string-name><surname>Hariharan</surname>, <given-names>B.</given-names></string-name> and <string-name><surname>Belongie</surname>, <given-names>S.</given-names></string-name></person-group> (<year>2017</year>), “<article-title>Feature pyramid networks for object detection</article-title>”, <conf-name>Proceedings of the IEEE Conference on Computer Vision and Pattern Recognition</conf-name>, pp. <fpage>2117</fpage>-<lpage>2125</lpage>, doi: <pub-id pub-id-type="doi">10.48550/arxiv.1612.03144</pub-id>.</mixed-citation></ref>
<ref id="ref009"><mixed-citation publication-type="confproc"><person-group person-group-type="author"><string-name><surname>Liu</surname>, <given-names>S.</given-names></string-name>, <string-name><surname>Qi</surname>, <given-names>L.</given-names></string-name>, <string-name><surname>Qin</surname>, <given-names>H.</given-names></string-name>, <string-name><surname>Shi</surname>, <given-names>J.</given-names></string-name> and <string-name><surname>Jia</surname>, <given-names>J.</given-names></string-name></person-group> (<year>2018</year>), “<article-title>Path aggregation network for instance segmentation</article-title>”, <conf-name>Proceedings of the IEEE Conference on Computer Vision and Pattern Recognition</conf-name>, pp. <fpage>8759</fpage>-<lpage>8768</lpage>, doi: <pub-id pub-id-type="doi">10.48550/arXiv.1803.01534</pub-id>.</mixed-citation></ref>
<ref id="ref010"><mixed-citation publication-type="journal"><person-group person-group-type="author"><string-name><surname>Nepal</surname>, <given-names>U.</given-names></string-name> and <string-name><surname>Eslamiat</surname>, <given-names>H.</given-names></string-name></person-group> (<year>2022</year>), “<article-title>Comparing YOLOv3, YOLOv4 and YOLOv5 for autonomous landing spot detection in faulty UAVs</article-title>”, <source>Sensors</source>, Vol. <volume>22</volume> No. <issue>2</issue>, p. <fpage>464</fpage>, doi: <pub-id pub-id-type="doi">10.3390/s22020464</pub-id>.</mixed-citation></ref>
<ref id="ref011"><mixed-citation publication-type="journal"><person-group person-group-type="author"><string-name><surname>Panetta</surname>, <given-names>K.</given-names></string-name>, <string-name><surname>Gao</surname>, <given-names>C.</given-names></string-name> and <string-name><surname>Agaian</surname>, <given-names>S.S.</given-names></string-name></person-group> (<year>2016</year>), “<article-title>Human-visual-system-inspired underwater image quality measures</article-title>”, <source>IEEE Journal of Oceanic Engineering</source>, Vol. <volume>41</volume> No. <issue>3</issue>, pp. <fpage>541</fpage>-<lpage>551</lpage>, doi: <pub-id pub-id-type="doi">10.1109/joe.2015.2469915</pub-id>.</mixed-citation></ref>
<ref id="ref012"><mixed-citation publication-type="confproc"><person-group person-group-type="author"><string-name><surname>Redmon</surname>, <given-names>J.</given-names></string-name>, <string-name><surname>Divvala</surname>, <given-names>S.</given-names></string-name>, <string-name><surname>Girshick</surname>, <given-names>R.</given-names></string-name> and <string-name><surname>Farhadi</surname>, <given-names>A.</given-names></string-name></person-group> (<year>2016</year>), “<article-title>You only look once: unified, real-time object detection</article-title>”, <conf-name>Proceedings of the IEEE Conference on Computer Vision and Pattern Recognition</conf-name>, pp. <fpage>779</fpage>-<lpage>788</lpage>, doi: <pub-id pub-id-type="doi">10.1109/cvpr.2016.91</pub-id>.</mixed-citation></ref>
<ref id="ref013"><mixed-citation publication-type="journal"><person-group person-group-type="author"><string-name><surname>Roy</surname>, <given-names>A.M.</given-names></string-name>, <string-name><surname>Bose</surname>, <given-names>R.</given-names></string-name> and <string-name><surname>Bhaduri</surname>, <given-names>J.</given-names></string-name></person-group> (<year>2022</year>), “<article-title>A fast accurate fine-grain object detection model based on YOLOv4 deep neural network</article-title>”, <source>Neural Computing and Applications</source>, Vol. <volume>34</volume> No. <issue>5</issue>, pp. <fpage>3895</fpage>-<lpage>3921</lpage>, doi: <pub-id pub-id-type="doi">10.1007/s00521-021-06651-x</pub-id>.</mixed-citation></ref>
<ref id="ref014"><mixed-citation publication-type="journal"><person-group person-group-type="author"><string-name><surname>Song</surname>, <given-names>X.</given-names></string-name>, <string-name><surname>Huang</surname>, <given-names>J.</given-names></string-name>, <string-name><surname>Cao</surname>, <given-names>J.</given-names></string-name> and <string-name><surname>Song</surname>, <given-names>D.</given-names></string-name></person-group> (<year>2021</year>), “<article-title>Multi-scale joint network based on Retinex theory for low-light enhancement</article-title>”, <source>Signal, Image and Video Processing</source>, Vol. <volume>15</volume> No. <issue>6</issue>, pp. <fpage>1257</fpage>-<lpage>1264</lpage>, doi: <pub-id pub-id-type="doi">10.1007/s11760-021-01856-y</pub-id>.</mixed-citation></ref>
<ref id="ref015"><mixed-citation publication-type="confproc"><person-group person-group-type="author"><string-name><surname>Tan</surname>, <given-names>M.</given-names></string-name>, <string-name><surname>Pang</surname>, <given-names>R.</given-names></string-name> and <string-name><surname>Le</surname>, <given-names>Q.V.</given-names></string-name></person-group> (<year>2019</year>), “<article-title>EfficientDet: scalable and efficient object detection</article-title>”, <conf-name>Proceedings of the IEEE/CVF Conference on Computer Vision and Pattern Recognition</conf-name>, pp. <fpage>10781</fpage>-<lpage>10790</lpage>, doi: <pub-id pub-id-type="doi">10.48550/arxiv.1911.09070</pub-id>.</mixed-citation></ref>
<ref id="ref016"><mixed-citation publication-type="journal"><person-group person-group-type="author"><string-name><surname>Tian</surname>, <given-names>M.</given-names></string-name>, <string-name><surname>Li</surname>, <given-names>X.</given-names></string-name>, <string-name><surname>Kong</surname>, <given-names>S.</given-names></string-name>, <string-name><surname>Wu</surname>, <given-names>L.</given-names></string-name> and <string-name><surname>Yu</surname>, <given-names>J.</given-names></string-name></person-group> (<year>2022</year>), “<article-title>A modified YOLOv4 detection method for a vision-based underwater garbage cleaning robot</article-title>”, <source>Frontiers of Information Technology &amp; Electronic Engineering</source>, Vol. <volume>23</volume> No. <issue>8</issue>, pp. <fpage>1217</fpage>-<lpage>1228</lpage>, doi: <pub-id pub-id-type="doi">10.1631/fitee.2100473</pub-id>.</mixed-citation></ref>
<ref id="ref017"><mixed-citation publication-type="journal"><person-group person-group-type="author"><string-name><surname>Venkatanath</surname>, <given-names>N.</given-names></string-name>, <string-name><surname>Praneeth</surname>, <given-names>D.</given-names></string-name>, <string-name><surname>Maruthi</surname>, <given-names>C.B.</given-names></string-name>, <string-name><surname>Channappayya</surname>, <given-names>S.S.</given-names></string-name> and <string-name><surname>Medasani</surname>, <given-names>S.</given-names></string-name></person-group> (<year>2015</year>), “<article-title>Blind image quality evaluation using perception based features</article-title>”, <source>National Conference on Communications</source>, pp. <fpage>1</fpage>-<lpage>6</lpage>, doi: <pub-id pub-id-type="doi">10.1109/ncc.2015.7084843</pub-id>.</mixed-citation></ref>
<ref id="ref018"><mixed-citation publication-type="confproc"><person-group person-group-type="author"><string-name><surname>Wang</surname>, <given-names>C.Y.</given-names></string-name>, <string-name><surname>Mark Liao</surname>, <given-names>H.Y.</given-names></string-name>, <string-name><surname>Wu</surname>, <given-names>Y.H.</given-names></string-name>, <string-name><surname>Chen</surname>, <given-names>P.Y.</given-names></string-name>, <string-name><surname>Hsieh</surname>, <given-names>J.W.</given-names></string-name> and <string-name><surname>Yeh</surname>, <given-names>I.H.</given-names></string-name></person-group> (<year>2020</year>), “<article-title>CSPNet: a new backbone that can enhance learning capability of CNN</article-title>”, <conf-name>Proceedings of the IEEE/CVF Conference on Computer Vision and Pattern Recognition Workshops</conf-name>, pp. <fpage>390</fpage>-<lpage>391</lpage>, doi: <pub-id pub-id-type="doi">10.1109/cvprw50498.2020.00203</pub-id>.</mixed-citation></ref>
<ref id="ref019"><mixed-citation publication-type="confproc"><person-group person-group-type="author"><string-name><surname>Wen</surname>, <given-names>H.</given-names></string-name>, <string-name><given-names>Y.</given-names>, <surname>Tian</surname></string-name>, <string-name><given-names>T.</given-names>, <surname>Huang</surname></string-name>, <string-name><surname>Wen</surname>, <given-names>Gao</given-names></string-name></person-group>. (<year>2013</year>), “<article-title>Single underwater image enhancement with a new optical model</article-title>”, <conf-name>2013 IEEE International Symposium on Circuits and Systems</conf-name>, pp. <fpage>753</fpage>-<lpage>756</lpage>, doi: <pub-id pub-id-type="doi">10.1109/iscas.2013.6571956</pub-id>.</mixed-citation></ref>
<ref id="ref020"><mixed-citation publication-type="journal"><person-group person-group-type="author"><string-name><surname>Yang</surname>, <given-names>A.</given-names></string-name>, <string-name><surname>Wang</surname>, <given-names>Q.</given-names></string-name>, <string-name><surname>Ji</surname>, <given-names>Z.</given-names></string-name> and <string-name><surname>Wang</surname>, <given-names>J.</given-names></string-name></person-group> (<year>2020</year>), “<article-title>Single underwater image restoration based on adaptive color correction and adaptive transmission fusion</article-title>”, <source>Journal of Electronic Imaging</source>, Vol. <volume>29</volume> No. <issue>4</issue>, p. <fpage>43006</fpage>, doi: <pub-id pub-id-type="doi">10.1117/1.jei.29.4.043006</pub-id>. p</mixed-citation></ref>
<ref id="ref021"><mixed-citation publication-type="journal"><person-group person-group-type="author"><string-name><surname>Yang</surname>, <given-names>M.</given-names></string-name> and <string-name><surname>Sowmya</surname>, <given-names>A.</given-names></string-name></person-group> (<year>2015</year>), “<article-title>An underwater color image quality evaluation metric</article-title>”, <source>IEEE Transactions on Image Processing</source>, Vol. <volume>24</volume> No. <issue>12</issue>, pp. <fpage>6062</fpage>-<lpage>6071</lpage>, doi: <pub-id pub-id-type="doi">10.1109/tip.2015.2491020</pub-id>.</mixed-citation></ref>
<ref id="ref022"><mixed-citation publication-type="journal"><person-group person-group-type="author"><string-name><surname>Yu</surname>, <given-names>J.-T.</given-names></string-name>, <string-name><surname>Jia</surname>, <given-names>R.-S.</given-names></string-name>, <string-name><surname>Gao</surname>, <given-names>L.</given-names></string-name>, <string-name><surname>Yin</surname>, <given-names>R.-N.</given-names></string-name>, <string-name><surname>Sun</surname>, <given-names>H.-M.</given-names></string-name> and <string-name><surname>Zheng</surname>, <given-names>Y.-G.</given-names></string-name></person-group> (<year>2021</year>), “<article-title>Underwater image enhancement method based on the generative adversarial network</article-title>”, <source>Journal of Electronic Imaging</source>, Vol. <volume>30</volume> No. <issue>1</issue>, p. <fpage>13009</fpage>, doi: <pub-id pub-id-type="doi">10.1117/1.jei.30.1.013009</pub-id>.</mixed-citation></ref>
<ref id="ref023"><mixed-citation publication-type="journal"><person-group person-group-type="author"><string-name><surname>Zakria</surname>, <given-names>Z.</given-names></string-name>, <string-name><surname>Deng</surname>, <given-names>J.</given-names></string-name>, <string-name><surname>Kumar</surname>, <given-names>R.</given-names></string-name>, <string-name><surname>Khokhar</surname>, <given-names>M.S.</given-names></string-name>, <string-name><surname>Cai</surname>, <given-names>J.</given-names></string-name> and <string-name><surname>Kumar</surname>, <given-names>J.</given-names></string-name></person-group> (<year>2022</year>), “<article-title>Multiscale and direction target detecting in remote sensing images via modified YOLO-v4</article-title>”, <source>IEEE Journal of Selected Topics in Applied Earth Observations and Remote Sensing</source>, Vol. <volume>15</volume>, pp. <fpage>1039</fpage>-<lpage>1048</lpage>, doi: <pub-id pub-id-type="doi">10.1109/jstars.2022.3140776</pub-id>.</mixed-citation></ref>
<ref id="ref024"><mixed-citation publication-type="confproc"><person-group person-group-type="author"><string-name><surname>Zamir</surname>, <given-names>S.W.</given-names></string-name>, <string-name><surname>Arora</surname>, <given-names>A.</given-names></string-name>, <string-name><surname>Gupta</surname>, <given-names>A.</given-names></string-name>, <string-name><surname>Khan</surname>, <given-names>S.</given-names></string-name>, <string-name><surname>Sun</surname>, <given-names>G.</given-names></string-name>, <string-name><surname>Khan</surname>, <given-names>F.S.</given-names></string-name>, <string-name><surname>Zhu</surname>, <given-names>F.</given-names></string-name>, <string-name><surname>Shao</surname>, <given-names>L.</given-names></string-name>, <string-name><surname>Xia</surname>, <given-names>G.S.</given-names></string-name> and <string-name><surname>Bai</surname>, <given-names>X.</given-names></string-name></person-group> (<year>2019</year>), “<article-title>iSAID: a large-scale dataset for instance segmentation in aerial images</article-title>”, <conf-name>Proceedings of the IEEE/CVF Conference on Computer Vision and Pattern Recognition Workshops</conf-name>, pp. <fpage>28</fpage>-<lpage>37</lpage>.</mixed-citation></ref>
<ref id="ref025"><mixed-citation publication-type="journal"><person-group person-group-type="author"><string-name><surname>Zuiderveld</surname>, <given-names>K.</given-names></string-name></person-group> (<year>1994</year>), “<article-title>Contrast limited adaptive histogram equalization</article-title>”, <source>Graphics Gems</source>, pp. <fpage>474</fpage>-<lpage>485</lpage>, doi: <pub-id pub-id-type="doi">10.1016/b978-0-12-336156-1.50061-6</pub-id>.</mixed-citation></ref></ref-list>
<ref-list id="refs2">
<title>Further reading</title>
<ref id="ref026"><mixed-citation publication-type="journal"><person-group person-group-type="author"><string-name><surname>Kaiming</surname>, <given-names>H.</given-names></string-name>, <string-name><surname>Sun</surname>, <given-names>J.</given-names></string-name> and <string-name><surname>Tang</surname>, <given-names>X.</given-names></string-name></person-group> (<year>2011</year>), “<article-title>Single image haze removal using dark channel prior</article-title>”, <source>IEEE Transactions on Pattern Analysis and Machine Intelligence</source>, Vol. <volume>33</volume> No. <issue>12</issue>, pp. <fpage>2341</fpage>-<lpage>2353</lpage>, doi: <pub-id pub-id-type="doi">10.1109/tpami.2010.168</pub-id>.</mixed-citation></ref>
<ref id="ref027"><mixed-citation publication-type="journal"><person-group person-group-type="author"><string-name><surname>Chang</surname>, <given-names>J.</given-names></string-name> and <string-name><surname>Bai</surname>, <given-names>J.-H.</given-names></string-name></person-group> (<year>2016</year>), “<article-title>Retinex image enhancement algorithm based on rotational symmetric bilateral filtering</article-title>”, <source>Computer Engineering</source>, Vol. <volume>42</volume> No. <issue>6</issue>, pp. <fpage>265</fpage>-<lpage>273</lpage>, doi: <pub-id pub-id-type="doi">10.3969/j.issn.1000-3428.2016.06.047</pub-id>.</mixed-citation></ref>
<ref id="ref028"><mixed-citation publication-type="journal"><person-group person-group-type="author"><string-name><surname>Lian</surname>, <given-names>J.</given-names></string-name>, <string-name><surname>He</surname>, <given-names>J.</given-names></string-name>, <string-name><surname>Niu</surname>, <given-names>Y.</given-names></string-name> and <string-name><surname>Wang</surname>, <given-names>T.</given-names></string-name></person-group> (<year>2021</year>), “<article-title>Fast and accurate detection of surface defect based on improved YOLOv4</article-title>”, <source>Assembly Automation</source>, Vol. <volume>42</volume> No. <issue>1</issue>, pp. <fpage>134</fpage>-<lpage>146</lpage>, doi: <pub-id pub-id-type="doi">10.1108/aa-04-2021-0044</pub-id>.</mixed-citation></ref></ref-list></back>
</article>