<?xml version="1.0" encoding="UTF-8"?>
<!DOCTYPE article PUBLIC "-//NLM//DTD JATS (Z39.96) Journal Archiving and Interchange DTD with MathML3 v1.1d1 20130915//EN" "JATS-archivearticle1-mathml3.dtd"><article xmlns:mml="http://www.w3.org/1998/Math/MathML" xmlns:xsi="http://www.w3.org/2001/XMLSchema-instance" xmlns:xlink="http://www.w3.org/1999/xlink" article-type="research-article" dtd-version="1.1d1" xml:lang="en"><front id="meta-hdr"><journal-meta><journal-id journal-id-type="publisher-id">JPBAFM</journal-id><journal-id journal-id-type="doi">10.1108/JPBAFM</journal-id><journal-title-group><journal-title>Journal of Public Budgeting, Accounting &amp; Financial Management</journal-title><abbrev-journal-title abbrev-type="publisher">JPBAFM</abbrev-journal-title></journal-title-group><issn publication-format="print">1096-3367</issn><issn publication-format="online">1945-1814</issn><publisher><publisher-name>Emerald Publishing Limited</publisher-name></publisher></journal-meta><article-meta id="art-meta"><article-id pub-id-type="publisher-id">723664</article-id><article-id pub-id-type="doi">10.1108/JPBAFM-09-2023-0158</article-id><article-id pub-id-type="original-pdf">JPBAFM-09-2023-0158.pdf</article-id><article-id pub-id-type="filename">JPBAFM-09-2023-0158</article-id><article-categories><subj-group subj-group-type="type-of-publication"><compound-subject><compound-subject-part content-type="code">research-article</compound-subject-part><compound-subject-part content-type="label">Research paper</compound-subject-part></compound-subject></subj-group><subj-group subj-group-type="subject"><compound-subject><compound-subject-part content-type="code">cat-ACF</compound-subject-part><compound-subject-part content-type="label">Accounting &amp; finance</compound-subject-part></compound-subject></subj-group><subj-group subj-group-type="subject"><compound-subject><compound-subject-part content-type="code"/><compound-subject-part content-type="label">Accounting/accountancy</compound-subject-part></compound-subject></subj-group><subj-group subj-group-type="subject"><compound-subject><compound-subject-part content-type="code"/><compound-subject-part content-type="label">Accounting methods/systems</compound-subject-part></compound-subject></subj-group><subj-group subj-group-type="subject"><compound-subject><compound-subject-part content-type="code"/><compound-subject-part content-type="label">Economics</compound-subject-part></compound-subject></subj-group><subj-group subj-group-type="subject"><compound-subject><compound-subject-part content-type="code"/><compound-subject-part content-type="label">Public finance/economics</compound-subject-part></compound-subject></subj-group></article-categories><title-group><article-title xml:lang="en">The impact of the Tax Cuts and Jobs Act on the true interest cost of bank-qualified tax-exempt bond issues</article-title></title-group><contrib-group><contrib contrib-type="author" corresp="yes"><contrib-id contrib-id-type="orcid">https://orcid.org/0000-0001-9896-9861</contrib-id><name-alternatives><name name-style="western"><surname>Benson</surname><given-names>Earl D.</given-names></name><string-name name-style="western"><given-names>Earl D.</given-names> <surname>Benson</surname></string-name></name-alternatives><email>earl.benson@wwu.edu</email><xref ref-type="aff" rid="aff1"/></contrib><contrib contrib-type="author"><contrib-id contrib-id-type="orcid">https://orcid.org/0000-0002-1350-9194</contrib-id><name-alternatives><name name-style="western"><surname>Marks</surname><given-names>Barry R.</given-names></name><string-name name-style="western"><given-names>Barry R.</given-names> <surname>Marks</surname></string-name></name-alternatives><email>marks@uhcl.edu</email><xref ref-type="aff" rid="aff2"/></contrib><aff id="aff1">Department of Finance and Marketing, <institution-wrap><institution>College of Business and Economics</institution></institution-wrap>, <institution-wrap><institution>Western Washington University</institution></institution-wrap>, Bellingham, Washington, <country country="US">USA</country></aff><aff id="aff2">Department of Accounting, College of Business, University of Houston - <institution-wrap><institution>Clear Lake</institution></institution-wrap>, Houston, Texas, <country country="US">USA</country></aff></contrib-group><author-notes><corresp id="cor1">Earl D. Benson can be contacted at: <ext-link ext-link-type="email" xlink:href="mailto:earl.benson@wwu.edu">earl.benson@wwu.edu</ext-link></corresp></author-notes><pub-date publication-format="electronic" date-type="pub" iso-8601-date="2024-06-17"><day>17</day><month>06</month><year>2024</year></pub-date><pub-date publication-format="print" date-type="pub" iso-8601-date="2024-08-07"><day>07</day><month>08</month><year>2024</year></pub-date><volume>36</volume><issue>4</issue><fpage>471</fpage><lpage>489</lpage><history><date date-type="received" iso-8601-date="2023-09-09"><day>09</day><month>09</month><year>2023</year></date><date date-type="revised" iso-8601-date="2024-02-23"><day>23</day><month>02</month><year>2024</year></date><date date-type="accepted" iso-8601-date="2024-04-29"><day>29</day><month>04</month><year>2024</year></date></history><permissions><copyright-statement>© Emerald Publishing Limited</copyright-statement><copyright-year>2024</copyright-year><copyright-holder>Emerald Publishing Limited</copyright-holder><license license-type="publisher"><license-p>Licensed re-use rights only</license-p></license></permissions><self-uri content-type="pdf" xlink:href="JPBAFM-09-2023-0158.pdf"/><abstract abstract-type="structured" id="abstr1" xml:lang="en"><sec><title content-type="abstract-subheading">Purpose</title><p>The Tax Cuts and Jobs Act of 2017 (TCJA) substantially lowered the corporate tax rate, making tax-exempt municipal bond issues less attractive investments for banks, savings and loan associations and insurance companies. To provide a benefit for small issuers the current Internal Revenue Code has a special provision that allows banks and S&amp;Ls to deduct 80% of the borrowing costs for “bank-qualified” bonds – tax-exempt bonds from issuers who issue no more than $10 million in bonds during a year. This study examines whether the relationship between the true interest cost (TIC) on bank-qualified bonds and other tax-exempt bonds changed with the passage of the TCJA.</p></sec><sec><title content-type="abstract-subheading">Design/methodology/approach</title><p>Using linear regression analysis this paper compares the TIC of bank-qualified bonds with the TIC of bonds not bank-qualified using a sample of bonds both before and after the passage of TCJA.</p></sec><sec><title content-type="abstract-subheading">Findings</title><p>Prior to the passage of the TCJA, this study observes that these “bank-qualified” bond issues had a lower true interest cost than other tax-exempt bond issues; however, after passage of the TCJA, the difference in the true interest cost between “bank-qualified” bond issues and other tax-exempt bond issues dramatically decreased.</p></sec><sec><title content-type="abstract-subheading">Practical implications</title><p>It appears that the benefit for small bond issuers is greatly reduced after corporate tax rates were significantly lowered. If federal lawmakers wish small issuers to have the same advantage over other tax-exempt municipal bond issuers after passage of TCJA, some changes will need to be made to the Internal Revenue Code to give small issuers an additional advantage when issuing tax-exempt debt.</p></sec><sec><title content-type="abstract-subheading">Originality/value</title><p>No other empirical research to date has examined the impact of TCJA on bank-qualified bond issue interest cost.</p></sec></abstract><kwd-group kwd-group-type="author-generated" xml:lang="en"><kwd>Municipal</kwd><x xml:space="preserve">, </x><kwd>Bonds</kwd><x xml:space="preserve">, </x><kwd>Bank-qualified</kwd><x xml:space="preserve">, </x><kwd>Tax cuts</kwd><x xml:space="preserve">, </x><kwd>Tax-exempt</kwd></kwd-group><counts><fig-count count="0"/><table-count count="5"/><equation-count count="1"/><ref-count count="39"/><page-count count="19"/><word-count count="10650"/></counts><custom-meta-group><custom-meta><meta-name>peer-reviewed</meta-name><meta-value>Yes</meta-value></custom-meta><custom-meta><meta-name>academic-content</meta-name><meta-value>Yes</meta-value></custom-meta><custom-meta><meta-name>EContentType</meta-name><meta-value>Journal</meta-value></custom-meta><custom-meta><meta-name>rightslink</meta-name><meta-value>included</meta-value></custom-meta></custom-meta-group></article-meta></front><back><ref-list id="refs1"><title>References</title><ref id="ref001"><mixed-citation publication-type="journal"><person-group person-group-type="author"><string-name><surname>Allen</surname>, <given-names>A.C.</given-names></string-name> and <string-name><surname>Dudney</surname>, <given-names>D.M.</given-names></string-name></person-group> (<year>2008</year>), “<article-title>The impact of rating agency reputation on local government bond yields</article-title>”, <source>Journal of Financial Services Research</source>, Vol. <volume>33</volume> No. <issue>1</issue>, pp. <fpage>57</fpage>-<lpage>76</lpage>, doi: <pub-id pub-id-type="doi">10.1007/s10693-007-0021-4</pub-id>.</mixed-citation></ref><ref id="ref002"><mixed-citation publication-type="journal"><person-group person-group-type="author"><string-name><surname>Ang</surname>, <given-names>A.</given-names></string-name>, <string-name><surname>Bhansali</surname>, <given-names>V.</given-names></string-name> and <string-name><surname>Xing</surname>, <given-names>Y.</given-names></string-name></person-group> (<year>2010</year>), “<article-title>Taxes on tax-exempt bonds</article-title>”, <source>Journal of Finance</source>, Vol. <volume>65</volume> No. <issue>2</issue>, pp. <fpage>565</fpage>-<lpage>601</lpage>, doi: <pub-id pub-id-type="doi">10.1111/j.1540-6261.2009.01545.x</pub-id> or, <comment>available at:</comment> <ext-link ext-link-type="uri" xlink:href="https://www.jstor.org/stable/25656304">https://www.jstor.org/stable/25656304</ext-link></mixed-citation></ref><ref id="ref003"><mixed-citation publication-type="journal"><person-group person-group-type="author"><string-name><surname>Baber</surname>, <given-names>W.R.</given-names></string-name>, <string-name><surname>Gore</surname>, <given-names>A.K.</given-names></string-name>, <string-name><surname>Rich</surname>, <given-names>K.T.</given-names></string-name> and <string-name><surname>Zhang</surname>, <given-names>J.X.</given-names></string-name></person-group> (<year>2013</year>), “<article-title>Accounting restatements, governance, and municipal debt financing</article-title>”, <source>Journal of Accounting and Economics</source>, Vol. <volume>56</volume> Nos <issue>2/3</issue>, pp. <fpage>212</fpage>-<lpage>227</lpage>, doi: <pub-id pub-id-type="doi">10.1016/j.jacceco.2013.08.003</pub-id>.</mixed-citation></ref><ref id="ref004"><mixed-citation publication-type="journal"><person-group person-group-type="author"><string-name><surname>Benson</surname>, <given-names>E.D.</given-names></string-name></person-group> (<year>1999</year>), “<article-title>The continuing cost to municipalities of selling competitive tax-exempt bonds by NIC</article-title>”, <source>Municipal Finance Journal</source>, Vol. <volume>20</volume> No. <issue>1</issue>, pp. <fpage>35</fpage>-<lpage>67</lpage>.</mixed-citation></ref><ref id="ref005"><mixed-citation publication-type="journal"><person-group person-group-type="author"><string-name><surname>Benson</surname>, <given-names>E.D.</given-names></string-name> and <string-name><surname>Marks</surname>, <given-names>B.R.</given-names></string-name></person-group> (<year>2017</year>), “<article-title>The interest cost of privately insured debt: does insurer matter?</article-title>”, <source>Municipal Finance Journal</source>, Vol. <volume>41</volume> No. <issue>4</issue>, pp. <fpage>23</fpage>-<lpage>48</lpage>.</mixed-citation></ref><ref id="ref006"><mixed-citation publication-type="journal"><person-group person-group-type="author"><string-name><surname>Benson</surname>, <given-names>E.D.</given-names></string-name> and <string-name><surname>Marks</surname>, <given-names>B.R.</given-names></string-name></person-group> (<year>2022</year>), “<article-title>The interest cost of split-rated bonds before and after Moody's recalibration in 2010</article-title>”, <source>Journal of Public Budgeting, Accounting, and Financial Management</source>, Vol. <volume>34</volume> No. <issue>3</issue>, pp. <fpage>464</fpage>-<lpage>487</lpage>, doi: <pub-id pub-id-type="doi">10.1108/JPBAFM-03-2021-0044</pub-id>.</mixed-citation></ref><ref id="ref007"><mixed-citation publication-type="journal"><person-group person-group-type="author"><string-name><surname>Cebula</surname>, <given-names>R.J.</given-names></string-name> and <string-name><surname>Clark</surname>, <given-names>J.R.</given-names></string-name></person-group> (<year>2020</year>), “<article-title>The tax-rate induced bond substitution hypothesis and the traditional textbook treatment of the relationship between tax-free and taxable bond yields</article-title>”, <source>Applied Economics</source>, Vol. <volume>52</volume> No. <issue>14</issue>, pp. <fpage>1606</fpage>-<lpage>1616</lpage>, doi: <pub-id pub-id-type="doi">10.1080/00036846.2019.1676876</pub-id>.</mixed-citation></ref><ref id="ref008"><mixed-citation publication-type="journal"><person-group person-group-type="author"><string-name><surname>Crowder</surname>, <given-names>W.J.</given-names></string-name> and <string-name><surname>Wohar</surname>, <given-names>M.E.</given-names></string-name></person-group> (<year>1999</year>), “<article-title>Are tax effects important in the long-run Fisher relationship? Evidence from the municipal bond market</article-title>”, <source>Journal of Finance</source>, Vol. <volume>54</volume> No. <issue>1</issue>, pp. <fpage>307</fpage>-<lpage>317</lpage>, doi: <pub-id pub-id-type="doi">10.1111/0022-1082.00105</pub-id>.</mixed-citation></ref><ref id="ref009"><mixed-citation publication-type="journal"><person-group person-group-type="author"><string-name><surname>Devitt</surname>, <given-names>C.</given-names></string-name></person-group> (<year>2021</year>), “<article-title>Key muni provisions advance</article-title>”, <source>The Bond Buyer</source>, Vol. <volume>393</volume> No. <issue>F629</issue>, <comment>17 September</comment>, pp. <fpage>1</fpage>, <comment>3</comment>.</mixed-citation></ref><ref id="ref010"><mixed-citation publication-type="journal"><person-group person-group-type="author"><string-name><surname>Devitt</surname>, <given-names>C.</given-names></string-name></person-group> (<year>2022</year>), “<article-title>Disclosure bill sent to President</article-title>”, <source>The Bond Buyer</source>, Vol. <volume>394</volume> No. <issue>35829</issue>, <comment>19 December</comment>, pp. <fpage>1</fpage>, <lpage>3</lpage>.</mixed-citation></ref><ref id="ref011"><mixed-citation publication-type="book"><person-group person-group-type="author"><string-name><surname>Erickson</surname>, <given-names>M.M.</given-names></string-name>, <string-name><surname>Hanlon</surname>, <given-names>M.</given-names></string-name>, <string-name><surname>Maydew</surname>, <given-names>E.L.</given-names></string-name> and <string-name><surname>Shevlin</surname>, <given-names>T.</given-names></string-name></person-group> (<year>2020</year>), <source>Scholes and Wolfson's Taxes and Business Strategy</source>, <edition>6th ed.</edition>, <publisher-name>Cambridge Business</publisher-name>, <publisher-loc>Westmont, IL</publisher-loc>.</mixed-citation></ref><ref id="ref012"><mixed-citation publication-type="web"><person-group person-group-type="author"><collab>Federal Deposit Insurance Corporation</collab></person-group> (<year>2024</year>), “<article-title>FDIC quarterly banking profile</article-title>”, <comment>available at:</comment> <ext-link ext-link-type="uri" xlink:href="https://www.fdic.gov/analysis/quarterly-banking-profile/">https://www.fdic.gov/analysis/quarterly-banking-profile/</ext-link> (<comment>accessed</comment> <date-in-citation content-type="access-date">8 February 2024</date-in-citation>).</mixed-citation></ref><ref id="ref013"><mixed-citation publication-type="web"><person-group person-group-type="author"><collab>Federal Reserve Bank of St. Louis</collab></person-group> (<year>2024</year>), “<article-title>Federal funds effective rate</article-title>”, <comment>available at:</comment> <ext-link ext-link-type="uri" xlink:href="https://fred.stlouisfed.org/series/FEDFUNDS">https://fred.stlouisfed.org/series/FEDFUNDS</ext-link> (<comment>accessed</comment> <date-in-citation content-type="access-date">8 February 2024</date-in-citation>).</mixed-citation></ref><ref id="ref014"><mixed-citation publication-type="web"><person-group person-group-type="author"><collab>Financial Accounting Standards Board</collab></person-group> (<year>2023</year>), “<article-title>Accounting standards codification</article-title>”, <comment>available at:</comment> <ext-link ext-link-type="uri" xlink:href="https://asc.fasb.org/Home">https://asc.fasb.org/Home</ext-link> (<comment>accessed</comment> <date-in-citation content-type="access-date">7 June 2023</date-in-citation>).</mixed-citation></ref><ref id="ref015"><mixed-citation publication-type="journal"><person-group person-group-type="author"><string-name><surname>Forbes</surname>, <given-names>R.W.</given-names></string-name> and <string-name><surname>Leonard</surname>, <given-names>P.A.</given-names></string-name></person-group> (<year>1994</year>), “<article-title>Bank qualified tax-exempt securities: a test of market segmentation and commercial bank demand</article-title>”, <source>Municipal Finance Journal</source>, Vol. <volume>15</volume> No. <issue>1</issue>, pp. <fpage>18</fpage>-<lpage>31</lpage>.</mixed-citation></ref><ref id="ref016"><mixed-citation publication-type="book"><person-group person-group-type="author"><string-name><surname>Gale</surname>, <given-names>W.G.</given-names></string-name>, <string-name><surname>Gelfond</surname>, <given-names>H.</given-names></string-name>, <string-name><surname>Krupkin</surname>, <given-names>A.</given-names></string-name>, <string-name><surname>Mazur</surname>, <given-names>M.J.</given-names></string-name> and <string-name><surname>Toder</surname>, <given-names>E.</given-names></string-name></person-group> (<year>2018</year>), <source>Effects of the Tax Cuts and Jobs Act: A Preliminary Analysis</source>, <publisher-name>Urban-Brookings Tax Policy Center</publisher-name>, <publisher-loc>Washington, DC</publisher-loc>. doi: <pub-id pub-id-type="doi">10.2139/ssrn.3280582</pub-id>.</mixed-citation></ref><ref id="ref017"><mixed-citation publication-type="journal"><person-group person-group-type="author"><string-name><surname>Glazier</surname>, <given-names>K.</given-names></string-name></person-group> (<year>2018</year>), “<article-title>Banks show largest drop in muni holdings in 30 Years</article-title>”, <source>The Bond Buyer</source>, Vol. <volume>390</volume> No. <issue>F468</issue>, <comment>8 June</comment>, p. <fpage>1</fpage>.</mixed-citation></ref><ref id="ref018"><mixed-citation publication-type="book"><person-group person-group-type="author"><string-name><surname>Greene</surname>, <given-names>W.H.</given-names></string-name></person-group> (<year>2012</year>), <source>Econometric Analysis</source>, <edition>7th ed.</edition>, <publisher-name>Prentice-Hall</publisher-name>, <publisher-loc>Upper Saddle River, NJ</publisher-loc>.</mixed-citation></ref><ref id="ref019"><mixed-citation publication-type="journal"><person-group person-group-type="author"><string-name><surname>Hatch</surname>, <given-names>K.</given-names></string-name>, <string-name><surname>Rai</surname>, <given-names>V.</given-names></string-name>, <string-name><surname>Doe</surname>, <given-names>T.</given-names></string-name> and <string-name><surname>Miller</surname>, <given-names>J.</given-names></string-name></person-group> (<year>2017</year>), “<article-title>Up-to-date interest rate curve and tax law changes: what are the effects on the municipal market?</article-title>”, <source>Municipal Finance Journal</source>, Vol. <volume>38</volume> No. <issue>3</issue>, pp. <fpage>23</fpage>-<lpage>43</lpage>.</mixed-citation></ref><ref id="ref020"><mixed-citation publication-type="journal"><person-group person-group-type="author"><string-name><surname>Henke</surname>, <given-names>T.S.</given-names></string-name> and <string-name><surname>Maher</surname>, <given-names>J.J.</given-names></string-name></person-group> (<year>2016</year>), “<article-title>Government reporting timeliness and municipal credit market implications</article-title>”, <source>Journal of Governmental and Nonprofit Accounting</source>, Vol. <volume>5</volume> No. <issue>1</issue>, pp. <fpage>1</fpage>-<lpage>24</lpage>, doi: <pub-id pub-id-type="doi">10.2308/ogna-51601</pub-id>.</mixed-citation></ref><ref id="ref021"><mixed-citation publication-type="journal"><person-group person-group-type="author"><string-name><surname>Hume</surname>, <given-names>L.</given-names></string-name></person-group> (<year>2017</year>), “<article-title>Tax bill will lead to radical transformation of muni market</article-title>”, <source>The Bond Buyer</source>, Vol. <volume>389</volume> No. <issue>34830</issue>, <comment>19 December</comment>, p. <fpage>1</fpage>.</mixed-citation></ref><ref id="ref022"><mixed-citation publication-type="journal"><person-group person-group-type="author"><string-name><surname>Hussey</surname>, <given-names>C.</given-names></string-name></person-group> (<year>2024</year>), “<article-title>Insurance companies cut their muni holdings</article-title>”, <source>The Bond Buyer</source>, Vol. <volume>396</volume> No. <issue>F736</issue>, <comment>12 January</comment>, pp. <fpage>1</fpage>, <lpage>3</lpage>.</mixed-citation></ref><ref id="ref023"><mixed-citation publication-type="book"><person-group person-group-type="author"><string-name><surname>Kieso</surname>, <given-names>D.E.</given-names></string-name>, <string-name><surname>Weygandt</surname>, <given-names>J.J.</given-names></string-name> and <string-name><surname>Warfield</surname>, <given-names>T.D.</given-names></string-name></person-group> (<year>2019</year>), <source>Intermediate Accounting</source>, <edition>17th ed.</edition>, <publisher-name>John Wiley &amp; Sons</publisher-name>, <publisher-loc>Hoboken, NJ</publisher-loc>.</mixed-citation></ref><ref id="ref024"><mixed-citation publication-type="journal"><person-group person-group-type="author"><string-name><surname>Lerner</surname>, <given-names>J.</given-names></string-name></person-group> (<year>2023</year>), “<article-title>Retail adds to muni holdings</article-title>”, <source>The Bond Buyer</source>, Vol. <volume>395</volume> No. <issue>35925</issue>, <comment>13 June</comment>, pp. <fpage>1</fpage>, <lpage>4</lpage>.</mixed-citation></ref><ref id="ref025"><mixed-citation publication-type="journal"><person-group person-group-type="author"><string-name><surname>McDonald</surname>, <given-names>G.</given-names></string-name></person-group> (<year>2022</year>), “<article-title>The federal data transparency Act: uh-oh</article-title>”, <source>Government Finance Review</source>, Vol. <volume>38</volume> No. <issue>6</issue>, pp. <fpage>11</fpage>-<lpage>12</lpage>.</mixed-citation></ref><ref id="ref026"><mixed-citation publication-type="book"><person-group person-group-type="author"><string-name><surname>Moody’s</surname></string-name></person-group> (<year>2022</year>), <source>US Cities and Counties Methodology</source>, <publisher-name>Moody’s Investors Service</publisher-name>, <publisher-loc>New York, NY</publisher-loc>.</mixed-citation></ref><ref id="ref027"><mixed-citation publication-type="journal"><person-group person-group-type="author"><string-name><surname>Morgan</surname>, <given-names>D.</given-names></string-name></person-group> (<year>2017</year>), “<article-title>June 12-2017 tax reform: white house, congress republicans nearing key tax overhaul decisions</article-title>”, <source>Checkpoint Source, RIA Tax Watch – Archive Through December 31</source>, <elocation-id>2020</elocation-id>.</mixed-citation></ref><ref id="ref028"><mixed-citation publication-type="web"><person-group person-group-type="author"><string-name><surname>Peek</surname>, <given-names>J.</given-names></string-name> and <string-name><surname>Wilcox</surname>, <given-names>J.A.</given-names></string-name></person-group> (<year>1985</year>), “<article-title>Taxable and tax-exempt interest rates: the role of personal and corporate tax rates</article-title>”, <comment>NBER Working Paper No. 1544, National Bureau of Economic Research, Cambridge, MA</comment>, doi: <pub-id pub-id-type="doi">10.3386/w1544</pub-id>.</mixed-citation></ref><ref id="ref029"><mixed-citation publication-type="journal"><person-group person-group-type="author"><string-name><surname>Peng</surname>, <given-names>J.</given-names></string-name></person-group> (<year>2002</year>), “<article-title>Do investors look beyond insured triple-A rating? An analysis of Standard and Poor's underlying ratings</article-title>”, <source>Public Budgeting and Finance</source>, Vol. <volume>22</volume> No. <issue>3</issue>, pp. <fpage>115</fpage>-<lpage>131</lpage>, doi: <pub-id pub-id-type="doi">10.1111/1540-5850.00084</pub-id>.</mixed-citation></ref><ref id="ref030"><mixed-citation publication-type="web"><person-group person-group-type="author"><string-name><surname>Poterba</surname>, <given-names>J.</given-names></string-name></person-group> (<year>1989</year>), “<article-title>Tax reform and the market for tax-exempt debt</article-title>”, <comment>NBER Working Paper No. 2900, National Bureau of Economic Research, Cambridge, MA</comment>, doi: <pub-id pub-id-type="doi">10.3386/w2900</pub-id>.</mixed-citation></ref><ref id="ref031"><mixed-citation publication-type="web"><person-group person-group-type="author"><collab>SIFMA</collab></person-group> (<year>2023</year>), “<article-title>US municipal bond statistics</article-title>”, <comment>available at:</comment> <ext-link ext-link-type="uri" xlink:href="https://www.sifma.org/resources/research/us-municipal-bonds-statistics/">https://www.sifma.org/resources/research/us-municipal-bonds-statistics/</ext-link> (<comment>accessed</comment> <date-in-citation content-type="access-date">8 February 2023</date-in-citation>).</mixed-citation></ref><ref id="ref032"><mixed-citation publication-type="journal"><person-group person-group-type="author"><string-name><surname>Simonsen</surname>, <given-names>B.</given-names></string-name>, <string-name><surname>Robbins</surname>, <given-names>M.D.</given-names></string-name> and <string-name><surname>Helgerson</surname>, <given-names>L.</given-names></string-name></person-group> (<year>2001</year>), “<article-title>The influence of jurisdiction size and sale type on municipal bond interest rates: an empirical analysis</article-title>”, <source>Public Administration Review</source>, Vol. <volume>61</volume> No. <issue>6</issue>, pp. <fpage>709</fpage>-<lpage>717</lpage>, doi: <pub-id pub-id-type="doi">10.1111/0033-3352.00141</pub-id>.</mixed-citation></ref><ref id="ref033"><mixed-citation publication-type="journal"><person-group person-group-type="author"><string-name><surname>Slemrod</surname>, <given-names>J.</given-names></string-name></person-group> (<year>2018</year>), “<article-title>Tax reform and tax experts</article-title>”, <source>The Journal of the American Taxation Association</source>, Vol. <volume>40</volume> No. <issue>2</issue>, pp. <fpage>83</fpage>-<lpage>88</lpage>, doi: <pub-id pub-id-type="doi">10.2308/atax-52143</pub-id>.</mixed-citation></ref><ref id="ref034"><mixed-citation publication-type="journal"><person-group person-group-type="author"><string-name><surname>Sowers</surname>, <given-names>S.</given-names></string-name></person-group> (<year>2024</year>), “<article-title>Outlook: tax legislation will inspire hope in the new year</article-title>”, <source>The Bond Buyer</source>, Vol. <volume>396</volume> No. <issue>36034</issue>, <comment>2 January</comment>, pp. <fpage>1</fpage>, <lpage>3</lpage>.</mixed-citation></ref><ref id="ref036"><mixed-citation publication-type="book"><person-group person-group-type="author"><collab>Standard and Poor’s</collab></person-group> (<year>2013</year>), <source>Criteria | Governments | U. S. Local Governments General Obligation Ratings: Methodology and Assumptions</source>, <publisher-name>S&amp;P Global</publisher-name>, <publisher-loc>New York, NY</publisher-loc>.</mixed-citation></ref><ref id="ref035"><mixed-citation publication-type="book"><person-group person-group-type="author"><collab>StataCorp</collab></person-group> (<year>2021</year>), <source>Stata: Release 17, Statistical Software</source>, <publisher-name>StataCorp LLC</publisher-name>, <publisher-loc>College Station, TX</publisher-loc>.</mixed-citation></ref><ref id="ref037"><mixed-citation publication-type="journal"><person-group person-group-type="author"><string-name><surname>Valladares</surname>, <given-names>M.R.</given-names></string-name></person-group> (<year>2018</year>), “<article-title>New York bond buyers must increase due diligence before it's too late</article-title>”, <source>The Bond Buyer</source>, Vol. <volume>390</volume> No. <issue>34984</issue>, <comment>25 September</comment>, p. <fpage>1</fpage>.</mixed-citation></ref><ref id="ref038"><mixed-citation publication-type="book"><person-group person-group-type="author"><string-name><surname>Verbeek</surname>, <given-names>M.</given-names></string-name></person-group> (<year>2012</year>), <source>A Guide to Modern Econometrics</source>, <edition>4th</edition>, <publisher-name>John Wiley &amp; Sons</publisher-name>, <publisher-loc>Chichester, West Sussex</publisher-loc>.</mixed-citation></ref><ref id="ref039"><mixed-citation publication-type="book"><person-group person-group-type="author"><string-name><surname>Young</surname>, <given-names>J.C.</given-names></string-name>, <string-name><surname>Nellen</surname>, <given-names>A.</given-names></string-name>, <string-name><surname>Raabe</surname>, <given-names>W.A.</given-names></string-name>, <string-name><surname>Persellin</surname>, <given-names>M.B.</given-names></string-name> and <string-name><surname>Hoffman</surname>, <given-names>Jr., W.H.</given-names></string-name></person-group> (<year>2021</year>), <source>South-Western Federal Taxation: Individual Income Taxes (2022)</source>, <publisher-name>Cengage</publisher-name>, <publisher-loc>Boston, MA</publisher-loc>.</mixed-citation></ref></ref-list></back></article>