<?xml version="1.0" encoding="UTF-8"?>
<!DOCTYPE article PUBLIC "-//NLM//DTD JATS (Z39.96) Journal Archiving and Interchange DTD with MathML3 v1.1d1 20130915//EN" "JATS-archivearticle1-mathml3.dtd"><article xmlns:mml="http://www.w3.org/1998/Math/MathML" xmlns:xlink="http://www.w3.org/1999/xlink" xmlns:xsi="http://www.w3.org/2001/XMLSchema-instance" dtd-version="1.1d1" xml:lang="en" article-type="research-article"><front id="meta-hdr">
<journal-meta>
<journal-id journal-id-type="publisher-id">JHTT</journal-id>
<journal-id journal-id-type="doi">10.1108/JHTT</journal-id>
<journal-title-group>
<journal-title>Journal of Hospitality and Tourism Technology</journal-title>
<abbrev-journal-title abbrev-type="publisher">JHTT</abbrev-journal-title>
</journal-title-group>
<issn publication-format="print">1757-9880</issn>
<issn publication-format="online">1757-9880</issn>
<publisher>
<publisher-name>Emerald Publishing Limited</publisher-name>
</publisher>
</journal-meta>
<article-meta id="art-meta">
<article-id pub-id-type="publisher-id">725247</article-id>
<article-id pub-id-type="doi">10.1108/JHTT-06-2023-0180</article-id>
<article-id pub-id-type="original-pdf">JHTT-06-2023-0180.pdf</article-id>
<article-id pub-id-type="filename">JHTT-06-2023-0180</article-id>
<article-categories>
<subj-group subj-group-type="type-of-publication">
<compound-subject>
<compound-subject-part content-type="code">research-article</compound-subject-part>
<compound-subject-part content-type="label">Research paper</compound-subject-part>
</compound-subject>
</subj-group>
<subj-group subj-group-type="subject">
<compound-subject>
<compound-subject-part content-type="code">cat-THOS</compound-subject-part>
<compound-subject-part content-type="label">Tourism &amp; hospitality</compound-subject-part>
</compound-subject>
<subj-group subj-group-type="subject">
<compound-subject>
<compound-subject-part content-type="code"/>
<compound-subject-part content-type="label"> Tourism technology</compound-subject-part>
</compound-subject>
<subj-group subj-group-type="subject">
<compound-subject>
<compound-subject-part content-type="code"/>
<compound-subject-part content-type="label"> E-commerce in tourism</compound-subject-part>
</compound-subject>
<subj-group subj-group-type="subject">
<compound-subject>
<compound-subject-part content-type="code"/>
<compound-subject-part content-type="label"> Tourism &amp; hospitality</compound-subject-part>
</compound-subject>
<subj-group subj-group-type="subject">
<compound-subject>
<compound-subject-part content-type="code"/>
<compound-subject-part content-type="label"> Tourism technology</compound-subject-part>
</compound-subject>
<subj-group subj-group-type="subject">
<compound-subject>
<compound-subject-part content-type="code"/>
<compound-subject-part content-type="label"> E-Intermediaries in tourism</compound-subject-part>
</compound-subject>
<subj-group subj-group-type="subject">
<compound-subject>
<compound-subject-part content-type="code"/>
<compound-subject-part content-type="label"> Tourism &amp; hospitality</compound-subject-part>
</compound-subject>
<subj-group subj-group-type="subject">
<compound-subject>
<compound-subject-part content-type="code"/>
<compound-subject-part content-type="label"> Tourism technology</compound-subject-part>
</compound-subject>
<subj-group subj-group-type="subject">
<compound-subject>
<compound-subject-part content-type="code"/>
<compound-subject-part content-type="label"> Location-based services/global positioning systems</compound-subject-part>
</compound-subject>
<subj-group subj-group-type="subject">
<compound-subject>
<compound-subject-part content-type="code"/>
<compound-subject-part content-type="label"> Tourism &amp; hospitality</compound-subject-part>
</compound-subject>
<subj-group subj-group-type="subject">
<compound-subject>
<compound-subject-part content-type="code"/>
<compound-subject-part content-type="label"> Tourism technology</compound-subject-part>
</compound-subject>
<subj-group subj-group-type="subject">
<compound-subject>
<compound-subject-part content-type="code"/>
<compound-subject-part content-type="label"> Mobile/wireless technologies in tourism</compound-subject-part>
</compound-subject>
</subj-group>
</subj-group>
</subj-group>
</subj-group>
</subj-group>
</subj-group>
</subj-group>
</subj-group>
</subj-group>
</subj-group>
</subj-group>
</subj-group>
</article-categories>
<title-group>
<article-title xml:lang="en">Meeting the needs of physically disabled tourists: use of service robots toward the hotel attachment</article-title>
</title-group>
<contrib-group>
<contrib contrib-type="author" corresp="yes"><name-alternatives><name name-style="western"><surname>Parvez</surname><given-names>M. Omar</given-names></name><string-name name-style="western"><given-names>M. Omar</given-names> <surname>Parvez</surname></string-name>
</name-alternatives>
<email>parvezeu@gmail.com</email><xref ref-type="aff" rid="aff1"/></contrib>
<contrib contrib-type="author"><name-alternatives><name name-style="western"><surname>Hossain</surname><given-names>Md Sazzad</given-names></name><string-name name-style="western"><given-names>Md Sazzad</given-names> <surname>Hossain</surname></string-name>
</name-alternatives>
<email>m.sazzad@ut.edu.sa</email><xref ref-type="aff" rid="aff2"/></contrib>
<contrib contrib-type="author"><name-alternatives><name name-style="western"><surname>Patwary</surname><given-names>Ataul Karim</given-names></name><string-name name-style="western"><given-names>Ataul Karim</given-names> <surname>Patwary</surname></string-name>
</name-alternatives>
<email>raselataul@gmail.com</email><xref ref-type="aff" rid="aff3"/></contrib>
<contrib contrib-type="author"><name-alternatives><name name-style="western"><surname>Elkhwesky</surname><given-names>Zakaria</given-names></name><string-name name-style="western"><given-names>Zakaria</given-names> <surname>Elkhwesky</surname></string-name>
</name-alternatives>
<email>zakaria.elkhwesky@alexu.edu.eg</email><xref ref-type="aff" rid="aff4"/></contrib>
<contrib contrib-type="author"><name-alternatives><name name-style="western"><surname>Ur Rehman</surname><given-names>Shafique</given-names></name><string-name name-style="western"><given-names>Shafique</given-names> <surname>Ur Rehman</surname></string-name>
</name-alternatives>
<email>Shafiqueurrehman2018@gmail.com</email><xref ref-type="aff" rid="aff5"/></contrib>
<contrib contrib-type="author"><name-alternatives><name name-style="western"><surname>Ali</surname><given-names>Faizan</given-names></name><string-name name-style="western"><given-names>Faizan</given-names> <surname>Ali</surname></string-name>
</name-alternatives>
<email>faizanali@usf.edu</email><xref ref-type="aff" rid="aff6"/></contrib>
<aff id="aff1">Muma College of Business, <institution-wrap><institution>University of South Florida</institution></institution-wrap>, Tampa, Florida, <country country="US">USA</country></aff>
<aff id="aff2">College of Tourism and Hospitality, <institution-wrap><institution>University of Tabuk</institution></institution-wrap>, Tabuk, <country country="SA">Saudi Arabia</country></aff>
<aff id="aff3">Faculty of Hospitality, Tourism and Wellness, <institution-wrap><institution>Universiti Malaysia Kelantan</institution></institution-wrap>, Kota Bharu, <country country="MY">Malaysia</country></aff>
<aff id="aff4">Department of Hotel Management, <institution-wrap><institution>Faculty of Tourism and Hotels, Alexandria University</institution></institution-wrap>, Alexandria, <country country="EG">Egypt</country></aff>
<aff id="aff5">Institute of Business Analytics and Supply Chain Management, <institution-wrap><institution>Shenzhen University</institution></institution-wrap>, Shenzhen, <country country="CN">China</country></aff>
<aff id="aff6">Muma College of Business, <institution-wrap><institution>University of South Florida</institution></institution-wrap>, Tampa, Florida, <country country="US">USA</country></aff>
</contrib-group>
<author-notes>
<corresp id="cor1">M. Omar Parvez can be contacted at: <ext-link ext-link-type="email" xlink:href="mailto:parvezeu@gmail.com">parvezeu@gmail.com</ext-link></corresp></author-notes>
<pub-date publication-format="electronic" date-type="pub" iso-8601-date="2024-07-09"><day>09</day><month>07</month><year>2024</year></pub-date>
<pub-date publication-format="print" date-type="pub" iso-8601-date="2024-08-05"><day>05</day><month>08</month><year>2024</year></pub-date>
<volume>15</volume><issue>4</issue>
<fpage>574</fpage><lpage>591</lpage>
<history>
<date date-type="received" iso-8601-date="2023-06-28"><day>28</day><month>06</month><year>2023</year></date>
<date date-type="revised" iso-8601-date="2023-09-04"><day>04</day><month>09</month><year>2023</year></date>
<date date-type="revised" iso-8601-date="2024-01-04"><day>04</day><month>01</month><year>2024</year></date>
<date date-type="revised" iso-8601-date="2024-04-05"><day>05</day><month>04</month><year>2024</year></date>
<date date-type="accepted" iso-8601-date="2024-04-05"><day>05</day><month>04</month><year>2024</year></date>
</history>
<permissions>
<copyright-statement>© Emerald Publishing Limited</copyright-statement>
<copyright-year>2024</copyright-year>
<copyright-holder>Emerald Publishing Limited</copyright-holder>
<license license-type="publisher">
<license-p>Licensed re-use rights only</license-p>
</license>
</permissions>
<self-uri content-type="pdf" xlink:href="JHTT-06-2023-0180.pdf"/>
<abstract abstract-type="structured" id="abstr1" xml:lang="en">
<sec>
<title content-type="abstract-subheading">Purpose</title>
<p>This study aims to focus on tourists with physical disabilities and examine their perceptions of service robots in hotels and their influence on the overall experience, behavioral intentions and hotel attachment.</p>
</sec>
<sec>
<title content-type="abstract-subheading">Design/methodology/approach</title>
<p>A survey was conducted via the Prolific platform to collect data from 409 respondents. The data was analyzed using partial least squares–based SEM.</p>
</sec>
<sec>
<title content-type="abstract-subheading">Findings</title>
<p>The salient PLS-SEM findings show that perceived safety and functional benefits significantly affect a hotel's overall experience and intention to revisit. Perceived privacy did not relate to the hotel's overall experience and intention to revisit. Moreover, the hotel's overall experience significantly affects the intention to revisit, further influencing hotel attachment.</p>
</sec>
<sec>
<title content-type="abstract-subheading">Research limitations/implications</title>
<p>This research only examines the perceptions of tourists with physical disabilities of hotel service robots. Findings are based on a survey, and thus, the results cannot be generalized.</p>
</sec>
<sec>
<title content-type="abstract-subheading">Originality/value</title>
<p>Current research indicates the impact of the intention to revisit and hotel attachment. Moreover, this study investigates the mediating role of overall hotel experience in the association between perceived privacy, perceived safety and functional benefits regarding revisit intention.</p>
</sec>
</abstract>
<abstract abstract-type="structured" id="abstr2" xml:lang="zh">
<p>满足身体残障游客的需求：酒店服务机器人在促进酒店情感联系中的应用</p>
<sec>
<title>研究目的</title>
<p>本研究关注身体残障游客, 并检查他们对酒店服务机器人的感知, 以及对整体体验、行为意图和酒店情感联系的影响。</p>
</sec>
<sec>
<title>研究方法</title>
<p>通过Prolific平台进行调查, 收集了409名受访者的数据。数据使用PLS-SEM进行分析。</p>
</sec>
<sec>
<title>研究发现</title>
<p>显著的PLS-SEM结果表明, 感知安全性和功能性收益显著影响酒店的整体体验和再次入住意愿。感知隐私与酒店的整体体验和再次入住意愿无关。此外, 酒店的整体体验显著影响再次入住意愿, 进而影响酒店情感联系。</p>
</sec>
<sec>
<title>研究局限性</title>
<p>本研究仅考察了身体残障游客对酒店服务机器人的感知。研究结果基于调查, 因此无法推广到整体。</p>
</sec>
<sec>
<title>研究创新</title>
<p>当前研究表明再次入住意愿和酒店情感联系的影响。此外, 本研究探讨了整体酒店体验在感知隐私、感知安全和功能性收益与再次入住意愿之间的关联中的中介作用。</p>
</sec></abstract>
<kwd-group kwd-group-type="author-generated" xml:lang="en"><kwd>Service robots</kwd><x xml:space="preserve">, </x><kwd>Tourists’ behavioral intentions</kwd><x xml:space="preserve">, </x><kwd>Hotel attachment</kwd><x xml:space="preserve">, </x><kwd>Physically disable tourist</kwd>
</kwd-group>
<kwd-group kwd-group-type="author-generated" xml:lang="zh"><kwd>服务机器人</kwd><x xml:space="preserve">, </x><kwd>身体残障游客</kwd><x xml:space="preserve">, </x><kwd>游客行为意图</kwd><x xml:space="preserve">, </x><kwd>酒店情感联系</kwd><x xml:space="preserve"> </x>
</kwd-group>
<counts>
<fig-count count="2"/>
<table-count count="5"/>
<equation-count count="0"/>
<ref-count count="80"/>
<page-count count="18"/>
<word-count count="8889"/>
</counts>
<custom-meta-group>
<custom-meta>
          <meta-name>copyright-code</meta-name>
          <meta-value>M</meta-value>
        </custom-meta>
        <custom-meta>
          <meta-name>deliverables</meta-name>
          <meta-value>Web-ready article package</meta-value>
        </custom-meta>
        <custom-meta>
          <meta-name>peer-reviewed</meta-name>
          <meta-value>Yes</meta-value>
        </custom-meta>
        <custom-meta>
          <meta-name>academic-content</meta-name>
          <meta-value>Yes</meta-value>
        </custom-meta>
        <custom-meta>
          <meta-name>EContentType</meta-name>
          <meta-value>JOURNAL</meta-value>
        </custom-meta>
        <custom-meta>
          <meta-name>rightslink</meta-name>
          <meta-value>included</meta-value>
        </custom-meta>
</custom-meta-group>
</article-meta>
</front>

<back>

<ref-list id="refs1">
<title>References</title>
<ref id="ref001"><mixed-citation publication-type="journal"><person-group person-group-type="author"><string-name><surname>Akalin</surname>, <given-names>N.</given-names></string-name>, <string-name><surname>Kristoffersson</surname>, <given-names>A.</given-names></string-name> and <string-name><surname>Loutfi</surname>, <given-names>A.</given-names></string-name></person-group> (<year>2022</year>), “<article-title>Do you feel safe with your robot? Factors influencing perceived safety in human-robot interaction based on subjective and objective measures</article-title>”, <source>International Journal of Human-Computer Studies</source>, Vol. <volume>158</volume>, p. <fpage>102744</fpage>.</mixed-citation></ref>
<ref id="ref002"><mixed-citation publication-type="journal"><person-group person-group-type="author"><string-name><surname>Akdim</surname>, <given-names>K.</given-names></string-name>, <string-name><surname>Belanche</surname>, <given-names>D.</given-names></string-name> and <string-name><surname>Flavián</surname>, <given-names>M.</given-names></string-name></person-group> (<year>2021</year>), “<article-title>Attitudes toward service robots: analyses of explicit and implicit attitudes based on anthropomorphism and construal level theory</article-title>”, <source>International Journal of Contemporary Hospitality Management</source>, Vol. <volume>35</volume> No. <issue>8</issue>, doi: <pub-id pub-id-type="doi">10.1108/IJCHM-12-2020-1406</pub-id>.</mixed-citation></ref>
<ref id="ref003"><mixed-citation publication-type="journal"><person-group person-group-type="author"><string-name><surname>Ali</surname>, <given-names>F.</given-names></string-name>, <string-name><surname>Cain</surname>, <given-names>L.</given-names></string-name>, <string-name><surname>Legendre</surname>, <given-names>T.S.</given-names></string-name> and <string-name><surname>Wu</surname>, <given-names>L.</given-names></string-name></person-group> (<year>2023</year>), “<article-title>The intersection of technology, accessible tourism and tourists with intellectual disabilities: proposing a novel conceptual framework</article-title>”, <source>Journal of Hospitality and Tourism Research</source>, Vol. <volume>47</volume> No. <issue>4</issue>, pp. <fpage>NP76</fpage>-<lpage>NP90</lpage>.</mixed-citation></ref>
<ref id="ref004"><mixed-citation publication-type="journal"><person-group person-group-type="author"><string-name><surname>Ali</surname>, <given-names>H.</given-names></string-name>, <string-name><surname>Hariharan</surname>, <given-names>M.</given-names></string-name>, <string-name><surname>Yaacob</surname>, <given-names>S.</given-names></string-name> and <string-name><surname>Adom</surname>, <given-names>A.H.</given-names></string-name></person-group> (<year>2015</year>), “<article-title>Facial emotion recognition using empirical mode decomposition</article-title>”, <source>Expert Systems with Applications</source>, Vol. <volume>42</volume> No. <issue>3</issue>, pp. <fpage>1261</fpage>-<lpage>1277</lpage>.</mixed-citation></ref>
<ref id="ref005"><mixed-citation publication-type="journal"><person-group person-group-type="author"><string-name><surname>Back</surname>, <given-names>R.M.</given-names></string-name>, <string-name><surname>Bufquin</surname>, <given-names>D.</given-names></string-name> and <string-name><surname>Park</surname>, <given-names>J.Y.</given-names></string-name></person-group> (<year>2021</year>), “<article-title>Why do they come back? The effects of winery tourists' motivations and satisfaction on the number of visits and revisit intentions</article-title>”, <source>International Journal of Hospitality and Tourism Administration</source>, Vol. <volume>22</volume> No. <issue>1</issue>, pp. <fpage>1</fpage>-<lpage>25</lpage>.</mixed-citation></ref>
<ref id="ref006"><mixed-citation publication-type="journal"><person-group person-group-type="author"><string-name><surname>Bahri-Ammari</surname>, <given-names>N.</given-names></string-name>, <string-name><surname>Van Niekerk</surname>, <given-names>M.</given-names></string-name>, <string-name><surname>Ben Khelil</surname>, <given-names>H.</given-names></string-name> and <string-name><surname>Chtioui</surname>, <given-names>J.</given-names></string-name></person-group> (<year>2016</year>), “<article-title>The effects of brand attachment on behavioral loyalty in the luxury restaurant sector</article-title>”, <source>International Journal of Contemporary Hospitality Management</source>, Vol. <volume>28</volume> No. <issue>3</issue>, pp. <fpage>559</fpage>-<lpage>585</lpage>.</mixed-citation></ref>
<ref id="ref007"><mixed-citation publication-type="journal"><person-group person-group-type="author"><string-name><surname>Borg</surname>, <given-names>J.</given-names></string-name>, <string-name><surname>Larsson</surname>, <given-names>S.</given-names></string-name> and <string-name><surname>Östergren</surname>, <given-names>P.O.</given-names></string-name></person-group> (<year>2011</year>), “<article-title>The right to assistive technology: for whom, for what, and by whom?</article-title>”, <source>Disability and Society</source>, Vol. <volume>26</volume> No. <issue>2</issue>, pp. <fpage>151</fpage>-<lpage>167</lpage>.</mixed-citation></ref>
<ref id="ref008"><mixed-citation publication-type="confproc"><person-group person-group-type="author"><string-name><surname>Brylska</surname>, <given-names>P.</given-names></string-name>, <string-name><surname>Cobanoglu</surname>, <given-names>C.</given-names></string-name> and <string-name><surname>Dogan</surname>, <given-names>S.</given-names></string-name></person-group> (<year>2022</year>), “<article-title>Users versus non-users: the impact of experience on hotel guests' attitudes towards service robots in hotels</article-title>”, <conf-name><italic><italic>Information and Communication Technologies in Tourism 2022: Proceedings of the ENTER 2022 eTourism Conference</italic></italic></conf-name>, <comment>January 11–14, 2022</comment>, <conf-name><italic>Springer International Publishing</italic></conf-name>, pp. <fpage>55</fpage>-<lpage>66</lpage>.</mixed-citation></ref>
<ref id="ref009"><mixed-citation publication-type="journal"><person-group person-group-type="author"><string-name><surname>Çakar</surname>, <given-names>K.</given-names></string-name> and <string-name><surname>Aykol</surname>, <given-names>Ş.</given-names></string-name></person-group> (<year>2021</year>), “<article-title>Understanding travellers' reactions to robotic services: a multiple case study approach of robotic hotels</article-title>”, <source>Journal of Hospitality and Tourism Technology</source>, Vol. <volume>12</volume> No. <issue>1</issue>, pp. <fpage>155</fpage>-<lpage>174</lpage>.</mixed-citation></ref>
<ref id="ref010"><mixed-citation publication-type="journal"><person-group person-group-type="author"><string-name><surname>Chen</surname>, <given-names>Y.</given-names></string-name>, <string-name><surname>Xue</surname>, <given-names>T.</given-names></string-name>, <string-name><surname>Tuomi</surname>, <given-names>A.</given-names></string-name> and <string-name><surname>Wang</surname>, <given-names>Z.</given-names></string-name></person-group> (<year>2022</year>), “<article-title>Hotel robots: an exploratory study of generation Z customers in China</article-title>”, <source>Tourism Review</source>, Vol. <volume>77</volume> No. <issue>5</issue>.</mixed-citation></ref>
<ref id="ref011"><mixed-citation publication-type="journal"><person-group person-group-type="author"><string-name><surname>Choi</surname>, <given-names>Y.</given-names></string-name>, <string-name><surname>Choi</surname>, <given-names>M.</given-names></string-name>, <string-name><surname>Oh</surname>, <given-names>M.</given-names></string-name> and <string-name><surname>Kim</surname>, <given-names>S.</given-names></string-name></person-group> (<year>2020</year>), “<article-title>Service robots in hotels: understanding the service quality perceptions of human-robot interaction</article-title>”, <source>Journal of Hospitality Marketing and Management</source>, Vol. <volume>29</volume> No. <issue>6</issue>, pp. <fpage>613</fpage>-<lpage>635</lpage>.</mixed-citation></ref>
<ref id="ref012"><mixed-citation publication-type="journal"><person-group person-group-type="author"><string-name><surname>Chouk</surname>, <given-names>I.</given-names></string-name> and <string-name><surname>Mani</surname>, <given-names>Z.</given-names></string-name></person-group> (<year>2019</year>), “<article-title>Factors for and against resistance to smart services: role of consumer lifestyle and ecosystem related variables</article-title>”, <source>Journal of Services Marketing</source>, Vol. <volume>33</volume> No. <issue>4</issue>, pp. <fpage>449</fpage>-<lpage>462</lpage>.</mixed-citation></ref>
<ref id="ref013"><mixed-citation publication-type="journal"><person-group person-group-type="author"><string-name><surname>Cloquet</surname>, <given-names>I.</given-names></string-name>, <string-name><surname>Palomino</surname>, <given-names>M.</given-names></string-name>, <string-name><surname>Shaw</surname>, <given-names>G.</given-names></string-name>, <string-name><surname>Stephen</surname>, <given-names>G.</given-names></string-name> and <string-name><surname>Taylor</surname>, <given-names>T.</given-names></string-name></person-group> (<year>2018</year>), “<article-title>Disability, social inclusion and the marketing of tourist attractions</article-title>”, <source>Journal of Sustainable Tourism</source>, Vol. <volume>26</volume> No. <issue>2</issue>, pp. <fpage>221</fpage>-<lpage>237</lpage>.</mixed-citation></ref>
<ref id="ref014"><mixed-citation publication-type="book"><person-group person-group-type="author"><string-name><surname>Cobanoglu</surname>, <given-names>C.</given-names></string-name>, <string-name><surname>Dogan</surname>, <given-names>S.</given-names></string-name>, <string-name><surname>Berezina</surname>, <given-names>K.</given-names></string-name> and <string-name><surname>Collins</surname>, <given-names>G.</given-names></string-name></person-group> (<year>2021</year>), <source>Hospitality and Tourism Information Technology</source>, <publisher-name>University of South FL M3 Center Publishing</publisher-name>, Vol. <volume>17</volume> No. <issue>9781732127593</issue>, p. <fpage>2</fpage>.</mixed-citation></ref>
<ref id="ref015"><mixed-citation publication-type="journal"><person-group person-group-type="author"><string-name><surname>Cooper</surname>, <given-names>R.A.</given-names></string-name> and <string-name><surname>Cooper</surname>, <given-names>R.</given-names></string-name></person-group> (<year>2019</year>), “<article-title>Rehabilitation engineering: a perspective on the past 40-years and thoughts for the future</article-title>”, <source>Medical Engineering and Physics</source>, Vol. <volume>72</volume>, pp. <fpage>3</fpage>-<lpage>12</lpage>.</mixed-citation></ref>
<ref id="ref016"><mixed-citation publication-type="journal"><person-group person-group-type="author"><string-name><surname>Cooper</surname>, <given-names>R.A.</given-names></string-name>, <string-name><surname>Dicianno</surname>, <given-names>B.E.</given-names></string-name>, <string-name><surname>Brewer</surname>, <given-names>B.</given-names></string-name>, <string-name><surname>LoPresti</surname>, <given-names>E.</given-names></string-name>, <string-name><surname>Ding</surname>, <given-names>D.</given-names></string-name>, <string-name><surname>Simpson</surname>, <given-names>R.</given-names></string-name> and <string-name><surname>Wang</surname>, <given-names>H.</given-names></string-name></person-group> (<year>2008</year>), “<article-title>A perspective on intelligent devices and environments in medical rehabilitation</article-title>”, <source>Medical Engineering and Physics</source>, Vol. <volume>30</volume> No. <issue>10</issue>, pp. <fpage>1387</fpage>-<lpage>1398</lpage>.</mixed-citation></ref>
<ref id="ref017"><mixed-citation publication-type="journal"><person-group person-group-type="author"><string-name><surname>Darcy</surname>, <given-names>S.</given-names></string-name> and <string-name><surname>Pegg</surname>, <given-names>S.</given-names></string-name></person-group> (<year>2011</year>), “<article-title>Towards strategic intent: perceptions of disability service provision amongst hotel accommodation managers</article-title>”, <source>International Journal of Hospitality Management</source>, Vol. <volume>30</volume> No. <issue>2</issue>, pp. <fpage>468</fpage>-<lpage>476</lpage>.</mixed-citation></ref>
<ref id="ref018"><mixed-citation publication-type="journal"><person-group person-group-type="author"><string-name><surname>Elkhwesky</surname>, <given-names>Z.</given-names></string-name> and <string-name><surname>Elkhwesky</surname>, <given-names>E.F.Y.</given-names></string-name></person-group> (<year>2022</year>), “<article-title>A systematic and critical review of internet of things in contemporary hospitality: a roadmap and avenues for future research</article-title>”, <source>International Journal of Contemporary Hospitality Management</source>, Vol. <volume>35</volume> No. <issue>2</issue>, pp. <fpage>533</fpage>-<lpage>562</lpage>, doi: <pub-id pub-id-type="doi">10.1108/IJCHM-01-2022-0090</pub-id>.</mixed-citation></ref>
<ref id="ref019"><mixed-citation publication-type="journal"><person-group person-group-type="author"><string-name><surname>Fan</surname>, <given-names>H.</given-names></string-name>, <string-name><surname>Gao</surname>, <given-names>W.</given-names></string-name> and <string-name><surname>Han</surname>, <given-names>B.</given-names></string-name></person-group> (<year>2022</year>), “<article-title>How does (im) balanced acceptance of robots between customers and frontline employees affect hotels' service quality?</article-title>”, <source>Computers in Human Behavior</source>, Vol. <volume>133</volume>, p. <fpage>107287</fpage>.</mixed-citation></ref>
<ref id="ref020"><mixed-citation publication-type="journal"><person-group person-group-type="author"><string-name><surname>Fernandes</surname>, <given-names>T.</given-names></string-name> and <string-name><surname>Oliveira</surname>, <given-names>E.</given-names></string-name></person-group> (<year>2021</year>), “<article-title>Understanding consumers' acceptance of automated technologies in service encounters: drivers of digital voice assistants adoption</article-title>”, <source>Journal of Business Research</source>, Vol. <volume>122</volume>, pp. <fpage>180</fpage>-<lpage>191</lpage>.</mixed-citation></ref>
<ref id="ref021"><mixed-citation publication-type="journal"><person-group person-group-type="author"><string-name><surname>Fuentes-Moraleda</surname>, <given-names>L.</given-names></string-name>, <string-name><surname>Díaz-Pérez</surname>, <given-names>P.</given-names></string-name>, <string-name><surname>Orea-Giner</surname>, <given-names>A.</given-names></string-name>, <string-name><surname>Muñoz-Mazón</surname>, <given-names>A.</given-names></string-name> and <string-name><surname>Villacé-Molinero</surname>, <given-names>T.</given-names></string-name></person-group> (<year>2020</year>), “<article-title>Interaction between hotel service robots and humans: a hotel-specific service robot acceptance model (sRAM)</article-title>”, <source>Tourism Management Perspectives</source>, Vol. <volume>36</volume>, p. <fpage>100751</fpage>.</mixed-citation></ref>
<ref id="ref022"><mixed-citation publication-type="journal"><person-group person-group-type="author"><string-name><surname>García-Soler</surname>, <given-names>Á.</given-names></string-name>, <string-name><surname>Facal</surname>, <given-names>D.</given-names></string-name>, <string-name><surname>Díaz-Orueta</surname>, <given-names>U.</given-names></string-name>, <string-name><surname>Pigini</surname>, <given-names>L.</given-names></string-name>, <string-name><surname>Blasi</surname>, <given-names>L.</given-names></string-name> and <string-name><surname>Qiu</surname>, <given-names>R.</given-names></string-name></person-group> (<year>2018</year>), “<article-title>Inclusion of service robots in the daily lives of frail older users: a step-by-step definition procedure on users' requirements</article-title>”, <source>Archives of Gerontology and Geriatrics</source>, Vol. <volume>74</volume>, pp. <fpage>191</fpage>-<lpage>196</lpage>.</mixed-citation></ref>
<ref id="ref023"><mixed-citation publication-type="journal"><person-group person-group-type="author"><string-name><surname>Gautam</surname>, <given-names>V.</given-names></string-name></person-group> (<year>2022</year>), “<article-title>Examining relationships among festival satisfaction, place attachment, emotional experience, and destination loyalty</article-title>”, <source>Leisure Sciences</source>, pp. <fpage>1</fpage>-<lpage>18</lpage>.</mixed-citation></ref>
<ref id="ref024"><mixed-citation publication-type="journal"><person-group person-group-type="author"><string-name><surname>Gursoy</surname>, <given-names>D.</given-names></string-name>, <string-name><surname>Chi</surname>, <given-names>O.H.</given-names></string-name>, <string-name><surname>Lu</surname>, <given-names>L.</given-names></string-name> and <string-name><surname>Nunkoo</surname>, <given-names>R.</given-names></string-name></person-group> (<year>2019</year>), “<article-title>Consumers acceptance of artificially intelligent (AI) device use in service delivery</article-title>”, <source>International Journal of Information Management</source>, Vol. <volume>49</volume>, pp. <fpage>157</fpage>-<lpage>169</lpage>.</mixed-citation></ref>
<ref id="ref025"><mixed-citation publication-type="journal"><person-group person-group-type="author"><string-name><surname>Hair</surname>, <given-names>J.</given-names>, <suffix>Jr</suffix></string-name>, <string-name><surname>Sarstedt</surname>, <given-names>M.</given-names></string-name>, <string-name><surname>Hopkins</surname>, <given-names>L.</given-names></string-name> and <string-name><surname>G. Kuppelwieser</surname>, <given-names>V.</given-names></string-name></person-group> (<year>2014</year>), “<article-title>Partial least squares structural equation modeling (PLS-SEM) an emerging tool in business research</article-title>”, <source>European Business Review</source>, Vol. <volume>26</volume> No. <issue>2</issue>, pp. <fpage>106</fpage>-<lpage>121</lpage>.</mixed-citation></ref>
<ref id="ref026"><mixed-citation publication-type="book"><person-group person-group-type="author"><string-name><surname>Hair</surname>, <given-names>J.F.</given-names>, <suffix>Jr</suffix></string-name>, <string-name><surname>Sarstedt</surname>, <given-names>M.</given-names></string-name>, <string-name><surname>Ringle</surname>, <given-names>C.M.</given-names></string-name> and <string-name><surname>Gudergan</surname>, <given-names>S.P.</given-names></string-name></person-group> (<year>2017</year>), <source>Advanced Issues in Partial Least Squares Structural Equation Modeling</source>, <publisher-name>Sage publications</publisher-name>, <publisher-loc>New York, NY</publisher-loc>.</mixed-citation></ref>
<ref id="ref027"><mixed-citation publication-type="journal"><person-group person-group-type="author"><string-name><surname>Hair</surname>, <given-names>J.F.</given-names></string-name>, <string-name><surname>Sarstedt</surname>, <given-names>M.</given-names></string-name>, <string-name><surname>Ringle</surname>, <given-names>C.M.</given-names></string-name> and <string-name><surname>Mena</surname>, <given-names>J.A.</given-names></string-name></person-group> (<year>2012</year>), “<article-title>An assessment of the use of partial least squares structural equation modeling in marketing research</article-title>”, <source>Journal of the Academy of Marketing Science</source>, Vol. <volume>40</volume> No. <issue>3</issue>, pp. <fpage>414</fpage>-<lpage>433</lpage>.</mixed-citation></ref>
<ref id="ref028"><mixed-citation publication-type="journal"><person-group person-group-type="author"><string-name><surname>Henseler</surname>, <given-names>J.</given-names></string-name> and <string-name><surname>Fassott</surname>, <given-names>G.</given-names></string-name></person-group> (<year>2010</year>), “<article-title>Testing moderating effects in PLS path models: an illustration of available procedures</article-title>”, <source>Handbook of Partial Least Squares: Concepts, Methods and Applications</source>, pp. <fpage>713</fpage>-<lpage>735</lpage>.</mixed-citation></ref>
<ref id="ref029"><mixed-citation publication-type="journal"><person-group person-group-type="author"><string-name><surname>Hersh</surname>, <given-names>M.</given-names></string-name></person-group> (<year>2015</year>), “<article-title>Overcoming barriers and increasing independence–service robots for elderly and disabled people</article-title>”, <source>International Journal of Advanced Robotic Systems</source>, Vol. <volume>12</volume> No. <issue>8</issue>, p. <fpage>114</fpage>.</mixed-citation></ref>
<ref id="ref030"><mixed-citation publication-type="journal"><person-group person-group-type="author"><string-name><surname>Hosany</surname>, <given-names>S.</given-names></string-name>, <string-name><surname>Buzova</surname>, <given-names>D.</given-names></string-name> and <string-name><surname>Sanz-Blas</surname>, <given-names>S.</given-names></string-name></person-group> (<year>2020</year>), “<article-title>The influence of place attachment, ad-evoked positive affect, and motivation on intention to visit: imagination proclivity as a moderator</article-title>”, <source>Journal of Travel Research</source>, Vol. <volume>59</volume> No. <issue>3</issue>, pp. <fpage>477</fpage>-<lpage>495</lpage>.</mixed-citation></ref>
<ref id="ref031"><mixed-citation publication-type="journal"><person-group person-group-type="author"><string-name><surname>Hossain</surname>, <given-names>M.S.</given-names></string-name>, <string-name><surname>Kannan</surname>, <given-names>S.N.</given-names></string-name> and <string-name><surname>Raman Nair</surname>, <given-names>S.K.K.</given-names></string-name></person-group> (<year>2021</year>), “<article-title>Factors influencing sustainable competitive advantage in the hospitality industry</article-title>”, <source>Journal of Quality Assurance in Hospitality and Tourism</source>, Vol. <volume>22</volume> No. <issue>6</issue>, pp. <fpage>679</fpage>-<lpage>710</lpage>.</mixed-citation></ref>
<ref id="ref032"><mixed-citation publication-type="journal"><person-group person-group-type="author"><string-name><surname>Huang</surname>, <given-names>D.</given-names></string-name>, <string-name><surname>Chen</surname>, <given-names>Q.</given-names></string-name>, <string-name><surname>Huang</surname>, <given-names>J.</given-names></string-name>, <string-name><surname>Kong</surname>, <given-names>S.</given-names></string-name> and <string-name><surname>Li</surname>, <given-names>Z.</given-names></string-name></person-group> (<year>2021</year>), “<article-title>Customer-robot interactions: understanding customer experience with service robots</article-title>”, <source>International Journal of Hospitality Management</source>, Vol. <volume>99</volume>, p. <fpage>103078</fpage>.</mixed-citation></ref>
<ref id="ref033"><mixed-citation publication-type="thesis"><person-group person-group-type="author"><string-name><surname>Inna</surname>, <given-names>A.</given-names></string-name></person-group> (<year>2022</year>), “<article-title>Accessible tourism in Russia: recommendations for a universal design, barrier-free environment</article-title> ”, [Doctoral dissertation, <publisher-name>Instituto Politecnico de Leiria (Portugal)</publisher-name>].</mixed-citation></ref>
<ref id="ref034"><mixed-citation publication-type="journal"><person-group person-group-type="author"><string-name><surname>Isaac</surname>, <given-names>R.G.</given-names></string-name>, <string-name><surname>Herremans</surname>, <given-names>I.M.</given-names></string-name> and <string-name><surname>Kline</surname>, <given-names>T.J.</given-names></string-name></person-group> (<year>2010</year>), “<article-title>Intellectual capital management enablers: a structural equation modeling analysis</article-title>”, <source>Journal of Business Ethics</source>, Vol. <volume>93</volume> No. <issue>3</issue>, pp. <fpage>373</fpage>-<lpage>391</lpage>.</mixed-citation></ref>
<ref id="ref035"><mixed-citation publication-type="confproc"><person-group person-group-type="author"><string-name><surname>Ivanov</surname>, <given-names>S.</given-names></string-name> and <string-name><surname>Webster</surname>, <given-names>C.</given-names></string-name></person-group> (<year>2019</year>), “<article-title>Perceived appropriateness and intention to use service robots in tourism</article-title>”, <source>Information and Communication Technologies in Tourism 2019: Proceedings of the International Conference in Nicosia, Cyprus, January 30–February 1, 2019</source>, <conf-name><italic>Springer International Publishing</italic></conf-name>, <conf-loc>Cham</conf-loc>, pp. <fpage>237</fpage>-<lpage>248</lpage>.</mixed-citation></ref>
<ref id="ref036"><mixed-citation publication-type="journal"><person-group person-group-type="author"><string-name><surname>Jia</surname>, <given-names>J.W.</given-names></string-name>, <string-name><surname>Chung</surname>, <given-names>N.</given-names></string-name> and <string-name><surname>Hwang</surname>, <given-names>J.</given-names></string-name></person-group> (<year>2021</year>), “<article-title>Assessing the hotel service robot interaction on tourists' behaviour: the role of anthropomorphism</article-title>”, <source>Industrial Management and Data Systems</source>, Vol. <volume>121</volume> No. <issue>6</issue>.</mixed-citation></ref>
<ref id="ref037"><mixed-citation publication-type="journal"><person-group person-group-type="author"><string-name><surname>Johansson-Pajala</surname>, <given-names>R.M.</given-names></string-name> and <string-name><surname>Gustafsson</surname>, <given-names>C.</given-names></string-name></person-group> (<year>2022</year>), “<article-title>Significant challenges when introducing care robots in Swedish elder care</article-title>”, <source>Disability and Rehabilitation: Assistive Technology</source>, Vol. <volume>17</volume> No. <issue>2</issue>, pp. <fpage>166</fpage>-<lpage>176</lpage>.</mixed-citation></ref>
<ref id="ref038"><mixed-citation publication-type="journal"><person-group person-group-type="author"><string-name><surname>Jordan</surname>, <given-names>P.J.</given-names></string-name> and <string-name><surname>Troth</surname>, <given-names>A.C.</given-names></string-name></person-group> (<year>2020</year>), “<article-title>Common method bias in applied settings: the dilemma of researching in organizations</article-title>”, <source>Australian Journal of Management</source>, Vol. <volume>45</volume> No. <issue>1</issue>, pp. <fpage>3</fpage>-<lpage>14</lpage>.</mixed-citation></ref>
<ref id="ref039"><mixed-citation publication-type="journal"><person-group person-group-type="author"><string-name><surname>Kalargyrou</surname>, <given-names>V.</given-names></string-name>, <string-name><surname>Barber</surname>, <given-names>N.A.</given-names></string-name> and <string-name><surname>Kuo</surname>, <given-names>P.J.</given-names></string-name></person-group> (<year>2018</year>), “<article-title>The impact of disability on guests' perceptions of service quality delivery in the hospitality industry</article-title>”, <source>International Journal of Contemporary Hospitality Management</source>, Vol. <volume>30</volume> No. <issue>12</issue>, pp. <fpage>3632</fpage>-<lpage>3655</lpage>.</mixed-citation></ref>
<ref id="ref040"><mixed-citation publication-type="journal"><person-group person-group-type="author"><string-name><surname>Kim</surname>, <given-names>S.Y.</given-names></string-name>, <string-name><surname>Kim</surname>, <given-names>J.U.</given-names></string-name> and <string-name><surname>Park</surname>, <given-names>S.C.</given-names></string-name></person-group> (<year>2017</year>), “<article-title>The effects of perceived value, website trust and hotel trust on online hotel booking intention</article-title>”, <source>Sustainability</source>, Vol. <volume>9</volume> No. <issue>12</issue>, p. <fpage>2262</fpage>.</mixed-citation></ref>
<ref id="ref041"><mixed-citation publication-type="journal"><person-group person-group-type="author"><string-name><surname>Kipnis</surname>, <given-names>E.</given-names></string-name>, <string-name><surname>McLeay</surname>, <given-names>F.</given-names></string-name>, <string-name><surname>Grimes</surname>, <given-names>A.</given-names></string-name>, <string-name><surname>de Saille</surname>, <given-names>S.</given-names></string-name> and <string-name><surname>Potter</surname>, <given-names>S.</given-names></string-name></person-group> (<year>2022</year>), “<article-title>Service robots in long-term care: a consumer-centric view</article-title>”, <source>Journal of Service Research</source>, Vol. <volume>25</volume> No. <issue>4</issue>, pp. <fpage>667</fpage>-<lpage>685</lpage>.</mixed-citation></ref>
<ref id="ref042"><mixed-citation publication-type="journal"><person-group person-group-type="author"><string-name><surname>Klebbe</surname>, <given-names>R.</given-names></string-name>, <string-name><surname>Klüber</surname>, <given-names>K.</given-names></string-name>, <string-name><surname>Dahms</surname>, <given-names>R.</given-names></string-name> and <string-name><surname>Onnasch</surname>, <given-names>L.</given-names></string-name></person-group> (<year>2022</year>), “<article-title>Caregivers' perspectives on human–robot collaboration in inpatient elderly care settings</article-title>”, <source>Machines</source>, Vol. <volume>11</volume> No. <issue>1</issue>, p. <fpage>34</fpage>.</mixed-citation></ref>
<ref id="ref043"><mixed-citation publication-type="journal"><person-group person-group-type="author"><string-name><surname>Koay</surname>, <given-names>K.Y.</given-names></string-name> and <string-name><surname>Cheah</surname>, <given-names>C.W.</given-names></string-name></person-group> (<year>2023</year>), “<article-title>Understanding consumers' intention to revisit bubble tea stores: an application of the theory of planned behaviour</article-title>”, <source>British Food Journal</source>, Vol. <volume>125</volume> No. <issue>3</issue>, pp. <fpage>994</fpage>-<lpage>1007</lpage>.</mixed-citation></ref>
<ref id="ref044"><mixed-citation publication-type="journal"><person-group person-group-type="author"><string-name><surname>Kuo</surname>, <given-names>P.J.</given-names></string-name> and <string-name><surname>Kalargyrou</surname>, <given-names>V.</given-names></string-name></person-group> (<year>2014</year>), “<article-title>Consumers' perspectives on service staff with disabilities in the hospitality industry</article-title>”, <source>International Journal of Contemporary Hospitality Management</source>, Vol. <volume>26</volume> No. <issue>2</issue>, pp. <fpage>164</fpage>-<lpage>182</lpage>.</mixed-citation></ref>
<ref id="ref045"><mixed-citation publication-type="journal"><person-group person-group-type="author"><string-name><surname>Lee</surname>, <given-names>Y.</given-names></string-name>, <string-name><surname>Lee</surname>, <given-names>S.</given-names></string-name> and <string-name><surname>Kim</surname>, <given-names>D.Y.</given-names></string-name></person-group> (<year>2021</year>), “<article-title>Exploring hotel guests' perceptions of using robot assistants</article-title>”, <source>Tourism Management Perspectives</source>, Vol. <volume>37</volume>, p. <fpage>100781</fpage>.</mixed-citation></ref>
<ref id="ref046"><mixed-citation publication-type="journal"><person-group person-group-type="author"><string-name><surname>Lefever</surname>, <given-names>S.</given-names></string-name>, <string-name><surname>Dal</surname>, <given-names>M.</given-names></string-name> and <string-name><surname>Matthíasdóttir</surname>, <given-names>Á.</given-names></string-name></person-group> (<year>2007</year>), “<article-title>Online data collection in academic research: advantages and limitations</article-title>”, <source>British Journal of Educational Technology</source>, Vol. <volume>38</volume> No. <issue>4</issue>, pp. <fpage>574</fpage>-<lpage>582</lpage>.</mixed-citation></ref>
<ref id="ref047"><mixed-citation publication-type="journal"><person-group person-group-type="author"><string-name><surname>Lin</surname>, <given-names>I.Y.</given-names></string-name> and <string-name><surname>Mattila</surname>, <given-names>A.S.</given-names></string-name></person-group> (<year>2021</year>), “<article-title>The value of service robots from the hotel guest's perspective: a mixed-method approach</article-title>”, <source>International Journal of Hospitality Management</source>, Vol. <volume>94</volume>, p. <fpage>102876</fpage>.</mixed-citation></ref>
<ref id="ref048"><mixed-citation publication-type="journal"><person-group person-group-type="author"><string-name><surname>Liu</surname>, <given-names>Y.</given-names></string-name>, <string-name><surname>Kou</surname>, <given-names>Y.</given-names></string-name>, <string-name><surname>Guan</surname>, <given-names>Z.</given-names></string-name>, <string-name><surname>Hu</surname>, <given-names>J.</given-names></string-name> and <string-name><surname>Pu</surname>, <given-names>B.</given-names></string-name></person-group> (<year>2020</year>), “<article-title>Exploring hotel brand attachment: the mediating role of sentimental value</article-title>”, <source>Journal of Retailing and Consumer Services</source>, Vol. <volume>55</volume>, p. <fpage>102143</fpage>.</mixed-citation></ref>
<ref id="ref049"><mixed-citation publication-type="journal"><person-group person-group-type="author"><string-name><surname>Liu</surname>, <given-names>A.</given-names></string-name>, <string-name><surname>Ma</surname>, <given-names>E.</given-names></string-name>, <string-name><surname>Wang</surname>, <given-names>Y.C.</given-names></string-name>, <string-name><surname>Xu</surname>, <given-names>S.</given-names></string-name> and <string-name><surname>Grillo</surname>, <given-names>T.</given-names></string-name></person-group> (<year>2023</year>), “<article-title>AI and supportive technology experiences of customers with visual impairments in hotel, restaurant, and travel contexts</article-title>”, <source>International Journal of Contemporary Hospitality Management</source>, doi: <pub-id pub-id-type="doi">10.1108/IJCHM-10-2022-1243</pub-id>.</mixed-citation></ref>
<ref id="ref050"><mixed-citation publication-type="journal"><person-group person-group-type="author"><string-name><surname>Liu</surname>, <given-names>K.N.</given-names></string-name>, <string-name><surname>Tsai</surname>, <given-names>T.I.</given-names></string-name>, <string-name><surname>Xiao</surname>, <given-names>Q.</given-names></string-name> and <string-name><surname>Hu</surname>, <given-names>C.</given-names></string-name></person-group> (<year>2021</year>), “<article-title>The impact of experience on brand loyalty: mediating effect of images of Taiwan hotels</article-title>”, <source>Journal of China Tourism Research</source>, Vol. <volume>17</volume> No. <issue>3</issue>, pp. <fpage>395</fpage>-<lpage>414</lpage>.</mixed-citation></ref>
<ref id="ref051"><mixed-citation publication-type="journal"><person-group person-group-type="author"><string-name><surname>Lo</surname>, <given-names>A.</given-names></string-name> and <string-name><surname>Yeung</surname>, <given-names>M.A.</given-names></string-name></person-group> (<year>2020</year>), “<article-title>Brand prestige and affordable luxury: the role of hotel guest experiences</article-title>”, <source>Journal of Vacation Marketing</source>, Vol. <volume>26</volume> No. <issue>2</issue>, pp. <fpage>247</fpage>-<lpage>267</lpage>.</mixed-citation></ref>
<ref id="ref052"><mixed-citation publication-type="journal"><person-group person-group-type="author"><string-name><surname>MacCallum</surname>, <given-names>R.C.</given-names></string-name>, <string-name><surname>Widaman</surname>, <given-names>K.F.</given-names></string-name>, <string-name><surname>Zhang</surname>, <given-names>S.</given-names></string-name> and <string-name><surname>Hong</surname>, <given-names>S.</given-names></string-name></person-group> (<year>1999</year>), “<article-title>Sample size in factor analysis</article-title>”, <source>Psychological Methods</source>, Vol. <volume>4</volume> No. <issue>1</issue>, p. <fpage>84</fpage>.</mixed-citation></ref>
<ref id="ref053"><mixed-citation publication-type="journal"><person-group person-group-type="author"><string-name><surname>Martinez-Martin</surname>, <given-names>E.</given-names></string-name>, <string-name><surname>Escalona</surname>, <given-names>F.</given-names></string-name> and <string-name><surname>Cazorla</surname>, <given-names>M.</given-names></string-name></person-group> (<year>2020</year>), “<article-title>Socially assistive robots for older adults and people with autism: an overview</article-title>”, <source>Electronics</source>, Vol. <volume>9</volume> No. <issue>2</issue>, p. <fpage>367</fpage>.</mixed-citation></ref>
<ref id="ref054"><mixed-citation publication-type="book"><person-group person-group-type="author"><string-name><surname>Merkle</surname>, <given-names>M.</given-names></string-name></person-group> (<year>2021</year>), <source>Humanoid Service Robots: Customer Expectations and Customer Responses</source>, <publisher-name>Springer Nature</publisher-name>, <publisher-loc>Cham</publisher-loc>.</mixed-citation></ref>
<ref id="ref055"><mixed-citation publication-type="journal"><person-group person-group-type="author"><string-name><surname>Mmutle</surname>, <given-names>T.</given-names></string-name> and <string-name><surname>Shonhe</surname>, <given-names>L.</given-names></string-name></person-group> (<year>2017</year>), “<article-title>Customers' perception of service quality and its impact on reputation in the hospitality industry</article-title>”, <source>African Journal of Hospitality, Tourism and Leisure</source>, Vol. <volume>6</volume> No. <issue>3</issue>, pp. <fpage>1</fpage>-<lpage>25</lpage>.</mixed-citation></ref>
<ref id="ref056"><mixed-citation publication-type="journal"><person-group person-group-type="author"><string-name><surname>Moon</surname>, <given-names>H.</given-names></string-name> and <string-name><surname>Han</surname>, <given-names>H.</given-names></string-name></person-group> (<year>2019</year>), “<article-title>Tourist experience quality and loyalty to an island destination: the moderating impact of destination image</article-title>”, <source>Journal of Travel and Tourism Marketing</source>, Vol. <volume>36</volume> No. <issue>1</issue>, pp. <fpage>43</fpage>-<lpage>59</lpage>.</mixed-citation></ref>
<ref id="ref057"><mixed-citation publication-type="journal"><person-group person-group-type="author"><string-name><surname>Mustak</surname>, <given-names>M.</given-names></string-name>, <string-name><surname>Salminen</surname>, <given-names>J.</given-names></string-name>, <string-name><surname>Plé</surname>, <given-names>L.</given-names></string-name> and <string-name><surname>Wirtz</surname>, <given-names>J.</given-names></string-name></person-group> (<year>2021</year>), “<article-title>Artificial intelligence in marketing: topic modeling, scientometric analysis, and research agenda</article-title>”, <source>Journal of Business Research</source>, Vol. <volume>124</volume>, pp. <fpage>389</fpage>-<lpage>404</lpage>.</mixed-citation></ref>
<ref id="ref058"><mixed-citation publication-type="journal"><person-group person-group-type="author"><string-name><surname>Navarro</surname>, <given-names>S.</given-names></string-name>, <string-name><surname>Andreu</surname>, <given-names>L.</given-names></string-name> and <string-name><surname>Cervera</surname>, <given-names>A.</given-names></string-name></person-group> (<year>2014</year>), “<article-title>Value co-creation among hotels and disabled customers: an exploratory study</article-title>”, <source>Journal of Business Research</source>, Vol. <volume>67</volume> No. <issue>5</issue>, pp. <fpage>813</fpage>-<lpage>818</lpage>.</mixed-citation></ref>
<ref id="ref059"><mixed-citation publication-type="journal"><person-group person-group-type="author"><string-name><surname>O'brien</surname>, <given-names>R.M.</given-names></string-name></person-group> (<year>2007</year>), “<article-title>A caution regarding rules of thumb for variance inflation factors</article-title>”, <source>Quality and Quantity</source>, Vol. <volume>41</volume>, pp. <fpage>673</fpage>-<lpage>690</lpage>.</mixed-citation></ref>
<ref id="ref060"><mixed-citation publication-type="journal"><person-group person-group-type="author"><string-name><surname>Park</surname>, <given-names>J.Y.</given-names></string-name>, <string-name><surname>Bufquin</surname>, <given-names>D.</given-names></string-name> and <string-name><surname>Back</surname>, <given-names>R.M.</given-names></string-name></person-group> (<year>2019</year>), “<article-title>When do they become satiated? An examination of the relationships among winery tourists' satisfaction, repeat visits and revisit intentions</article-title>”, <source>Journal of Destination Marketing and Management</source>, Vol. <volume>11</volume>, pp. <fpage>231</fpage>-<lpage>239</lpage>.</mixed-citation></ref>
<ref id="ref061"><mixed-citation publication-type="journal"><person-group person-group-type="author"><string-name><surname>Parvez</surname>, <given-names>M.O.</given-names></string-name>, <string-name><surname>Arasli</surname>, <given-names>H.</given-names></string-name>, <string-name><surname>Ozturen</surname>, <given-names>A.</given-names></string-name>, <string-name><surname>Lodhi</surname>, <given-names>R.N.</given-names></string-name> and <string-name><surname>Ongsakul</surname>, <given-names>V.</given-names></string-name></person-group> (<year>2022a</year>), “<article-title>Antecedents of human-robot collaboration: theoretical extension of the technology acceptance model</article-title>”, <source>Journal of Hospitality and Tourism Technology</source>, Vol. <volume>13</volume> No. <issue>2</issue>, pp. <fpage>240</fpage>-<lpage>263</lpage>.</mixed-citation></ref>
<ref id="ref062"><mixed-citation publication-type="journal"><person-group person-group-type="author"><string-name><surname>Parvez</surname>, <given-names>M.O.</given-names></string-name>, <string-name><surname>Öztüren</surname>, <given-names>A.</given-names></string-name>, <string-name><surname>Cobanoglu</surname>, <given-names>C.</given-names></string-name>, <string-name><surname>Arasli</surname>, <given-names>H.</given-names></string-name> and <string-name><surname>Eluwole</surname>, <given-names>K.K.</given-names></string-name></person-group> (<year>2022b</year>), “<article-title>Employees' perception of robots and robot-induced unemployment in hospitality industry under COVID-19 pandemic</article-title>”, <source>International Journal of Hospitality Management</source>, Vol. <volume>107</volume>, p. <fpage>103336</fpage>.</mixed-citation></ref>
<ref id="ref063"><mixed-citation publication-type="journal"><person-group person-group-type="author"><string-name><surname>Patwary</surname>, <given-names>A.K.</given-names></string-name> and <string-name><surname>Omar</surname>, <given-names>H.</given-names></string-name></person-group> (<year>2020</year>), “<article-title>The influence of dissatisfied tourists' non-behavioral approach on overall visit satisfaction: a study on Malaysian domestic tourists</article-title>”, <source>GeoJournal of Tourism and Geosites</source>, Vol. <volume>32</volume> No. <issue>4</issue>, pp. <fpage>1388</fpage>-<lpage>1393</lpage>.</mixed-citation></ref>
<ref id="ref064"><mixed-citation publication-type="journal"><person-group person-group-type="author"><string-name><surname>Podsakoff</surname>, <given-names>P.M.</given-names></string-name>, <string-name><surname>MacKenzie</surname>, <given-names>S.B.</given-names></string-name>, <string-name><surname>Lee</surname>, <given-names>J.Y.</given-names></string-name> and <string-name><surname>Podsakoff</surname>, <given-names>N.P.</given-names></string-name></person-group> (<year>2003</year>), “<article-title>Common method biases in behavioral research: a critical review of the literature and recommended remedies</article-title>”, <source>Journal of Applied Psychology</source>, Vol. <volume>88</volume> No. <issue>5</issue>, p. <fpage>879</fpage>.</mixed-citation></ref>
<ref id="ref065"><mixed-citation publication-type="journal"><person-group person-group-type="author"><string-name><surname>Popovic</surname>, <given-names>O.B.</given-names></string-name>, <string-name><surname>Nikic</surname>, <given-names>V.</given-names></string-name>, <string-name><surname>Bulatovic</surname>, <given-names>I.</given-names></string-name> and <string-name><surname>Delibasic</surname>, <given-names>M.</given-names></string-name></person-group> (<year>2018</year>), “<article-title>Modeling perceived quality, customer satisfaction and probability of guest returning to the destination</article-title>”, <source>Montenegrin Journal of Economics</source>, Vol. <volume>14</volume> No. <issue>1</issue>, pp. <fpage>69</fpage>-<lpage>78</lpage>.</mixed-citation></ref>
<ref id="ref066"><mixed-citation publication-type="journal"><person-group person-group-type="author"><string-name><surname>Rahimian</surname>, <given-names>S.</given-names></string-name>, <string-name><surname>ShamiZanjani</surname>, <given-names>M.</given-names></string-name>, <string-name><surname>Manian</surname>, <given-names>A.</given-names></string-name> and <string-name><surname>Esfidani</surname>, <given-names>M.R.</given-names></string-name></person-group> (<year>2021</year>), “<article-title>A framework of customer experience management for hotel industry</article-title>”, <source>International Journal of Contemporary Hospitality Management</source>, Vol. <volume>33</volume> No. <issue>5</issue>, pp. <fpage>1413</fpage>-<lpage>1436</lpage>.</mixed-citation></ref>
<ref id="ref067"><mixed-citation publication-type="journal"><person-group person-group-type="author"><string-name><surname>Rasoolimanesh</surname>, <given-names>S.M.</given-names></string-name>, <string-name><surname>Law</surname>, <given-names>R.</given-names></string-name>, <string-name><surname>Buhalis</surname>, <given-names>D.</given-names></string-name> and <string-name><surname>Cobanoglu</surname>, <given-names>C.</given-names></string-name></person-group> (<year>2019</year>), “<article-title>Development and trend of information and communication technologies in hospitality and tourism</article-title>”, <source>Journal of Hospitality and Tourism Technology</source>, Vol. <volume>10</volume> No. <issue>4</issue>, pp. <fpage>481</fpage>-<lpage>488</lpage>.</mixed-citation></ref>
<ref id="ref068"><mixed-citation publication-type="journal"><person-group person-group-type="author"><string-name><surname>Sharkey</surname>, <given-names>A.</given-names></string-name> and <string-name><surname>Sharkey</surname>, <given-names>N.</given-names></string-name></person-group> (<year>2012</year>), “<article-title>Granny and the robots: ethical issues in robot care for the elderly</article-title>”, <source>Ethics and Information Technology</source>, Vol. <volume>14</volume> No. <issue>1</issue>, pp. <fpage>27</fpage>-<lpage>40</lpage>.</mixed-citation></ref>
<ref id="ref069"><mixed-citation publication-type="book"><person-group person-group-type="author"><string-name><surname>Shiraani</surname>, <given-names>F.</given-names></string-name> and <string-name><surname>Carr</surname>, <given-names>N.</given-names></string-name></person-group> (<year>2022</year>), “<article-title>Disabled children in tourism</article-title>”, <source>Encyclopedia of Tourism Management and Marketing</source>, <publisher-name>Edward Elgar Publishing</publisher-name>, pp. <fpage>968</fpage>-<lpage>971</lpage>.</mixed-citation></ref>
<ref id="ref070"><mixed-citation publication-type="journal"><person-group person-group-type="author"><string-name><surname>Singh</surname>, <given-names>D.K.</given-names></string-name>, <string-name><surname>Kumar</surname>, <given-names>M.</given-names></string-name>, <string-name><surname>Fosch-Villaronga</surname>, <given-names>E.</given-names></string-name>, <string-name><surname>Singh</surname>, <given-names>D.</given-names></string-name> and <string-name><surname>Shukla</surname>, <given-names>J.</given-names></string-name></person-group> (<year>2023</year>), “<article-title>Ethical considerations from child-robot interactions in under-resourced communities</article-title>”, <source>International Journal of Social Robotics</source>, Vol. <volume>15</volume> No. <issue>12</issue>, pp. <fpage>2055</fpage>-<lpage>2071</lpage>.</mixed-citation></ref>
<ref id="ref071"><mixed-citation publication-type="journal"><person-group person-group-type="author"><string-name><surname>Smith</surname>, <given-names>R.O.</given-names></string-name>, <string-name><surname>Scherer</surname>, <given-names>M.J.</given-names></string-name>, <string-name><surname>Cooper</surname>, <given-names>R.</given-names></string-name>, <string-name><surname>Bell</surname>, <given-names>D.</given-names></string-name>, <string-name><surname>Hobbs</surname>, <given-names>D.A.</given-names></string-name>, <string-name><surname>Pettersson</surname>, <given-names>C.</given-names></string-name> and <string-name><surname>Bauer</surname>, <given-names>S.</given-names></string-name></person-group> (<year>2018</year>), “<article-title>Assistive technology products: a position paper from the first global research, innovation, and education on assistive technology (GREAT) summit</article-title>”, <source>Disability and Rehabilitation: Assistive Technology</source>, Vol. <volume>13</volume> No. <issue>5</issue>, pp. <fpage>473</fpage>-<lpage>485</lpage>.</mixed-citation></ref>
<ref id="ref072"><mixed-citation publication-type="journal"><person-group person-group-type="author"><string-name><surname>Sthapit</surname>, <given-names>E.</given-names></string-name>, <string-name><surname>Björk</surname>, <given-names>P.</given-names></string-name>, <string-name><surname>Coudounaris</surname>, <given-names>D.N.</given-names></string-name> and <string-name><surname>Jiménez-Barreto</surname>, <given-names>J.</given-names></string-name></person-group> (<year>2022</year>), “<article-title>Memorable halal tourism experience and its effects on place attachment</article-title>”, <source>International Journal of Hospitality and Tourism Administration</source>, Vol. <volume>25</volume> No. <issue>3</issue>, pp. <fpage>1</fpage>-<lpage>27</lpage>.</mixed-citation></ref>
<ref id="ref073"><mixed-citation publication-type="journal"><person-group person-group-type="author"><string-name><surname>Stylidis</surname>, <given-names>D.</given-names></string-name></person-group> (<year>2018</year>), “<article-title>Place attachment, perception of place and residents' support for tourism development</article-title>”, <source>Tourism Planning and Development</source>, Vol. <volume>15</volume> No. <issue>2</issue>, pp. <fpage>188</fpage>-<lpage>210</lpage>.</mixed-citation></ref>
<ref id="ref074"><mixed-citation publication-type="journal"><person-group person-group-type="author"><string-name><surname>Sukhu</surname>, <given-names>A.</given-names></string-name>, <string-name><surname>Choi</surname>, <given-names>H.</given-names></string-name>, <string-name><surname>Bujisic</surname>, <given-names>M.</given-names></string-name> and <string-name><surname>Bilgihan</surname>, <given-names>A.</given-names></string-name></person-group> (<year>2019</year>), “<article-title>Satisfaction and positive emotions: a comparison of the influence of hotel guests' beliefs and attitudes on their satisfaction and emotions</article-title>”, <source>International Journal of Hospitality Management</source>, Vol. <volume>77</volume>, pp. <fpage>51</fpage>-<lpage>63</lpage>.</mixed-citation></ref>
<ref id="ref075"><mixed-citation publication-type="web"><person-group person-group-type="author"><collab>United Nations</collab></person-group> (<year>2022</year>), “<article-title>UNSDG | UN DCO disability inclusion strategy 2022-2025</article-title>”, <comment>United Nations</comment>, <comment>available at: <ext-link ext-link-type="uri" xlink:href="https://unsdg.un.org/resources/un-dco-disability-inclusion-strategy-2022-2025">https://unsdg.un.org/resources/un-dco-disability-inclusion-strategy-2022-2025</ext-link></comment></mixed-citation></ref>
<ref id="ref076"><mixed-citation publication-type="journal"><person-group person-group-type="author"><string-name><surname>Wang</surname>, <given-names>L.H.</given-names></string-name>, <string-name><surname>Ho</surname>, <given-names>J.L.</given-names></string-name>, <string-name><surname>Yeh</surname>, <given-names>S.S.</given-names></string-name> and <string-name><surname>Huan</surname>, <given-names>T.C.T.</given-names></string-name></person-group> (<year>2022</year>), “<article-title>Is robot hotel a future trend? Exploring the incentives, barriers and customers' purchase intention for robot hotel stays</article-title>”, <source>Tourism Management Perspectives</source>, Vol. <volume>43</volume>, p. <fpage>100984</fpage>.</mixed-citation></ref>
<ref id="ref077"><mixed-citation publication-type="journal"><person-group person-group-type="author"><string-name><surname>Wang</surname>, <given-names>X.</given-names></string-name>, <string-name><surname>Zhang</surname>, <given-names>Z.</given-names></string-name>, <string-name><surname>Huang</surname>, <given-names>D.</given-names></string-name> and <string-name><surname>Li</surname>, <given-names>Z.</given-names></string-name></person-group> (<year>2023</year>), “<article-title>Consumer resistance to service robots at the hotel front desk: a mixed-methods research</article-title>”, <source>Tourism Management Perspectives</source>, Vol. <volume>46</volume>, p. <fpage>101074</fpage>.</mixed-citation></ref>
<ref id="ref078"><mixed-citation publication-type="book"><person-group person-group-type="author"><collab>World Health Organization</collab></person-group> (<year>2022</year>), <source>Health at a Glance: Asia/Pacific 2022 Measuring Progress Towards Universal Health Coverage: Measuring Progress Towards Universal Health Coverage</source>, <publisher-name>OECD publishing</publisher-name>.</mixed-citation></ref>
<ref id="ref079"><mixed-citation publication-type="journal"><person-group person-group-type="author"><string-name><surname>Zhong</surname>, <given-names>L.</given-names></string-name>, <string-name><surname>Coca-Stefaniak</surname>, <given-names>J.A.</given-names></string-name>, <string-name><surname>Morrison</surname>, <given-names>A.M.</given-names></string-name>, <string-name><surname>Yang</surname>, <given-names>L.</given-names></string-name> and <string-name><surname>Deng</surname>, <given-names>B.</given-names></string-name></person-group> (<year>2022</year>), “<article-title>Technology acceptance before and after COVID-19: no-touch service from hotel robots</article-title>”, <source>Tourism Review</source>, Vol. <volume>77</volume> No. <issue>4</issue>, pp. <fpage>1062</fpage>-<lpage>1080</lpage>.</mixed-citation></ref></ref-list>
<ref-list id="refs2">
<title>Further reading</title>
<ref id="ref080"><mixed-citation publication-type="journal"><person-group person-group-type="author"><string-name><surname>Wirtz</surname>, <given-names>J.</given-names></string-name>, <string-name><surname>Patterson</surname>, <given-names>P.G.</given-names></string-name>, <string-name><surname>Kunz</surname>, <given-names>W.H.</given-names></string-name>, <string-name><surname>Gruber</surname>, <given-names>T.</given-names></string-name>, <string-name><surname>Lu</surname>, <given-names>V.N.</given-names></string-name>, <string-name><surname>Paluch</surname>, <given-names>S.</given-names></string-name> and <string-name><surname>Martins</surname>, <given-names>A.</given-names></string-name></person-group> (<year>2018</year>), “<article-title>Brave new world: service robots in the frontline</article-title>”, <source>Journal of Service Management</source>, Vol. <volume>29</volume> No. <issue>5</issue>, pp. <fpage>907</fpage>-<lpage>931</lpage>.</mixed-citation></ref></ref-list>
</back>
</article>