<?xml version="1.0" encoding="UTF-8"?>
<!DOCTYPE article PUBLIC "-//NLM//DTD JATS (Z39.96) Journal Archiving and Interchange DTD with MathML3 v1.1d1 20130915//EN" "JATS-archivearticle1-mathml3.dtd"><article xmlns:mml="http://www.w3.org/1998/Math/MathML" xmlns:xsi="http://www.w3.org/2001/XMLSchema-instance" xmlns:xlink="http://www.w3.org/1999/xlink" article-type="research-article" dtd-version="1.1d1" xml:lang="en"><front id="meta-hdr"><journal-meta><journal-id journal-id-type="publisher-id">JPBAFM</journal-id><journal-id journal-id-type="doi">10.1108/JPBAFM</journal-id><journal-title-group><journal-title>Journal of Public Budgeting, Accounting &amp; Financial Management</journal-title><abbrev-journal-title abbrev-type="publisher">JPBAFM</abbrev-journal-title></journal-title-group><issn publication-format="print">1096-3367</issn><issn publication-format="online">1945-1814</issn><publisher><publisher-name>Emerald Publishing Limited</publisher-name></publisher></journal-meta><article-meta id="art-meta"><article-id pub-id-type="publisher-id">725829</article-id><article-id pub-id-type="doi">10.1108/JPBAFM-12-2023-0228</article-id><article-id pub-id-type="original-pdf">JPBAFM-12-2023-0228.pdf</article-id><article-id pub-id-type="filename">JPBAFM-12-2023-0228</article-id><article-categories><subj-group subj-group-type="type-of-publication"><compound-subject><compound-subject-part content-type="code">research-article</compound-subject-part><compound-subject-part content-type="label">Research paper</compound-subject-part></compound-subject></subj-group><subj-group subj-group-type="subject"><compound-subject><compound-subject-part content-type="code">cat-ACF</compound-subject-part><compound-subject-part content-type="label">Accounting &amp; finance</compound-subject-part></compound-subject></subj-group><subj-group subj-group-type="subject"><compound-subject><compound-subject-part content-type="code"/><compound-subject-part content-type="label">Accounting/accountancy</compound-subject-part></compound-subject></subj-group><subj-group subj-group-type="subject"><compound-subject><compound-subject-part content-type="code"/><compound-subject-part content-type="label">Accounting methods/systems</compound-subject-part></compound-subject></subj-group><subj-group subj-group-type="subject"><compound-subject><compound-subject-part content-type="code"/><compound-subject-part content-type="label">Economics</compound-subject-part></compound-subject></subj-group><subj-group subj-group-type="subject"><compound-subject><compound-subject-part content-type="code"/><compound-subject-part content-type="label">Public finance/economics</compound-subject-part></compound-subject></subj-group></article-categories><title-group><article-title xml:lang="en">The effect of debt intensity on the asymmetric cost behavior: empirical evidence from local governments</article-title></title-group><contrib-group><contrib contrib-type="author" corresp="yes"><contrib-id contrib-id-type="orcid">https://orcid.org/0000-0002-1880-1573</contrib-id><name-alternatives><name name-style="western"><surname>Karatzimas</surname><given-names>Sotirios</given-names></name><string-name name-style="western"><given-names>Sotirios</given-names> <surname>Karatzimas</surname></string-name></name-alternatives><email>skaratzimas@aueb.gr</email><xref ref-type="aff" rid="aff1"/></contrib><contrib contrib-type="author"><name-alternatives><name name-style="western"><surname>Naoum</surname><given-names>Vasilios Christos</given-names></name><string-name name-style="western"><given-names>Vasilios Christos</given-names> <surname>Naoum</surname></string-name></name-alternatives><email>vcnaoum@unipi.gr</email><xref ref-type="aff" rid="aff2"/></contrib><contrib contrib-type="author"><name-alternatives><name name-style="western"><surname>Seretis</surname><given-names>Paschalis</given-names></name><string-name name-style="western"><given-names>Paschalis</given-names> <surname>Seretis</surname></string-name></name-alternatives><email>p.seretis@unipi.gr</email><xref ref-type="aff" rid="aff2"/></contrib><aff id="aff1">Department of Accounting and Finance, <institution-wrap><institution>Athens University of Economics and Business</institution></institution-wrap>, Athens, <country country="GR">Greece</country></aff><aff id="aff2"><institution-wrap><institution>Department of Maritime Studies</institution></institution-wrap>, <institution-wrap><institution>University of Piraeus</institution></institution-wrap>, Piraeus, <country country="GR">Greece</country></aff></contrib-group><author-notes><corresp id="cor1">Sotirios Karatzimas can be contacted at: <ext-link ext-link-type="email" xlink:href="mailto:skaratzimas@aueb.gr">skaratzimas@aueb.gr</ext-link></corresp></author-notes><pub-date publication-format="electronic" date-type="pub" iso-8601-date="2024-07-09"><day>09</day><month>07</month><year>2024</year></pub-date><pub-date publication-format="print" date-type="pub" iso-8601-date="2024-08-07"><day>07</day><month>08</month><year>2024</year></pub-date><volume>36</volume><issue>4</issue><fpage>514</fpage><lpage>535</lpage><history><date date-type="received" iso-8601-date="2023-12-22"><day>22</day><month>12</month><year>2023</year></date><date date-type="revised" iso-8601-date="2024-04-23"><day>23</day><month>04</month><year>2024</year></date><date date-type="accepted" iso-8601-date="2024-06-10"><day>10</day><month>06</month><year>2024</year></date></history><permissions><copyright-statement>© Emerald Publishing Limited</copyright-statement><copyright-year>2024</copyright-year><copyright-holder>Emerald Publishing Limited</copyright-holder><license license-type="publisher"><license-p>Licensed re-use rights only</license-p></license></permissions><self-uri content-type="pdf" xlink:href="JPBAFM-12-2023-0228.pdf"/><abstract abstract-type="structured" id="abstr1" xml:lang="en"><sec><title content-type="abstract-subheading">Purpose</title><p>This study explores the relationship between debt intensity and cost stickiness at the local government level, a setting characterized by the existence of debt constraints and political influence.</p></sec><sec><title content-type="abstract-subheading">Design/methodology/approach</title><p>Building on a theoretical framework informed by the concepts of coercive isomorphism and accountability, the present study focuses on Greek municipalities and applies Anderson <italic>et al.</italic>’s (2003) extended methodology, as reviewed by Banker and Byzalov (2014), in a sample of 1,366 municipality year observations for the period 2011–2020.</p></sec><sec><title content-type="abstract-subheading">Findings</title><p>The results indicate that the degree of cost asymmetry is negatively associated with debt intensity. Periods before elections present the same picture. This negative relationship becomes insignificant in the case of large municipalities, which probably require more resources to support their operations and incur higher adjustment costs for reducing resources. These findings are robust to use alternative types of expenses associated with cost stickiness and a battery of control variables.</p></sec><sec><title content-type="abstract-subheading">Originality/value</title><p>Little is known about the impact of debt level and financial constraints on cost behavior in the public sector context. This study takes a fresh look at the relationship between municipal debt structure and cost stickiness, adding to the understanding of cost behavior considering the debt level, financial constraints, resource-adjustment costs and the underlying managerial behavior.</p></sec></abstract><kwd-group kwd-group-type="author-generated" xml:lang="en"><kwd>Cost behavior</kwd><x xml:space="preserve">, </x><kwd>Cost stickiness</kwd><x xml:space="preserve">, </x><kwd>Debt</kwd><x xml:space="preserve">, </x><kwd>Local government</kwd><x xml:space="preserve">, </x><kwd>Municipalities</kwd><x xml:space="preserve">, </x><kwd>Sticky cost theory</kwd></kwd-group><counts><fig-count count="0"/><table-count count="7"/><equation-count count="1"/><ref-count count="61"/><page-count count="22"/><word-count count="10191"/></counts><custom-meta-group><custom-meta><meta-name>peer-reviewed</meta-name><meta-value>Yes</meta-value></custom-meta><custom-meta><meta-name>academic-content</meta-name><meta-value>Yes</meta-value></custom-meta><custom-meta><meta-name>EContentType</meta-name><meta-value>Journal</meta-value></custom-meta><custom-meta><meta-name>rightslink</meta-name><meta-value>included</meta-value></custom-meta></custom-meta-group></article-meta></front><back><ref-list id="refs1"><title>References</title><ref id="ref001"><mixed-citation publication-type="journal"><person-group person-group-type="author"><string-name><surname>Adam</surname>, <given-names>S.</given-names></string-name>, <string-name><surname>Parras</surname>, <given-names>M.</given-names></string-name> and <string-name><surname>Javier</surname>, <given-names>F.</given-names></string-name></person-group> (<year>2013</year>), “<article-title>The European stability mechanism through the legal meanderings of the union's constitutionalism: comment on pringle</article-title>”, <source>European Law Review</source>, Vol. <volume>38</volume> No. <issue>6</issue>, pp. <fpage>848</fpage>-<lpage>865</lpage>.</mixed-citation></ref><ref id="ref002"><mixed-citation publication-type="journal"><person-group person-group-type="author"><string-name><surname>Anderson</surname>, <given-names>M.A.</given-names></string-name>, <string-name><surname>Banker</surname>, <given-names>R.D.</given-names></string-name> and <string-name><surname>Janakiraman</surname>, <given-names>S.</given-names></string-name></person-group> (<year>2003</year>), “<article-title>Are selling, general, and administrative costs ‘sticky’?</article-title>”, <source>Journal of Accounting Research</source>, Vol. <volume>41</volume> No. <issue>1</issue>, pp. <fpage>47</fpage>-<lpage>63</lpage>, doi: <pub-id pub-id-type="doi">10.1111/1475-679x.00095</pub-id>.</mixed-citation></ref><ref id="ref003"><mixed-citation publication-type="journal"><person-group person-group-type="author"><string-name><surname>Arnold</surname>, <given-names>R.D.</given-names></string-name> and <string-name><surname>Carnes</surname>, <given-names>N.</given-names></string-name></person-group> (<year>2012</year>), “<article-title>Holding mayors accountable: New York's executives from Koch to Bloomberg</article-title>”, <source>American Journal of Political Science</source>, Vol. <volume>56</volume> No. <issue>4</issue>, pp. <fpage>949</fpage>-<lpage>963</lpage>, doi: <pub-id pub-id-type="doi">10.1111/j.1540-5907.2012.00603.x</pub-id>.</mixed-citation></ref><ref id="ref004"><mixed-citation publication-type="journal"><person-group person-group-type="author"><string-name><surname>Ashworth</surname>, <given-names>J.</given-names></string-name>, <string-name><surname>Geys</surname>, <given-names>B.</given-names></string-name> and <string-name><surname>Heyndels</surname>, <given-names>B.</given-names></string-name></person-group> (<year>2005</year>), “<article-title>Government weakness and local public debt development in Flemish municipalities</article-title>”, <source>International Tax and Public Finance</source>, Vol. <volume>12</volume> No. <issue>4</issue>, pp. <fpage>395</fpage>-<lpage>422</lpage>, doi: <pub-id pub-id-type="doi">10.1007/s10797-005-2317-3</pub-id>.</mixed-citation></ref><ref id="ref005"><mixed-citation publication-type="journal"><person-group person-group-type="author"><string-name><surname>Balakrishnan</surname>, <given-names>R.</given-names></string-name> and <string-name><surname>Gruca</surname>, <given-names>T.S.</given-names></string-name></person-group> (<year>2008</year>), “<article-title>Cost stickiness and core competency: a note</article-title>”, <source>Contemporary Accounting Research</source>, Vol. <volume>25</volume> No. <issue>4</issue>, pp. <fpage>993</fpage>-<lpage>1006</lpage>, doi: <pub-id pub-id-type="doi">10.1506/car.25.4.2</pub-id>.</mixed-citation></ref><ref id="ref006"><mixed-citation publication-type="journal"><person-group person-group-type="author"><string-name><surname>Balakrishnan</surname>, <given-names>R.</given-names></string-name>, <string-name><surname>Petersen</surname>, <given-names>M.J.</given-names></string-name> and <string-name><surname>Soderstrom</surname>, <given-names>N.S.</given-names></string-name></person-group> (<year>2004</year>), “<article-title>Does capacity utilization affect the ‘stickiness’ of cost?</article-title>”, <source>Journal of Accounting, Auditing and Finance</source>, Vol. <volume>19</volume> No. <issue>3</issue>, pp. <fpage>283</fpage>-<lpage>300</lpage>, doi: <pub-id pub-id-type="doi">10.1177/0148558x0401900303</pub-id>.</mixed-citation></ref><ref id="ref007"><mixed-citation publication-type="journal"><person-group person-group-type="author"><string-name><surname>Ballas</surname>, <given-names>A.</given-names></string-name>, <string-name><surname>Naoum</surname>, <given-names>V.C.</given-names></string-name> and <string-name><surname>Vlismas</surname>, <given-names>O.</given-names></string-name></person-group> (<year>2022</year>), “<article-title>The effect of strategy on asymmetric cost behavior of SG&amp;A expenses</article-title>”, <source>European Accounting Review</source>, Vol. <volume>31</volume> No. <issue>2</issue>, pp. <fpage>409</fpage>-<lpage>447</lpage>, doi: <pub-id pub-id-type="doi">10.1080/09638180.2020.1813601</pub-id>.</mixed-citation></ref><ref id="ref008"><mixed-citation publication-type="journal"><person-group person-group-type="author"><string-name><surname>Banker</surname>, <given-names>D.</given-names></string-name> and <string-name><surname>Byzalov</surname>, <given-names>D.</given-names></string-name></person-group> (<year>2014</year>), “<article-title>Asymmetric cost behaviour</article-title>”, <source>Journal of Management Accounting Research</source>, Vol. <volume>25</volume> No. <issue>2</issue>, pp. <fpage>43</fpage>-<lpage>79</lpage>, doi: <pub-id pub-id-type="doi">10.2308/jmar-50846</pub-id>.</mixed-citation></ref><ref id="ref009"><mixed-citation publication-type="journal"><person-group person-group-type="author"><string-name><surname>Bastida</surname>, <given-names>F.</given-names></string-name>, <string-name><surname>Beyaert</surname>, <given-names>A.</given-names></string-name> and <string-name><surname>Benito</surname>, <given-names>B.</given-names></string-name></person-group> (<year>2013</year>), “<article-title>Electoral cycles and local government debt management</article-title>”, <source>Local Government Studies</source>, Vol. <volume>39</volume> No. <issue>1</issue>, pp. <fpage>107</fpage>-<lpage>132</lpage>, doi: <pub-id pub-id-type="doi">10.1080/03003930.2012.683861</pub-id>.</mixed-citation></ref><ref id="ref010"><mixed-citation publication-type="journal"><person-group person-group-type="author"><string-name><surname>Bauer</surname>, <given-names>M.W.</given-names></string-name> and <string-name><surname>Becker</surname>, <given-names>S.</given-names></string-name></person-group> (<year>2014</year>), “<article-title>The unexpected winner of the crisis: the European Commission's strengthened role in economic governance</article-title>”, <source>Journal of European Integration</source>, Vol. <volume>36</volume> No. <issue>3</issue>, pp. <fpage>213</fpage>-<lpage>229</lpage>, doi: <pub-id pub-id-type="doi">10.1080/07036337.2014.885750</pub-id>.</mixed-citation></ref><ref id="ref011"><mixed-citation publication-type="journal"><person-group person-group-type="author"><string-name><surname>Binet</surname>, <given-names>M.E.</given-names></string-name> and <string-name><surname>Pentecote</surname>, <given-names>J.S.</given-names></string-name></person-group> (<year>2004</year>), “<article-title>Tax degression and the political budget cycle in French municipalities</article-title>”, <source>Applied Economics Letters</source>, Vol. <volume>11</volume> No. <issue>14</issue>, pp. <fpage>905</fpage>-<lpage>908</lpage>, doi: <pub-id pub-id-type="doi">10.1080/1350485042000268642</pub-id>.</mixed-citation></ref><ref id="ref012"><mixed-citation publication-type="journal"><person-group person-group-type="author"><string-name><surname>Blais</surname>, <given-names>A.</given-names></string-name> and <string-name><surname>Nadeau</surname>, <given-names>R.</given-names></string-name></person-group> (<year>1996</year>), “<article-title>Measuring strategic voting: a two-step procedure</article-title>”, <source>Electoral Studies</source>, Vol. <volume>15</volume> No. <issue>1</issue>, pp. <fpage>39</fpage>-<lpage>52</lpage>, doi: <pub-id pub-id-type="doi">10.1016/0261-3794(94)00014-x</pub-id>.</mixed-citation></ref><ref id="ref063"><mixed-citation publication-type="book"><person-group person-group-type="author"><string-name><surname>Börzel</surname>, <given-names>T.A.</given-names></string-name></person-group> (<year>2003</year>), <source>How the European Union interacts with its Member States</source>, <publisher-name>Institut für Höhere Studien (IHS)</publisher-name>, <publisher-loc>Wien</publisher-loc>.</mixed-citation></ref><ref id="ref058"><mixed-citation publication-type="journal"><person-group person-group-type="author"><string-name><surname>Bradbury</surname>, <given-names>M.E.</given-names></string-name> and <string-name><surname>Scott</surname>, <given-names>T.</given-names></string-name></person-group> (<year>2018</year>), “<article-title>Do managers forecast asymmetric cost behaviour?</article-title>”, <source>Australian Journal of Management</source>, Vol. <volume>43</volume> No. <issue>4</issue>, pp. <fpage>538</fpage>-<lpage>554</lpage>.</mixed-citation></ref><ref id="ref013"><mixed-citation publication-type="journal"><person-group person-group-type="author"><string-name><surname>Bröthaler</surname>, <given-names>J.</given-names></string-name>, <string-name><surname>Getzner</surname>, <given-names>M.</given-names></string-name> and <string-name><surname>Haber</surname>, <given-names>G.</given-names></string-name></person-group> (<year>2015</year>), “<article-title>Sustainability of local government debt: a case study of Austrian municipalities</article-title>”, <source>Empirica</source>, Vol. <volume>42</volume> No. <issue>3</issue>, pp. <fpage>521</fpage>-<lpage>546</lpage>, doi: <pub-id pub-id-type="doi">10.1007/s10663-014-9261-3</pub-id>.</mixed-citation></ref><ref id="ref014"><mixed-citation publication-type="book"><person-group person-group-type="author"><string-name><surname>Buchanan</surname>, <given-names>J.M.</given-names></string-name></person-group> (<year>1967</year>), <source>Public Finance in Democratic Process</source>, <publisher-name>University of North Carolina Press</publisher-name>, <publisher-loc>Chapel Hill</publisher-loc>.</mixed-citation></ref><ref id="ref015"><mixed-citation publication-type="journal"><person-group person-group-type="author"><string-name><surname>Caggese</surname>, <given-names>A.</given-names></string-name></person-group> (<year>2007</year>), “<article-title>Financing constraints, irreversibility, and investment dynamics</article-title>”, <source>Journal of Monetary Economics</source>, Vol. <volume>54</volume> No. <issue>7</issue>, pp. <fpage>2102</fpage>-<lpage>2130</lpage>, doi: <pub-id pub-id-type="doi">10.1016/j.jmoneco.2006.10.001</pub-id>.</mixed-citation></ref><ref id="ref016"><mixed-citation publication-type="journal"><person-group person-group-type="author"><string-name><surname>Calleja</surname>, <given-names>K.</given-names></string-name>, <string-name><surname>Steliaros</surname>, <given-names>M.</given-names></string-name> and <string-name><surname>Thomas</surname>, <given-names>D.C.</given-names></string-name></person-group> (<year>2006</year>), “<article-title>A note on cost stickiness: some international comparisons</article-title>”, <source>Management Accounting Research</source>, Vol. <volume>17</volume> No. <issue>2</issue>, pp. <fpage>127</fpage>-<lpage>140</lpage>, doi: <pub-id pub-id-type="doi">10.1016/j.mar.2006.02.001</pub-id>.</mixed-citation></ref><ref id="ref017"><mixed-citation publication-type="journal"><person-group person-group-type="author"><string-name><surname>Chen</surname>, <given-names>C.X.</given-names></string-name>, <string-name><surname>Lu</surname>, <given-names>H.</given-names></string-name> and <string-name><surname>Sougiannis</surname>, <given-names>T.</given-names></string-name></person-group> (<year>2012</year>), “<article-title>The agency problem, corporate governance, and the asymmetrical behavior of selling, general, and administrative costs</article-title>”, <source>Contemporary Accounting Research</source>, Vol. <volume>29</volume> No. <issue>1</issue>, pp. <fpage>252</fpage>-<lpage>282</lpage>, doi: <pub-id pub-id-type="doi">10.1111/j.1911-3846.2011.01094.x</pub-id>.</mixed-citation></ref><ref id="ref018"><mixed-citation publication-type="journal"><person-group person-group-type="author"><string-name><surname>Chen</surname>, <given-names>J.</given-names></string-name>, <string-name><surname>Kama</surname>, <given-names>I.</given-names></string-name> and <string-name><surname>Lehavy</surname>, <given-names>R.</given-names></string-name></person-group> (<year>2019</year>), “<article-title>A contextual analysis of the impact of managerial expectations on asymmetric cost behavior</article-title>”, <source>Review of Accounting Studies</source>, Vol. <volume>24</volume> No. <issue>2</issue>, pp. <fpage>665</fpage>-<lpage>693</lpage>, doi: <pub-id pub-id-type="doi">10.1007/s11142-019-09491-2</pub-id>.</mixed-citation></ref><ref id="ref019"><mixed-citation publication-type="journal"><person-group person-group-type="author"><string-name><surname>Cheng</surname>, <given-names>S.</given-names></string-name>, <string-name><surname>Jiang</surname>, <given-names>W.</given-names></string-name> and <string-name><surname>Zeng</surname>, <given-names>Y.</given-names></string-name></person-group> (<year>2018</year>), “<article-title>Does access to capital affect cost stickiness? Evidence from China</article-title>”, <source>Asia-Pacific Journal of Accounting and Economics</source>, Vol. <volume>25</volume> Nos <issue>1-2</issue>, pp. <fpage>177</fpage>-<lpage>198</lpage>, doi: <pub-id pub-id-type="doi">10.1080/16081625.2016.1253483</pub-id>.</mixed-citation></ref><ref id="ref020"><mixed-citation publication-type="journal"><person-group person-group-type="author"><string-name><surname>Cheung</surname>, <given-names>J.</given-names></string-name>, <string-name><surname>Kim</surname>, <given-names>H.</given-names></string-name>, <string-name><surname>Kim</surname>, <given-names>S.</given-names></string-name> and <string-name><surname>Huang</surname>, <given-names>R.</given-names></string-name></person-group> (<year>2018</year>), “<article-title>Is the asymmetric cost behavior affected by competition factors?</article-title>”, <source>Asia-Pacific Journal of Accounting and Economics</source>, Vol. <volume>25</volume> Nos <issue>1-2</issue>, pp. <fpage>218</fpage>-<lpage>234</lpage>, doi: <pub-id pub-id-type="doi">10.1080/16081625.2016.1266271</pub-id>.</mixed-citation></ref><ref id="ref021"><mixed-citation publication-type="journal"><person-group person-group-type="author"><string-name><surname>Cohen</surname>, <given-names>S.</given-names></string-name> and <string-name><surname>Leventis</surname>, <given-names>S.</given-names></string-name></person-group> (<year>2013</year>), “<article-title>Effects of municipal, auditing and political factors on audit delay</article-title>”, <source>Accounting Forum</source>, Vol. <volume>37</volume> No. <issue>1</issue>, pp. <fpage>40</fpage>-<lpage>53</lpage>, doi: <pub-id pub-id-type="doi">10.1016/j.accfor.2012.04.002</pub-id>.</mixed-citation></ref><ref id="ref061"><mixed-citation publication-type="journal"><person-group person-group-type="author"><string-name><surname>Clingermayer</surname>, <given-names>J.C.</given-names></string-name> and <string-name><surname>Wood</surname>, <given-names>B.D.</given-names></string-name></person-group> (<year>1995</year>), “<article-title>Disentangling patterns of state debt financing</article-title>”, <source>American Political Science Review</source>, Vol. <volume>89</volume> No. <issue>1</issue>, pp. <fpage>108</fpage>-<lpage>120</lpage>.</mixed-citation></ref><ref id="ref022"><mixed-citation publication-type="journal"><person-group person-group-type="author"><string-name><surname>Cohen</surname>, <given-names>S.</given-names></string-name>, <string-name><surname>Kaimenakis</surname>, <given-names>N.</given-names></string-name> and <string-name><surname>Venieris</surname>, <given-names>G.</given-names></string-name></person-group> (<year>2013</year>), “<article-title>Reaping the benefits of two worlds: an explanatory study of the cash and the accrual accounting information roles in local governments</article-title>”, <source>Journal of Applied Accounting Research</source>, Vol. <volume>14</volume> No. <issue>2</issue>, pp. <fpage>165</fpage>-<lpage>179</lpage>, doi: <pub-id pub-id-type="doi">10.1108/09675421311291900</pub-id>.</mixed-citation></ref><ref id="ref023"><mixed-citation publication-type="journal"><person-group person-group-type="author"><string-name><surname>Cohen</surname>, <given-names>S.</given-names></string-name>, <string-name><surname>Karatzimas</surname>, <given-names>S.</given-names></string-name> and <string-name><surname>Naoum</surname>, <given-names>V.C.</given-names></string-name></person-group> (<year>2017</year>), “<article-title>The sticky cost phenomenon at the local government level: empirical evidence from Greece</article-title>”, <source>Journal of Applied Accounting Research</source>, Vol. <volume>18</volume> No. <issue>4</issue>, pp. <fpage>445</fpage>-<lpage>463</lpage>, doi: <pub-id pub-id-type="doi">10.1108/jaar-03-2015-0019</pub-id>.</mixed-citation></ref><ref id="ref024"><mixed-citation publication-type="journal"><person-group person-group-type="author"><string-name><surname>Cook</surname>, <given-names>D.O.</given-names></string-name>, <string-name><surname>Kieschnick</surname>, <given-names>R.</given-names></string-name> and <string-name><surname>Moussawi</surname>, <given-names>R.</given-names></string-name></person-group> (<year>2018</year>), “<article-title>Operating leases, operating leverage, operational inflexibility and sticky costs</article-title>”, <source>Finance Research Letters</source>, Vol. <volume>31</volume>, doi: <pub-id pub-id-type="doi">10.1016/j.frl.2018.12.012</pub-id>.</mixed-citation></ref><ref id="ref025"><mixed-citation publication-type="journal"><person-group person-group-type="author"><string-name><surname>Cuadrado-Ballesteros</surname>, <given-names>B.</given-names></string-name>, <string-name><surname>García-Sánchez</surname>, <given-names>I.M.</given-names></string-name> and <string-name><surname>Prado-Lorenzo</surname>, <given-names>J.M.</given-names></string-name></person-group> (<year>2013</year>), “<article-title>Determinants of functional decentralization and their relation to debt: empirical evidence based on the analysis of Spanish municipalities</article-title>”, <source>International Review of Administrative Sciences</source>, Vol. <volume>79</volume> No. <issue>4</issue>, pp. <fpage>701</fpage>-<lpage>723</lpage>, doi: <pub-id pub-id-type="doi">10.1177/0020852313501246</pub-id>.</mixed-citation></ref><ref id="ref026"><mixed-citation publication-type="journal"><person-group person-group-type="author"><string-name><surname>Dalla Via</surname>, <given-names>N.</given-names></string-name> and <string-name><surname>Perego</surname>, <given-names>P.</given-names></string-name></person-group> (<year>2014</year>), “<article-title>Sticky cost behaviour: evidence from small and medium sized companies</article-title>”, <source>Accounting and Finance</source>, Vol. <volume>54</volume> No. <issue>3</issue>, pp. <fpage>753</fpage>-<lpage>778</lpage>, doi: <pub-id pub-id-type="doi">10.1111/acfi.12020</pub-id>.</mixed-citation></ref><ref id="ref027"><mixed-citation publication-type="journal"><person-group person-group-type="author"><string-name><surname>Dierynck</surname>, <given-names>B.</given-names></string-name>, <string-name><surname>Landsman</surname>, <given-names>W.R.</given-names></string-name> and <string-name><surname>Renders</surname>, <given-names>A.</given-names></string-name></person-group> (<year>2012</year>), “<article-title>Do managerial incentives drive cost behavior? Evidence about the role of the zero earnings benchmark for labor cost behavior in private Belgian firms</article-title>”, <source>The Accounting Review</source>, Vol. <volume>87</volume> No. <issue>4</issue>, pp. <fpage>1219</fpage>-<lpage>1246</lpage>, doi: <pub-id pub-id-type="doi">10.2308/accr-50153</pub-id>, <comment>available at:</comment> <ext-link ext-link-type="uri" xlink:href="http://www.jstor.org/stable/23246275">http://www.jstor.org/stable/23246275</ext-link></mixed-citation></ref><ref id="ref028"><mixed-citation publication-type="journal"><person-group person-group-type="author"><string-name><surname>DiMaggio</surname>, <given-names>P.J.</given-names></string-name> and <string-name><surname>Powell</surname>, <given-names>W.W.</given-names></string-name></person-group> (<year>1983</year>), “<article-title>The iron cage revisited: institutional isomorphism and collective rationality in organizational fields</article-title>”, <source>American Sociological Review</source>, Vol. <volume>48</volume> No. <issue>2</issue>, pp. <fpage>147</fpage>-<lpage>160</lpage>, doi: <pub-id pub-id-type="doi">10.2307/2095101</pub-id>.</mixed-citation></ref><ref id="ref029"><mixed-citation publication-type="web"><person-group person-group-type="author"><collab>European Committee of the Regions (ECR)</collab></person-group> (<year>2019</year>), “<article-title>Division of powers</article-title>”, <comment>available at:</comment> <ext-link ext-link-type="uri" xlink:href="https://portal.cor.europa.eu/divisionpowers/Pages/default.aspx">https://portal.cor.europa.eu/divisionpowers/Pages/default.aspx</ext-link></mixed-citation></ref><ref id="ref030"><mixed-citation publication-type="journal"><person-group person-group-type="author"><string-name><surname>Frølich</surname>, <given-names>N.</given-names></string-name></person-group> (<year>2011</year>), “<article-title>Multi‐layered accountability. Performance‐based funding of universities</article-title>”, <source>Public Administration</source>, Vol. <volume>89</volume> No. <issue>3</issue>, pp. <fpage>840</fpage>-<lpage>859</lpage>, doi: <pub-id pub-id-type="doi">10.1111/j.1467-9299.2010.01867.x</pub-id>.</mixed-citation></ref><ref id="ref031"><mixed-citation publication-type="journal"><person-group person-group-type="author"><string-name><surname>Galli</surname>, <given-names>E.</given-names></string-name> and <string-name><surname>Rossi</surname>, <given-names>S.P.</given-names></string-name></person-group> (<year>2002</year>), “<article-title>Political budget cycles: the case of the Western German Länder</article-title>”, <source>Public Choice</source>, Vol. <volume>110</volume> Nos <issue>3-4</issue>, pp. <fpage>283</fpage>-<lpage>303</lpage>, doi: <pub-id pub-id-type="doi">10.1023/a:1013089504557</pub-id>.</mixed-citation></ref><ref id="ref032"><mixed-citation publication-type="journal"><person-group person-group-type="author"><string-name><surname>Goldsmith</surname>, <given-names>M.</given-names></string-name></person-group> (<year>2002</year>), “<article-title>Central control over local government – a Western European comparison</article-title>”, <source>Local Government Studies</source>, Vol. <volume>28</volume> No. <issue>3</issue>, pp. <fpage>91</fpage>-<lpage>112</lpage>, doi: <pub-id pub-id-type="doi">10.1080/714004150</pub-id>.</mixed-citation></ref><ref id="ref033"><mixed-citation publication-type="journal"><person-group person-group-type="author"><string-name><surname>Groneck</surname>, <given-names>M.</given-names></string-name></person-group> (<year>2011</year>), “<article-title>The golden rule of public finance and the composition of government expenditures: a growth and welfare analysis</article-title>”, <source>Journal of Economic Policy Reform</source>, Vol. <volume>14</volume> No. <issue>4</issue>, pp. <fpage>273</fpage>-<lpage>294</lpage>, doi: <pub-id pub-id-type="doi">10.1080/17487870.2011.590328</pub-id>.</mixed-citation></ref><ref id="ref034"><mixed-citation publication-type="journal"><person-group person-group-type="author"><string-name><surname>Habib</surname>, <given-names>A.</given-names></string-name> and <string-name><surname>Huang</surname>, <given-names>H.J.</given-names></string-name></person-group> (<year>2019</year>), “<article-title>Cost stickiness in the New Zealand charity sector</article-title>”, <source>The International Journal of Accounting</source>, Vol. <volume>54</volume> No. <issue>03</issue>, <elocation-id>1950012</elocation-id>, doi: <pub-id pub-id-type="doi">10.1142/s1094406019500124</pub-id>.</mixed-citation></ref><ref id="ref035"><mixed-citation publication-type="book-chapter"><person-group person-group-type="author"><string-name><surname>Hawley</surname>, <given-names>A.H.</given-names></string-name></person-group> (<year>1986</year>), “<chapter-title>Human ecology</chapter-title>”, in <person-group person-group-type="editor"><string-name><surname>Sills</surname>, <given-names>D.L.</given-names></string-name></person-group> (Ed.), <source>International Encyclopedia of the Social Sciences</source>, <publisher-name>Macmillan</publisher-name>, <publisher-loc>New York</publisher-loc>, pp. <fpage>328</fpage>-<lpage>337</lpage>.</mixed-citation></ref><ref id="ref036"><mixed-citation publication-type="journal"><person-group person-group-type="author"><string-name><surname>He</surname>, <given-names>D.</given-names></string-name>, <string-name><surname>Teruya</surname>, <given-names>J.</given-names></string-name> and <string-name><surname>Shimizu</surname>, <given-names>T.</given-names></string-name></person-group> (<year>2010</year>), “<article-title>Sticky selling, general, and administrative cost behavior and its changes in Japan</article-title>”, <source>Global Journal of Business Research</source>, Vol. <volume>4</volume> No. <issue>4</issue>, pp. <fpage>1</fpage>-<lpage>10</lpage>.</mixed-citation></ref><ref id="ref037"><mixed-citation publication-type="journal"><person-group person-group-type="author"><string-name><surname>Hong</surname>, <given-names>S.</given-names></string-name></person-group> (<year>2017</year>), “<article-title>What are the areas of competence for central and local governments? Accountability mechanisms in multi-level governance</article-title>”, <source>Journal of Public Administration Research and Theory</source>, Vol. <volume>27</volume> No. <issue>1</issue>, pp. <fpage>120</fpage>-<lpage>134</lpage>, doi: <pub-id pub-id-type="doi">10.1093/jopart/muw048</pub-id>.</mixed-citation></ref><ref id="ref059"><mixed-citation publication-type="journal"><person-group person-group-type="author"><string-name><surname>Ibrahim</surname>, <given-names>A.E.A.</given-names></string-name> and <string-name><surname>Ezat</surname>, <given-names>A.N.</given-names></string-name></person-group> (<year>2017</year>), “<article-title>Sticky cost behavior: evidence from Egypt</article-title>”, <source>Journal of Accounting in Emerging Economies</source>, Vol. <volume>7</volume> No. <issue>1</issue>, pp. <fpage>16</fpage>-<lpage>34</lpage>.</mixed-citation></ref><ref id="ref038"><mixed-citation publication-type="journal"><person-group person-group-type="author"><string-name><surname>Kalb</surname>, <given-names>A.</given-names></string-name></person-group> (<year>2010</year>), “<article-title>The impact of intergovernmental grants on cost efficiency: theory and evidence from German municipalities</article-title>”, <source>Economic Analysis and Policy</source>, Vol. <volume>40</volume> No. <issue>1</issue>, pp. <fpage>21</fpage>-<lpage>63</lpage>, doi: <pub-id pub-id-type="doi">10.1016/s0313-5926(10)50002-x</pub-id>.</mixed-citation></ref><ref id="ref039"><mixed-citation publication-type="journal"><person-group person-group-type="author"><string-name><surname>Kama</surname>, <given-names>I.</given-names></string-name> and <string-name><surname>Weiss</surname>, <given-names>D.</given-names></string-name></person-group> (<year>2013</year>), “<article-title>Do earnings targets and managerial incentives affect sticky costs?</article-title>”, <source>Journal of Accounting Research</source>, Vol. <volume>51</volume> No. <issue>1</issue>, pp. <fpage>201</fpage>-<lpage>224</lpage>, doi: <pub-id pub-id-type="doi">10.1111/j.1475-679x.2012.00471.x</pub-id>.</mixed-citation></ref><ref id="ref040"><mixed-citation publication-type="journal"><person-group person-group-type="author"><string-name><surname>Karatzimas</surname>, <given-names>S.</given-names></string-name> and <string-name><surname>Griful Miquela</surname>, <given-names>C.</given-names></string-name></person-group> (<year>2019</year>), “<article-title>Operating within the boundaries of legislation, accountability and personal agendas: a study on financial sustainability in Catalan municipalities</article-title>”, <source>Meditari Accountancy Research</source>, Vol. <volume>27</volume> No. <issue>3</issue>, pp. <fpage>346</fpage>-<lpage>365</lpage>, doi: <pub-id pub-id-type="doi">10.1108/medar-02-2018-0284</pub-id>.</mixed-citation></ref><ref id="ref041"><mixed-citation publication-type="journal"><person-group person-group-type="author"><string-name><surname>Karatzimas</surname>, <given-names>S.</given-names></string-name>, <string-name><surname>Naoum</surname>, <given-names>V.C.</given-names></string-name> and <string-name><surname>Narbon-Perpina</surname>, <given-names>I.</given-names></string-name></person-group> (<year>2022</year>), “<article-title>Municipal cost behavior during periods of financial crisis and financial sustainability: evidence from Spain</article-title>”, <source>International Public Management Journal</source>, Vol. <volume>25</volume> No. <issue>6</issue>, pp. <fpage>862</fpage>-<lpage>882</lpage>, doi: <pub-id pub-id-type="doi">10.1080/10967494.2021.1947924</pub-id>.</mixed-citation></ref><ref id="ref042"><mixed-citation publication-type="journal"><person-group person-group-type="author"><string-name><surname>Krisnadewi</surname>, <given-names>K.A.</given-names></string-name> and <string-name><surname>Soewarno</surname>, <given-names>N.</given-names></string-name></person-group> (<year>2020</year>), “<article-title>Competitiveness and cost behaviour: evidence from the retail industry</article-title>”, <source>Journal of Applied Accounting Research</source>, Vol. <volume>21</volume> No. <issue>1</issue>, pp. <fpage>125</fpage>-<lpage>141</lpage>, doi: <pub-id pub-id-type="doi">10.1108/jaar-08-2018-0120</pub-id>.</mixed-citation></ref><ref id="ref043"><mixed-citation publication-type="journal"><person-group person-group-type="author"><string-name><surname>Lee</surname>, <given-names>W.-J.</given-names></string-name>, <string-name><surname>Pittman</surname>, <given-names>J.</given-names></string-name> and <string-name><surname>Saffar</surname>, <given-names>W.</given-names></string-name></person-group> (<year>2019</year>), “<article-title>Political uncertainty and cost stickiness: evidence from national elections around the world</article-title>”, <source>Contemporary Accounting Research</source>, Vol. <volume>37</volume> No. <issue>2</issue>, pp. <fpage>1107</fpage>-<lpage>1139</lpage>, doi: <pub-id pub-id-type="doi">10.1111/1911-3846.12547</pub-id>.</mixed-citation></ref><ref id="ref044"><mixed-citation publication-type="journal"><person-group person-group-type="author"><string-name><surname>Li</surname>, <given-names>W.</given-names></string-name> and <string-name><surname>Zheng</surname>, <given-names>K.</given-names></string-name></person-group> (<year>2018</year>), “<article-title>Rollover risk and managerial cost adjustment decisions</article-title>”, <source>Accounting and Finance</source>, Vol. <volume>60</volume> No. <issue>3</issue>, pp. <fpage>2843</fpage>-<lpage>2878</lpage>, doi: <pub-id pub-id-type="doi">10.1111/acfi.12417</pub-id>.</mixed-citation></ref><ref id="ref045"><mixed-citation publication-type="confproc"><person-group person-group-type="author"><string-name><surname>Lidström</surname>, <given-names>A.</given-names></string-name> and <string-name><surname>Baldersheim</surname>, <given-names>H.</given-names></string-name></person-group> (<year>2016</year>), “<article-title>A comparative approach to local government legitimacy</article-title>”, <conf-name>paper presented at the ECPR General Conference</conf-name>, <conf-loc>Prague</conf-loc>, <conf-date>7-10 September</conf-date>.</mixed-citation></ref><ref id="ref046"><mixed-citation publication-type="book"><person-group person-group-type="author"><string-name><surname>Musgrave</surname>, <given-names>R.A.</given-names></string-name> and <string-name><surname>Musgrave</surname>, <given-names>P.B.</given-names></string-name></person-group> (<year>1989</year>), <source>Public Finance in Theory and Practice</source>, <publisher-name>McGraw-Hill</publisher-name>, <publisher-loc>NewYork</publisher-loc>.</mixed-citation></ref><ref id="ref047"><mixed-citation publication-type="journal"><person-group person-group-type="author"><string-name><surname>Naoum</surname>, <given-names>V.C.</given-names></string-name>, <string-name><surname>Papanastasopoulos</surname>, <given-names>G.</given-names></string-name>, <string-name><surname>Selekos</surname>, <given-names>P.</given-names></string-name> and <string-name><surname>Vlismas</surname></string-name></person-group> (<year>2023</year>), “<article-title>Exploring the asymmetric cost behaviour in the context of European non-listed firms</article-title>”, <source>Applied Economics</source>, Vol. <volume>56</volume> No. <issue>31</issue>, pp. <fpage>3778</fpage>-<lpage>3803</lpage>, doi: <pub-id pub-id-type="doi">10.1080/00036846.2023.2208844</pub-id>.</mixed-citation></ref><ref id="ref048"><mixed-citation publication-type="journal"><person-group person-group-type="author"><string-name><surname>Navarro-Galera</surname>, <given-names>A.</given-names></string-name>, <string-name><surname>Rodríguez-Bolívar</surname>, <given-names>M.P.</given-names></string-name>, <string-name><surname>Alcaide-Muñoz</surname>, <given-names>L.</given-names></string-name> and <string-name><surname>López-Subires</surname>, <given-names>M.D.</given-names></string-name></person-group> (<year>2016</year>), “<article-title>Measuring the financial sustainability and its influential factors in local governments</article-title>”, <source>Applied Economics</source>, Vol. <volume>48</volume> No. <issue>41</issue>, pp. <fpage>3961</fpage>-<lpage>3975</lpage>, doi: <pub-id pub-id-type="doi">10.1080/00036846.2016.1148260</pub-id>.</mixed-citation></ref><ref id="ref049"><mixed-citation publication-type="journal"><person-group person-group-type="author"><string-name><surname>Noreen</surname>, <given-names>E.</given-names></string-name></person-group> (<year>1991</year>), “<article-title>Conditions under which activity-based cost systems provide relevant costs</article-title>”, <source>Journal of Management Accounting Research</source>, Vol. <volume>3</volume>, pp. <fpage>159</fpage>-<lpage>168</lpage>.</mixed-citation></ref><ref id="ref050"><mixed-citation publication-type="journal"><person-group person-group-type="author"><collab>OECD</collab></person-group> (<year>2008</year>), “<article-title>Budgeting in Greece</article-title>”, <source>OECD Journal of Budgeting</source>, Vol. <volume>3</volume>.</mixed-citation></ref><ref id="ref051"><mixed-citation publication-type="journal"><person-group person-group-type="author"><string-name><surname>Otley</surname>, <given-names>D.</given-names></string-name></person-group> (<year>1994</year>), “<article-title>Management control in contemporary organizations: towards a wider framework</article-title>”, <source>Management Accounting Research</source>, Vol. <volume>5</volume> Nos <issue>3/4</issue>, pp. <fpage>289</fpage>-<lpage>299</lpage>, doi: <pub-id pub-id-type="doi">10.1006/mare.1994.1018</pub-id>.</mixed-citation></ref><ref id="ref052"><mixed-citation publication-type="journal"><person-group person-group-type="author"><string-name><surname>Pina</surname>, <given-names>V.</given-names></string-name>, <string-name><surname>Torres</surname>, <given-names>L.</given-names></string-name> and <string-name><surname>Yetano</surname>, <given-names>A.</given-names></string-name></person-group> (<year>2009</year>), “<article-title>Accrual accounting in EU local governments: one method, several approaches</article-title>”, <source>European Accounting Review</source>, Vol. <volume>18</volume> No. <issue>4</issue>, pp. <fpage>765</fpage>-<lpage>807</lpage>, doi: <pub-id pub-id-type="doi">10.1080/09638180903118694</pub-id>.</mixed-citation></ref><ref id="ref053"><mixed-citation publication-type="journal"><person-group person-group-type="author"><string-name><surname>Prabowo</surname>, <given-names>R.</given-names></string-name>, <string-name><surname>Hooghiemstra</surname>, <given-names>R.</given-names></string-name> and <string-name><surname>Van Veen-Dirks</surname>, <given-names>P.</given-names></string-name></person-group> (<year>2018</year>), “<article-title>State ownership, socio-political factors, and labor cost stickiness</article-title>”, <source>European Accounting Review</source>, Vol. <volume>27</volume> No. <issue>4</issue>, pp. <fpage>771</fpage>-<lpage>796</lpage>, doi: <pub-id pub-id-type="doi">10.1080/09638180.2017.1329659</pub-id>.</mixed-citation></ref><ref id="ref054"><mixed-citation publication-type="book-chapter"><person-group person-group-type="author"><string-name><surname>Radaelli</surname>, <given-names>C.M.</given-names></string-name></person-group> (<year>2003</year>), “<chapter-title>The Europeanization of public policy</chapter-title>”, <source>The Politics of Europeanization</source>, Vol. <volume>320</volume>, pp. <fpage>27</fpage>-<lpage>56</lpage>, doi: <pub-id pub-id-type="doi">10.1093/0199252092.003.0002</pub-id>.</mixed-citation></ref><ref id="ref055"><mixed-citation publication-type="journal"><person-group person-group-type="author"><string-name><surname>Sepasi</surname>, <given-names>S.</given-names></string-name> and <string-name><surname>Hassani</surname>, <given-names>H.</given-names></string-name></person-group> (<year>2015</year>), “<article-title>Study of the effect of the firm size on costs stickiness: evidence from Tehran stock exchange</article-title>”, <source>International Journal of Applied Business and Economic Research</source>, Vol. <volume>13</volume> No. <issue>6</issue>, pp. <fpage>4143</fpage>-<lpage>4159</lpage>.</mixed-citation></ref><ref id="ref060"><mixed-citation publication-type="journal"><person-group person-group-type="author"><string-name><surname>Stimolo</surname>, <given-names>M.I.</given-names></string-name> and <string-name><surname>Porporato</surname>, <given-names>M.</given-names></string-name></person-group> (<year>2020</year>), “<article-title>How different cost behaviour is in emerging economies? Evidence from Argentina</article-title>”, <source>Journal of Accounting in Emerging Economies</source>, Vol. <volume>10</volume> No. <issue>1</issue>, pp. <fpage>21</fpage>-<lpage>47</lpage>.</mixed-citation></ref><ref id="ref056"><mixed-citation publication-type="journal"><person-group person-group-type="author"><string-name><surname>Venieris</surname>, <given-names>G.</given-names></string-name>, <string-name><surname>Naoum</surname>, <given-names>V.C.</given-names></string-name> and <string-name><surname>Vlismas</surname>, <given-names>O.</given-names></string-name></person-group> (<year>2015</year>), “<article-title>Organisation capital and sticky behavior of selling, general and administrative expenses</article-title>”, <source>Management Accounting Research</source>, Vol. <volume>26</volume> No. <issue>1</issue>, pp. <fpage>54</fpage>-<lpage>82</lpage>, doi: <pub-id pub-id-type="doi">10.1016/j.mar.2014.10.003</pub-id>.</mixed-citation></ref></ref-list></back></article>