<?xml version="1.0" encoding="UTF-8"?>
<!DOCTYPE article PUBLIC "-//NLM//DTD JATS (Z39.96) Journal Archiving and Interchange DTD with MathML3 v1.1d1 20130915//EN" "JATS-archivearticle1-mathml3.dtd"><article xmlns:mml="http://www.w3.org/1998/Math/MathML" xmlns:xlink="http://www.w3.org/1999/xlink" xmlns:xsi="http://www.w3.org/2001/XMLSchema-instance" dtd-version="1.1d1" xml:lang="en" article-type="research-article">
<front id="meta-hdr">
<journal-meta>
<journal-id journal-id-type="publisher-id">JHTT</journal-id>
<journal-id journal-id-type="doi">10.1108/JHTT</journal-id>
<journal-title-group>
<journal-title>Journal of Hospitality and Tourism Technology</journal-title>
<abbrev-journal-title abbrev-type="publisher">JHTT</abbrev-journal-title>
</journal-title-group>
<issn publication-format="print">1757-9880</issn>
<issn publication-format="online">1757-9880</issn>
<publisher>
<publisher-name>Emerald Publishing Limited</publisher-name>
</publisher>
</journal-meta>
<article-meta id="art-meta">
<article-id pub-id-type="publisher-id">724272</article-id>
<article-id pub-id-type="doi">10.1108/JHTT-11-2023-0363</article-id>
<article-id pub-id-type="original-pdf">JHTT-11-2023-0363.pdf</article-id>
<article-id pub-id-type="filename">JHTT-11-2023-0363</article-id>
<article-categories>
<subj-group subj-group-type="type-of-publication">
<compound-subject>
<compound-subject-part content-type="code">research-article</compound-subject-part>
<compound-subject-part content-type="label">Research paper</compound-subject-part>
</compound-subject>
</subj-group>
<subj-group subj-group-type="subject">
<compound-subject>
<compound-subject-part content-type="code">cat-THOS</compound-subject-part>
<compound-subject-part content-type="label">Tourism &amp; hospitality</compound-subject-part>
</compound-subject>
<subj-group subj-group-type="subject">
<compound-subject>
<compound-subject-part content-type="code">cat-TTY</compound-subject-part>
<compound-subject-part content-type="label">Tourism technology</compound-subject-part>
</compound-subject>
<subj-group subj-group-type="subject">
<compound-subject>
<compound-subject-part content-type="code">cat-EITM</compound-subject-part>
<compound-subject-part content-type="label">E-commerce in tourism</compound-subject-part>
</compound-subject>
<subj-group subj-group-type="subject">
<compound-subject>
<compound-subject-part content-type="code">cat-THOS</compound-subject-part>
<compound-subject-part content-type="label">Tourism &amp; hospitality</compound-subject-part>
</compound-subject>
<subj-group subj-group-type="subject">
<compound-subject>
<compound-subject-part content-type="code">cat-TTY</compound-subject-part>
<compound-subject-part content-type="label">Tourism technology</compound-subject-part>
</compound-subject>
<subj-group subj-group-type="subject">
<compound-subject>
<compound-subject-part content-type="code">cat-EINT</compound-subject-part>
<compound-subject-part content-type="label">E-Intermediaries in tourism</compound-subject-part>
</compound-subject>
<subj-group subj-group-type="subject">
<compound-subject>
<compound-subject-part content-type="code">cat-THOS</compound-subject-part>
<compound-subject-part content-type="label">Tourism &amp; hospitality</compound-subject-part>
</compound-subject>
<subj-group subj-group-type="subject">
<compound-subject>
<compound-subject-part content-type="code">cat-TTY</compound-subject-part>
<compound-subject-part content-type="label">Tourism technology</compound-subject-part>
</compound-subject>
<subj-group subj-group-type="subject">
<compound-subject>
<compound-subject-part content-type="code">cat-LSGPS</compound-subject-part>
<compound-subject-part content-type="label">Location-based services/global positioning systems</compound-subject-part>
</compound-subject>
<subj-group subj-group-type="subject">
<compound-subject>
<compound-subject-part content-type="code">cat-THOS</compound-subject-part>
<compound-subject-part content-type="label">Tourism &amp; hospitality</compound-subject-part>
</compound-subject>
<subj-group subj-group-type="subject">
<compound-subject>
<compound-subject-part content-type="code">cat-TTY</compound-subject-part>
<compound-subject-part content-type="label">Tourism technology</compound-subject-part>
</compound-subject>
<subj-group subj-group-type="subject">
<compound-subject>
<compound-subject-part content-type="code">cat-MWTT</compound-subject-part>
<compound-subject-part content-type="label">Mobile/wireless technologies in tourism</compound-subject-part>
</compound-subject>
</subj-group>
</subj-group>
</subj-group>
</subj-group>
</subj-group>
</subj-group>
</subj-group>
</subj-group>
</subj-group>
</subj-group>
</subj-group>
</subj-group>
</article-categories>
<title-group>
<article-title xml:lang="en">Effects of cognitive, affective and normative drivers of artificial intelligence ChatGPT on continuous use intention</article-title>
</title-group>
<contrib-group>
<contrib contrib-type="author">
<name-alternatives>
<name name-style="western"><surname>Han</surname><given-names>Heesup</given-names></name>
<string-name name-style="western"><given-names>Heesup</given-names> <surname>Han</surname></string-name>
</name-alternatives><email>heesup.han@gmail.com</email><xref ref-type="aff" rid="aff1"/>
</contrib>
<contrib contrib-type="author">
<name-alternatives>
<name name-style="western"><surname>Kim</surname><given-names>Seongseop (Sam)</given-names></name>
<string-name name-style="western"><given-names>Seongseop (Sam)</given-names> <surname>Kim</surname></string-name>
</name-alternatives><email>sam.kim@polyu.edu.hk</email><xref ref-type="aff" rid="aff2"/>
</contrib>
<contrib contrib-type="author">
<name-alternatives>
<name name-style="western"><surname>Hailu</surname><given-names>Tadesse Bekele</given-names></name>
<string-name name-style="western"><given-names>Tadesse Bekele</given-names> <surname>Hailu</surname></string-name>
</name-alternatives><email>tadesse.hailu@connect.polyu.hk</email><xref ref-type="aff" rid="aff2"/>
</contrib>
<contrib contrib-type="author">
<name-alternatives>
<name name-style="western"><surname>Al-Ansi</surname><given-names>Amr</given-names></name>
<string-name name-style="western"><given-names>Amr</given-names> <surname>Al-Ansi</surname></string-name>
</name-alternatives><email>amralansi1@gmail.com</email><xref ref-type="aff" rid="aff3"/>
</contrib>
<contrib contrib-type="author">
<name-alternatives>
<name name-style="western"><surname>Lee</surname><given-names>Jiyoung</given-names></name>
<string-name name-style="western"><given-names>Jiyoung</given-names> <surname>Lee</surname></string-name>
</name-alternatives><email>jiyoung0117@naver.com</email><xref ref-type="aff" rid="aff4"/>
</contrib>
<contrib corresp="yes" contrib-type="author">
<name-alternatives>
<name name-style="western"><surname>Kim</surname><given-names>Jinkyung Jenny</given-names></name>
<string-name name-style="western"><given-names>Jinkyung Jenny</given-names> <surname>Kim</surname></string-name>
</name-alternatives><email>jennykim1120@gmail.com</email><xref ref-type="aff" rid="aff5"/>
</contrib>
<aff id="aff1">College of Hospitality and Tourism Management, <institution-wrap><institution>Sejong University</institution></institution-wrap>, Seoul, <country country="KR">Republic of Korea</country></aff>
<aff id="aff2">School of Hotel and Tourism Management, <institution-wrap><institution>The Hong Kong Polytechnic University</institution></institution-wrap>, Hong Kong SAR, <country country="CN">China</country></aff>
<aff id="aff3">Faculty of Hospitality and Tourism Management, <institution-wrap><institution>Macau University of Science and Technology</institution></institution-wrap>, Taipa, Macao SAR, <country country="CN">China</country></aff>
<aff id="aff4">College of Hospitality and Tourism Management, <institution-wrap><institution>Sejong University</institution></institution-wrap>, Seoul, <country country="KR">Republic of Korea</country></aff>
<aff id="aff5">Faculty of Hospitality and Tourism Management, <institution-wrap><institution>Macau University of Science and Technology</institution></institution-wrap>, Taipa, Macao SAR, <country country="CN">China</country></aff>
</contrib-group>
<author-notes>
<corresp id="cor1">Jinkyung Jenny Kim can be contacted at: <ext-link ext-link-type="email" xlink:href="mailto:jennykim1120@gmail.com">jennykim1120@gmail.com</ext-link></corresp></author-notes>
<pub-date publication-format="electronic" date-type="pub" iso-8601-date="2024-06-18"><day>18</day><month>06</month><year>2024</year></pub-date>
<pub-date publication-format="print" date-type="pub" iso-8601-date="2024-08-05"><day>05</day><month>08</month><year>2024</year></pub-date>
<volume>15</volume><issue>4</issue>
<fpage>629</fpage><lpage>647</lpage>
<history>
<date date-type="received" iso-8601-date="2023-11-28"><day>28</day><month>11</month><year>2023</year></date>
<date date-type="revised" iso-8601-date="2024-02-27"><day>27</day><month>02</month><year>2024</year></date>
<date date-type="revised" iso-8601-date="2024-04-16"><day>16</day><month>04</month><year>2024</year></date>
<date date-type="accepted" iso-8601-date="2024-04-22"><day>22</day><month>04</month><year>2024</year></date>
</history>
<permissions>
<copyright-statement>© Emerald Publishing Limited</copyright-statement>
<copyright-year>2024</copyright-year>
<copyright-holder>Emerald Publishing Limited</copyright-holder>
<license license-type="publisher">
<license-p>Licensed re-use rights only</license-p>
</license>
</permissions>
<self-uri content-type="pdf" xlink:href="JHTT-11-2023-0363.pdf"/>
<abstract abstract-type="structured" id="abstr1" xml:lang="en">
<sec><title content-type="abstract-subheading">Purpose</title>
<p>This study aims to explore the interplay of cognitive, affective, and normative constituents for their potential acceptance or rejection of artificial intelligence (AI) and ChatGPTs in the hospitality and tourism context.</p>
</sec>
<sec><title content-type="abstract-subheading">Design/methodology/approach</title>
<p>Using an advanced analytical approach (i.e. a fuzzy-set qualitative comparative analysis), the study tested hypotheses based on 474 responses from individuals who have used ChatGPT for hospitality and tourism information.</p>
</sec>
<sec><title content-type="abstract-subheading">Findings</title>
<p>The study found multiple solutions, including cognitive, affective and normative drivers for strong and weak continuance intentions toward AI-based ChatGPT. Informativeness, one of the cognitive drivers, was found to be a necessary condition for achieving the desired outcome.</p>
</sec>
<sec><title content-type="abstract-subheading">Originality/value</title>
<p>This research provides novel insights into the functionality of developing multiple configurations to predict complex travelers behaviors in the context of hospitality and tourism technology consumption.</p>
</sec>
</abstract>
<abstract abstract-type="structured" id="abstr2" xml:lang="zh">
<sec><title content-type="abstract-subheading">研究目的</title>
<p>本研究旨在探讨认知、情感和规范成分之间的相互作用, 以及它们在接受或拒绝在酒店和旅游环境中使用人工智能（AI）和 ChatGPT 的潜力。</p>
</sec>
<sec><title content-type="abstract-subheading">研究方法</title>
<p>使用先进的分析方法（即模糊集定性比较分析）, 本研究基于 474 份使用 ChatGPT 获取酒店和旅游信息的个人的回答, 测试了假设。</p>
</sec>
<sec><title content-type="abstract-subheading">研究发现</title>
<p>本研究发现了多个解决方案, 包括认知、情感和规范驱动, 对基于 AI 的 ChatGPT 的强弱持续意图。信息性, 作为认知驱动之一, 被发现是实现期望结果的必要条件。</p>
</sec>
<sec><title content-type="abstract-subheading">研究创新</title>
<p>本研究为在酒店和旅游技术消费环境中预测复杂旅行者行为的功能性开发多个配置提供了新颖见解。</p>
</sec>
</abstract>
<kwd-group kwd-group-type="author-generated" xml:lang="en">
<kwd>Informativeness</kwd><x xml:space="preserve">, </x>
<kwd>Intention</kwd><x xml:space="preserve">, </x>
<kwd>Hedonic</kwd><x xml:space="preserve">, </x>
<kwd>Artificial intelligence (AI)</kwd><x xml:space="preserve">, </x>
<kwd>ChatGPT</kwd><x xml:space="preserve">, </x>
<kwd>Robot technology</kwd>
</kwd-group>
<kwd-group kwd-group-type="author-generated" xml:lang="zh">
<kwd>人工智能(AI)</kwd><x xml:space="preserve">, </x>
<kwd>ChatGPT</kwd><x xml:space="preserve">, </x>
<kwd>享乐的</kwd><x xml:space="preserve">, </x>
<kwd>信息性</kwd><x xml:space="preserve">, </x>
<kwd>意图</kwd><x xml:space="preserve">, </x>
<kwd>机器人</kwd><x xml:space="preserve">, </x>
<kwd>技术</kwd>
</kwd-group>
<funding-group>
<award-group>
<funding-source>This work was supported by Institute of Information and Communications Technology Planning and Evaluation (IITP) under the metaverse support program to nurture the best talents</funding-source>
<award-id>IITP-2023-RS-2023-00254529</award-id>
</award-group>
</funding-group>
<counts>
<fig-count count="2"/>
<table-count count="5"/>
<equation-count count="0"/>
<ref-count count="63"/>
<page-count count="19"/>
<word-count count="8653"/>
</counts>
<custom-meta-group>
<custom-meta>
<meta-name>copyright-code</meta-name>
<meta-value>M</meta-value>
</custom-meta>
<custom-meta>
<meta-name>deliverables</meta-name>
<meta-value>Web-ready article package</meta-value>
</custom-meta>
<custom-meta>
<meta-name>peer-reviewed</meta-name>
<meta-value>Yes</meta-value>
</custom-meta>
<custom-meta>
<meta-name>academic-content</meta-name>
<meta-value>Yes</meta-value>
</custom-meta>
<custom-meta>
<meta-name>EContentType</meta-name>
<meta-value>JOURNAL</meta-value>
</custom-meta>
<custom-meta>
<meta-name>rightslink</meta-name>
<meta-value>included</meta-value>
</custom-meta>
</custom-meta-group>
</article-meta>
</front>

<back>
<ref-list id="refs1">
<title>References</title>
<ref id="ref001"><mixed-citation publication-type="other"><person-group person-group-type="author"><string-name><surname>Ahangama</surname>, <given-names>S.</given-names></string-name></person-group> (<year>2023</year>), “<article-title>An investigation of domain-based social influence on ChatGPT-related twitter data</article-title>”.</mixed-citation></ref>
<ref id="ref002"><mixed-citation publication-type="journal"><person-group person-group-type="author"><string-name><surname>Al Amin</surname>, <given-names>M.</given-names></string-name>, <string-name><surname>Arefin</surname>, <given-names>M.S.</given-names></string-name>, <string-name><surname>Alam</surname>, <given-names>M.S.</given-names></string-name> and <string-name><surname>Rasul</surname>, <given-names>T.F.</given-names></string-name></person-group> (<year>2022</year>), “<article-title>Understanding the predictors of rural customers’ continuance intention toward mobile banking services applications during the COVID-19 pandemic</article-title>”, <source>Journal of Global Marketing</source>, Vol. <volume>35</volume> No. <issue>4</issue>, pp. <fpage>324</fpage>-<lpage>347</lpage>.</mixed-citation></ref>
<ref id="ref003"><mixed-citation publication-type="journal"><person-group person-group-type="author"><string-name><surname>Al-Emran</surname>, <given-names>M.</given-names></string-name>, <string-name><surname>AlQudah</surname>, <given-names>A.A.</given-names></string-name>, <string-name><surname>Abbasi</surname>, <given-names>G.A.</given-names></string-name>, <string-name><surname>Al-Sharafi</surname>, <given-names>M.A.</given-names></string-name> and <string-name><surname>Iranmanesh</surname>, <given-names>M.</given-names></string-name></person-group> (<year>2023</year>), “<article-title>Determinants of using AI-based chatbots for knowledge sharing: evidence from PLS-SEM and fuzzy sets (fsQCA)</article-title>”, <source>IEEE Transactions on Engineering Management</source>, Vol. <volume>71</volume>.</mixed-citation></ref>
<ref id="ref004"><mixed-citation publication-type="journal"><person-group person-group-type="author"><string-name><surname>Al‐Maghrabi</surname>, <given-names>T.</given-names></string-name> and <string-name><surname>Dennis</surname>, <given-names>C.</given-names></string-name></person-group> (<year>2011</year>), “<article-title>What drives consumers' continuance intention to e‐shopping? Conceptual framework and managerial implications in the case of Saudi Arabia</article-title>”, <source>International Journal of Retail and Distribution Management</source>, Vol. <volume>39</volume> No. <issue>12</issue>, pp. <fpage>899</fpage>-<lpage>926</lpage>.</mixed-citation></ref>
<ref id="ref005"><mixed-citation publication-type="journal"><person-group person-group-type="author"><string-name><surname>AlSaleh</surname>, <given-names>D.</given-names></string-name> and <string-name><surname>Thakur</surname>, <given-names>R.</given-names></string-name></person-group> (<year>2019</year>), “<article-title>Impact of cognition, affect, and social factors on technology adoption</article-title>”, <source>International Journal of Technology Marketing</source>, Vol. <volume>13</volume> No. <issue>2</issue>, pp. <fpage>178</fpage>-<lpage>200</lpage>.</mixed-citation></ref>
<ref id="ref006"><mixed-citation publication-type="journal"><person-group person-group-type="author"><string-name><surname>Alwahaishi</surname>, <given-names>S.</given-names></string-name> and <string-name><surname>Snásel</surname>, <given-names>V.</given-names></string-name></person-group> (<year>2013</year>), “<article-title>Acceptance and use of information and communications technology: a UTAUT and flow based theoretical model</article-title>”, <source>Journal of Technology Management and Innovation</source>, Vol. <volume>8</volume> No. <issue>2</issue>, pp. <fpage>61</fpage>-<lpage>73</lpage>.</mixed-citation></ref>
<ref id="ref007"><mixed-citation publication-type="journal"><person-group person-group-type="author"><string-name><surname>Anand</surname>, <given-names>T.</given-names></string-name>, <string-name><surname>Ramachandran</surname>, <given-names>J.</given-names></string-name>, <string-name><surname>Sambasivan</surname>, <given-names>M.</given-names></string-name> and <string-name><surname>Batra</surname>, <given-names>G.</given-names></string-name></person-group> (<year>2019</year>), “<article-title>Impact of hedonic motivation on consumer satisfaction towards online shopping: evidence from Malaysia</article-title>”, <source>E-Service Journal</source>, Vol. <volume>11</volume> No. <issue>1</issue>, pp. <fpage>56</fpage>-<lpage>88</lpage>.</mixed-citation></ref>
<ref id="ref008"><mixed-citation publication-type="journal"><person-group person-group-type="author"><string-name><surname>Balakrishnan</surname>, <given-names>J.</given-names></string-name>, <string-name><surname>Dwivedi</surname>, <given-names>Y.K.</given-names></string-name>, <string-name><surname>Malik</surname>, <given-names>F.T.</given-names></string-name> and <string-name><surname>Baabdullah</surname>, <given-names>A.M.</given-names></string-name></person-group> (<year>2021</year>), “<article-title>Role of smart tourism technology in heritage tourism development</article-title>”, <source>Journal of Sustainable Tourism, 1-20</source>, Vol. <volume>31</volume> No. <issue>11</issue>.</mixed-citation></ref>
<ref id="ref009"><mixed-citation publication-type="journal"><person-group person-group-type="author"><string-name><surname>Buhalis</surname>, <given-names>D.</given-names></string-name> and <string-name><surname>Moldavska</surname>, <given-names>I.</given-names></string-name></person-group> (<year>2022</year>), “<article-title>Voice assistants in hospitality: using artificial intelligence for customer service</article-title>”, <source>Journal of Hospitality and Tourism Technology</source>, Vol. <volume>13</volume> No. <issue>3</issue>, pp. <fpage>386</fpage>-<lpage>403</lpage>.</mixed-citation></ref>
<ref id="ref010"><mixed-citation publication-type="journal"><person-group person-group-type="author"><string-name><surname>Carvalho</surname>, <given-names>I.</given-names></string-name> and <string-name><surname>Ivanov</surname>, <given-names>S.</given-names></string-name></person-group> (<year>2023</year>), “<article-title>ChatGPT for tourism: applications, benefits and risks</article-title>”, <source>Tourism Review</source>, Vol. <volume>79</volume> No. <issue>2</issue>.</mixed-citation></ref>
<ref id="ref011"><mixed-citation publication-type="journal"><person-group person-group-type="author"><string-name><surname>Correia</surname>, <given-names>A.</given-names></string-name>, <string-name><surname>Kozak</surname>, <given-names>M.</given-names></string-name> and <string-name><surname>Kim</surname>, <given-names>S. (.</given-names></string-name></person-group> (<year>2019</year>), “<article-title>Investigation of luxury values in shopping tourism using a fuzzy-set approach</article-title>”, <source>Journal of Travel Research</source>, Vol. <volume>58</volume> No. <issue>1</issue>, pp. <fpage>77</fpage>-<lpage>91</lpage>.</mixed-citation></ref>
<ref id="ref012"><mixed-citation publication-type="journal"><person-group person-group-type="author"><string-name><surname>Drexler</surname>, <given-names>N.</given-names></string-name> and <string-name><surname>Lapré</surname>, <given-names>V.B.</given-names></string-name></person-group> (<year>2019</year>), “<article-title>For better or for worse: shaping the hospitality industry through robotics and artificial intelligence</article-title>”, <source>Research in Hospitality Management</source>, Vol. <volume>9</volume> No. <issue>2</issue>, pp. <fpage>117</fpage>-<lpage>120-117–120</lpage>.</mixed-citation></ref>
<ref id="ref013"><mixed-citation publication-type="journal"><person-group person-group-type="author"><string-name><surname>Duman</surname>, <given-names>T.</given-names></string-name> and <string-name><surname>Mattila</surname>, <given-names>A.S.</given-names></string-name></person-group> (<year>2005</year>), “<article-title>The role of affective factors on perceived cruise vacation value</article-title>”, <source>Tourism Management</source>, Vol. <volume>26</volume> No. <issue>3</issue>, pp. <fpage>311</fpage>-<lpage>323</lpage>.</mixed-citation></ref>
<ref id="ref014"><mixed-citation publication-type="journal"><person-group person-group-type="author"><string-name><surname>Dwivedi</surname>, <given-names>Y.K.</given-names></string-name>, <string-name><surname>Pandey</surname>, <given-names>N.</given-names></string-name>, <string-name><surname>Currie</surname>, <given-names>W.</given-names></string-name> and <string-name><surname>Micu</surname>, <given-names>A.</given-names></string-name></person-group> (<year>2023</year>), “<article-title>Leveraging ChatGPT and other generative artificial intelligence (AI)-based applications in the hospitality and tourism industry: practices, challenges and research agenda</article-title>”, <source>International Journal of Contemporary Hospitality Management</source>, Vol. <volume>36</volume> No. <issue>1</issue>.</mixed-citation></ref>
<ref id="ref015"><mixed-citation publication-type="journal"><person-group person-group-type="author"><string-name><surname>Foroughi</surname>, <given-names>B.</given-names></string-name>, <string-name><surname>Senali</surname>, <given-names>M.G.</given-names></string-name>, <string-name><surname>Iranmanesh</surname>, <given-names>M.</given-names></string-name>, <string-name><surname>Khanfar</surname>, <given-names>A.</given-names></string-name>, <string-name><surname>Ghobakhloo</surname>, <given-names>M.</given-names></string-name>, <string-name><surname>Annamalai</surname>, <given-names>N.</given-names></string-name> and <string-name><surname>Naghmeh-Abbaspour</surname>, <given-names>B.</given-names></string-name></person-group> (<year>2023</year>), “<article-title>Determinants of intention to use ChatGPT for educational purposes: findings from PLS-SEM and fsQCA</article-title>”, <source>International Journal of Human–Computer Interaction</source>, pp. <fpage>1</fpage>-<lpage>20</lpage>.</mixed-citation></ref>
<ref id="ref016"><mixed-citation publication-type="journal"><person-group person-group-type="author"><string-name><surname>Gao</surname>, <given-names>S.</given-names></string-name> and <string-name><surname>Zang</surname>, <given-names>Z.</given-names></string-name></person-group> (<year>2016</year>), “<article-title>An empirical examination of users’ adoption of mobile advertising in China</article-title>”, <source>Information Development</source>, Vol. <volume>32</volume> No. <issue>2</issue>, pp. <fpage>203</fpage>-<lpage>215</lpage>.</mixed-citation></ref>
<ref id="ref017"><mixed-citation publication-type="book"><person-group person-group-type="author"><string-name><surname>Gardner</surname>, <given-names>G.T.</given-names></string-name> and <string-name><surname>Stern</surname>, <given-names>P.C.</given-names></string-name></person-group> (<year>1996</year>), <source>Environmental Problems and Human Behavior</source>, <publisher-name>Allyn and Bacon Boston</publisher-name>, <publisher-loc>Boston</publisher-loc>.</mixed-citation></ref>
<ref id="ref018"><mixed-citation publication-type="journal"><person-group person-group-type="author"><string-name><surname>Gill</surname>, <given-names>T.G.</given-names></string-name></person-group> (<year>1996</year>), “<article-title>Expert systems usage: Task change and intrinsic motivation</article-title>”, <source>MIS Quarterly</source>, Vol. <volume>20</volume> No. <issue>3</issue>, pp. <fpage>301</fpage>-<lpage>329</lpage>.</mixed-citation></ref>
<ref id="ref019"><mixed-citation publication-type="journal"><person-group person-group-type="author"><string-name><surname>Goel</surname>, <given-names>P.</given-names></string-name>, <string-name><surname>Kaushik</surname>, <given-names>N.</given-names></string-name>, <string-name><surname>Sivathanu</surname>, <given-names>B.</given-names></string-name>, <string-name><surname>Pillai</surname>, <given-names>R.</given-names></string-name> and <string-name><surname>Vikas</surname>, <given-names>J.</given-names></string-name></person-group> (<year>2022</year>), “<article-title>Consumers’ adoption of artificial intelligence and robotics in hospitality and tourism sector: literature review and future research agenda</article-title>”, <source>Tourism Review</source>, Vol. <volume>77</volume> No. <issue>4</issue>, pp. <fpage>1081</fpage>-<lpage>1096</lpage>.</mixed-citation></ref>
<ref id="ref020"><mixed-citation publication-type="journal"><person-group person-group-type="author"><string-name><surname>Grzeskowiak</surname>, <given-names>S.</given-names></string-name> and <string-name><surname>Sirgy</surname>, <given-names>M.J.</given-names></string-name></person-group> (<year>2007</year>), “<article-title>Consumer well-being (CWB): the effects of self-image congruence, brand-community belongingness, brand loyalty, and consumption recency</article-title>”, <source>Applied Research in Quality of Life</source>, Vol. <volume>2</volume> No. <issue>4</issue>, pp. <fpage>289</fpage>-<lpage>304</lpage>.</mixed-citation></ref>
<ref id="ref220"><mixed-citation publication-type="journal"><person-group person-group-type="author"><string-name><surname>Gong</surname>, <given-names>M.</given-names></string-name> and <string-name><surname>Yan</surname>, <given-names>K.</given-names></string-name></person-group> (<year>2004</year>), “<article-title>Applying technology acceptance model, theory of planned behavior and social cognitive theory to mobile data communications service acceptance</article-title>”, <source>PACIS 2004 Proceedings</source>, Vol. <volume>35</volume>, <comment>available at: <ext-link ext-link-type="uri" xlink:href="http://aisel.aisnet.org/pacis2004/35">http://aisel.aisnet.org/pacis2004/35</ext-link></comment></mixed-citation></ref>
<ref id="ref021"><mixed-citation publication-type="other"><person-group person-group-type="author"><string-name><surname>Gupta</surname>, <given-names>S.</given-names></string-name>, <string-name><surname>Jagannath</surname>, <given-names>K.</given-names></string-name>, <string-name><surname>Aggarwal</surname>, <given-names>N.</given-names></string-name>, <string-name><surname>Sridar</surname>, <given-names>R.</given-names></string-name>, <string-name><surname>Wilde</surname>, <given-names>S.</given-names></string-name> and <string-name><surname>Chen</surname>, <given-names>Y.</given-names></string-name></person-group> (<year>2019</year>), “<article-title>Artificially intelligent (AI) tutors in the classroom: a need assessment study of designing chatbots to support student learning</article-title>”.</mixed-citation></ref>
<ref id="ref022"><mixed-citation publication-type="journal"><person-group person-group-type="author"><string-name><surname>Gursoy</surname>, <given-names>D.</given-names></string-name>, <string-name><surname>Li</surname>, <given-names>Y.</given-names></string-name> and <string-name><surname>Song</surname>, <given-names>H.</given-names></string-name></person-group> (<year>2023</year>), “<article-title>ChatGPT and the hospitality and tourism industry: an overview of current trends and future research directions</article-title>”, <source>Journal of Hospitality Marketing and Management</source>, Vol. <volume>32</volume> No. <issue>5</issue>, pp. <fpage>579</fpage>-<lpage>592</lpage>.</mixed-citation></ref>
<ref id="ref023"><mixed-citation publication-type="journal"><person-group person-group-type="author"><string-name><surname>Han</surname>, <given-names>H.</given-names></string-name></person-group> (<year>2015</year>), “<article-title>Travelers’ pro-environmental behavior in a green lodging context: converging value-belief-norm theory and the theory of planned behavior</article-title>”, <source>Tourism Management</source>, Vol. <volume>47</volume>, pp. <fpage>164</fpage>-<lpage>177</lpage>.</mixed-citation></ref>
<ref id="ref024"><mixed-citation publication-type="journal"><person-group person-group-type="author"><string-name><surname>Hmoud</surname>, <given-names>H.</given-names></string-name>, <string-name><surname>Shishan</surname>, <given-names>F.</given-names></string-name>, <string-name><surname>Qasem</surname>, <given-names>Z.</given-names></string-name> and <string-name><surname>Bazi</surname>, <given-names>S.</given-names></string-name></person-group> (<year>2023</year>), “<article-title>The effect of Arabic language type on banking chatbots adoption</article-title>”, <source>Heliyon</source>, Vol. <volume>9</volume> No. <issue>10</issue>.</mixed-citation></ref>
<ref id="ref025"><mixed-citation publication-type="journal"><person-group person-group-type="author"><string-name><surname>Huang</surname>, <given-names>C.-C.</given-names></string-name></person-group> (<year>2017</year>), “<article-title>Cognitive factors in predicting continued use of information systems with technology adoption models</article-title>”, <source>Information Research: An International Electronic Journal</source>, Vol. <volume>22</volume> No. <issue>2</issue>, p. <fpage>n2</fpage>.</mixed-citation></ref>
<ref id="ref026"><mixed-citation publication-type="journal"><person-group person-group-type="author"><string-name><surname>Huijts</surname>, <given-names>N.M.</given-names></string-name>, <string-name><surname>Molin</surname>, <given-names>E.J.</given-names></string-name> and <string-name><surname>Steg</surname>, <given-names>L.</given-names></string-name></person-group> (<year>2012</year>), “<article-title>Psychological factors influencing sustainable energy technology acceptance: a review-based comprehensive framework</article-title>”, <source>Renewable and Sustainable Energy Reviews</source>, Vol. <volume>16</volume> No. <issue>1</issue>, pp. <fpage>525</fpage>-<lpage>531</lpage>.</mixed-citation></ref>
<ref id="ref027"><mixed-citation publication-type="journal"><person-group person-group-type="author"><string-name><surname>Hung</surname>, <given-names>S.-W.</given-names></string-name>, <string-name><surname>Chang</surname>, <given-names>C.-W.</given-names></string-name> and <string-name><surname>Ma</surname>, <given-names>Y.-C.</given-names></string-name></person-group> (<year>2021</year>), “<article-title>A new reality: exploring continuance intention to use mobile augmented reality for entertainment purposes</article-title>”, <source>Technology in Society</source>, Vol. <volume>67</volume>, p. <fpage>101757</fpage>.</mixed-citation></ref>
<ref id="ref028"><mixed-citation publication-type="journal"><person-group person-group-type="author"><string-name><surname>Isaacson</surname>, <given-names>M.</given-names></string-name>, <string-name><surname>Cohen</surname>, <given-names>I.</given-names></string-name> and <string-name><surname>Shpigelman</surname>, <given-names>C.</given-names></string-name></person-group> (<year>2019</year>), “<article-title>Leveraging emotional wellbeing and social engagement of the oldest old by using advanced communication technologies: a pilot study using Uniper-Care's</article-title>”, <source>technology</source>.</mixed-citation></ref>
<ref id="ref029"><mixed-citation publication-type="journal"><person-group person-group-type="author"><string-name><surname>Jo</surname>, <given-names>H.</given-names></string-name> and <string-name><surname>Bang</surname>, <given-names>Y.</given-names></string-name></person-group> (<year>2023</year>), “<article-title>Analyzing ChatGPT adoption drivers with the TOEK framework</article-title>”, <source>Scientific Reports</source>, Vol. <volume>13</volume> No. <issue>1</issue>, p. <fpage>22606</fpage>.</mixed-citation></ref>
<ref id="ref287"><mixed-citation publication-type="journal"><person-group person-group-type="author"><string-name><surname>Kim</surname>, <given-names>J.J.</given-names></string-name> and <string-name><surname>Hwang</surname>, <given-names>J.</given-names></string-name></person-group> (<year>2020</year>), “<article-title>Merging the norm activation model and the theory of planned behavior in the context of drone food delivery services: Does the level of product knowledge really matter?</article-title>”, <source>Journal of Hospitality and Tourism Management</source>, Vol. <volume>42</volume>, pp. <fpage>1</fpage>-<lpage>11</lpage>.</mixed-citation></ref>
<ref id="ref030"><mixed-citation publication-type="journal"><person-group person-group-type="author"><string-name><surname>Kim</surname>, <given-names>J.</given-names></string-name>, <string-name><surname>Kim</surname>, <given-names>J.</given-names></string-name>, <string-name><surname>Kim</surname>, <given-names>S.</given-names></string-name> and <string-name><surname>Hailu</surname>, <given-names>T.</given-names></string-name></person-group> (<year>2023a</year>), “<article-title>Effects of AI ChatGPT on travelers’ travel decision-making</article-title>”, <source>Tourism Review</source>, doi: <pub-id pub-id-type="doi">10.1108/TR-07-2023-0489</pub-id>.</mixed-citation></ref>
<ref id="ref031"><mixed-citation publication-type="journal"><person-group person-group-type="author"><string-name><surname>Kim</surname>, <given-names>J.</given-names></string-name>, <string-name><surname>Kim</surname>, <given-names>J.</given-names></string-name>, <string-name><surname>Kim</surname>, <given-names>S.</given-names></string-name> and <string-name><surname>Kim</surname>, <given-names>C.</given-names></string-name></person-group> (<year>2023b</year>), “<article-title>Do you trust ChatGPTs? Effects of the ethical and quality issues of generative AI on travel decision</article-title>”, <source>Journal of Travel and Tourism Marketing</source>, Vol. <volume>40</volume> No. <issue>9</issue>, pp. <fpage>779</fpage>-<lpage>801</lpage>.</mixed-citation></ref>
<ref id="ref032"><mixed-citation publication-type="journal"><person-group person-group-type="author"><string-name><surname>Kim</surname>, <given-names>J.J.</given-names></string-name>, <string-name><surname>Radic</surname>, <given-names>A.</given-names></string-name>, <string-name><surname>Chua</surname>, <given-names>B.</given-names></string-name>, <string-name><surname>Koo</surname>, <given-names>B.</given-names></string-name> and <string-name><surname>Han</surname>, <given-names>H.</given-names></string-name></person-group> (<year>2022</year>), “<article-title>Digital currency and payment innovation in the hospitality and tourism industry</article-title>”, <source>International Journal of Hospitality Management</source>, Vol. <volume>107</volume>, p. <fpage>103314</fpage>.</mixed-citation></ref>
<ref id="ref033"><mixed-citation publication-type="journal"><person-group person-group-type="author"><string-name><surname>Kuberkar</surname>, <given-names>S.</given-names></string-name> and <string-name><surname>Singhal</surname>, <given-names>T.K.</given-names></string-name></person-group> (<year>2020</year>), “<article-title>Factors influencing adoption intention of AI powered chatbot for public transport services within a smart city</article-title>”, <source>International Journal of Emerging Technologies in Learning</source>, Vol. <volume>11</volume> No. <issue>3</issue>, pp. <fpage>948</fpage>-<lpage>958</lpage>.</mixed-citation></ref>
<ref id="ref034"><mixed-citation publication-type="other"><person-group person-group-type="author"><string-name><surname>Laumer</surname>, <given-names>S.</given-names></string-name>, <string-name><surname>Maier</surname>, <given-names>C.</given-names></string-name> and <string-name><surname>Gubler</surname>, <given-names>F.T.</given-names></string-name></person-group> (<year>2019</year>), “<article-title>Chatbot acceptance in healthcare: explaining user adoption of conversational agents for disease diagnosis</article-title>”.</mixed-citation></ref>
<ref id="ref035"><mixed-citation publication-type="journal"><person-group person-group-type="author"><string-name><surname>Lee</surname>, <given-names>Y.</given-names></string-name> and <string-name><surname>Kwon</surname>, <given-names>O.</given-names></string-name></person-group> (<year>2011</year>), “<article-title>Intimacy, familiarity and continuance intention: an extended expectation–confirmation model in web-based services</article-title>”, <source>Electronic Commerce Research and Applications</source>, Vol. <volume>10</volume> No. <issue>3</issue>, pp. <fpage>342</fpage>-<lpage>357</lpage>.</mixed-citation></ref>
<ref id="ref036"><mixed-citation publication-type="journal"><person-group person-group-type="author"><string-name><surname>Li</surname>, <given-names>L.</given-names></string-name>, <string-name><surname>Lee</surname>, <given-names>K.Y.</given-names></string-name>, <string-name><surname>Emokpae</surname>, <given-names>E.</given-names></string-name> and <string-name><surname>Yang</surname>, <given-names>S.B.</given-names></string-name></person-group> (<year>2021</year>), “<article-title>What makes you continuously use chatbot services? Evidence from Chinese online travel agencies</article-title>”, <source>Electronic Markets</source>, Vol. <volume>31</volume> No. <issue>3</issue>, pp. <fpage>1</fpage>-<lpage>25</lpage>.</mixed-citation></ref>
<ref id="ref037"><mixed-citation publication-type="journal"><person-group person-group-type="author"><string-name><surname>Limna</surname>, <given-names>P.</given-names></string-name> and <string-name><surname>Kraiwanit</surname>, <given-names>T.</given-names></string-name></person-group> (<year>2023</year>), “<article-title>The role of chatGPT on customer service in the hospitality industry: an exploratory study of hospitality workers' experiences and perceptions</article-title>”, <source>Tourism and Hospitality Management</source>, Vol. <volume>29</volume> No. <issue>4</issue>, pp. <fpage>583</fpage>-<lpage>592</lpage>.</mixed-citation></ref>
<ref id="ref038"><mixed-citation publication-type="journal"><person-group person-group-type="author"><string-name><surname>Moon</surname>, <given-names>H.</given-names></string-name> and <string-name><surname>Han</surname>, <given-names>H.</given-names></string-name></person-group> (<year>2019</year>), “<article-title>Tourist experience quality and loyalty to an island destination: the moderating impact of destination image</article-title>”, <source>Journal of Travel and Tourism Marketing</source>, Vol. <volume>36</volume> No. <issue>1</issue>, pp. <fpage>43</fpage>-<lpage>59</lpage>.</mixed-citation></ref>
<ref id="ref039"><mixed-citation publication-type="journal"><person-group person-group-type="author"><string-name><surname>Murillo-Zegarra</surname>, <given-names>M.</given-names></string-name>, <string-name><surname>Ruiz-Mafe</surname>, <given-names>C.</given-names></string-name> and <string-name><surname>Sanz-Blas</surname>, <given-names>S.</given-names></string-name></person-group> (<year>2020</year>), “<article-title>The effects of mobile advertising alerts and perceived value on continuance intention for branded mobile apps</article-title>”, <source>Sustainability</source>, Vol. <volume>12</volume> No. <issue>17</issue>, p. <fpage>6753</fpage>.</mixed-citation></ref>
<ref id="ref040"><mixed-citation publication-type="journal"><person-group person-group-type="author"><string-name><surname>Ng</surname>, <given-names>K.S.P.</given-names></string-name>, <string-name><surname>Wong</surname>, <given-names>J.W.C.</given-names></string-name>, <string-name><surname>Xie</surname>, <given-names>D.</given-names></string-name> and <string-name><surname>Zhu</surname>, <given-names>J.</given-names></string-name></person-group> (<year>2023</year>), “<article-title>From the attributes of smart tourism technologies to loyalty and WOM via user satisfaction: the moderating role of switching costs</article-title>”, <source>Kybernetes</source>, Vol. <volume>52</volume> No. <issue>8</issue>, pp. <fpage>2868</fpage>-<lpage>2885</lpage>.</mixed-citation></ref>
<ref id="ref041"><mixed-citation publication-type="journal"><person-group person-group-type="author"><string-name><surname>Obal</surname>, <given-names>M.</given-names></string-name></person-group> (<year>2017</year>), “<article-title>What drives post-adoption usage? Investigating the negative and positive antecedents of disruptive technology continuous adoption intentions</article-title>”, <source>Industrial Marketing Management</source>, Vol. <volume>63</volume>, pp. <fpage>42</fpage>-<lpage>52</lpage>.</mixed-citation></ref>
<ref id="ref042"><mixed-citation publication-type="journal"><person-group person-group-type="author"><string-name><surname>Orden-Mejia</surname>, <given-names>M.</given-names></string-name> and <string-name><surname>Huertas</surname>, <given-names>A.</given-names></string-name></person-group> (<year>2022</year>), “<article-title>Analysis of the attributes of smart tourism technologies in destination chatbots that influence tourist satisfaction</article-title>”, <source>Current Issues in Tourism</source>, Vol. <volume>25</volume> No. <issue>17</issue>, pp. <fpage>2854</fpage>-<lpage>2869</lpage>.</mixed-citation></ref>
<ref id="ref043"><mixed-citation publication-type="journal"><person-group person-group-type="author"><string-name><surname>Ozel</surname>, <given-names>M.</given-names></string-name>, <string-name><surname>Caglak</surname>, <given-names>S.</given-names></string-name> and <string-name><surname>Erdogan</surname>, <given-names>M.</given-names></string-name></person-group> (<year>2013</year>), “<article-title>Are affective factors a good predictor of science achievement? Examining the role of affective factors based on PISA 2006</article-title>”, <source>Learning and Individual Differences</source>, Vol. <volume>24</volume>, pp. <fpage>73</fpage>-<lpage>82</lpage>.</mixed-citation></ref>
<ref id="ref044"><mixed-citation publication-type="journal"><person-group person-group-type="author"><string-name><surname>Pappas</surname>, <given-names>N.</given-names></string-name> and <string-name><surname>Glyptou</surname>, <given-names>K.</given-names></string-name></person-group> (<year>2021</year>), “<article-title>Accommodation decision-making during the COVID-19 pandemic: complexity insights from Greece</article-title>”, <source>International Journal of Hospitality Management</source>, Vol. <volume>93</volume>, p. <fpage>102767</fpage>.</mixed-citation></ref>
<ref id="ref045"><mixed-citation publication-type="journal"><person-group person-group-type="author"><string-name><surname>Pappas</surname>, <given-names>I.O.</given-names></string-name> and <string-name><surname>Woodside</surname>, <given-names>A.G.</given-names></string-name></person-group> (<year>2021</year>), “<article-title>Fuzzy-set qualitative comparative analysis (fsQCA): guidelines for research practice in information systems and marketing</article-title>”, <source>International Journal of Information Management</source>, Vol. <volume>58</volume>, p. <fpage>102310</fpage>.</mixed-citation></ref>
<ref id="ref046"><mixed-citation publication-type="journal"><person-group person-group-type="author"><string-name><surname>Paul</surname>, <given-names>J.</given-names></string-name>, <string-name><surname>Ueno</surname>, <given-names>A.</given-names></string-name> and <string-name><surname>Dennis</surname>, <given-names>C.</given-names></string-name></person-group> (<year>2023</year>), “<article-title>ChatGPT and consumers: benefits, pitfalls and future research agenda</article-title>”, <source>Internaitonal Journal of Consumer Studies</source>, Vol. <volume>47</volume> No. <issue>4</issue>, pp. <fpage>1213</fpage>-<lpage>1225</lpage>.</mixed-citation></ref>
<ref id="ref047"><mixed-citation publication-type="journal"><person-group person-group-type="author"><string-name><surname>Piccoli</surname>, <given-names>G.</given-names></string-name>, <string-name><surname>Lui</surname>, <given-names>T.-W.</given-names></string-name> and <string-name><surname>Grün</surname>, <given-names>B.</given-names></string-name></person-group> (<year>2017</year>), “<article-title>The impact of IT-enabled customer service systems on service personalization, customer service perceptions, and hotel performance</article-title>”, <source>Tourism Management</source>, Vol. <volume>59</volume>, pp. <fpage>349</fpage>-<lpage>362</lpage>.</mixed-citation></ref>
<ref id="ref048"><mixed-citation publication-type="book"><person-group person-group-type="author"><string-name><surname>Ragin</surname>, <given-names>C.C.</given-names></string-name></person-group> (<year>2008</year>), <source>Redesigning Social Inquiry: Fuzzy Sets and beyond</source>, <publisher-name>University of Chicago Press</publisher-name>, <publisher-loc>Chicago</publisher-loc>.</mixed-citation></ref>
<ref id="ref049"><mixed-citation publication-type="journal"><person-group person-group-type="author"><string-name><surname>Remountakis</surname>, <given-names>M.</given-names></string-name>, <string-name><surname>Kotis</surname>, <given-names>K.</given-names></string-name>, <string-name><surname>Kourtzis</surname>, <given-names>B.</given-names></string-name> and <string-name><surname>Tsekouras</surname>, <given-names>G.E.</given-names></string-name></person-group> (<year>2023</year>), “<article-title>Using ChatGPT and persuasive technology for personalized recommendation messages in hotel upselling</article-title>”, <source>Information</source>, Vol. <volume>14</volume> No. <issue>9</issue>, p. <fpage>504</fpage>.</mixed-citation></ref>
<ref id="ref050"><mixed-citation publication-type="journal"><person-group person-group-type="author"><string-name><surname>Roy</surname>, <given-names>P.</given-names></string-name>, <string-name><surname>Ramaprasad</surname>, <given-names>B.S.</given-names></string-name>, <string-name><surname>Chakraborty</surname>, <given-names>M.</given-names></string-name>, <string-name><surname>Prabhu</surname>, <given-names>N.</given-names></string-name> and <string-name><surname>Rao</surname>, <given-names>S.</given-names></string-name></person-group> (<year>2020</year>), “<article-title>Customer acceptance of use of artificial intelligence in hospitality services: an Indian hospitality sector perspective</article-title>”, <source>Global Business Review</source>, Vol. <volume>25</volume> No. <issue>3</issue>.</mixed-citation></ref>
<ref id="ref051"><mixed-citation publication-type="journal"><person-group person-group-type="author"><string-name><surname>Ru</surname>, <given-names>X.</given-names></string-name>, <string-name><surname>Wang</surname>, <given-names>S.</given-names></string-name> and <string-name><surname>Yan</surname>, <given-names>S.</given-names></string-name></person-group> (<year>2018</year>), “<article-title>Exploring the effects of normative factors and perceived behavioral control on individual’s energy-saving intention: an empirical study in Eastern China</article-title>”, <source>Resources, Conservation and Recycling</source>, Vol. <volume>134</volume>, pp. <fpage>91</fpage>-<lpage>99</lpage>.</mixed-citation></ref>
<ref id="ref052"><mixed-citation publication-type="journal"><person-group person-group-type="author"><string-name><surname>Salah</surname>, <given-names>M.</given-names></string-name>, <string-name><surname>Alhalbusi</surname>, <given-names>H.</given-names></string-name>, <string-name><surname>Ismail</surname>, <given-names>M.M.</given-names></string-name> and <string-name><surname>Abdelfattah</surname>, <given-names>F.</given-names></string-name></person-group> (<year>2023</year>), “<article-title>Chatting with ChatGPT: decoding the mind of chatbot users and unveiling the intricate connections between user perception, trust and stereotype perception on self-esteem and psychological well-being</article-title>”, <source>Research Square</source>, pp. <fpage>1</fpage>-<lpage>26</lpage>.</mixed-citation></ref>
<ref id="ref053"><mixed-citation publication-type="journal"><person-group person-group-type="author"><string-name><surname>Sharif</surname>, <given-names>A.</given-names></string-name> and <string-name><surname>Raza</surname>, <given-names>S.A.</given-names></string-name></person-group> (<year>2017</year>), “<article-title>The influence of hedonic motivation, self-efficacy, trust and habit on adoption of internet banking: a case of developing country</article-title>”, <source>International Journal of Electronic Customer Relationship Management</source>, Vol. <volume>11</volume> No. <issue>1</issue>, pp. <fpage>1</fpage>-<lpage>22</lpage>.</mixed-citation></ref>
<ref id="ref054"><mixed-citation publication-type="journal"><person-group person-group-type="author"><string-name><surname>Shin</surname>, <given-names>H.H.</given-names></string-name> and <string-name><surname>Jeong</surname>, <given-names>M.</given-names></string-name></person-group> (<year>2021</year>), “<article-title>Travelers’ motivations to adopt augmented reality (AR) applications in a tourism destination</article-title>”, <source>Journal of Hospitality and Tourism Technology</source>, Vol. <volume>12</volume> No. <issue>2</issue>, pp. <fpage>389</fpage>-<lpage>405</lpage>.</mixed-citation></ref>
<ref id="ref055"><mixed-citation publication-type="journal"><person-group person-group-type="author"><string-name><surname>Solomovich</surname>, <given-names>L.</given-names></string-name> and <string-name><surname>Abraham</surname>, <given-names>V.</given-names></string-name></person-group> (<year>2024</year>), “<article-title>Exploring the influence of ChatGPT on tourism behavior using the technology acceptance model</article-title>”, <source>Tourism Review</source>.</mixed-citation></ref>
<ref id="ref056"><mixed-citation publication-type="journal"><person-group person-group-type="author"><string-name><surname>Steg</surname>, <given-names>L.</given-names></string-name> and <string-name><surname>De Groot</surname>, <given-names>J.</given-names></string-name></person-group> (<year>2010</year>), “<article-title>Explaining prosocial intentions: testing causal relationships in the norm activation model</article-title>”, <source>British Journal of Social Psychology</source>, Vol. <volume>49</volume> No. <issue>4</issue>, pp. <fpage>725</fpage>-<lpage>743</lpage>.</mixed-citation></ref>
<ref id="ref057"><mixed-citation publication-type="journal"><person-group person-group-type="author"><string-name><surname>Toft</surname>, <given-names>M.B.</given-names></string-name>, <string-name><surname>Schuitema</surname>, <given-names>G.</given-names></string-name> and <string-name><surname>Thøgersen</surname>, <given-names>J.</given-names></string-name></person-group> (<year>2014</year>), “<article-title>Responsible technology acceptance: Model development and application to consumer acceptance of smart grid technology</article-title>”, <source>Applied Energy</source>, Vol. <volume>134</volume>, pp. <fpage>392</fpage>-<lpage>400</lpage>.</mixed-citation></ref>
<ref id="ref058"><mixed-citation publication-type="journal"><person-group person-group-type="author"><string-name><surname>Wang</surname>, <given-names>M.J.</given-names></string-name></person-group> (<year>2014</year>), “<article-title>The current practice of integration of information communication technology to English teaching and the emotions involved in blended learning</article-title>”, <source>Turkish Online Journal of Educational Technology-TOJET</source>, Vol. <volume>13</volume> No. <issue>3</issue>, pp. <fpage>188</fpage>-<lpage>201</lpage>.</mixed-citation></ref>
<ref id="ref059"><mixed-citation publication-type="journal"><person-group person-group-type="author"><string-name><surname>Wang</surname>, <given-names>S.</given-names></string-name>, <string-name><surname>Fan</surname>, <given-names>J.</given-names></string-name>, <string-name><surname>Zhao</surname>, <given-names>D.</given-names></string-name>, <string-name><surname>Yang</surname>, <given-names>S.</given-names></string-name> and <string-name><surname>Fu</surname>, <given-names>Y.</given-names></string-name></person-group> (<year>2016</year>), “<article-title>Predicting consumers’ intention to adopt hybrid electric vehicles: using an extended version of the theory of planned behavior model</article-title>”, <source>Transportation</source>, Vol. <volume>43</volume> No. <issue>1</issue>, pp. <fpage>123</fpage>-<lpage>143</lpage>.</mixed-citation></ref>
<ref id="ref060"><mixed-citation publication-type="journal"><person-group person-group-type="author"><string-name><surname>Yoo</surname>, <given-names>H.</given-names></string-name>, <string-name><surname>Kwon</surname>, <given-names>O.</given-names></string-name> and <string-name><surname>Lee</surname>, <given-names>N.</given-names></string-name></person-group> (<year>2016</year>), “<article-title>Human likeness: cognitive and affective factors affecting adoption of robot-assisted learning systems</article-title>”, <source>New Review of Hypermedia and Multimedia</source>, Vol. <volume>22</volume> No. <issue>3</issue>, pp. <fpage>169</fpage>-<lpage>188</lpage>.</mixed-citation></ref>
<ref id="ref061"><mixed-citation publication-type="journal"><person-group person-group-type="author"><string-name><surname>Yoon</surname>, <given-names>J.</given-names></string-name> and <string-name><surname>Yu</surname>, <given-names>H.</given-names></string-name></person-group> (<year>2022</year>), “<article-title>Impact of customer experience on attitude and utilization intention of a restaurant-menu curation chatbot service</article-title>”, <source>Journal of Hospitality and Tourism Technology</source>, Vol. <volume>13</volume> No. <issue>3</issue>, pp. <fpage>527</fpage>-<lpage>541</lpage>.</mixed-citation></ref>
<ref id="ref062"><mixed-citation publication-type="journal"><person-group person-group-type="author"><string-name><surname>Yu</surname>, <given-names>J.</given-names></string-name>, <string-name><surname>Kim</surname>, <given-names>S.</given-names></string-name>, <string-name><surname>Hailu</surname>, <given-names>T.</given-names></string-name>, <string-name><surname>Park</surname>, <given-names>J.</given-names></string-name> and <string-name><surname>Han</surname>, <given-names>H.</given-names></string-name></person-group> (<year>2024</year>), “<article-title>The effects of virtual reality (VR) and augmented reality (AR) on senior tourists’ experiential quality, perceived advantages, perceived enjoyment, and reuse intention</article-title>”, <source>Current Issues in Tourism</source>, Vol. <volume>27</volume> No. <issue>3</issue>, pp. <fpage>464</fpage>-<lpage>478</lpage>.</mixed-citation></ref>
<ref id="ref063"><mixed-citation publication-type="journal"><person-group person-group-type="author"><string-name><surname>Zhu</surname>, <given-names>Y.</given-names></string-name>, <string-name><surname>Zhang</surname>, <given-names>J.</given-names></string-name> and <string-name><surname>Wu</surname>, <given-names>J.</given-names></string-name></person-group> (<year>2023</year>), “<article-title>Who did what and when? The effect of chatbots’ service recovery on customer satisfaction and revisit intention</article-title>”, <source>Journal of Hospitality and Tourism Technology</source>, Vol. <volume>14</volume> No. <issue>3</issue>, pp. <fpage>416</fpage>-<lpage>429</lpage>.</mixed-citation></ref></ref-list></back>
</article>