<?xml version="1.0" encoding="UTF-8"?>
<!DOCTYPE article PUBLIC "-//NLM//DTD JATS (Z39.96) Journal Archiving and Interchange DTD with MathML3 v1.1d1 20130915//EN" "JATS-archivearticle1-mathml3.dtd"><article xmlns:mml="http://www.w3.org/1998/Math/MathML" xmlns:xlink="http://www.w3.org/1999/xlink" xmlns:xsi="http://www.w3.org/2001/XMLSchema-instance" dtd-version="1.1d1" xml:lang="en" article-type="research-article">
<front id="meta-hdr">
<journal-meta>
<journal-id journal-id-type="publisher-id">JHTT</journal-id>
<journal-id journal-id-type="doi">10.1108/JHTT</journal-id>
<journal-title-group>
<journal-title>Journal of Hospitality and Tourism Technology</journal-title>
<abbrev-journal-title abbrev-type="publisher">JHTT</abbrev-journal-title>
</journal-title-group>
<issn publication-format="print">1757-9880</issn>
<issn publication-format="online">1757-9880</issn>
<publisher>
<publisher-name>Emerald Publishing Limited</publisher-name>
</publisher>
</journal-meta>
<article-meta id="art-meta">
<article-id pub-id-type="publisher-id">724587</article-id>
<article-id pub-id-type="doi">10.1108/JHTT-06-2023-0170</article-id>
<article-id pub-id-type="original-pdf">JHTT-06-2023-0170.pdf</article-id>
<article-id pub-id-type="filename">JHTT-06-2023-0170</article-id>
<article-categories>
<subj-group subj-group-type="type-of-publication">
<compound-subject>
<compound-subject-part content-type="code">research-article</compound-subject-part>
<compound-subject-part content-type="label">Research paper</compound-subject-part>
</compound-subject>
</subj-group>
<subj-group subj-group-type="subject">
<compound-subject>
<compound-subject-part content-type="code">cat-THOS</compound-subject-part>
<compound-subject-part content-type="label">Tourism &amp; hospitality</compound-subject-part>
</compound-subject>
<subj-group subj-group-type="subject">
<compound-subject>
<compound-subject-part content-type="code">cat-TTY</compound-subject-part>
<compound-subject-part content-type="label">Tourism technology</compound-subject-part>
</compound-subject>
<subj-group subj-group-type="subject">
<compound-subject>
<compound-subject-part content-type="code">cat-EITM</compound-subject-part>
<compound-subject-part content-type="label">E-commerce in tourism</compound-subject-part>
</compound-subject>
<subj-group subj-group-type="subject">
<compound-subject>
<compound-subject-part content-type="code">cat-THOS</compound-subject-part>
<compound-subject-part content-type="label">Tourism &amp; hospitality</compound-subject-part>
</compound-subject>
<subj-group subj-group-type="subject">
<compound-subject>
<compound-subject-part content-type="code">cat-TTY</compound-subject-part>
<compound-subject-part content-type="label">Tourism technology</compound-subject-part>
</compound-subject>
<subj-group subj-group-type="subject">
<compound-subject>
<compound-subject-part content-type="code">cat-EINT</compound-subject-part>
<compound-subject-part content-type="label">E-Intermediaries in tourism</compound-subject-part>
</compound-subject>
<subj-group subj-group-type="subject">
<compound-subject>
<compound-subject-part content-type="code">cat-THOS</compound-subject-part>
<compound-subject-part content-type="label">Tourism &amp; hospitality</compound-subject-part>
</compound-subject>
<subj-group subj-group-type="subject">
<compound-subject>
<compound-subject-part content-type="code">cat-TTY</compound-subject-part>
<compound-subject-part content-type="label">Tourism technology</compound-subject-part>
</compound-subject>
<subj-group subj-group-type="subject">
<compound-subject>
<compound-subject-part content-type="code">cat-LSGPS</compound-subject-part>
<compound-subject-part content-type="label">Location-based services/global positioning systems</compound-subject-part>
</compound-subject>
<subj-group subj-group-type="subject">
<compound-subject>
<compound-subject-part content-type="code">cat-THOS</compound-subject-part>
<compound-subject-part content-type="label">Tourism &amp; hospitality</compound-subject-part>
</compound-subject>
<subj-group subj-group-type="subject">
<compound-subject>
<compound-subject-part content-type="code">cat-TTY</compound-subject-part>
<compound-subject-part content-type="label">Tourism technology</compound-subject-part>
</compound-subject>
<subj-group subj-group-type="subject">
<compound-subject>
<compound-subject-part content-type="code">cat-MWTT</compound-subject-part>
<compound-subject-part content-type="label">Mobile/wireless technologies in tourism</compound-subject-part>
</compound-subject>
</subj-group>
</subj-group>
</subj-group>
</subj-group>
</subj-group>
</subj-group>
</subj-group>
</subj-group>
</subj-group>
</subj-group>
</subj-group>
</subj-group>
</article-categories>
<title-group>
<article-title xml:lang="en">A novel ChatGPT-based multimodel framework for tourism review mining: a case study on China’s five sacred mountains</article-title>
</title-group>
<contrib-group>
<contrib contrib-type="author">
<name-alternatives>
<name name-style="western"><surname>Cheng</surname><given-names>Xinquan</given-names></name>
<string-name name-style="western"><given-names>Xinquan</given-names> <surname>Cheng</surname></string-name>
</name-alternatives><email>609342386@qq.com</email><xref ref-type="aff" rid="aff1"/>
</contrib>
<contrib contrib-type="author" corresp="yes">
<name-alternatives>
<name name-style="western"><surname>Chen</surname><given-names>Yuanhong</given-names></name>
<string-name name-style="western"><given-names>Yuanhong</given-names> <surname>Chen</surname></string-name>
</name-alternatives><email>23010005@cusx.edu.cn</email><xref ref-type="aff" rid="aff2"/>
</contrib>
<contrib contrib-type="author">
<name-alternatives>
<name name-style="western"><surname>Wang</surname><given-names>Pingfan</given-names></name>
<string-name name-style="western"><given-names>Pingfan</given-names> <surname>Wang</surname></string-name>
</name-alternatives><email>rolond82@163.com</email><xref ref-type="aff" rid="aff3"/>
</contrib>
<contrib contrib-type="author">
<name-alternatives>
<name name-style="western"><surname>Zhou</surname><given-names>YanXi</given-names></name>
<string-name name-style="western"><given-names>YanXi</given-names> <surname>Zhou</surname></string-name>
</name-alternatives><email>491915331@qq.com</email><xref ref-type="aff" rid="aff4"/>
</contrib>
<contrib contrib-type="author">
<name-alternatives>
<name name-style="western"><surname>Wei</surname><given-names>Xiaojing</given-names></name>
<string-name name-style="western"><given-names>Xiaojing</given-names> <surname>Wei</surname></string-name>
</name-alternatives><email>19010006@cusx.edu.cn</email><xref ref-type="aff" rid="aff5"/>
</contrib>
<contrib contrib-type="author">
<name-alternatives>
<name name-style="western"><surname>Luo</surname><given-names>Wenjiang</given-names></name>
<string-name name-style="western"><given-names>Wenjiang</given-names> <surname>Luo</surname></string-name>
</name-alternatives><email>465306145@qq.com</email><xref ref-type="aff" rid="aff6"/>
</contrib>
<contrib contrib-type="author">
<name-alternatives>
<name name-style="western"><surname>Duan</surname><given-names>Qingxin</given-names></name>
<string-name name-style="western"><given-names>Qingxin</given-names> <surname>Duan</surname></string-name>
</name-alternatives><email>13466839582@163.com</email><xref ref-type="aff" rid="aff6"/>
</contrib>
<aff id="aff1">Department of Tourism Management, <institution-wrap><institution>Pai Chai University</institution></institution-wrap>, Daejeon, <country country="KR">Republic of Korea</country></aff>
<aff id="aff2">School of Creativity and Management, <institution-wrap><institution>Communication University of Shanxi</institution></institution-wrap>, Jinzhong, <country country="CN">China</country> and Department of Tourism Management, <institution-wrap><institution>Pai Chai University</institution></institution-wrap>, Daejeon, <country country="KR">Republic of Korea</country></aff>
<aff id="aff3"><institution-wrap><institution> Newcastle Business School, Northumbria University</institution></institution-wrap>, Newcastle upon Tyne, <country country="GB">UK</country></aff>
<aff id="aff4"><institution-wrap><institution>University of South China</institution></institution-wrap>, Hengyang, <country country="CN">China</country></aff>
<aff id="aff5"><institution-wrap><institution>Communication University of Shanxi</institution></institution-wrap>, Jinzhong, <country country="CN">China</country></aff>
<aff id="aff6">Department of Tourism Management, <institution-wrap><institution>Pai Chai University</institution></institution-wrap>, Daejeon, <country country="KR">Republic of Korea</country></aff>
</contrib-group>
<author-notes>
<corresp id="cor1">Yuanhong Chen can be contacted at: <ext-link ext-link-type="email" xlink:href="mailto:23010005@cusx.edu.cn">23010005@cusx.edu.cn</ext-link></corresp></author-notes>
<pub-date publication-format="electronic" date-type="pub" iso-8601-date="2024-06-28"><day>28</day><month>06</month><year>2024</year></pub-date>
<pub-date publication-format="print" date-type="pub" iso-8601-date="2024-08-05"><day>05</day><month>08</month><year>2024</year></pub-date>
<volume>15</volume><issue>4</issue>
<fpage>592</fpage><lpage>609</lpage>
<history>
<date date-type="received" iso-8601-date="2023-06-22"><day>22</day><month>06</month><year>2023</year></date>
<date date-type="revised" iso-8601-date="2023-09-11"><day>11</day><month>09</month><year>2023</year></date>
<date date-type="revised" iso-8601-date="2023-11-21"><day>21</day><month>11</month><year>2023</year></date>
<date date-type="revised" iso-8601-date="2024-02-07"><day>07</day><month>02</month><year>2024</year></date>
<date date-type="accepted" iso-8601-date="2024-04-16"><day>16</day><month>04</month><year>2024</year></date>
</history>
<permissions>
<copyright-statement>© Emerald Publishing Limited</copyright-statement>
<copyright-year>2024</copyright-year>
<copyright-holder>Emerald Publishing Limited</copyright-holder>
<license license-type="publisher">
<license-p>Licensed re-use rights only</license-p>
</license>
</permissions>
<self-uri content-type="pdf" xlink:href="JHTT-06-2023-0170.pdf"/>
<abstract abstract-type="structured" id="abstr1" xml:lang="en">
<sec>
<title content-type="abstract-subheading">Purpose</title>
<p>This study aims to introduce an innovative framework for mining tourism reviews that not only excels in sentiment analysis accuracy but also prioritizes user-friendly design for enhanced usability.</p>
</sec>
<sec>
<title content-type="abstract-subheading">Design/methodology/approach</title>
<p>Online reviews of China’s Five Sacred Mountains were analyzed using an integrated methodology. Sentiment analysis was performed using ChatGPT, bidirectional encoder representations from transformers (BERT) and convolutional neural networks, with ChatGPT demonstrating superior performance. Latent Dirichlet allocation extracted key attributes. Models including importance–performance analysis (IPA), asymmetric impact-performance analysis (AIPA) and importance–performance competitor analysis (IPCA) then synthesized findings.</p>
</sec>
<sec>
<title content-type="abstract-subheading">Findings</title>
<p>The results demonstrate that ChatGPT outperforms both machine learning and lexicon-based models in sentiment recognition, exhibiting performance comparable to that of the BERT model. In the case study, integrating sentiment analysis outcomes with IPA reveals deficiencies in both topics and attributes. Moreover, the synergistic combination of IPA, AIPA and IPCA furnishes actionable recommendations for resource management and enables nuanced monitoring of sustainability attributes.</p>
</sec>
<sec>
<title content-type="abstract-subheading">Practical implications</title>
<p>Leveraging this framework in conjunction with the ChatGPT platform for application development can bring practical convenience to the tourism industry. It supports sentiment analysis, topic categorization and opinion mining. Equipped with monitoring capabilities, it provides valuable insights for sustainable improvement, aiding managers in formulating effective marketing strategies.</p>
</sec>
<sec>
<title content-type="abstract-subheading">Originality/value</title>
<p>This research develops a novel multimodel framework integrating various ML/DL techniques and business models in a synergistic way. It provides an innovative and highly accurate yet simple approach to tourism review mining and enhances accessibility of advanced artificial intelligence for sustainable tourism monitoring, addressing limitations of prior methods.</p>
</sec>
</abstract>
<abstract abstract-type="structured" id="abstr2" xml:lang="zh">
<sec>
<title>研究目的</title>
<p>本研究旨在引入一种创新的框架, 用于挖掘旅游评论, 不仅在情感分析准确性方面表现出色, 而且还优先考虑用户友好设计, 以提升可用性。</p>
</sec>
<sec>
<title>研究方法</title>
<p>本研究使用综合方法分析了中国五岳的在线评论, 使用ChatGPT进行情感分析。LDA提取了关键属性。然后, 包括IPA、AIPA和IPCA在内的模型综合了研究结果。</p>
</sec>
<sec>
<title>研究发现</title>
<p>结果表明, ChatGPT在情感识别方面优于机器学习和基于词典的模型, 表现与BERT模型相当。在案例研究中, 将情感分析结果与IPA结合起来揭示了主题和属性的不足。此外, IPA、AIPA和IPCA的协同组合为资源管理提供了可行的建议, 并实现了对可持续属性的细致监控</p>
</sec>
<sec>
<title>实践意义</title>
<p>结合ChatGPT平台在应用开发中利用该框架可以为旅游业带来实际便利。它支持情感分析、主题分类和意见挖掘。配备了监控功能, 为可持续改进提供了宝贵的见解, 帮助管理者制定有效的营销策略。</p>
</sec>
<sec>
<title>研究创新</title>
<p>本研究开发了一种新颖的多模型框架, 将各种ML/DL技术和商业模型以协同方式整合在一起。它提供了一种创新而高度准确但简单的方法, 用于旅游评论挖掘, 并提升了高级AI的可访问性, 以实现可持续旅游监测。</p>
</sec>
</abstract>
<kwd-group kwd-group-type="author-generated" xml:lang="en">
<kwd>Tourism reviews</kwd><x xml:space="preserve">, </x>
<kwd>Sentiment analysis</kwd><x xml:space="preserve">, </x>
<kwd>ChatGPT</kwd><x xml:space="preserve">, </x>
<kwd>Deep learning models</kwd><x xml:space="preserve">, </x>
<kwd>Opinion mining</kwd><x xml:space="preserve">, </x>
<kwd>Sustainable tourism</kwd>
</kwd-group>
<kwd-group kwd-group-type="author-generated" xml:lang="zh">
<kwd>关键词： 旅游评论、情感分析、ChatGPT、深度学习模型、意见挖掘、可持续旅游</kwd>
</kwd-group>
<counts>
<fig-count count="6"/>
<table-count count="6"/>
<equation-count count="1"/>
<ref-count count="33"/>
<page-count count="18"/>
<word-count count="7121"/>
</counts>
<custom-meta-group>
<custom-meta>
<meta-name>copyright-code</meta-name>
<meta-value>M</meta-value>
</custom-meta>
<custom-meta>
<meta-name>deliverables</meta-name>
<meta-value>Web-ready article package</meta-value>
</custom-meta>
<custom-meta>
<meta-name>peer-reviewed</meta-name>
<meta-value>Yes</meta-value>
</custom-meta>
<custom-meta>
<meta-name>academic-content</meta-name>
<meta-value>Yes</meta-value>
</custom-meta>
<custom-meta>
<meta-name>EContentType</meta-name>
<meta-value>JOURNAL</meta-value>
</custom-meta>
<custom-meta>
<meta-name>rightslink</meta-name>
<meta-value>included</meta-value>
</custom-meta>
</custom-meta-group>
</article-meta>
</front>

<back>
<ref-list id="refs1">
<title>References</title>
<ref id="ref001"><mixed-citation publication-type="journal"><person-group person-group-type="author"><string-name><surname>Ahani</surname>, <given-names>A.</given-names></string-name>, <string-name><surname>Nilashi</surname>, <given-names>M.</given-names></string-name>, <string-name><surname>Yadegaridehkordi</surname>, <given-names>E.</given-names></string-name>, <string-name><surname>Sanzogni</surname>, <given-names>L.</given-names></string-name>, <string-name><surname>Tarik</surname>, <given-names>A.R.</given-names></string-name>, <string-name><surname>Knox</surname>, <given-names>K.</given-names></string-name>, <string-name><surname>Samad</surname>, <given-names>S.</given-names></string-name> and <string-name><surname>Ibrahim</surname>, <given-names>O.</given-names></string-name></person-group> (<year>2019</year>), “<article-title>Revealing customers’ satisfaction and preferences through online review analysis: the case of Canary Islands hotels</article-title>”, <source>Journal of Retailing and Consumer Services</source>, Vol. <volume>51</volume>, pp. <fpage>331</fpage>-<lpage>343</lpage>, doi: <pub-id pub-id-type="doi">10.1016/j.jretconser.2019.06.014</pub-id>.</mixed-citation></ref>
<ref id="ref002"><mixed-citation publication-type="journal"><person-group person-group-type="author"><string-name><surname>Albayrak</surname>, <given-names>T.</given-names></string-name></person-group> (<year>2015</year>), “<article-title>Importance performance competitor analysis (IPCA): a study of hospitality companies</article-title>”, <source>International Journal of Hospitality Management</source>, Vol. <volume>48</volume>, pp. <fpage>135</fpage>-<lpage>142</lpage>, doi: <pub-id pub-id-type="doi">10.1016/j.ijhm.2015.04.013</pub-id>.</mixed-citation></ref>
<ref id="ref003"><mixed-citation publication-type="journal"><person-group person-group-type="author"><string-name><surname>Albayrak</surname>, <given-names>T.</given-names></string-name>, <string-name><surname>Cengizci</surname>, <given-names>A.D.</given-names></string-name>, <string-name><surname>Caber</surname>, <given-names>M.</given-names></string-name> and <string-name><surname>Nang Fong</surname>, <given-names>L.H.</given-names></string-name></person-group> (<year>2021</year>), “<article-title>Big data use in determining competitive position: the case of theme parks in Hong Kong</article-title>”, <source>Journal of Destination Marketing and Management</source>, Vol. <volume>22</volume>, p. <fpage>100668</fpage>, doi: <pub-id pub-id-type="doi">10.1016/j.jdmm.2021.100668</pub-id>.</mixed-citation></ref>
<ref id="ref004"><mixed-citation publication-type="other"><person-group person-group-type="author"><string-name><surname>Amin</surname>, <given-names>M.M.</given-names></string-name>, <string-name><surname>Cambria</surname>, <given-names>E.</given-names></string-name> and <string-name><surname>Schuller</surname>, <given-names>B.W.</given-names></string-name></person-group> (<year>2023</year>), “<article-title>Will affective computing emerge from foundation models and general AI? A first evaluation on ChatGPT</article-title>”, <comment>arXiv:2303.03186</comment>, <pub-id pub-id-type="doi">10.48550/arXiv.2303.03186</pub-id></mixed-citation></ref>
<ref id="ref005"><mixed-citation publication-type="journal"><person-group person-group-type="author"><string-name><surname>Aydın</surname>, <given-names>Ö.</given-names></string-name> and <string-name><surname>Karaarslan</surname>, <given-names>E.</given-names></string-name></person-group> (<year>2023</year>), “<article-title>Is ChatGPT leading generative ai? What is beyond expectations?</article-title>”, <source>SSRN Electronic Journal</source>, Vol. <volume>11</volume> No. <issue>3</issue>, pp. <fpage>118</fpage>-<lpage>134</lpage>, doi: <pub-id pub-id-type="doi">10.2139/ssrn.4341500</pub-id>.</mixed-citation></ref>
<ref id="ref006"><mixed-citation publication-type="journal"><person-group person-group-type="author"><string-name><surname>Balas</surname>, <given-names>M.</given-names></string-name> and <string-name><surname>Abson</surname>, <given-names>D.J.</given-names></string-name></person-group> (<year>2022</year>), “<article-title>Characterising and identifying gaps in sustainability assessments of tourism - a review</article-title>”, <source>Tourism Management Perspectives</source>, Vol. <volume>43</volume>, p. <fpage>101004</fpage>, doi: <pub-id pub-id-type="doi">10.1016/j.tmp.2022.101004</pub-id>.</mixed-citation></ref>
<ref id="ref007"><mixed-citation publication-type="journal"><person-group person-group-type="author"><string-name><surname>Benítez-Andrades</surname>, <given-names>J.A.</given-names></string-name>, <string-name><surname>González-Jiménez</surname>, <given-names>Á.</given-names></string-name>, <string-name><surname>López-Brea</surname>, <given-names>Á.</given-names></string-name>, <string-name><surname>Aveleira-Mata</surname>, <given-names>J.</given-names></string-name>, <string-name><surname>Alija-Pérez</surname>, <given-names>J.-M.</given-names></string-name> and <string-name><surname>García-Ordás</surname>, <given-names>M.T.</given-names></string-name></person-group> (<year>2022</year>), “<article-title>Detecting racism and xenophobia using deep learning models on twitter data: CNN, LSTM and BERT</article-title>”, <source>PeerJ Computer Science</source>, Vol. <volume>8</volume>, p. <fpage>e906</fpage>, doi: <pub-id pub-id-type="doi">10.7717/peerj-cs.906</pub-id>.</mixed-citation></ref>
<ref id="ref008"><mixed-citation publication-type="journal"><person-group person-group-type="author"><string-name><surname>Catelli</surname>, <given-names>R.</given-names></string-name>, <string-name><surname>Pelosi</surname>, <given-names>S.</given-names></string-name> and <string-name><surname>Esposito</surname>, <given-names>M.</given-names></string-name></person-group> (<year>2022</year>), “<article-title>Lexicon-based vs Bert-based sentiment analysis: a comparative study in Italian</article-title>”, <source>Electronics</source>, Vol. <volume>11</volume> No. <issue>3</issue>, p. <fpage>374</fpage>, doi: <pub-id pub-id-type="doi">10.3390/electronics11030374</pub-id>.</mixed-citation></ref>
<ref id="ref009"><mixed-citation publication-type="web"><person-group person-group-type="author"><collab>CCTV News</collab></person-group> (<year>2016</year>), “<article-title>New report says poverty rate in China’s mountainous areas is high: difficulty in fetching water affects quality of life</article-title>”, <comment>available at: <ext-link ext-link-type="uri" xlink:href="http://news.cctv.com/2016/11/07/ARTIX0ADe5zMqxN27ihlBz5A161107.shtml">http://news.cctv.com/2016/11/07/ARTIX0ADe5zMqxN27ihlBz5A161107.shtml</ext-link></comment> (accessed <date-in-citation content-type="access-date">10 July 2023</date-in-citation>).</mixed-citation></ref>
<ref id="ref010"><mixed-citation publication-type="other"><person-group person-group-type="author"><string-name><surname>Devlin</surname>, <given-names>J.</given-names></string-name>, <string-name><surname>Chang</surname>, <given-names>M.</given-names></string-name>, <string-name><surname>Lee</surname>, <given-names>K.</given-names></string-name> and <string-name><surname>Toutanova</surname>, <given-names>K.</given-names></string-name></person-group> (<year>2018</year>), “<article-title>BERT: pre-training of deep bidirectional transformers for language understanding</article-title>”, <comment>arXiv:1810.04805</comment></mixed-citation></ref>
<ref id="ref011"><mixed-citation publication-type="confproc"><person-group person-group-type="author"><string-name><surname>Dominic</surname>, <given-names>P.</given-names></string-name>, <string-name><surname>Purushothaman</surname>, <given-names>N.</given-names></string-name>, <string-name><surname>Kumar</surname>, <given-names>A.S.A.</given-names></string-name>, <string-name><surname>Prabagaran</surname>, <given-names>A.</given-names></string-name>, <string-name><surname>Angelin Blessy</surname>, <given-names>J.</given-names></string-name>,. and <string-name><given-names>A.</given-names></string-name>, <string-name><given-names>J.</given-names></string-name></person-group> (<year>2023</year>), “<article-title>Multilingual sentiment analysis using deep-learning architectures</article-title>”, <source>Presented at the 2023 5th International Conference on Smart Systems and Inventive Technology (ICSSIT)</source>, pp. <fpage>1077</fpage>-<lpage>1083</lpage>, <pub-id pub-id-type="doi">10.1109/ICSSIT55814.2023.10060993</pub-id>.</mixed-citation></ref>
<ref id="ref012"><mixed-citation publication-type="journal"><person-group person-group-type="author"><string-name><surname>Dueñas</surname>, <given-names>X.</given-names></string-name>, <string-name><surname>Rodríguez</surname>, <given-names>M.</given-names></string-name> and <string-name><surname>Pérez</surname>, <given-names>L.M.</given-names></string-name></person-group> (<year>2021</year>), “<article-title>Asymmetric importance-performance analysis: measuring classification changes of destination attributes into basic, performance and excitement factors according to the segmentation criterion</article-title>”, <source>Tourism and Hospitality Research</source>, Vol. <volume>21</volume> No. <issue>4</issue>, pp. <fpage>203</fpage>-<lpage>217</lpage>, doi: <pub-id pub-id-type="doi">10.1177/14673584211002603</pub-id>.</mixed-citation></ref>
<ref id="ref013"><mixed-citation publication-type="journal"><person-group person-group-type="author"><string-name><surname>Giglio</surname>, <given-names>S.</given-names></string-name>, <string-name><surname>Bertacchini</surname>, <given-names>F.</given-names></string-name>, <string-name><surname>Bilotta</surname>, <given-names>E.</given-names></string-name> and <string-name><surname>Pantano</surname>, <given-names>P.</given-names></string-name></person-group> (<year>2020</year>), “<article-title>Machine learning and points of interest: typical tourist Italian cities</article-title>”, <source>Current Issues in Tourism</source>, Vol. <volume>23</volume> No. <issue>13</issue>, pp. <fpage>1646</fpage>-<lpage>1658</lpage>, doi: <pub-id pub-id-type="doi">10.1080/13683500.2019.1637827</pub-id>.</mixed-citation></ref>
<ref id="ref014"><mixed-citation publication-type="web"><person-group person-group-type="author"><string-name><surname>Holt-Nguyen</surname>, <given-names>C.</given-names></string-name></person-group> (<year>2023</year>), “<article-title>Compare ChatGPT to machine learning techniques for sentiment analysis in 2023</article-title>”, <publisher-name>Medium</publisher-name>, <comment>available at: <ext-link ext-link-type="uri" xlink:href="https://pub.towardsai.net/compare-chatgpt-to-machine-learning-techniques-for-sentiment-analysis-in-2023-3e897fc22da1">https://pub.towardsai.net/compare-chatgpt-to-machine-learning-techniques-for-sentiment-analysis-in-2023-3e897fc22da1</ext-link></comment> (accessed <date-in-citation content-type="access-date">10 July 2023</date-in-citation>).</mixed-citation></ref>
<ref id="ref015"><mixed-citation publication-type="journal"><person-group person-group-type="author"><string-name><surname>Hu</surname>, <given-names>F.</given-names></string-name>, <string-name><surname>Li</surname>, <given-names>H.</given-names></string-name>, <string-name><surname>Liu</surname>, <given-names>Y.</given-names></string-name> and <string-name><surname>Teichert</surname>, <given-names>T.</given-names></string-name></person-group> (<year>2020</year>), “<article-title>Optimizing service offerings using asymmetric impact-sentiment-performance analysis</article-title>”, <source>International Journal of Hospitality Management</source>, Vol. <volume>89</volume>, p. <fpage>102557</fpage>, doi: <pub-id pub-id-type="doi">10.1016/j.ijhm.2020.102557</pub-id>.</mixed-citation></ref>
<ref id="ref016"><mixed-citation publication-type="journal"><person-group person-group-type="author"><string-name><surname>Li</surname>, <given-names>Q.</given-names></string-name>, <string-name><surname>Jang</surname>, <given-names>D.</given-names></string-name>, <string-name><surname>Kim</surname>, <given-names>D.</given-names></string-name> and <string-name><surname>Kim</surname>, <given-names>J.</given-names></string-name></person-group> (<year>2023</year>), “<article-title>Restaurant recommendation model using textual information to estimate consumer preference: evidence from an online restaurant platform</article-title>”, <source>Journal of Hospitality and Tourism Technology</source>, Vol. <volume>14</volume> No. <issue>5</issue>, pp. <fpage>857</fpage>-<lpage>877</lpage>, doi: <pub-id pub-id-type="doi">10.1108/JHTT-01-2023-0019</pub-id>.</mixed-citation></ref>
<ref id="ref017"><mixed-citation publication-type="journal"><person-group person-group-type="author"><string-name><surname>Li</surname>, <given-names>N.</given-names></string-name>, <string-name><surname>Yang</surname>, <given-names>X.</given-names></string-name>, <string-name><surname>Wong</surname>, <given-names>I.A.</given-names></string-name>, <string-name><surname>Law</surname>, <given-names>R.</given-names></string-name>, <string-name><surname>Xu</surname>, <given-names>J.Y.</given-names></string-name> and <string-name><surname>Zhang</surname>, <given-names>B.</given-names></string-name></person-group> (<year>2022</year>), “<article-title>Automating tourism online reviews: a neural network based aspect-oriented sentiment classification</article-title>”, <source>Journal of Hospitality and Tourism Technology</source>, Vol. <volume>14</volume> No. <issue>1</issue>, pp. <fpage>1</fpage>-<lpage>20</lpage>, doi: <pub-id pub-id-type="doi">10.1108/JHTT-03-2021-0099</pub-id>.</mixed-citation></ref>
<ref id="ref018"><mixed-citation publication-type="journal"><person-group person-group-type="author"><string-name><surname>Liu</surname>, <given-names>J.</given-names></string-name>, <string-name><surname>Yu</surname>, <given-names>Y.</given-names></string-name>, <string-name><surname>Mehraliyev</surname>, <given-names>F.</given-names></string-name>, <string-name><surname>Hu</surname>, <given-names>S.</given-names></string-name> and <string-name><surname>Chen</surname>, <given-names>J.</given-names></string-name></person-group> (<year>2022</year>), “<article-title>What affects the online ratings of restaurant consumers: a research perspective on text-mining big data analysis</article-title>”, <source>International Journal of Contemporary Hospitality Management</source>, Vol. <volume>34</volume> No. <issue>10</issue>, pp. <fpage>3607</fpage>-<lpage>3633</lpage>, doi: <pub-id pub-id-type="doi">10.1108/IJCHM-06-2021-0749</pub-id>.</mixed-citation></ref>
<ref id="ref019"><mixed-citation publication-type="journal"><person-group person-group-type="author"><string-name><surname>Luo</surname>, <given-names>Y.</given-names></string-name>, <string-name><surname>He</surname>, <given-names>J.</given-names></string-name>, <string-name><surname>Mou</surname>, <given-names>Y.</given-names></string-name>, <string-name><surname>Wang</surname>, <given-names>J.</given-names></string-name> and <string-name><surname>Liu</surname>, <given-names>T.</given-names></string-name></person-group> (<year>2021</year>), “<article-title>Exploring China’s 5A global geoparks through online tourism reviews: a mining model based on machine learning approach</article-title>”, <source>Tourism Management Perspectives</source>, Vol. <volume>37</volume>, p. <fpage>100769</fpage>, doi: <pub-id pub-id-type="doi">10.1016/j.tmp.2020.100769</pub-id>.</mixed-citation></ref>
<ref id="ref020"><mixed-citation publication-type="journal"><person-group person-group-type="author"><string-name><surname>Miller</surname>, <given-names>G.</given-names></string-name> and <string-name><surname>Torres-Delgado</surname>, <given-names>A.</given-names></string-name></person-group> (<year>2023</year>), “<article-title>Measuring sustainable tourism: a state of the art review of sustainable tourism indicators</article-title>”, <source>Journal of Sustainable Tourism</source>, Vol. <volume>31</volume> No. <issue>7</issue>, pp. <fpage>1483</fpage>-<lpage>1496</lpage>, doi: <pub-id pub-id-type="doi">10.1080/09669582.2023.2213859</pub-id>.</mixed-citation></ref>
<ref id="ref021"><mixed-citation publication-type="web"><person-group person-group-type="author"><collab>OpenAI Platform</collab></person-group> (<year>2023</year>), <comment>available at: <ext-link ext-link-type="uri" xlink:href="https://platform.openai.com">https://platform.openai.com</ext-link></comment> (accessed <date-in-citation content-type="access-date">30 August 2023</date-in-citation>).</mixed-citation></ref>
<ref id="ref022"><mixed-citation publication-type="journal"><person-group person-group-type="author"><string-name><surname>Periañez-Cristobal</surname>, <given-names>R.</given-names></string-name>, <string-name><surname>Luengo</surname>, <given-names>P.</given-names></string-name> and <string-name><surname>Calvo-Mora</surname>, <given-names>A.</given-names></string-name></person-group> (<year>2020</year>), “<article-title>The heritage character and service quality in urban defensive structures renovated as hotels</article-title>”, <source>Journal of Heritage Tourism, Routledge</source>, Vol. <volume>15</volume> No. <issue>1</issue>, pp. <fpage>44</fpage>-<lpage>59</lpage>, doi: <pub-id pub-id-type="doi">10.1080/1743873X.2019.1590375</pub-id>.</mixed-citation></ref>
<ref id="ref023"><mixed-citation publication-type="thesis"><person-group person-group-type="author"><string-name><surname>Ramalingam</surname>, <given-names>S.</given-names></string-name></person-group> (<year>2022</year>), “<article-title>Sentiment analysis on covid-19 vaccination reviews using BERT and comparative study with LSTM, vader, and text blob models</article-title>”, masters, <publisher-loc>Dublin</publisher-loc>, <publisher-name>National College of Ireland</publisher-name>, <comment>15 December</comment>.</mixed-citation></ref>
<ref id="ref024"><mixed-citation publication-type="journal"><person-group person-group-type="author"><string-name><surname>Ray</surname>, <given-names>P.P.</given-names></string-name></person-group> (<year>2023</year>), “<article-title>ChatGPT: a comprehensive review on background, applications, key challenges, bias, ethics, limitations and future scope</article-title>”, <source>Internet of Things and Cyber-Physical Systems</source>, Vol. <volume>3</volume>, pp. <fpage>121</fpage>-<lpage>154</lpage>, doi: <pub-id pub-id-type="doi">10.1016/j.iotcps.2023.04.003</pub-id>.</mixed-citation></ref>
<ref id="ref025"><mixed-citation publication-type="web"><person-group person-group-type="author"><string-name><surname>Sanghvi</surname>, <given-names>T.</given-names></string-name></person-group> (<year>2023</year>), “<article-title>Ways to use OpenAI GPT - 3 and ChatGPT for business data analysis</article-title>”, <publisher-name><italic>Syndell Technologies</italic></publisher-name>, <comment>available at: <ext-link ext-link-type="uri" xlink:href="https://syndelltech.com/how-to-use-openai-for-business-data-analysis/">https://syndelltech.com/how-to-use-openai-for-business-data-analysis/</ext-link></comment>(accessed <date-in-citation content-type="access-date">21 August 2023</date-in-citation>).</mixed-citation></ref>
<ref id="ref026"><mixed-citation publication-type="web"><person-group person-group-type="author"><collab>Sacred Mountains of China</collab></person-group> (<year>2023</year>), “<article-title>Wikipedia</article-title>”, <comment>available at: <ext-link ext-link-type="uri" xlink:href="https://en.wikipedia.org/w/index.php?title=Sacred_Mountains_of_China&amp;oldid=1150715925">https://en.wikipedia.org/w/index.php?title=Sacred_Mountains_of_China&amp;oldid=1150715925</ext-link></comment> (accessed <date-in-citation content-type="access-date">21 August 2023</date-in-citation>).</mixed-citation></ref>
<ref id="ref027"><mixed-citation publication-type="web"><person-group person-group-type="author"><collab>UNWTO</collab></person-group> (<year>2020</year>), “<article-title>Tourism and rural development</article-title>”, <comment>available at: <ext-link ext-link-type="uri" xlink:href="https://www.unwto.org/news/tourism-and-rural-development">www.unwto.org/news/tourism-and-rural-development</ext-link></comment> (accessed <date-in-citation content-type="access-date">10 July 2023</date-in-citation>).</mixed-citation></ref>
<ref id="ref028"><mixed-citation publication-type="journal"><person-group person-group-type="author"><string-name><surname>Vázquez Loaiza</surname>, <given-names>J.P.</given-names></string-name>, <string-name><surname>Pérez-Torres</surname>, <given-names>A.</given-names></string-name> and <string-name><surname>Díaz Contreras</surname>, <given-names>K.M.</given-names></string-name></person-group> (<year>2019</year>), “<article-title>Semantic icons: a sentiment analysis as a contribution to sustainable tourism</article-title>”, <source>Sustainability</source>, Vol. <volume>11</volume> No. <issue>17</issue>, p. <fpage>4655</fpage>, doi: <pub-id pub-id-type="doi">10.3390/su11174655</pub-id>.</mixed-citation></ref>
<ref id="ref029"><mixed-citation publication-type="journal"><person-group person-group-type="author"><string-name><surname>Viñán-Ludeña</surname>, <given-names>M.S.</given-names></string-name> and <string-name><surname>de Campos</surname>, <given-names>L.M.</given-names></string-name></person-group> (<year>2022</year>), “<article-title>Discovering a tourism destination with social media data: BERT-based sentiment analysis</article-title>”, <source>Journal of Hospitality and Tourism Technology</source>, Vol. <volume>13</volume> No. <issue>5</issue>, pp. <fpage>907</fpage>-<lpage>921</lpage>, doi: <pub-id pub-id-type="doi">10.1108/JHTT-09-2021-0259</pub-id>.</mixed-citation></ref>
<ref id="ref030"><mixed-citation publication-type="confproc"><person-group person-group-type="author"><string-name><surname>Xu</surname>, <given-names>L.</given-names></string-name> and <string-name><surname>Song</surname>, <given-names>Y.</given-names></string-name></person-group> (<year>2023</year>), “<article-title>Comparison of text sentiment analysis based on traditional machine learning and deep learning methods</article-title>”, <source>Presented at the 2023 4th International Conference on Computer Engineering and Application (ICCEA)</source>, pp. <fpage>692</fpage>-<lpage>695</lpage>, <pub-id pub-id-type="doi">10.1109/ICCEA58433.2023.10135273</pub-id>.</mixed-citation></ref>
<ref id="ref031"><mixed-citation publication-type="other"><person-group person-group-type="author"><string-name><surname>Wang</surname>, <given-names>Z.</given-names></string-name>, <string-name><surname>Xie</surname>, <given-names>Q.</given-names></string-name>, <string-name><surname>Ding</surname>, <given-names>Z.</given-names></string-name>, <string-name><surname>Feng</surname>, <given-names>Y.</given-names></string-name> and <string-name><surname>Xia</surname>, <given-names>R.</given-names></string-name></person-group> (<year>2023</year>), “<article-title>Is ChatGPT a good sentiment analyzer? A preliminary study</article-title>”, <comment>arXiv:2304.04339</comment>, <pub-id pub-id-type="doi">10.48550/arXiv.2304.04339</pub-id></mixed-citation></ref>
<ref id="ref032"><mixed-citation publication-type="other"><person-group person-group-type="author"><string-name><surname>Zhang</surname>, <given-names>B.</given-names></string-name>, <string-name><surname>Ding</surname>, <given-names>D.</given-names></string-name> and <string-name><surname>Jing</surname>, <given-names>L.</given-names></string-name></person-group> (<year>2023</year>), “<article-title>How would stance detection techniques evolve after the launch of ChatGPT?</article-title>”, <comment>arXiv:2212.14548</comment>, <pub-id pub-id-type="doi">10.48550/arXiv.2212.14548</pub-id></mixed-citation></ref></ref-list>
<ref-list id="refs2">
<title>Further reading</title>
<ref id="ref033"><mixed-citation publication-type="journal"><person-group person-group-type="author"><string-name><surname>Luo</surname>, <given-names>Y.</given-names></string-name>, <string-name><surname>Tong</surname>, <given-names>T.</given-names></string-name>, <string-name><surname>Zhang</surname>, <given-names>X.</given-names></string-name>, <string-name><surname>Yang</surname>, <given-names>Z.</given-names></string-name> and <string-name><surname>Li</surname>, <given-names>L.</given-names></string-name></person-group> (<year>2023</year>), “<article-title>Exploring destination image through online reviews: an augmented mining model using latent Dirichlet allocation combined with probabilistic hesitant fuzzy algorithm</article-title>”, <source>Kybernetes</source>, Vol. <volume>52</volume> No. <issue>3</issue>, pp. <fpage>874</fpage>-<lpage>897</lpage>, doi: <pub-id pub-id-type="doi">10.1108/K-07-2021-0584</pub-id>.</mixed-citation></ref></ref-list></back>
</article>