<?xml version="1.0" encoding="UTF-8"?>
<!DOCTYPE article PUBLIC "-//NLM//DTD JATS (Z39.96) Journal Archiving and Interchange DTD with MathML3 v1.1d1 20130915//EN" "JATS-archivearticle1-mathml3.dtd"><article xmlns:mml="http://www.w3.org/1998/Math/MathML" xmlns:xlink="http://www.w3.org/1999/xlink" xmlns:xsi="http://www.w3.org/2001/XMLSchema-instance" dtd-version="1.1d1" xml:lang="en" article-type="research-article"><front id="meta-hdr">
<journal-meta>
<journal-id journal-id-type="publisher-id">JHTT</journal-id>
<journal-id journal-id-type="doi">10.1108/JHTT</journal-id>
<journal-title-group>
<journal-title>Journal of Hospitality and Tourism Technology</journal-title>
<abbrev-journal-title abbrev-type="publisher">JHTT</abbrev-journal-title>
</journal-title-group>
<issn publication-format="print">1757-9880</issn>
<issn publication-format="online">1757-9880</issn>
<publisher>
<publisher-name>Emerald Publishing Limited</publisher-name>
</publisher>
</journal-meta>
<article-meta id="art-meta">
<article-id pub-id-type="publisher-id">724640</article-id>
<article-id pub-id-type="doi">10.1108/JHTT-03-2023-0057</article-id>
<article-id pub-id-type="original-pdf">JHTT-03-2023-0057.pdf</article-id>
<article-id pub-id-type="filename">JHTT-03-2023-0057</article-id>
<article-categories>
<subj-group subj-group-type="type-of-publication">
<compound-subject>
<compound-subject-part content-type="code">research-article</compound-subject-part>
<compound-subject-part content-type="label">Research paper</compound-subject-part>
</compound-subject>
</subj-group>
<subj-group subj-group-type="subject">
<compound-subject>
<compound-subject-part content-type="code">cat-THOS</compound-subject-part>
<compound-subject-part content-type="label">Tourism &amp; hospitality</compound-subject-part>
</compound-subject>
<subj-group subj-group-type="subject">
<compound-subject>
<compound-subject-part content-type="code">cat-TTY</compound-subject-part>
<compound-subject-part content-type="label">Tourism technology</compound-subject-part>
</compound-subject>
<subj-group subj-group-type="subject">
<compound-subject>
<compound-subject-part content-type="code">cat-EITM</compound-subject-part>
<compound-subject-part content-type="label">E-commerce in tourism</compound-subject-part>
</compound-subject>
<subj-group subj-group-type="subject">
<compound-subject>
<compound-subject-part content-type="code">cat-THOS</compound-subject-part>
<compound-subject-part content-type="label">Tourism &amp; hospitality</compound-subject-part>
</compound-subject>
<subj-group subj-group-type="subject">
<compound-subject>
<compound-subject-part content-type="code">cat-TTY</compound-subject-part>
<compound-subject-part content-type="label">Tourism technology</compound-subject-part>
</compound-subject>
<subj-group subj-group-type="subject">
<compound-subject>
<compound-subject-part content-type="code">cat-EINT</compound-subject-part>
<compound-subject-part content-type="label">E-Intermediaries in tourism</compound-subject-part>
</compound-subject>
<subj-group subj-group-type="subject">
<compound-subject>
<compound-subject-part content-type="code">cat-THOS</compound-subject-part>
<compound-subject-part content-type="label">Tourism &amp; hospitality</compound-subject-part>
</compound-subject>
<subj-group subj-group-type="subject">
<compound-subject>
<compound-subject-part content-type="code">cat-TTY</compound-subject-part>
<compound-subject-part content-type="label">Tourism technology</compound-subject-part>
</compound-subject>
<subj-group subj-group-type="subject">
<compound-subject>
<compound-subject-part content-type="code">cat-LSGPS</compound-subject-part>
<compound-subject-part content-type="label">Location-based services/global positioning systems</compound-subject-part>
</compound-subject>
<subj-group subj-group-type="subject">
<compound-subject>
<compound-subject-part content-type="code">cat-THOS</compound-subject-part>
<compound-subject-part content-type="label">Tourism &amp; hospitality</compound-subject-part>
</compound-subject>
<subj-group subj-group-type="subject">
<compound-subject>
<compound-subject-part content-type="code">cat-TTY</compound-subject-part>
<compound-subject-part content-type="label">Tourism technology</compound-subject-part>
</compound-subject>
<subj-group subj-group-type="subject">
<compound-subject>
<compound-subject-part content-type="code">cat-MWTT</compound-subject-part>
<compound-subject-part content-type="label">Mobile/wireless technologies in tourism</compound-subject-part>
</compound-subject>
</subj-group>
</subj-group>
</subj-group>
</subj-group>
</subj-group>
</subj-group>
</subj-group>
</subj-group>
</subj-group>
</subj-group>
</subj-group>
</subj-group>
</article-categories>
<title-group>
<article-title xml:lang="en">What influences consumer AI chatbot use intention? An application of the extended technology acceptance model</article-title>
</title-group>
<contrib-group>
<contrib contrib-type="author" corresp="yes"><name-alternatives><name name-style="western"><surname>Liu</surname><given-names>Manzhi</given-names></name><string-name name-style="western"><given-names>Manzhi</given-names> <surname>Liu</surname></string-name>
</name-alternatives><email>liumanzhi@cumt.edu.cn</email><xref ref-type="aff" rid="aff1"/></contrib>
<contrib contrib-type="author"><name-alternatives><name name-style="western"><surname>Yang</surname><given-names>Yaxin</given-names></name><string-name name-style="western"><given-names>Yaxin</given-names> <surname>Yang</surname></string-name>
</name-alternatives><email>yyx15713609820@163.com</email><xref ref-type="aff" rid="aff1"/></contrib>
<contrib contrib-type="author"><name-alternatives><name name-style="western"><surname>Ren</surname><given-names>Yue</given-names></name><string-name name-style="western"><given-names>Yue</given-names> <surname>Ren</surname></string-name>
</name-alternatives><email>172942602@qq.com</email><xref ref-type="aff" rid="aff2"/></contrib>
<contrib contrib-type="author"><name-alternatives><name name-style="western"><surname>Jia</surname><given-names>Yangzhou</given-names></name><string-name name-style="western"><given-names>Yangzhou</given-names> <surname>Jia</surname></string-name>
</name-alternatives><email>TS23070104A31@cumt.edu.cn</email><xref ref-type="aff" rid="aff3"/></contrib>
<contrib contrib-type="author"><name-alternatives><name name-style="western"><surname>Ma</surname><given-names>Haoyu</given-names></name><string-name name-style="western"><given-names>Haoyu</given-names> <surname>Ma</surname></string-name>
</name-alternatives><email>TS23070108A31TM@cumt.edu.cn</email><xref ref-type="aff" rid="aff3"/></contrib>
<contrib contrib-type="author"><name-alternatives><name name-style="western"><surname>Luo</surname><given-names>Jie</given-names></name><string-name name-style="western"><given-names>Jie</given-names> <surname>Luo</surname></string-name>
</name-alternatives><email>qyflj20020930@gmail.com</email><xref ref-type="aff" rid="aff3"/></contrib>
<contrib contrib-type="author"><name-alternatives><name name-style="western"><surname>Fang</surname><given-names>Shuting</given-names></name><string-name name-style="western"><given-names>Shuting</given-names> <surname>Fang</surname></string-name>
</name-alternatives><email>crystalfst@163.com</email><xref ref-type="aff" rid="aff3"/></contrib>
<contrib contrib-type="author"><name-alternatives><name name-style="western"><surname>Qi</surname><given-names>Mengxuan</given-names></name><string-name name-style="western"><given-names>Mengxuan</given-names> <surname>Qi</surname></string-name>
</name-alternatives><email>qimengxuan163@163.com</email><xref ref-type="aff" rid="aff3"/></contrib>
<contrib contrib-type="author"><name-alternatives><name name-style="western"><surname>Zhang</surname><given-names>Linlin</given-names></name><string-name name-style="western"><given-names>Linlin</given-names> <surname>Zhang</surname></string-name>
</name-alternatives><email>zhanglinlin09133@163.com</email><xref ref-type="aff" rid="aff3"/></contrib>
<aff id="aff1">School of Economics and Management, <institution-wrap><institution>China University of Mining and Technology</institution></institution-wrap>, Xuzhou, <country country="CN">China</country></aff>
<aff id="aff2"><institution-wrap><institution>Caterpillar (Xuzhou) Ltd</institution></institution-wrap>, Xuzhou, <country country="CN">China</country></aff>
<aff id="aff3">School of Economics and Management, <institution-wrap><institution>China University of Mining and Technology</institution></institution-wrap>, Xuzhou, <country country="CN">China</country></aff>
</contrib-group>
<author-notes>
<corresp id="cor1">Manzhi Liu can be contacted at: <ext-link ext-link-type="email" xlink:href="mailto:liumanzhi@cumt.edu.cn">liumanzhi@cumt.edu.cn</ext-link></corresp></author-notes>
<pub-date publication-format="electronic" date-type="pub" iso-8601-date="2024-07-23"><day>23</day><month>07</month><year>2024</year></pub-date>
<pub-date publication-format="print" date-type="pub" iso-8601-date="2024-08-05"><day>05</day><month>08</month><year>2024</year></pub-date>
<volume>15</volume><issue>4</issue>
<fpage>667</fpage><lpage>689</lpage>
<history>
<date date-type="received" iso-8601-date="2023-03-05"><day>05</day><month>03</month><year>2023</year></date>
<date date-type="revised" iso-8601-date="2023-09-02"><day>02</day><month>09</month><year>2023</year></date>
<date date-type="revised" iso-8601-date="2024-03-04"><day>04</day><month>03</month><year>2024</year></date>
<date date-type="revised" iso-8601-date="2024-04-23"><day>23</day><month>04</month><year>2024</year></date>
<date date-type="accepted" iso-8601-date="2024-04-23"><day>23</day><month>04</month><year>2024</year></date>
</history>
<permissions>
<copyright-statement>© Emerald Publishing Limited</copyright-statement>
<copyright-year>2024</copyright-year>
<copyright-holder>Emerald Publishing Limited</copyright-holder>
<license license-type="publisher">
<license-p>Licensed re-use rights only</license-p>
</license>
</permissions>
<self-uri content-type="pdf" xlink:href="JHTT-03-2023-0057.pdf"/>
<abstract abstract-type="structured" id="abstr1" xml:lang="en">
<sec>
<title content-type="abstract-subheading">Purpose</title>
<p>As information technology advances, the prevalence of AI chatbot products is on the rise. Despite optimistic market projections, consumer skepticism towards these agents persists. This paper aims to expand the scope of the technology acceptance model by integrating the aspect of appearance. It examines the influence of different attributes of AI chatbot, such as usefulness, ease of use and appearance, individually and in combination, on consumers' intentions to share and purchase.</p>
</sec>
<sec>
<title content-type="abstract-subheading">Design/methodology/approach</title>
<p>Using an exploratory study of Web Texts, a 2 (usefulness: high vs low) × 2 (ease of use: high vs low) mixed design and a 2 (usefulness: high vs low) × 2 (ease of use: high vs low) × 2 (anthropomorphism appearance: humanoid vs cartoon) for between-subjects designs and the price level (high vs low) for within-subjects designs. The hypotheses were tested by Octoparse and SPSS 22.0.</p>
</sec>
<sec>
<title content-type="abstract-subheading">Findings</title>
<p>The research highlights the significant role of usefulness, ease of use and anthropomorphic appearance in shaping consumer attitudes towards AI chatbots, thus influencing their intentions to share information and make purchases. Grouped regression analysis reveals that lower prices exert a more pronounced positive influence on consumers' inclinations to both share and purchase, compared to higher prices. Moreover, novelty-seeking behavior moderates the effect of perceived usefulness or ease of use on attitude. Specifically, heightened novelty-seeking tendencies mitigate the impact of low perceived usefulness or ease of use, leading to sustained positive attitudes towards AI chatbots among consumers.</p>


</sec>
<sec>
<title content-type="abstract-subheading">Originality/value</title>
<p>This study innovatively incorporates product appearance into the Technology Acceptance Model (TAM), considering both the functional attributes and appearance of AI chatbot and their impact on consumers. It offers valuable insights for marketing strategies, extends the scope of TAM application and holds significant practical implications for enhancing enterprise product planning.</p>
</sec>
</abstract><abstract abstract-type="structured" id="abstr2" xml:lang="zh">
<p>消费者AI 聊天机器人使用意图的影响因素：扩展的技术接受模型的应用</p>
<sec>
<title>研究目的</title>
<p>随着信息技术的进步, AI聊天机器人产品的普及正在增长。尽管市场对这些代理人持乐观态度, 但消费者对这些代理人的怀疑仍然存在。本文旨在通过整合外观方面来扩展技术接受模型的范围。它考察了AI聊天机器人的不同属性（如有用性、易用性和外观）对消费者分享和购买意图的影响, 单独以及组合。</p>
</sec>
<sec>
<title>研究方法</title>
<p>使用Web文本的探索性研究, 一个2（有用性：高vs低）× 2（易用性：高vs低）的混合设计和一个2（有用性：高vs低）× 2（易用性：高vs低）× 2（人格化外观：类人形vs卡通）用于受试者间设计和价格水平（高vs低）用于受试者内设计。通过 Octoparse 和 SPSS 22.0 测试假设。</p>
</sec>
<sec>
<title>研究发现</title>
<p>研究突出了有用性、易用性和拟人化外观在塑造消费者对AI聊天机器人态度方面的重要作用, 从而影响了他们分享信息和购买的意图。分组回归分析显示, 相对于高价格, 低价格对消费者分享和购买的倾向产生了更为显著的正面影响。此外, 新奇寻求行为调节了感知有用性或易用性对态度的影响。具体来说, 增强的新奇寻求倾向减轻了对低感知有用性或易用性的影响, 导致消费者对AI 聊天机器人持续保持积极态度。</p>
</sec>
<sec>
<title>研究创新</title>
<p>本研究将产品外观创新地纳入技术接受模型（TAM）中, 考虑了AI 聊天机器人的功能属性和外观以及它们对消费者的影响。它为营销策略提供了有价值的见解, 拓展了TAM的应用范围, 并对增强企业产品规划产生了重要的实际影响。</p>
</sec></abstract>
<kwd-group kwd-group-type="author-generated" xml:lang="en"><kwd>AI chatbot</kwd><x xml:space="preserve">, </x><kwd>Extended technology acceptance model</kwd><x xml:space="preserve">, </x><kwd>Product anthropomorphism appearance</kwd><x xml:space="preserve">, </x><kwd>Novelty seeking</kwd>
</kwd-group>
<kwd-group kwd-group-type="author-generated" xml:lang="zh"><kwd>AI 聊天机器人</kwd><x xml:space="preserve">, </x><kwd>扩展的技术接受模型</kwd><x xml:space="preserve">, </x><kwd>产品拟人化外观</kwd><x xml:space="preserve">, </x><kwd>新奇寻求</kwd>
</kwd-group>
<counts>
<fig-count count="1"/>
<table-count count="9"/>
<equation-count count="0"/>
<ref-count count="58"/>
<page-count count="23"/>
<word-count count="10298"/>
</counts>
<custom-meta-group>
<custom-meta>
<meta-name>copyright-code</meta-name>
<meta-value>M</meta-value>
</custom-meta>
<custom-meta>
<meta-name>deliverables</meta-name>
<meta-value>Web-ready article package</meta-value>
</custom-meta>
<custom-meta>
<meta-name>peer-reviewed</meta-name>
<meta-value>Yes</meta-value>
</custom-meta>
<custom-meta>
<meta-name>academic-content</meta-name>
<meta-value>Yes</meta-value>
</custom-meta>
<custom-meta>
<meta-name>EContentType</meta-name>
<meta-value>JOURNAL</meta-value>
</custom-meta>
<custom-meta>
<meta-name>rightslink</meta-name>
<meta-value>included</meta-value>
</custom-meta>
</custom-meta-group>
</article-meta>
</front>

<back>

<ref-list id="refs1">
<title>References</title>
<ref id="ref001"><mixed-citation publication-type="other"><person-group person-group-type="author"><string-name><surname>Araújo</surname>, <given-names>T.</given-names></string-name> and <string-name><surname>Casais</surname>, <given-names>B.</given-names></string-name></person-group> (<year>2020</year>), “<article-title>Customer acceptance of shopping-assistant chatbots</article-title>”, <comment>Paper presented at the</comment>.</mixed-citation></ref>
<ref id="ref002"><mixed-citation publication-type="journal"><person-group person-group-type="author"><string-name><surname>Ashfaq</surname>, <given-names>M.</given-names></string-name>, <string-name><surname>Yun</surname>, <given-names>J.</given-names></string-name>, <string-name><surname>Yu</surname>, <given-names>S.</given-names></string-name> and <string-name><surname>Loureiro</surname>, <given-names>S.M.C.</given-names></string-name></person-group> (<year>2020</year>), “<article-title>I, chatbot: modeling the determinants of users’ satisfaction and continuance intention of AI-powered service agents</article-title>”, <source>Telematics and Informatics</source>, Vol. <volume>54</volume>, p. <fpage>101473</fpage>, doi: <pub-id pub-id-type="doi">10.1016/j.tele.2020.101473</pub-id>.</mixed-citation></ref>
<ref id="ref003"><mixed-citation publication-type="journal"><person-group person-group-type="author"><string-name><surname>Atwal</surname>, <given-names>G.</given-names></string-name> and <string-name><surname>Bryson</surname>, <given-names>D.</given-names></string-name></person-group> (<year>2021</year>), “<article-title>Antecedents of intention to adopt artificial intelligence services by consumers in personal financial investing</article-title>”, <source>Strategic Change</source>, Vol. <volume>30</volume> No. <issue>3</issue>, pp. <fpage>293</fpage>-<lpage>298</lpage>, doi: <pub-id pub-id-type="doi">10.1002/jsc.2412</pub-id>.</mixed-citation></ref>
<ref id="ref004"><mixed-citation publication-type="journal"><person-group person-group-type="author"><string-name><surname>Beldad</surname>, <given-names>A.D.</given-names></string-name> and <string-name><surname>Hegner</surname>, <given-names>S.M.</given-names></string-name></person-group> (<year>2018</year>), “<article-title>Expanding the technology acceptance model with the inclusion of trust, social influence, and health valuation to determine the predictors of German users’ willingness to continue using a fitness app: a structural equation modeling approach</article-title>”, <source>International Journal of Human–Computer Interaction</source>, Vol. <volume>34</volume> No. <issue>9</issue>, pp. <fpage>882</fpage>-<lpage>893</lpage>.</mixed-citation></ref>
<ref id="ref005"><mixed-citation publication-type="journal"><person-group person-group-type="author"><string-name><surname>Berger</surname>, <given-names>J.</given-names></string-name>, <string-name><surname>Humphreys</surname>, <given-names>A.</given-names></string-name>, <string-name><surname>Ludwig</surname>, <given-names>S.</given-names></string-name>, <string-name><surname>Moe</surname>, <given-names>W.W.</given-names></string-name>, <string-name><surname>Netzer</surname>, <given-names>O.</given-names></string-name> and <string-name><surname>Schweidel</surname>, <given-names>D.A.</given-names></string-name></person-group> (<year>2020</year>), “<article-title>Uniting the tribes: using text for marketing insight</article-title>”, <source>Journal of Marketing</source>, Vol. <volume>84</volume> No. <issue>1</issue>, pp. <fpage>1</fpage>-<lpage>25</lpage>.</mixed-citation></ref>
<ref id="ref006"><mixed-citation publication-type="journal"><person-group person-group-type="author"><string-name><surname>Buabeng-Andoh</surname>, <given-names>C.</given-names></string-name></person-group> (<year>2018</year>), “<article-title>Predicting students’ intention to adopt mobile learning: a combination of theory of reasoned action and technology acceptance model</article-title>”, <source>Journal of Research in Innovative Teaching and Learning</source>, Vol. <volume>11</volume> No. <issue>2</issue>, pp. <fpage>178</fpage>-<lpage>191</lpage>.</mixed-citation></ref>
<ref id="ref007"><mixed-citation publication-type="journal"><person-group person-group-type="author"><string-name><surname>Burleigh</surname>, <given-names>T.J.</given-names></string-name>, <string-name><surname>Schoenherr</surname>, <given-names>J.R.</given-names></string-name> and <string-name><surname>Lacroix</surname>, <given-names>G.L.</given-names></string-name></person-group> (<year>2013</year>), “<article-title>Does the uncanny valley exist? An empirical test of the relationship between eeriness and the human likeness of digitally created faces</article-title>”, <source>Computers in Human Behavior</source>, Vol. <volume>29</volume> No. <issue>3</issue>, pp. <fpage>759</fpage>-<lpage>771</lpage>.</mixed-citation></ref>
<ref id="ref008"><mixed-citation publication-type="journal"><person-group person-group-type="author"><string-name><surname>Calvaresi</surname>, <given-names>D.</given-names></string-name>, <string-name><surname>Ibrahim</surname>, <given-names>A.</given-names></string-name>, <string-name><surname>Calbimonte</surname>, <given-names>J.</given-names></string-name>, <string-name><surname>Fragniere</surname>, <given-names>E.</given-names></string-name>, <string-name><surname>Schegg</surname>, <given-names>R.</given-names></string-name> and <string-name><surname>Schumacher</surname>, <given-names>M.I.</given-names></string-name></person-group> (<year>2021</year>), “<article-title>Leveraging inter-tourists interactions via chatbots to bridge academia, tourism industries and future societies</article-title>”, <source>Journal of Tourism Futures</source>, Vol. <volume>9</volume> No. <issue>3</issue>.</mixed-citation></ref>
<ref id="ref009"><mixed-citation publication-type="journal"><person-group person-group-type="author"><string-name><surname>Chin</surname>, <given-names>J.</given-names></string-name>, <string-name><surname>Do</surname>, <given-names>C.</given-names></string-name> and <string-name><surname>Kim</surname>, <given-names>M.</given-names></string-name></person-group> (<year>2022</year>), “<article-title>How to increase sport facility users’ intention to use AI fitness services: based on the technology adoption model</article-title>”, <source>International Journal of Environmental Research and Public Health</source>, Vol. <volume>19</volume> No. <issue>21</issue>, p. <fpage>14453</fpage>, doi: <pub-id pub-id-type="doi">10.3390/ijerph192114453</pub-id>.</mixed-citation></ref>
<ref id="ref010"><mixed-citation publication-type="journal"><person-group person-group-type="author"><string-name><surname>Chitturi</surname>, <given-names>R.</given-names></string-name>, <string-name><surname>Raghunathan</surname>, <given-names>R.</given-names></string-name> and <string-name><surname>Mahajan</surname>, <given-names>V.</given-names></string-name></person-group> (<year>2007</year>), “<article-title>Form versus function: How the intensities of specific emotions evoked in functional versus hedonic trade-offs mediate product preferences</article-title>”, <source>Journal of Marketing Research</source>, Vol. <volume>44</volume> No. <issue>4</issue>, pp. <fpage>702</fpage>-<lpage>714</lpage>.</mixed-citation></ref>
<ref id="ref011"><mixed-citation publication-type="journal"><person-group person-group-type="author"><string-name><surname>Ciechanowski</surname>, <given-names>L.</given-names></string-name>, <string-name><surname>Przegalinska</surname>, <given-names>A.</given-names></string-name>, <string-name><surname>Magnuski</surname>, <given-names>M.</given-names></string-name> and <string-name><surname>Gloor</surname>, <given-names>P.</given-names></string-name></person-group> (<year>2019</year>), “<article-title>In the shades of the uncanny valley: an experimental study of human–chatbot interaction</article-title>”, <source>Future Generation Computer Systems</source>, Vol. <volume>92</volume>.</mixed-citation></ref>
<ref id="ref012"><mixed-citation publication-type="journal"><person-group person-group-type="author"><string-name><surname>Crolic</surname>, <given-names>C.</given-names></string-name>, <string-name><surname>Thomaz</surname>, <given-names>F.</given-names></string-name>, <string-name><surname>Hadi</surname>, <given-names>R.</given-names></string-name> and <string-name><surname>Stephen</surname>, <given-names>A.T.</given-names></string-name></person-group> (<year>2022</year>), “<article-title>Blame the bot: Anthropomorphism and anger in customer–chatbot interactions</article-title>”, <source>Journal of Marketing</source>, Vol. <volume>86</volume> No. <issue>1</issue>, pp. <fpage>132</fpage>-<lpage>148</lpage>, doi: <pub-id pub-id-type="doi">10.1177/00222429211045687</pub-id>.</mixed-citation></ref>
<ref id="ref013"><mixed-citation publication-type="journal"><person-group person-group-type="author"><string-name><surname>Danting Cai</surname>, <given-names>H.L.A.R.</given-names></string-name></person-group> (<year>2022</year>), “<article-title>Anthropomorphism and OTA chatbot adoption: a mixed methods study</article-title>”, <source>Journal of Travel and Tourism Marketing</source>, Vol. <volume>39</volume> No. <issue>2</issue>, doi: <pub-id pub-id-type="doi">10.1080/10548408.2022.2061672</pub-id>.</mixed-citation></ref>
<ref id="ref014"><mixed-citation publication-type="book"><person-group person-group-type="author"><string-name><surname>Davis</surname>, <given-names>F.D.</given-names></string-name></person-group> (<year>1985</year>), <source>A Technology Acceptance Model for Empirically Testing New End-User Information Systems: Theory and Results</source>, <publisher-name>Sloan School of Management, Massachusetts Institute of Technology</publisher-name>.</mixed-citation></ref>
<ref id="ref01500"><mixed-citation publication-type="journal"><person-group person-group-type="author"><string-name><surname>Davis</surname>, <given-names>F.D.</given-names></string-name>, <string-name><surname>Bagozzi</surname>, <given-names>R.P.</given-names></string-name> and <string-name><surname>Warshaw</surname>, <given-names>P.R.</given-names></string-name></person-group> (<year>1989</year>), “<article-title>User acceptance of computer technology: a comparison of two theoretical models</article-title>”, <source>Management Science</source>, Vol. <volume>35</volume> No. <issue>8</issue>, pp. <fpage>982</fpage>-<lpage>1003</lpage>.</mixed-citation></ref>
<ref id="ref015"><mixed-citation publication-type="journal"><person-group person-group-type="author"><string-name><surname>Eren</surname>, <given-names>B.A.</given-names></string-name></person-group> (<year>2021</year>), “<article-title>Determinants of customer satisfaction in chatbot use: evidence from a banking application in Turkey</article-title>”, <source>International Journal of Bank Marketing</source>, Vol. <volume>39</volume> No. <issue>2</issue>, pp. <fpage>294</fpage>-<lpage>311</lpage>.</mixed-citation></ref>
<ref id="ref016"><mixed-citation publication-type="journal"><person-group person-group-type="author"><string-name><surname>Gümüş</surname>, <given-names>N.</given-names></string-name> and <string-name><surname>Çark</surname>, <given-names>Ö.</given-names></string-name></person-group> (<year>2021</year>), “<article-title>The effect of customers’ attitudes towards chatbots on their experience and behavioural intention in Turkey</article-title>”, <source>Interdisciplinary Description of Complex Systems</source>, Vol. <volume>19</volume> No. <issue>3</issue>, pp. <fpage>420</fpage>-<lpage>436</lpage>.</mixed-citation></ref>
<ref id="ref017"><mixed-citation publication-type="journal"><person-group person-group-type="author"><string-name><surname>Han</surname>, <given-names>N.R.</given-names></string-name>, <string-name><surname>Baek</surname>, <given-names>T.H.</given-names></string-name>, <string-name><surname>Yoon</surname>, <given-names>S.</given-names></string-name> and <string-name><surname>Kim</surname>, <given-names>Y.</given-names></string-name></person-group> (<year>2019</year>), “<article-title>Is that coffee mug smiling at me? How anthropomorphism impacts the effectiveness of desirability vs. feasibility appeals in sustainability advertising</article-title>”, <source>Journal of Retailing and Consumer Services</source>, Vol. <volume>51</volume>, pp. <fpage>352</fpage>-<lpage>361</lpage>.</mixed-citation></ref>
<ref id="ref018"><mixed-citation publication-type="journal"><person-group person-group-type="author"><string-name><surname>Hirschman</surname>, <given-names>E.C.</given-names></string-name></person-group> (<year>1980</year>), “<article-title>Innovativeness, novelty seeking, and consumer creativity</article-title>”, <source>Journal of Consumer Research</source>, Vol. <volume>7</volume> No. <issue>3</issue>, pp. <fpage>283</fpage>-<lpage>295</lpage>.</mixed-citation></ref>
<ref id="ref019"><mixed-citation publication-type="journal"><person-group person-group-type="author"><string-name><surname>Hoi</surname>, <given-names>V.N.</given-names></string-name></person-group> (<year>2020</year>), “<article-title>Understanding higher education learners' acceptance and use of mobile devices for language learning: a Rasch-based path modeling approach</article-title>”, <source>Computers and Education</source>, Vol. <volume>146</volume>, p. <fpage>103761</fpage>.</mixed-citation></ref>
<ref id="ref020"><mixed-citation publication-type="journal"><person-group person-group-type="author"><string-name><surname>Iancu</surname>, <given-names>I.</given-names></string-name> and <string-name><surname>Iancu</surname>, <given-names>B.</given-names></string-name></person-group> (<year>2023</year>), “<article-title>Interacting with chatbots later in life: a technology acceptance perspective in covid-19 pandemic situation</article-title>”, <source>Frontiers in Psychology</source>, Vol. <volume>13</volume>, p. <fpage>1111003</fpage>, doi: <pub-id pub-id-type="doi">10.3389/fpsyg.2022.1111003</pub-id>.</mixed-citation></ref>
<ref id="ref021"><mixed-citation publication-type="journal"><person-group person-group-type="author"><string-name><surname>Ji Fei</surname>, <given-names>Z.Y.L.J.</given-names></string-name></person-group> (<year>2023</year>), “<article-title>Smart or cute? The influences of the service robots’ characteristics on customer satisfaction</article-title>”, <source>Journal of Marketing Science.</source></mixed-citation></ref>
<ref id="ref022"><mixed-citation publication-type="journal"><person-group person-group-type="author"><string-name><surname>Jin</surname>, <given-names>S.V.</given-names></string-name> and <string-name><surname>Youn</surname>, <given-names>S.</given-names></string-name></person-group> (<year>2023</year>), “<article-title>Social presence and imagery processing as predictors of chatbot continuance intention in human-AI-interaction</article-title>”, <source>International Journal of Human–Computer Interaction</source>, Vol. <volume>39</volume> No. <issue>9</issue>, pp. <fpage>1874</fpage>-<lpage>1886</lpage>, doi: <pub-id pub-id-type="doi">10.1080/10447318.2022.2129277</pub-id>.</mixed-citation></ref>
<ref id="ref023"><mixed-citation publication-type="journal"><person-group person-group-type="author"><string-name><surname>Kasilingam</surname>, <given-names>D.L.</given-names></string-name></person-group> (<year>2020</year>), “<article-title>Understanding the attitude and intention to use smartphone chatbots for shopping</article-title>”, <source>Technology in Society</source>, Vol. <volume>62</volume>, p. <fpage>101280</fpage>.</mixed-citation></ref>
<ref id="ref024"><mixed-citation publication-type="journal"><person-group person-group-type="author"><string-name><surname>Kim</surname>, <given-names>S.Y.</given-names></string-name>, <string-name><surname>Schmitt</surname>, <given-names>B.H.</given-names></string-name> and <string-name><surname>Thalmann</surname>, <given-names>N.M.</given-names></string-name></person-group> (<year>2019</year>), “<article-title>Eliza in the uncanny valley: Anthropomorphizing consumer robots increases their perceived warmth but decreases liking</article-title>”, <source>Marketing Letters</source>, Vol. <volume>30</volume> No. <issue>1</issue>, pp. <fpage>1</fpage>-<lpage>12</lpage>.</mixed-citation></ref>
<ref id="ref025"><mixed-citation publication-type="journal"><person-group person-group-type="author"><string-name><surname>Kim</surname>, <given-names>T.</given-names></string-name>, <string-name><surname>Lee</surname>, <given-names>O.D.</given-names></string-name> and <string-name><surname>Kang</surname>, <given-names>J.</given-names></string-name></person-group> (<year>2023</year>), “<article-title>Is it the best for barista robots to serve like humans? A multidimensional anthropomorphism perspective</article-title>”, <source>International Journal of Hospitality Management</source>, Vol. <volume>108</volume>, p. <fpage>103358</fpage>, doi: <pub-id pub-id-type="doi">10.1016/j.ijhm.2022.103358</pub-id>.</mixed-citation></ref>
<ref id="ref026"><mixed-citation publication-type="journal"><person-group person-group-type="author"><string-name><surname>Kim</surname>, <given-names>S.S.</given-names></string-name>, <string-name><surname>Kim</surname>, <given-names>J.</given-names></string-name>, <string-name><surname>Badu-Baiden</surname>, <given-names>F.</given-names></string-name>, <string-name><surname>Giroux</surname>, <given-names>M.</given-names></string-name> and <string-name><surname>Choi</surname>, <given-names>Y.</given-names></string-name></person-group> (<year>2021</year>), “<article-title>Preference for robot service or human service in hotels? Impacts of the covid-19 pandemic</article-title>”, <source>International Journal of Hospitality Management</source>, Vol. <volume>93</volume>, p. <fpage>102795</fpage>.</mixed-citation></ref>
<ref id="ref027"><mixed-citation publication-type="journal"><person-group person-group-type="author"><string-name><surname>Kwangsawad</surname>, <given-names>A.</given-names></string-name> and <string-name><surname>Jattamart</surname>, <given-names>A.</given-names></string-name></person-group> (<year>2022</year>), “<article-title>Overcoming customer innovation resistance to the sustainable adoption of chatbot services: a community-enterprise perspective in Thailand</article-title>”, <source>Journal of Innovation and Knowledge</source>, Vol. <volume>7</volume> No. <issue>3</issue>, p. <fpage>100211</fpage>.</mixed-citation></ref>
<ref id="ref028"><mixed-citation publication-type="journal"><person-group person-group-type="author"><string-name><surname>Lee</surname>, <given-names>M.</given-names></string-name></person-group> (<year>2009</year>), “<article-title>Factors influencing the adoption of internet banking: an integration of TAM and TPB with perceived risk and perceived benefit</article-title>”, <source>Electronic Commerce Research and Applications</source>, Vol. <volume>8</volume> No. <issue>3</issue>, pp. <fpage>130</fpage>-<lpage>141</lpage>.</mixed-citation></ref>
<ref id="ref029"><mixed-citation publication-type="journal"><person-group person-group-type="author"><string-name><surname>Liu</surname>, <given-names>D.</given-names></string-name> and <string-name><surname>Wang</surname>, <given-names>H.</given-names></string-name></person-group> (<year>2017</year>), “<article-title>Negative emotion effects of anthropomorphic advertising: Mediating role of guilt</article-title>”, <source>Acta Psychologica Sinica</source>, Vol. <volume>49</volume> No. <issue>1</issue>, p. <fpage>128</fpage>.</mixed-citation></ref>
<ref id="ref030"><mixed-citation publication-type="journal"><person-group person-group-type="author"><string-name><surname>Liying</surname>, <given-names>X.</given-names></string-name>, <string-name><surname>Feng</surname>, <given-names>Y.</given-names></string-name>, <string-name><surname>Aiqin</surname>, <given-names>Z.</given-names></string-name>, <string-name><surname>Shenlong</surname>, <given-names>Y.</given-names></string-name> and <string-name><surname>Xiaojun</surname>, <given-names>D.</given-names></string-name></person-group> (<year>2019</year>), “<article-title>Cuteness: perceptions and consequences</article-title>”, <source>Advances in Psychological Science</source>, Vol. <volume>27</volume> No. <issue>4</issue>, pp. <fpage>689</fpage>-<lpage>699</lpage>.</mixed-citation></ref>
<ref id="ref031"><mixed-citation publication-type="journal"><person-group person-group-type="author"><string-name><surname>Lv</surname>, <given-names>X.</given-names></string-name>, <string-name><surname>Liu</surname>, <given-names>Y.</given-names></string-name>, <string-name><surname>Luo</surname>, <given-names>J.</given-names></string-name>, <string-name><surname>Liu</surname>, <given-names>Y.</given-names></string-name> and <string-name><surname>Li</surname>, <given-names>C.</given-names></string-name></person-group> (<year>2021</year>), “<article-title>Does a cute artificial intelligence assistant soften the blow? The impact of cuteness on customer tolerance of assistant service failure</article-title>”, <source>Annals of Tourism Research</source>, Vol. <volume>87</volume>, p. <fpage>103114</fpage>.</mixed-citation></ref>
<ref id="ref032"><mixed-citation publication-type="journal"><person-group person-group-type="author"><string-name><surname>McLean</surname>, <given-names>G.</given-names></string-name>, <string-name><surname>Osei-Frimpong</surname>, <given-names>K.</given-names></string-name>, <string-name><surname>Wilson</surname>, <given-names>A.</given-names></string-name> and <string-name><surname>Pitardi</surname>, <given-names>V.</given-names></string-name></person-group> (<year>2020</year>), “<article-title>How live chat assistants drive travel consumers’ attitudes, trust and purchase intentions: the role of human touch</article-title>”, <source>International Journal of Contemporary Hospitality Management</source>, Vol. <volume>32</volume> No. <issue>5</issue>, pp. <fpage>1795</fpage>-<lpage>1812</lpage>.</mixed-citation></ref>
<ref id="ref033"><mixed-citation publication-type="journal"><person-group person-group-type="author"><string-name><surname>Mathur</surname>, <given-names>M.B.</given-names></string-name> and <string-name><surname>Reichling</surname>, <given-names>D.B.</given-names></string-name></person-group> (<year>2016</year>), “<article-title>Navigating a social world with robot partners: a quantitative cartography of the uncanny valley</article-title>”, <source>Cognition</source>, Vol. <volume>146</volume>, pp. <fpage>22</fpage>-<lpage>32</lpage>.</mixed-citation></ref>
<ref id="ref03400"><mixed-citation publication-type="journal"><person-group person-group-type="author"><string-name><surname>Mathur</surname>, <given-names>M.B.</given-names></string-name>, <string-name><surname>Reichling</surname>, <given-names>D.B.</given-names></string-name>, <string-name><surname>Lunardini</surname>, <given-names>F.</given-names></string-name></person-group> <italic>et al.</italic> (<year>2020</year>), “<article-title>Uncanny but not confusing: multisite study of perceptual category confusion in the Uncanny Valley[J]</article-title>”, <source>Computers in Human Behavior</source>, Vol. <volume>103</volume>, pp. <fpage>21</fpage>-<lpage>30</lpage>.</mixed-citation></ref>
<ref id="ref034"><mixed-citation publication-type="journal"><person-group person-group-type="author"><string-name><surname>Melián-González</surname>, <given-names>S.</given-names></string-name>, <string-name><surname>Gutiérrez-Taño</surname>, <given-names>D.</given-names></string-name> and <string-name><surname>Bulchand-Gidumal</surname>, <given-names>J.</given-names></string-name></person-group> (<year>2021</year>), “<article-title>Predicting the intentions to use chatbots for travel and tourism</article-title>”, <source>Current Issues in Tourism</source>, Vol. <volume>24</volume> No. <issue>2</issue>, pp. <fpage>192</fpage>-<lpage>210</lpage>.</mixed-citation></ref>
<ref id="ref035"><mixed-citation publication-type="journal"><person-group person-group-type="author"><string-name><surname>Mende</surname>, <given-names>M.</given-names></string-name>, <string-name><surname>Scott</surname>, <given-names>M.L.</given-names></string-name>, <string-name><surname>van Doorn</surname>, <given-names>J.</given-names></string-name>, <string-name><surname>Grewal</surname>, <given-names>D.</given-names></string-name> and <string-name><surname>Shanks</surname>, <given-names>I.</given-names></string-name></person-group> (<year>2019</year>), “<article-title>Service robots rising: how humanoid robots influence service experiences and elicit compensatory consumer responses</article-title>”, <source>Journal of Marketing Research</source>, Vol. <volume>56</volume> No. <issue>4</issue>, pp. <fpage>535</fpage>-<lpage>556</lpage>.</mixed-citation></ref>
<ref id="ref036"><mixed-citation publication-type="journal"><person-group person-group-type="author"><string-name><surname>Midgley</surname>, <given-names>D.F.</given-names></string-name> and <string-name><surname>Dowling</surname>, <given-names>G.R.</given-names></string-name></person-group> (<year>1978</year>), “<article-title>Innovativeness: the concept and its measurement</article-title>”, <source>Journal of Consumer Research</source>, Vol. <volume>4</volume> No. <issue>4</issue>, pp. <fpage>229</fpage>-<lpage>242</lpage>.</mixed-citation></ref>
<ref id="ref037"><mixed-citation publication-type="journal"><person-group person-group-type="author"><string-name><surname>Mori</surname>, <given-names>M.</given-names></string-name></person-group> (<year>1970</year>), “<article-title>The uncanny valley: the original essay by Masahiro Mori</article-title>.”, <source>IEEE Spectrum</source>, Vol. <volume>6</volume>, pp. <fpage>1</fpage>-<lpage>6</lpage>.</mixed-citation></ref>
<ref id="ref038"><mixed-citation publication-type="other"><person-group person-group-type="author"><string-name><surname>Muchran</surname>, <given-names>M.</given-names></string-name> and <string-name><surname>Ahmar</surname>, <given-names>A.S.</given-names></string-name></person-group> (<year>2019</year>), “<article-title>Application of TAM model to the use of information technology</article-title>”, <comment>arXiv preprint arXiv:1901.11358</comment>.</mixed-citation></ref>
<ref id="ref039"><mixed-citation publication-type="journal"><person-group person-group-type="author"><string-name><surname>Murtarelli</surname>, <given-names>G.</given-names></string-name>, <string-name><surname>Collina</surname>, <given-names>C.</given-names></string-name> and <string-name><surname>Romenti</surname>, <given-names>S.</given-names></string-name></person-group> (<year>2023</year>), “<article-title>Hi! how can I help you today?”: investigating the quality of chatbots–millennials relationship within the fashion industry</article-title>”, <source>The TQM Journal</source>, Vol. <volume>35</volume> No. <issue>3</issue>, pp. <fpage>719</fpage>-<lpage>733</lpage>.</mixed-citation></ref>
<ref id="ref040"><mixed-citation publication-type="journal"><person-group person-group-type="author"><string-name><surname>Park</surname>, <given-names>G.</given-names></string-name>, <string-name><surname>Lee</surname>, <given-names>S.</given-names></string-name> and <string-name><surname>Chung</surname>, <given-names>J.</given-names></string-name></person-group> (<year>2023</year>), “<article-title>Do anthropomorphic chatbots increase counseling satisfaction and reuse intention? The moderated mediation of social rapport and social anxiety</article-title>”, <source>Cyberpsychology, Behavior, and Social Networking</source>, Vol. <volume>26</volume> No. <issue>5</issue>, pp. <fpage>357</fpage>-<lpage>365</lpage>, doi: <pub-id pub-id-type="doi">10.1089/cyber.2022.0157</pub-id>.</mixed-citation></ref>
<ref id="ref041"><mixed-citation publication-type="journal"><person-group person-group-type="author"><string-name><surname>Pillai</surname>, <given-names>R.</given-names></string-name> and <string-name><surname>Sivathanu</surname>, <given-names>B.</given-names></string-name></person-group> (<year>2020</year>), “<article-title>Adoption of AI-based chatbots for hospitality and tourism</article-title>”, <source>International Journal of Contemporary Hospitality Management</source>, Vol. <volume>32</volume> No. <issue>10</issue>, pp. <fpage>3199</fpage>-<lpage>3226</lpage>.</mixed-citation></ref>
<ref id="ref042"><mixed-citation publication-type="journal"><person-group person-group-type="author"><string-name><surname>Pizzi</surname>, <given-names>G.</given-names></string-name>, <string-name><surname>Vannucci</surname>, <given-names>V.</given-names></string-name>, <string-name><surname>Mazzoli</surname>, <given-names>V.</given-names></string-name> and <string-name><surname>Donvito</surname>, <given-names>R.</given-names></string-name></person-group> (<year>2023</year>), “<article-title>I, chatbot! the impact of anthropomorphism and gaze direction on willingness to disclose personal information and behavioral intentions</article-title>”, <source>Psychology and Marketing</source>, Vol. <volume>40</volume> No. <issue>7</issue>, pp. <fpage>1372</fpage>-<lpage>1387</lpage>, doi: <pub-id pub-id-type="doi">10.1002/mar.21813</pub-id>.</mixed-citation></ref>
<ref id="ref04300"><mixed-citation publication-type="journal"><person-group person-group-type="author"><string-name><surname>Preacher</surname>, <given-names>K.J.</given-names></string-name> and <string-name><surname>Hayes</surname>, <given-names>A.F.</given-names></string-name></person-group> (<year>2004</year>), “<article-title>SP SS and SAS procedures for estimating indirect effects in simple mediation models</article-title>”, <source>Behavior Research Methods, Instruments, &amp; Computers: A Journal of the Psychonomic Society</source>, Vol. <volume>36</volume> No. <issue>4</issue>, pp. <fpage>717</fpage>-<lpage>731</lpage>, doi: <pub-id pub-id-type="doi">10.3758/BF03206553</pub-id>.</mixed-citation></ref>
<ref id="ref043"><mixed-citation publication-type="journal"><person-group person-group-type="author"><string-name><surname>Rahmayanti</surname>, <given-names>P.</given-names></string-name>, <string-name><surname>Widagda</surname>, <given-names>I.</given-names></string-name>, <string-name><surname>Yasa</surname>, <given-names>N.</given-names></string-name>, <string-name><surname>Giantari</surname>, <given-names>I.</given-names></string-name>, <string-name><surname>Martaleni</surname>, <given-names>M.</given-names></string-name>, <string-name><surname>Sakti</surname>, <given-names>D.</given-names></string-name>, <string-name><surname>Suwitho</surname>, <given-names>S.</given-names></string-name> and <string-name><surname>Anggreni</surname>, <given-names>P.</given-names></string-name></person-group> (<year>2021</year>), “<article-title>Integration of technology acceptance model and theory of reasoned action in pre-dicting e-wallet continuous usage intentions</article-title>”, <source>International Journal of Data and Network Science</source>, Vol. <volume>5</volume> No. <issue>4</issue>, pp. <fpage>649</fpage>-<lpage>658</lpage>.</mixed-citation></ref>
<ref id="ref044"><mixed-citation publication-type="journal"><person-group person-group-type="author"><string-name><surname>Rapp</surname>, <given-names>A.</given-names></string-name>, <string-name><surname>Curti</surname>, <given-names>L.</given-names></string-name> and <string-name><surname>Boldi</surname>, <given-names>A.</given-names></string-name></person-group> (<year>2021</year>), “<article-title>The human side of human-chatbot interaction: a systematic literature review of ten years of research on text-based chatbots</article-title>”, <source>International Journal of Human-Computer Studies</source>, Vol. <volume>151</volume>, p. <fpage>102630</fpage>.</mixed-citation></ref>
<ref id="ref045"><mixed-citation publication-type="journal"><person-group person-group-type="author"><string-name><surname>Sánchez-Prieto</surname>, <given-names>J.C.</given-names></string-name>, <string-name><surname>Olmos-Migueláñez</surname>, <given-names>S.</given-names></string-name> and <string-name><surname>García-Peñalvo</surname>, <given-names>F.J.</given-names></string-name></person-group> (<year>2017</year>), “<article-title>MLearning and pre-service teachers: an assessment of the behavioral intention using an expanded TAM model</article-title>”, <source>Computers in Human Behavior</source>, Vol. <volume>72</volume>, pp. <fpage>644</fpage>-<lpage>654</lpage>.</mixed-citation></ref>
<ref id="ref046"><mixed-citation publication-type="journal"><person-group person-group-type="author"><string-name><surname>Sands</surname>, <given-names>S.</given-names></string-name>, <string-name><surname>Campbell</surname>, <given-names>C.</given-names></string-name>, <string-name><surname>Plangger</surname>, <given-names>K.</given-names></string-name> and <string-name><surname>Pitt</surname>, <given-names>L.</given-names></string-name></person-group> (<year>2022</year>), “<article-title>Buffer bots: the role of virtual service agents in mitigating negative effects when service fails</article-title>”, <source>Psychology and Marketing</source>, Vol. <volume>39</volume> No. <issue>11</issue>, pp. <fpage>2039</fpage>-<lpage>2054</lpage>.</mixed-citation></ref>
<ref id="ref047"><mixed-citation publication-type="journal"><person-group person-group-type="author"><string-name><surname>Seitz</surname>, <given-names>L.</given-names></string-name>, <string-name><surname>Bekmeier-Feuerhahn</surname>, <given-names>S.</given-names></string-name> and <string-name><surname>Gohil</surname>, <given-names>K.</given-names></string-name></person-group> (<year>2022</year>), “<article-title>Can we trust a chatbot like a physician? A qualitative study on understanding the emergence of trust toward diagnostic chatbots</article-title>”, <source>International Journal of Human-Computer Studies</source>, Vol. <volume>165</volume>, p. <fpage>102848</fpage>.</mixed-citation></ref>
<ref id="ref048"><mixed-citation publication-type="journal"><person-group person-group-type="author"><string-name><surname>Sheehan</surname>, <given-names>B.</given-names></string-name>, <string-name><surname>Jin</surname>, <given-names>H.S.</given-names></string-name> and <string-name><surname>Gottlieb</surname>, <given-names>U.</given-names></string-name></person-group> (<year>2020</year>), “<article-title>Customer service chatbots: anthropomorphism and adoption</article-title>”, <source>Journal of Business Research</source>, Vol. <volume>115</volume>, pp. <fpage>14</fpage>-<lpage>24</lpage>, doi: <pub-id pub-id-type="doi">10.1016/j.jbusres.2020.04.030</pub-id>.</mixed-citation></ref>
<ref id="ref049"><mixed-citation publication-type="journal"><person-group person-group-type="author"><string-name><surname>Silva</surname>, <given-names>F.A.</given-names></string-name>, <string-name><surname>Shojaei</surname>, <given-names>A.S.</given-names></string-name> and <string-name><surname>Barbosa</surname>, <given-names>B.</given-names></string-name></person-group> (<year>2023</year>), “<article-title>Chatbot-based services: a study on customers’ reuse intention</article-title>”, <source>Journal of Theoretical and Applied Electronic Commerce Research</source>, Vol. <volume>18</volume> No. <issue>1</issue>, pp. <fpage>457</fpage>-<lpage>474</lpage>, doi: <pub-id pub-id-type="doi">10.3390/jtaer18010024</pub-id>.</mixed-citation></ref>
<ref id="ref050"><mixed-citation publication-type="journal"><person-group person-group-type="author"><string-name><surname>Tao</surname>, <given-names>W.</given-names></string-name></person-group> (<year>2023</year>), “<article-title>Intelligent development strategy of high-star hotels in the era of digital intelligence: analysis based on extended technology acceptance model</article-title>”, <source>Contemporary Economics</source>, Vol. <volume>40</volume> No. <issue>4</issue>, pp. <fpage>22</fpage>-<lpage>32</lpage>.</mixed-citation></ref>
<ref id="ref051"><mixed-citation publication-type="journal"><person-group person-group-type="author"><string-name><surname>Townsend</surname>, <given-names>J.D.</given-names></string-name>, <string-name><surname>Kang</surname>, <given-names>W.</given-names></string-name>, <string-name><surname>Montoya</surname>, <given-names>M.M.</given-names></string-name> and <string-name><surname>Calantone</surname>, <given-names>R.J.</given-names></string-name></person-group> (<year>2013</year>), “<article-title>Brand‐specific design effects: form and function</article-title>”, <source>Journal of Product Innovation Management</source>, Vol. <volume>30</volume> No. <issue>5</issue>, pp. <fpage>994</fpage>-<lpage>1008</lpage>.</mixed-citation></ref>
<ref id="ref052"><mixed-citation publication-type="journal"><person-group person-group-type="author"><string-name><surname>Tussyadiah</surname>, <given-names>I.</given-names></string-name></person-group> (<year>2020</year>), “<article-title>A review of research into automation in tourism: Launching the annals of tourism research curated collection on artificial intelligence and robotics in tourism</article-title>”, <source>Annals of Tourism Research</source>, Vol. <volume>81</volume>, p. <fpage>102883</fpage>.</mixed-citation></ref>
<ref id="ref053"><mixed-citation publication-type="journal"><person-group person-group-type="author"><string-name><surname>Wen Wan</surname>, <given-names>E.</given-names></string-name>, <string-name><surname>Peng Chen</surname>, <given-names>R.</given-names></string-name> and <string-name><surname>Jin</surname>, <given-names>L.</given-names></string-name></person-group> (<year>2017</year>), “<article-title>Judging a book by its cover? The effect of anthropomorphism on product attribute processing and consumer preference</article-title>”, <source>Journal of Consumer Research</source>, Vol. <volume>43</volume> No. <issue>6</issue>, pp. <fpage>1008</fpage>-<lpage>1030</lpage>.</mixed-citation></ref>
<ref id="ref054"><mixed-citation publication-type="journal"><person-group person-group-type="author"><string-name><surname>Wirtz</surname>, <given-names>J.</given-names></string-name>, <string-name><surname>Patterson</surname>, <given-names>P.G.</given-names></string-name>, <string-name><surname>Kunz</surname>, <given-names>W.H.</given-names></string-name>, <string-name><surname>Gruber</surname>, <given-names>T.</given-names></string-name>, <string-name><surname>Lu</surname>, <given-names>V.N.</given-names></string-name>, <string-name><surname>Paluch</surname>, <given-names>S.</given-names></string-name> and <string-name><surname>Martins</surname>, <given-names>A.</given-names></string-name></person-group> (<year>2018</year>), “<article-title>Brave new world: service robots in the frontline</article-title>”, <source>Journal of Service Management</source>, Vol. <volume>29</volume> No. <issue>5</issue>, pp. <fpage>907</fpage>-<lpage>931</lpage>, doi: <pub-id pub-id-type="doi">10.1108/JOSM-04-2018-0119</pub-id>.</mixed-citation></ref>
<ref id="ref055"><mixed-citation publication-type="journal"><person-group person-group-type="author"><string-name><surname>Wu</surname>, <given-names>J.</given-names></string-name>, <string-name><surname>Zeng</surname>, <given-names>M.</given-names></string-name> and <string-name><surname>Xie</surname>, <given-names>K.L.</given-names></string-name></person-group> (<year>2017</year>), “<article-title>Chinese travelers’ behavioral intentions toward room-sharing platforms: the influence of motivations, perceived trust, and past experience</article-title>”, <source>International Journal of Contemporary Hospitality Management</source>, Vol. <volume>29</volume> No. <issue>10</issue>, pp. <fpage>2688</fpage>-<lpage>2707</lpage>.</mixed-citation></ref>
<ref id="ref056"><mixed-citation publication-type="journal"><person-group person-group-type="author"><string-name><surname>Wu</surname>, <given-names>M.</given-names></string-name>, <string-name><surname>Wang</surname>, <given-names>N.</given-names></string-name> and <string-name><surname>Yuen</surname>, <given-names>K.F.</given-names></string-name></person-group> (<year>2023</year>), “<article-title>Deep versus superficial anthropomorphism: Exploring their effects on human trust in shared autonomous vehicles</article-title>”, <source>Computers in Human Behavior</source>, Vol. <volume>141</volume>, p. <fpage>107614</fpage>.</mixed-citation></ref>
<ref id="ref057"><mixed-citation publication-type="journal"><person-group person-group-type="author"><string-name><surname>Yoganathan</surname>, <given-names>V.</given-names></string-name>, <string-name><surname>Osburg</surname>, <given-names>V.S.</given-names></string-name>, <string-name><surname>Kunz</surname>, <given-names>W.H.</given-names></string-name> and <string-name><surname>Toporowski</surname>, <given-names>W.</given-names></string-name></person-group> (<year>2021</year>), “<article-title>Check-in at the robo-desk: Effects of automated social presence on social cognition and service implications</article-title>”, <source>Tourism Management</source>, Vol. <volume>85</volume>, doi: <pub-id pub-id-type="doi">10.1016/j.tourman.2021.104309</pub-id>.</mixed-citation></ref>
<ref id="ref058"><mixed-citation publication-type="journal"><person-group person-group-type="author"><string-name><surname>Yuan</surname>, <given-names>L.</given-names></string-name> and <string-name><surname>Dennis</surname>, <given-names>A.R.</given-names></string-name></person-group> (<year>2019</year>), “<article-title>Acting like humans? Anthropomorphism and consumer’s willingness to pay in electronic commerce</article-title>”, <source>Journal of Management Information Systems</source>, Vol. <volume>36</volume> No. <issue>2</issue>, pp. <fpage>450</fpage>-<lpage>477</lpage>.</mixed-citation></ref></ref-list>
</back>
</article>