<?xml version="1.0" encoding="UTF-8"?>
<!DOCTYPE article PUBLIC "-//NLM//DTD JATS (Z39.96) Journal Archiving and Interchange DTD with MathML3 v1.1d1 20130915//EN" "JATS-archivearticle1-mathml3.dtd"><article xmlns:mml="http://www.w3.org/1998/Math/MathML" xmlns:xsi="http://www.w3.org/2001/XMLSchema-instance" xmlns:xlink="http://www.w3.org/1999/xlink" article-type="case-report" dtd-version="1.1d1" xml:lang="en"><front id="meta-hdr"><journal-meta><journal-id journal-id-type="publisher-id">QROM</journal-id><journal-id journal-id-type="doi">10.1108/QROM</journal-id><journal-title-group><journal-title>Qualitative Research in Organizations and Management: An International Journal</journal-title><abbrev-journal-title abbrev-type="publisher">QROM</abbrev-journal-title></journal-title-group><issn publication-format="print">1746-5648</issn><publisher><publisher-name>Emerald Publishing Limited</publisher-name></publisher></journal-meta><article-meta id="art-meta"><article-id pub-id-type="publisher-id">707732</article-id><article-id pub-id-type="doi">10.1108/QROM-09-2022-2393</article-id><article-id pub-id-type="original-pdf">QROM-09-2022-2393.pdf</article-id><article-id pub-id-type="filename">QROM-09-2022-2393</article-id><article-categories><subj-group subj-group-type="type-of-publication"><compound-subject><compound-subject-part content-type="code">case-report</compound-subject-part><compound-subject-part content-type="label">Case study</compound-subject-part></compound-subject></subj-group><subj-group subj-group-type="subject"><compound-subject><compound-subject-part content-type="code">cat-MSOP</compound-subject-part><compound-subject-part content-type="label">Management science &amp; operations</compound-subject-part></compound-subject></subj-group><subj-group subj-group-type="subject"><compound-subject><compound-subject-part content-type="code"/><compound-subject-part content-type="label">Management science/operations research</compound-subject-part></compound-subject></subj-group><subj-group subj-group-type="subject"><compound-subject><compound-subject-part content-type="code"/><compound-subject-part content-type="label">Qualitative techniques</compound-subject-part></compound-subject></subj-group><subj-group subj-group-type="subject"><compound-subject><compound-subject-part content-type="code"/><compound-subject-part content-type="label">Research methods</compound-subject-part></compound-subject></subj-group><subj-group subj-group-type="subject"><compound-subject><compound-subject-part content-type="code"/><compound-subject-part content-type="label">Qualitative research</compound-subject-part></compound-subject></subj-group></article-categories><title-group><article-title xml:lang="en">The interplay of sensegiving and sensemaking: politics of ideology at a Japanese retailer in Hong Kong</article-title><alt-title alt-title-type="running-head">Japanese retailer's ideology in Hong Kong</alt-title></title-group><contrib-group><contrib contrib-type="author" corresp="yes"><contrib-id contrib-id-type="orcid">https://orcid.org/0000-0002-5633-0143</contrib-id><name-alternatives><name name-style="western"><surname>Zhu</surname><given-names>Yi</given-names></name><string-name name-style="western"><given-names>Yi</given-names> <surname>Zhu</surname></string-name></name-alternatives><email>zoezhuyizoe@gmail.com</email><xref ref-type="aff" rid="aff1"/></contrib><aff id="aff1"><institution-wrap><institution>Lancaster University</institution></institution-wrap>, Lancaster, <country country="GB">UK</country></aff></contrib-group><author-notes><corresp id="cor1">Yi Zhu can be contacted at: <ext-link ext-link-type="email" xlink:href="mailto:zoezhuyizoe@gmail.com">zoezhuyizoe@gmail.com</ext-link></corresp></author-notes><pub-date publication-format="electronic" date-type="pub" iso-8601-date="2023-08-07"><day>07</day><month>08</month><year>2023</year></pub-date><pub-date publication-format="print" date-type="pub" iso-8601-date="2023-11-07"><day>07</day><month>11</month><year>2023</year></pub-date><volume>18</volume><issue>4</issue><fpage>291</fpage><lpage>309</lpage><history><date date-type="received" iso-8601-date="2022-09-07"><day>07</day><month>09</month><year>2022</year></date><date date-type="revised" iso-8601-date="2023-02-27"><day>27</day><month>02</month><year>2023</year></date><date date-type="revised" iso-8601-date="2023-05-11"><day>11</day><month>05</month><year>2023</year></date><date date-type="revised" iso-8601-date="2023-07-12"><day>12</day><month>07</month><year>2023</year></date><date date-type="accepted" iso-8601-date="2023-07-19"><day>19</day><month>07</month><year>2023</year></date></history><permissions><copyright-statement>© Emerald Publishing Limited</copyright-statement><copyright-year>2023</copyright-year><copyright-holder>Emerald Publishing Limited</copyright-holder><license license-type="publisher"><license-p>Licensed re-use rights only</license-p></license></permissions><self-uri content-type="pdf" xlink:href="QROM-09-2022-2393.pdf"/><abstract abstract-type="structured" id="abstr1" xml:lang="en"><sec><title content-type="abstract-subheading">Purpose</title><p>This study explores the politics of ideology in the process of sensegiving and sensemaking at a Japanese retailer in Hong Kong. Studies on power and politics are scarce despite key role of power and politics in understanding the factors behind the conflict between the management's policy legitimization (sensegiving) and employees' policy interpretation (sensemaking). By using the three dimensions proposed in the critical sensemaking approach (discourse, rules and contexts), this paper explores the complex mechanism of power and politics in sensemaking and sensegiving.</p></sec><sec><title content-type="abstract-subheading">Design/methodology/approach</title><p>Using 15 months of participant observation as a salesperson, this paper discusses how the Japan-centric customer service philosophy (dominant discourse), customer service policies and practices (organizational rules) and asymmetric power structure between the Japanese global headquarters and Hong Kong subsidiaries (formative contexts) are presented and perpetuated through the sensegiving–sensemaking process.</p></sec><sec><title content-type="abstract-subheading">Findings</title><p>Dominant discourse was observed in the management's sensegiving, which placed the Japanese style of customer service over others. This ethnocentric dominant discourse informed the creation of customer service policies, although the realization of the discourse was determined by the employees' conflicting interpretations of the organizational rules. As a formative context, an asymmetric power structure was present that positioned the Hong Kong subsidiary as subservient to the global headquarters in Japan. This shows that the political process of sensegiving and sensemaking deeply implicates the dominant discourse, organizational rules and power structure as central forces that determine the level of perpetuating ideology.</p></sec><sec><title content-type="abstract-subheading">Originality/value</title><p>This research illustrates the wider implications of power and politics in sensegiving–sensemaking studies and provides a complex picture of ethnocentric management.</p></sec></abstract><kwd-group kwd-group-type="author-generated" xml:lang="en"><kwd>Sensegiving</kwd><x xml:space="preserve">, </x><kwd>Sensemaking</kwd><x xml:space="preserve">, </x><kwd>Politics</kwd><x xml:space="preserve">, </x><kwd>Ideology</kwd><x xml:space="preserve">, </x><kwd>Discourse</kwd><x xml:space="preserve">, </x><kwd>Power</kwd></kwd-group><counts><fig-count count="1"/><table-count count="1"/><equation-count count="0"/><ref-count count="76"/><page-count count="19"/><word-count count="10778"/></counts><custom-meta-group><custom-meta><meta-name>peer-reviewed</meta-name><meta-value>Yes</meta-value></custom-meta><custom-meta><meta-name>academic-content</meta-name><meta-value>Yes</meta-value></custom-meta><custom-meta><meta-name>EContentType</meta-name><meta-value>Journal</meta-value></custom-meta><custom-meta><meta-name>rightslink</meta-name><meta-value>included</meta-value></custom-meta></custom-meta-group></article-meta></front><back><ref-list id="refs1"><title>References</title><ref id="ref001"><mixed-citation publication-type="journal"><person-group person-group-type="author"><string-name><surname>Alvesson</surname>, <given-names>M.</given-names></string-name> and <string-name><surname>Karreman</surname>, <given-names>D.</given-names></string-name></person-group> (<year>2000</year>), “<article-title>Varieties of discourse: on the study of organizations through discourse analysis</article-title>”, <source>Human Relations</source>, Vol. <volume>53</volume> No. <issue>9</issue>, pp. <fpage>1125</fpage>-<lpage>1149</lpage>.</mixed-citation></ref><ref id="ref002"><mixed-citation publication-type="journal"><person-group person-group-type="author"><string-name><surname>Aromaa</surname>, <given-names>E.</given-names></string-name>, <string-name><surname>Eriksson</surname>, <given-names>P.</given-names></string-name>, <string-name><surname>Mills</surname>, <given-names>J.H.</given-names></string-name>, <string-name><surname>Hiltunen</surname>, <given-names>E.</given-names></string-name>, <string-name><surname>Lammassaari</surname>, <given-names>M.</given-names></string-name> and <string-name><surname>Mills</surname>, <given-names>A.J.</given-names></string-name></person-group> (<year>2019</year>), “<article-title>Critical sensemaking: challenges and promises</article-title>”, <source>Qualitative Research in Organizations and Management: An International Journal</source>, Vol. <volume>14</volume> No. <issue>3</issue>, pp. <fpage>356</fpage>-<lpage>376</lpage>.</mixed-citation></ref><ref id="ref003"><mixed-citation publication-type="journal"><person-group person-group-type="author"><string-name><surname>Austen</surname>, <given-names>A.</given-names></string-name></person-group> (<year>2016</year>), “<article-title>Decoupling between policy and practice through the lens of sensemaking and sensegiving</article-title>”, <source>Management</source>, Vol. <volume>20</volume> No. <issue>1</issue>, pp. <fpage>225</fpage>-<lpage>238</lpage>.</mixed-citation></ref><ref id="ref004"><mixed-citation publication-type="book-chapter"><person-group person-group-type="author"><string-name><surname>Bartunek</surname>, <given-names>J.M.</given-names></string-name>, <string-name><surname>Krim</surname>, <given-names>R.M.</given-names></string-name>, <string-name><surname>Necochea</surname>, <given-names>R.</given-names></string-name> and <string-name><surname>Humphries</surname>, <given-names>M.</given-names></string-name></person-group> (<year>1999</year>), “<chapter-title>Sensemaking, sensegiving, and leadership in strategic organizational development</chapter-title>”, in <person-group person-group-type="editor"><string-name><surname>Wagner</surname>, <given-names>J.A.</given-names> <suffix>III</suffix></string-name></person-group> (Ed.), <source>Advances in Qualitative Organization Research</source>, Vol. <volume>2</volume>, <publisher-name>JAI Press</publisher-name>, <publisher-loc>Connecticut, CT</publisher-loc>, pp. <fpage>36</fpage>-<lpage>71</lpage>.</mixed-citation></ref><ref id="ref005"><mixed-citation publication-type="journal"><person-group person-group-type="author"><string-name><surname>Beamish</surname>, <given-names>P.W.</given-names></string-name> and <string-name><surname>Inkpen</surname>, <given-names>A.C.</given-names></string-name></person-group> (<year>1998</year>), “<article-title>Japanese firms and the decline of the Japanese expatriate</article-title>”, <source>Journal of World Business Vo</source>, Vol. <volume>33</volume> No. <issue>1</issue>, pp. <fpage>35</fpage>-<lpage>50</lpage>.</mixed-citation></ref><ref id="ref006"><mixed-citation publication-type="journal"><person-group person-group-type="author"><string-name><surname>Blessing</surname>, <given-names>G.</given-names></string-name> and <string-name><surname>Natter</surname>, <given-names>M.</given-names></string-name></person-group> (<year>2019</year>), “<article-title>Do mystery shoppers really predict customer satisfaction and sales performance?</article-title>”, <source>Journal of Retailing</source>, Vol. <volume>95</volume> No. <issue>3</issue>, pp. <fpage>47</fpage>-<lpage>62</lpage>.</mixed-citation></ref><ref id="ref007"><mixed-citation publication-type="journal"><person-group person-group-type="author"><string-name><surname>Briscoe</surname>, <given-names>F.</given-names></string-name>, <string-name><surname>Chin</surname>, <given-names>M.K.</given-names></string-name> and <string-name><surname>Hambrick</surname>, <given-names>D.C.</given-names></string-name></person-group> (<year>2014</year>), “<article-title>CEO ideology as an element of the corporate opportunity structure for social activists</article-title>”, <source>Academy of Management Journal</source>, Vol. <volume>57</volume> No. <issue>6</issue>, pp. <fpage>1786</fpage>-<lpage>1809</lpage>.</mixed-citation></ref><ref id="ref008"><mixed-citation publication-type="journal"><person-group person-group-type="author"><string-name><surname>Conrad</surname>, <given-names>H.</given-names></string-name> and <string-name><surname>Meyer-Ohle</surname>, <given-names>H.</given-names></string-name></person-group> (<year>2019</year>), “<article-title>Overcoming the ethnocentric firm?–foreign fresh university graduate employment in Japan as a new international human resource development method</article-title>”, <source>The International Journal of Human Resource Management</source>, Vol. <volume>30</volume> No. <issue>17</issue>, pp. <fpage>2525</fpage>-<lpage>2543</lpage>.</mixed-citation></ref><ref id="ref009"><mixed-citation publication-type="journal"><person-group person-group-type="author"><string-name><surname>Corley</surname>, <given-names>K.G.</given-names></string-name> and <string-name><surname>Gioia</surname>, <given-names>D.A.</given-names></string-name></person-group> (<year>2004</year>), “<article-title>Identity ambiguity and change in the wake of a corporate spin-off</article-title>”, <source>Administrative Science Quarterly</source>, Vol. <volume>49</volume> No. <issue>2</issue>, pp. <fpage>173</fpage>-<lpage>208</lpage>.</mixed-citation></ref><ref id="ref010"><mixed-citation publication-type="journal"><person-group person-group-type="author"><string-name><surname>Degn</surname>, <given-names>L.</given-names></string-name></person-group> (<year>2015</year>), “<article-title>Sensemaking, sensegiving and strategic management in Danish higher education</article-title>”, <source>Higher Education</source>, Vol. <volume>69</volume> No. <issue>6</issue>, pp. <fpage>901</fpage>-<lpage>913</lpage>.</mixed-citation></ref><ref id="ref011"><mixed-citation publication-type="book-chapter"><person-group person-group-type="author"><string-name><surname>Dörrenbächer</surname>, <given-names>C.</given-names></string-name> and <string-name><surname>Gammelgaard</surname>, <given-names>J.</given-names></string-name></person-group> (<year>2011</year>), “<chapter-title>Conflicts in headquarters–subsidiary relationships: headquarters-driven charter losses in foreign subsidiaries</chapter-title>”, in <person-group person-group-type="editor"><string-name><surname>Dörrenbächer</surname>, <given-names>C.</given-names></string-name> and <string-name><surname>Geppert</surname>, <given-names>M.</given-names></string-name></person-group> (Eds), <source>Politics and Power in the Multinational Corporation: The Role of Institutions, Interests and Identities</source>, <publisher-name>Cambridge University Press</publisher-name>, <publisher-loc>CB</publisher-loc>, pp. <fpage>231</fpage>-<lpage>254</lpage>.</mixed-citation></ref><ref id="ref012"><mixed-citation publication-type="book"><person-group person-group-type="author"><string-name><surname>Fairclough</surname>, <given-names>N.</given-names></string-name></person-group> (<year>2001</year>), <source>Language and Power</source>, <publisher-name>Pearson Education</publisher-name>, <publisher-loc>New York, NY</publisher-loc>.</mixed-citation></ref><ref id="ref013"><mixed-citation publication-type="journal"><person-group person-group-type="author"><string-name><surname>Filstad</surname>, <given-names>C.</given-names></string-name></person-group> (<year>2014</year>), “<article-title>The politics of sensemaking and sensegiving at work</article-title>”, <source>Journal of Workplace Learning</source>, Vol. <volume>26</volume> No. <issue>1</issue>, pp. <fpage>3</fpage>-<lpage>21</lpage>.</mixed-citation></ref><ref id="ref014"><mixed-citation publication-type="book"><person-group person-group-type="author"><string-name><surname>Foucault</surname>, <given-names>M.</given-names></string-name></person-group> (<year>1979</year>), <source>Discipline and Punish</source>, <publisher-name>Peregrine</publisher-name>, <publisher-loc>Harmondsworth, Middx</publisher-loc>.</mixed-citation></ref><ref id="ref015"><mixed-citation publication-type="book"><person-group person-group-type="author"><string-name><surname>Foucault</surname>, <given-names>M.</given-names></string-name> and <string-name><surname>Gordon</surname>, <given-names>C.</given-names></string-name></person-group> (<year>1980</year>), <source>Power/knowledge</source>, <publisher-name>Pantheon Books</publisher-name>, <publisher-loc>New York, NY</publisher-loc>.</mixed-citation></ref><ref id="ref016"><mixed-citation publication-type="journal"><person-group person-group-type="author"><string-name><surname>Froese</surname>, <given-names>F.J.</given-names></string-name>, <string-name><surname>Shen</surname>, <given-names>J.</given-names></string-name>, <string-name><surname>Sekiguchi</surname>, <given-names>T.</given-names></string-name> and <string-name><surname>Davies</surname>, <given-names>S.</given-names></string-name></person-group> (<year>2020</year>), “<article-title>Liability of Asianness? Global talent management challenges of Chinese, Japanese, and Korean multinationals</article-title>”, <source>Human Resource Management Review</source>, Vol. <volume>30</volume> No. <issue>4</issue>, <elocation-id>100776</elocation-id>.</mixed-citation></ref><ref id="ref017"><mixed-citation publication-type="journal"><person-group person-group-type="author"><string-name><surname>George</surname>, <given-names>J.M.</given-names></string-name> and <string-name><surname>Jones</surname>, <given-names>G.R.</given-names></string-name></person-group> (<year>2001</year>), “<article-title>Towards a process model of individual change in organizations</article-title>”, <source>Human Relations</source>, Vol. <volume>54</volume> No. <issue>4</issue>, pp. <fpage>419</fpage>-<lpage>444</lpage>.</mixed-citation></ref><ref id="ref018"><mixed-citation publication-type="journal"><person-group person-group-type="author"><string-name><surname>Geppert</surname>, <given-names>M.</given-names></string-name>, <string-name><surname>Becker-Ritterspach</surname>, <given-names>F.</given-names></string-name> and <string-name><surname>Mudambi</surname>, <given-names>R.</given-names></string-name></person-group> (<year>2016</year>), “<article-title>Politics and power in multinational companies: integrating the international business and organization studies perspectives</article-title>”, <source>Organization Studies</source>, Vol. <volume>37</volume> No. <issue>9</issue>, pp. <fpage>1209</fpage>-<lpage>1225</lpage>.</mixed-citation></ref><ref id="ref019"><mixed-citation publication-type="journal"><person-group person-group-type="author"><string-name><surname>Gioia</surname>, <given-names>D.A.</given-names></string-name> and <string-name><surname>Chittipeddi</surname>, <given-names>K.</given-names></string-name></person-group> (<year>1991</year>), “<article-title>Sensemaking and sensegiving in strategic change initiation</article-title>”, <source>Strategic Management Journal</source>, Vol. <volume>12</volume> No. <issue>6</issue>, pp. <fpage>433</fpage>-<lpage>448</lpage>.</mixed-citation></ref><ref id="ref020"><mixed-citation publication-type="journal"><person-group person-group-type="author"><string-name><surname>Gondo</surname>, <given-names>M.B.</given-names></string-name> and <string-name><surname>Amis</surname>, <given-names>J.M.</given-names></string-name></person-group> (<year>2013</year>), “<article-title>Variations in practice adoption: the roles of conscious reflection and discourse</article-title>”, <source>Academy of Management Review</source>, Vol. <volume>38</volume> No. <issue>2</issue>, pp. <fpage>229</fpage>-<lpage>247</lpage>.</mixed-citation></ref><ref id="ref021"><mixed-citation publication-type="journal"><person-group person-group-type="author"><string-name><surname>Gray</surname>, <given-names>B.</given-names></string-name>, <string-name><surname>Bougon</surname>, <given-names>M.G.</given-names></string-name> and <string-name><surname>Donnellon</surname>, <given-names>A.</given-names></string-name></person-group> (<year>1985</year>), “<article-title>Organizations as constructions and destructions of meaning</article-title>”, <source>Journal of Management</source>, Vol. <volume>11</volume> No. <issue>2</issue>, pp. <fpage>83</fpage>-<lpage>98</lpage>.</mixed-citation></ref><ref id="ref022"><mixed-citation publication-type="journal"><person-group person-group-type="author"><string-name><surname>Gupta</surname>, <given-names>A.</given-names></string-name> and <string-name><surname>Govindarajan</surname>, <given-names>V.</given-names></string-name></person-group> (<year>2000</year>), “<article-title>Knowledge flows within multinational corporations</article-title>”, <source>Strategic Management Journal</source>, Vol. <volume>21</volume>, pp. <fpage>473</fpage>-<lpage>496</lpage>.</mixed-citation></ref><ref id="ref023"><mixed-citation publication-type="book"><person-group person-group-type="author"><string-name><surname>Hilde</surname>, <given-names>R.K.</given-names></string-name></person-group> (<year>2013</year>), “<article-title>Workplace (In)equality: making critical sense of Hong Kong Chinese immigrant experience in the Canadian workplace</article-title>”, <source>PhD Diss</source>, <publisher-name>Athabasca University</publisher-name>, <publisher-loc>Athabasca</publisher-loc>.</mixed-citation></ref><ref id="ref024"><mixed-citation publication-type="journal"><person-group person-group-type="author"><string-name><surname>Hill</surname>, <given-names>R.C.</given-names></string-name> and <string-name><surname>Levenhagen</surname>, <given-names>M.</given-names></string-name></person-group> (<year>1995</year>), “<article-title>Metaphors and mental models: sensemaking and sensegiving in innovative and entrepreneurial activities</article-title>”, <source>Journal of Management</source>, Vol. <volume>21</volume> No. <issue>6</issue>, pp. <fpage>1057</fpage>-<lpage>1074</lpage>.</mixed-citation></ref><ref id="ref076"><mixed-citation publication-type="journal"><person-group person-group-type="author"><string-name><surname>Hong</surname>, <given-names>J.</given-names></string-name>, <string-name><surname>Easterby-Smith</surname>, <given-names>M.</given-names></string-name> and <string-name><surname>Snell</surname>, <given-names>R.</given-names></string-name></person-group> (<year>2006</year>), “<article-title>Transferring organizational learning systems to Japanese subsidiaries in China</article-title>”, <source>Journal of Management Studies</source>, Vol. <volume>43</volume>, pp. <fpage>1027</fpage>-<lpage>1058</lpage>.</mixed-citation></ref><ref id="ref025"><mixed-citation publication-type="journal"><person-group person-group-type="author"><string-name><surname>Hong</surname>, <given-names>J.F.</given-names></string-name>, <string-name><surname>Snell</surname>, <given-names>R.S.</given-names></string-name> and <string-name><surname>Mak</surname>, <given-names>C.</given-names></string-name></person-group> (<year>2016</year>), “<article-title>Knowledge assimilation at foreign subsidiaries of Japanese MNCs through political sensegiving and sensemaking</article-title>”, <source>Organization Studies</source>, Vol. <volume>37</volume> No. <issue>9</issue>, pp. <fpage>1297</fpage>-<lpage>1321</lpage>.</mixed-citation></ref><ref id="ref026"><mixed-citation publication-type="book-chapter"><person-group person-group-type="author"><string-name><surname>Ikeda</surname>, <given-names>N.</given-names></string-name></person-group> (<year>2013</year>), “<chapter-title>Omotenashi: Japanese hospitality as the global standard</chapter-title>”, in <person-group person-group-type="editor"><string-name><surname>Yasuhiro</surname>, <given-names>M.</given-names></string-name>, <string-name><surname>Imai</surname>, <given-names>N.</given-names></string-name> and <string-name><surname>Matsuo</surname>, <given-names>T.</given-names></string-name></person-group> (Eds), <source>Management of Service Businesses in Japan</source>, <publisher-name>World Scientific</publisher-name>, <publisher-loc>Singapore, SG</publisher-loc>, pp. <fpage>145</fpage>-<lpage>154</lpage>.</mixed-citation></ref><ref id="ref027"><mixed-citation publication-type="book"><person-group person-group-type="author"><string-name><surname>Iwashita</surname>, <given-names>H.</given-names></string-name></person-group> (<year>2016</year>), <source>Japanese Management: International Perspectives</source>, <publisher-name>Routledge</publisher-name>, <publisher-loc>New York, NY</publisher-loc>.</mixed-citation></ref><ref id="ref028"><mixed-citation publication-type="journal"><person-group person-group-type="author"><string-name><surname>Jonsson</surname>, <given-names>A.</given-names></string-name> and <string-name><surname>Foss</surname>, <given-names>N.</given-names></string-name></person-group> (<year>2011</year>), “<article-title>International expansion through flexible replication: learning from the internationalization experience of Ikea</article-title>”, <source>Journal of International Business Studies</source>, Vol. <volume>42</volume>, pp. <fpage>1079</fpage>-<lpage>1172</lpage>.</mixed-citation></ref><ref id="ref029"><mixed-citation publication-type="journal"><person-group person-group-type="author"><string-name><surname>Kawai</surname>, <given-names>N.</given-names></string-name> and <string-name><surname>Chung</surname>, <given-names>C.</given-names></string-name></person-group> (<year>2019</year>), “<article-title>Expatriate utilization, subsidiary knowledge creation and performance: the moderating role of subsidiary strategic context</article-title>”, <source>Journal of World Business</source>, Vol. <volume>54</volume> No. <issue>1</issue>, pp. <fpage>24</fpage>-<lpage>36</lpage>.</mixed-citation></ref><ref id="ref030"><mixed-citation publication-type="journal"><person-group person-group-type="author"><string-name><surname>Kezar</surname>, <given-names>A.</given-names></string-name></person-group> (<year>2013</year>), “<article-title>Understanding sensemaking/sensegiving in transformational change processes from the bottom up</article-title>”, <source>Higher Education</source>, Vol. <volume>65</volume> No. <issue>6</issue>, pp. <fpage>761</fpage>-<lpage>780</lpage>.</mixed-citation></ref><ref id="ref031"><mixed-citation publication-type="journal"><person-group person-group-type="author"><string-name><surname>Kopp</surname>, <given-names>R.</given-names></string-name></person-group> (<year>1994</year>), “<article-title>International human resource policies and practices in Japanese, European, and United States multinationals</article-title>”, <source>Human Resource Management</source>, Vol. <volume>33</volume> No. <issue>4</issue>, pp. <fpage>581</fpage>-<lpage>599</lpage>.</mixed-citation></ref><ref id="ref032"><mixed-citation publication-type="journal"><person-group person-group-type="author"><string-name><surname>Legewie</surname>, <given-names>J.</given-names></string-name></person-group> (<year>2002</year>), “<article-title>Control and co-ordination of Japanese subsidiaries in China: problems of an expatriate-based management system</article-title>”, <source>The International Journal of Human Resource Management</source>, Vol. <volume>13</volume>, pp. <fpage>901</fpage>-<lpage>919</lpage>.</mixed-citation></ref><ref id="ref033"><mixed-citation publication-type="book-chapter"><person-group person-group-type="author"><string-name><surname>Lincoln</surname>, <given-names>Y.S.</given-names></string-name>, <string-name><surname>Lynham</surname>, <given-names>S.A.</given-names></string-name> and <string-name><surname>Guba</surname>, <given-names>E.G.</given-names></string-name></person-group> (<year>2011</year>), “<chapter-title>Chapter 6 paradigmatic controversies</chapter-title>”, in <person-group person-group-type="editor"><string-name><surname>Norman</surname>, <given-names>K.</given-names></string-name>, <string-name><surname>Denzin</surname></string-name> and <string-name><surname>Yvonna</surname>, <given-names>S.</given-names></string-name></person-group> (Eds), <source>The Sage Handbook of Qualitative Research</source>, <publisher-name>Sage</publisher-name>, <publisher-loc>California, CA</publisher-loc>, pp. <fpage>97</fpage>-<lpage>128</lpage>.</mixed-citation></ref><ref id="ref034"><mixed-citation publication-type="journal"><person-group person-group-type="author"><string-name><surname>Maclean</surname>, <given-names>M.</given-names></string-name>, <string-name><surname>Harvey</surname>, <given-names>C.</given-names></string-name>, <string-name><surname>Sillince</surname>, <given-names>J.A.</given-names></string-name> and <string-name><surname>Golant</surname>, <given-names>B.D.</given-names></string-name></person-group> (<year>2014</year>), “<article-title>Living up to the past? Ideological sensemaking in organizational transition</article-title>”, <source>Organization</source>, Vol. <volume>21</volume> No. <issue>4</issue>, pp. <fpage>543</fpage>-<lpage>567</lpage>.</mixed-citation></ref><ref id="ref035"><mixed-citation publication-type="journal"><person-group person-group-type="author"><string-name><surname>Maitlis</surname>, <given-names>S.</given-names></string-name></person-group> (<year>2005</year>), “<article-title>The social processes of organizational sensemaking</article-title>”, <source>The Academy of Management Journal</source>, Vol. <volume>48</volume> No. <issue>1</issue>, pp. <fpage>21</fpage>-<lpage>49</lpage>.</mixed-citation></ref><ref id="ref036"><mixed-citation publication-type="journal"><person-group person-group-type="author"><string-name><surname>Maitlis</surname>, <given-names>S.</given-names></string-name> and <string-name><surname>Christianson</surname>, <given-names>M.</given-names></string-name></person-group> (<year>2014</year>), “<article-title>Sensemaking in organizations: taking stock and moving forward</article-title>”, <source>Academy of Management Annals</source>, Vol. <volume>8</volume> No. <issue>1</issue>, pp. <fpage>57</fpage>-<lpage>125</lpage>.</mixed-citation></ref><ref id="ref037"><mixed-citation publication-type="journal"><person-group person-group-type="author"><string-name><surname>Maitlis</surname>, <given-names>S.</given-names></string-name> and <string-name><surname>Lawrence</surname>, <given-names>T.B.</given-names></string-name></person-group> (<year>2007</year>), “<article-title>Triggers and enablers of sensegiving in organizations</article-title>”, <source>Academy of Management Journal</source>, Vol. <volume>50</volume> No. <issue>1</issue>, pp. <fpage>57</fpage>-<lpage>84</lpage>.</mixed-citation></ref><ref id="ref075"><mixed-citation publication-type="journal"><person-group person-group-type="author"><string-name><surname>Mikkelsen</surname>, <given-names>E.N.</given-names></string-name>, <string-name><surname>Gray</surname>, <given-names>B.</given-names></string-name> and <string-name><surname>Petersen</surname>, <given-names>A.</given-names></string-name></person-group> (<year>2020</year>), “<article-title>Unconscious processes of organizing: Intergroup conflict in mental health care</article-title>”, <source>Journal of Management Studies</source>, Vol. <volume>57</volume> No. <issue>7</issue>, pp. <fpage>1355</fpage>-<lpage>1383</lpage>.</mixed-citation></ref><ref id="ref038"><mixed-citation publication-type="journal"><person-group person-group-type="author"><string-name><surname>Mikkelsen</surname>, <given-names>E.N.</given-names></string-name> and <string-name><surname>Wåhlin</surname>, <given-names>R.</given-names></string-name></person-group> (<year>2020</year>), “<article-title>Dominant, hidden and forbidden sensemaking: the politics of ideology and emotions in diversity management</article-title>”, <source>Organization</source>, Vol. <volume>27</volume> No. <issue>4</issue>, pp. <fpage>557</fpage>-<lpage>577</lpage>.</mixed-citation></ref><ref id="ref039"><mixed-citation publication-type="book-chapter"><person-group person-group-type="author"><string-name><surname>Mills</surname>, <given-names>A.</given-names></string-name> and <string-name><surname>Mills</surname>, <given-names>J.C.H.</given-names></string-name></person-group> (<year>2004</year>), “<chapter-title>When plausibility fails: towards a critical sensemaking approach to resistance</chapter-title>”, in <person-group person-group-type="editor"><string-name><surname>Mills</surname>, <given-names>J.H.</given-names></string-name>, <string-name><surname>Mills</surname>, <given-names>A.J.</given-names></string-name> and <string-name><surname>Thomas</surname>, <given-names>R.</given-names></string-name></person-group> (Eds), <source>Identity Politics at Work: Resisting Gender and Gendered Resistance</source>, <publisher-name>Routledge</publisher-name>, <publisher-loc>London, LDN</publisher-loc>, pp. <fpage>141</fpage>-<lpage>159</lpage>.</mixed-citation></ref><ref id="ref074"><mixed-citation publication-type="book"><person-group person-group-type="author"><string-name><surname>Mills</surname>, <given-names>J.C.H.</given-names></string-name> and <string-name><surname>Mills</surname>, <given-names>A.J.</given-names></string-name></person-group> (<year>2017</year>), “<chapter-title>Rules, sensemaking, formative contexts, and discourse in the gendering of organizational culture</chapter-title>”, in <person-group person-group-type="editor"><string-name><surname>Mills</surname>, <given-names>A.J.</given-names></string-name></person-group> (Ed.), <source>Insights and Research on the Study of Gender and Intersectionality in International Airline Cultures</source>, <publisher-name>Emerald Publishing</publisher-name>, pp. <fpage>49</fpage>-<lpage>69</lpage>.</mixed-citation></ref><ref id="ref040"><mixed-citation publication-type="book"><person-group person-group-type="author"><string-name><surname>Mills</surname>, <given-names>A.J.</given-names></string-name> and <string-name><surname>Murgatroyd</surname>, <given-names>S.J.</given-names></string-name></person-group> (<year>1991</year>), <source>Organizational Rules: A Framework for Understanding Organizational Action</source>, <publisher-name>Open University Press</publisher-name>, <publisher-loc>Milton Keynes, MK</publisher-loc>.</mixed-citation></ref><ref id="ref041"><mixed-citation publication-type="journal"><person-group person-group-type="author"><string-name><surname>Mills</surname>, <given-names>J.H.</given-names></string-name>, <string-name><surname>Thurlow</surname>, <given-names>A.</given-names></string-name> and <string-name><surname>Mills</surname>, <given-names>A.J.</given-names></string-name></person-group> (<year>2010</year>), “<article-title>Making sense of sensemaking: the critical sensemaking approach</article-title>”, <source>Qualitative Research in Organizations and Management: An International Journal</source>, Vol. <volume>5</volume>, pp. <fpage>182</fpage>-<lpage>195</lpage>.</mixed-citation></ref><ref id="ref042"><mixed-citation publication-type="book"><person-group person-group-type="author"><string-name><surname>Moeran</surname>, <given-names>B.</given-names></string-name></person-group> (<year>2013</year>), <source>A Japanese Advertising Agency: An Anthropology of Media and Markets</source>, <publisher-name>Routledge</publisher-name>, <publisher-loc>London, LDN</publisher-loc>.</mixed-citation></ref><ref id="ref043"><mixed-citation publication-type="book-chapter"><person-group person-group-type="author"><string-name><surname>Moilanen</surname>, <given-names>J.</given-names></string-name>, <string-name><surname>Montonen</surname>, <given-names>T.</given-names></string-name> and <string-name><surname>Eriksson</surname>, <given-names>P.</given-names></string-name></person-group> (<year>2018</year>), “<chapter-title>Power in the commercialization process: adopting a critical sensemaking approach to academic entrepreneurship</chapter-title>”, in <person-group person-group-type="editor"><string-name><surname>Dey</surname>, <given-names>A.K.</given-names></string-name> and <string-name><surname>Thatchenkery</surname>, <given-names>T.</given-names></string-name></person-group> (Eds), <source>Leveraging Human Resources for Human Management Practices and Fostering Entrepreneurship</source>, <publisher-name>Bloomsbury Publishing India Pvt.</publisher-name>, <publisher-loc>New Delhi, ND</publisher-loc>, pp. <fpage>307</fpage>-<lpage>315</lpage>.</mixed-citation></ref><ref id="ref044"><mixed-citation publication-type="book-chapter"><person-group person-group-type="author"><string-name><surname>Morgan</surname>, <given-names>G.</given-names></string-name>, <string-name><surname>Frost</surname>, <given-names>P.J.</given-names></string-name> and <string-name><surname>Pondy</surname>, <given-names>L.R.</given-names></string-name></person-group> (<year>1983</year>), “<chapter-title>Organizational symbolism</chapter-title>”, in <person-group person-group-type="editor"><string-name><surname>Pondy</surname>, <given-names>L.R.</given-names></string-name>, <string-name><surname>Frost</surname>, <given-names>P.J.</given-names></string-name>, <string-name><surname>Morgan</surname>, <given-names>G.</given-names></string-name> and <string-name><surname>Dandridge</surname>, <given-names>T.C.</given-names></string-name></person-group> (Eds), <source>Organizational Symbolism</source>, <publisher-name>JAI Press</publisher-name>, <publisher-loc>Greenwich, GMT</publisher-loc>, pp. <fpage>3</fpage>-<lpage>38</lpage>.</mixed-citation></ref><ref id="ref045"><mixed-citation publication-type="journal"><person-group person-group-type="author"><string-name><surname>Paludi</surname>, <given-names>M.I.</given-names></string-name> and <string-name><surname>Mills</surname>, <given-names>J.H.</given-names></string-name></person-group> (<year>2013</year>), “<article-title>Making sense of the Latin American ‘other’: executive women in Argentina</article-title>”, <source>Equality, Diversity and Inclusion: An International Journal</source>, Vol. <volume>32</volume> No. <issue>8</issue>, pp. <fpage>723</fpage>-<lpage>755</lpage>.</mixed-citation></ref><ref id="ref046"><mixed-citation publication-type="book-chapter"><person-group person-group-type="author"><string-name><surname>Papen</surname>, <given-names>U.</given-names></string-name></person-group> (<year>2018</year>), “<chapter-title>12 Discourse analysis and ethnographic fieldwork</chapter-title>”, in <person-group person-group-type="editor"><string-name><surname>Warnke</surname>, <given-names>I.H.</given-names></string-name></person-group> (Ed.), <source>Handbuch Diskurs (Handbook of Discourse)</source>, Vol. <volume>6</volume>, <publisher-name>De Gruyter</publisher-name>, <publisher-loc>Berlin, BE</publisher-loc>, pp. <fpage>285</fpage>-<lpage>304</lpage>.</mixed-citation></ref><ref id="ref047"><mixed-citation publication-type="journal"><person-group person-group-type="author"><string-name><surname>Philip</surname>, <given-names>T.M.</given-names></string-name></person-group> (<year>2011</year>), “<article-title>An ‘ideology in pieces’ approach to studying change in teachers' sensemaking about race, racism, and racial justice</article-title>”, <source>Cognition and Instruction</source>, Vol. <volume>29</volume> No. <issue>3</issue>, pp. <fpage>297</fpage>-<lpage>329</lpage>.</mixed-citation></ref><ref id="ref048"><mixed-citation publication-type="journal"><person-group person-group-type="author"><string-name><surname>Piotti</surname>, <given-names>G.</given-names></string-name></person-group> (<year>2012</year>), “<article-title>An institutional‐cognitive perspective on headquarters‐subsidiary conflicts: the case of German companies in China</article-title>”, <source>Critical Perspectives on International Business</source>, Vol. <volume>8</volume> No. <issue>2</issue>, pp. <fpage>136</fpage>-<lpage>156</lpage>.</mixed-citation></ref><ref id="ref049"><mixed-citation publication-type="journal"><person-group person-group-type="author"><string-name><surname>Porter</surname>, <given-names>M.C.</given-names></string-name> and <string-name><surname>Heyman</surname>, <given-names>J.E.</given-names></string-name></person-group> (<year>2018</year>), “<article-title>We’ve shopped before: exploring instructions as an influence on mystery shopper reporting</article-title>”, <source>Journal of Retailing and Consumer Services</source>, Vol. <volume>45</volume>, pp. <fpage>12</fpage>-<lpage>20</lpage>.</mixed-citation></ref><ref id="ref050"><mixed-citation publication-type="journal"><person-group person-group-type="author"><string-name><surname>Pratt</surname>, <given-names>M.G.</given-names></string-name></person-group> (<year>2000</year>), “<article-title>Building an ideological fortress: the role of spirituality, encapsulation and sensemaking</article-title>”, <source>Studies in Cultures, Organizations and Societies</source>, Vol. <volume>6</volume> No. <issue>1</issue>, pp. <fpage>35</fpage>-<lpage>69</lpage>.</mixed-citation></ref><ref id="ref051"><mixed-citation publication-type="journal"><person-group person-group-type="author"><string-name><surname>Putnam</surname>, <given-names>L.L.</given-names></string-name>, <string-name><surname>Fairhurst</surname>, <given-names>G.T.</given-names></string-name> and <string-name><surname>Banghart</surname>, <given-names>S.</given-names></string-name></person-group> (<year>2016</year>), “<article-title>Contradictions, dialectics, and paradoxes in organizations: a constitutive approach</article-title>”, <source>Academy of Management Annals</source>, Vol. <volume>10</volume> No. <issue>1</issue>, pp. <fpage>65</fpage>-<lpage>171</lpage>.</mixed-citation></ref><ref id="ref052"><mixed-citation publication-type="book"><person-group person-group-type="author"><string-name><surname>Roller</surname>, <given-names>M.R.</given-names></string-name> and <string-name><surname>Lavrakas</surname>, <given-names>P.J.</given-names></string-name></person-group> (<year>2015</year>), <source>Applied Qualitative Research Design: A Total Quality Framework Approach</source>, <publisher-name>Guilford Publications</publisher-name>, <publisher-loc>New York, NY</publisher-loc>.</mixed-citation></ref><ref id="ref053"><mixed-citation publication-type="journal"><person-group person-group-type="author"><string-name><surname>Rouleau</surname>, <given-names>L.</given-names></string-name> and <string-name><surname>Balogun</surname>, <given-names>J.</given-names></string-name></person-group> (<year>2011</year>), “<article-title>Middle managers, strategic sensemaking, and discursive competence</article-title>”, <source>Journal of Management Studies</source>, Vol. <volume>48</volume> No. <issue>5</issue>, pp. <fpage>953</fpage>-<lpage>983</lpage>.</mixed-citation></ref><ref id="ref054"><mixed-citation publication-type="journal"><person-group person-group-type="author"><string-name><surname>Sandberg</surname>, <given-names>J.</given-names></string-name> and <string-name><surname>Tsoukas</surname>, <given-names>H.</given-names></string-name></person-group> (<year>2015</year>), “<article-title>Making sense of the sensemaking perspective: its constituents, limitations, and opportunities for further development</article-title>”, <source>Journal of Organizational Behaviour</source>, Vol. <volume>36</volume> No. <issue>S1</issue>, pp. <fpage>S6</fpage>-<lpage>S32</lpage>.</mixed-citation></ref><ref id="ref055"><mixed-citation publication-type="journal"><person-group person-group-type="author"><string-name><surname>Schildt</surname>, <given-names>H.</given-names></string-name>, <string-name><surname>Mantere</surname>, <given-names>S.</given-names></string-name> and <string-name><surname>Cornelissen</surname>, <given-names>J.</given-names></string-name></person-group> (<year>2020</year>), “<article-title>Power in sensemaking processes</article-title>”, <source>Organization Studies</source>, Vol. <volume>41</volume> No. <issue>2</issue>, pp. <fpage>241</fpage>-<lpage>265</lpage>.</mixed-citation></ref><ref id="ref056"><mixed-citation publication-type="journal"><person-group person-group-type="author"><string-name><surname>Schwartz</surname>, <given-names>H.S.</given-names></string-name></person-group> (<year>1987</year>), “<article-title>On the psychodynamics of organizational totalitarianism</article-title>”, <source>Journal of Management</source>, Vol. <volume>13</volume> No. <issue>1</issue>, pp. <fpage>41</fpage>-<lpage>54</lpage>.</mixed-citation></ref><ref id="ref057"><mixed-citation publication-type="journal"><person-group person-group-type="author"><string-name><surname>Shenoy-Packer</surname>, <given-names>S.</given-names></string-name></person-group> (<year>2014</year>), “<article-title>Immigrant professionals, microaggressions, and critical sensemaking in the US workplace</article-title>”, <source>Management Communication Quarterly</source>, Vol. <volume>29</volume> No. <issue>2</issue>, pp. <fpage>257</fpage>-<lpage>275</lpage>.</mixed-citation></ref><ref id="ref058"><mixed-citation publication-type="journal"><person-group person-group-type="author"><string-name><surname>Shin</surname>, <given-names>D.</given-names></string-name> and <string-name><surname>Konrad</surname>, <given-names>A.M.</given-names></string-name></person-group> (<year>2017</year>), “<article-title>Causality between high-performance work systems and organizational performance</article-title>”, <source>Journal of Management</source>, Vol. <volume>43</volume> No. <issue>4</issue>, pp. <fpage>973</fpage>-<lpage>997</lpage>.</mixed-citation></ref><ref id="ref059"><mixed-citation publication-type="journal"><person-group person-group-type="author"><string-name><surname>Smerek</surname>, <given-names>R.</given-names></string-name></person-group> (<year>2011</year>), “<article-title>Sensemaking and sensegiving: an exploratory study of the simultaneous ‘being and learning’ of new college and university presidents</article-title>”, <source>Journal of Leadership and Organizational Studies</source>, Vol. <volume>18</volume> No. <issue>1</issue>, pp. <fpage>80</fpage>-<lpage>94</lpage>.</mixed-citation></ref><ref id="ref060"><mixed-citation publication-type="journal"><person-group person-group-type="author"><string-name><surname>Soehardjojo</surname>, <given-names>J.</given-names></string-name> and <string-name><surname>Delbridge</surname>, <given-names>R.</given-names></string-name></person-group> (<year>2022</year>), “<article-title>Dominance and societal effects in HR practice transfer: the role of meso-level actors in diffusing and adapting the Japanese model in Indonesia</article-title>”, <source>The International Journal of Human Resource Management</source>, pp. <fpage>1</fpage>-<lpage>33</lpage>, doi: <pub-id pub-id-type="doi">10.1080/09585192.2022.2122729</pub-id>.</mixed-citation></ref><ref id="ref061"><mixed-citation publication-type="journal"><person-group person-group-type="author"><string-name><surname>Sonenshein</surname>, <given-names>S.</given-names></string-name></person-group> (<year>2010</year>), “<article-title>We’re changing or are we? Untangling the role of progressive, regressive and stability narratives during strategic change implementation</article-title>”, <source>Academy of Management Journal</source>, Vol. <volume>53</volume> No. <issue>3</issue>, pp. <fpage>477</fpage>-<lpage>512</lpage>.</mixed-citation></ref><ref id="ref062"><mixed-citation publication-type="journal"><person-group person-group-type="author"><string-name><surname>Taylor</surname>, <given-names>S.</given-names></string-name>, <string-name><surname>Beechler</surname>, <given-names>S.</given-names></string-name> and <string-name><surname>Napier</surname>, <given-names>N.</given-names></string-name></person-group> (<year>1996</year>), “<article-title>Toward an integrative model of strategic international human resource management</article-title>”, <source>Academy of Management Review</source>, Vol. <volume>21</volume>, pp. <fpage>959</fpage>-<lpage>985</lpage>.</mixed-citation></ref><ref id="ref063"><mixed-citation publication-type="book-chapter"><person-group person-group-type="author"><string-name><surname>Thurlow</surname>, <given-names>A.</given-names></string-name></person-group> (<year>2010</year>), “<chapter-title>Critical sensemaking</chapter-title>”, in <person-group person-group-type="editor"><string-name><surname>Mills</surname>, <given-names>A.J.</given-names></string-name>, <string-name><surname>Durepos</surname>, <given-names>G.</given-names></string-name> and <string-name><surname>Wiebe</surname>, <given-names>E.</given-names></string-name></person-group> (Eds), <source>Sage Encyclopedia of Case Study Research</source>, Vol. <volume>1</volume>, <publisher-name>Sage Publications</publisher-name>, <publisher-loc>California, CA</publisher-loc>, pp. <fpage>257</fpage>-<lpage>260</lpage>.</mixed-citation></ref><ref id="ref064"><mixed-citation publication-type="journal"><person-group person-group-type="author"><string-name><surname>Thurlow</surname>, <given-names>A.</given-names></string-name> and <string-name><surname>Mills</surname>, <given-names>J.H.</given-names></string-name></person-group> (<year>2009</year>), “<article-title>Change, talk and sensemaking</article-title>”, <source>Journal of Organizational Change Management</source>, Vol. <volume>22</volume> No. <issue>5</issue>, pp. <fpage>459</fpage>-<lpage>479</lpage>.</mixed-citation></ref><ref id="ref065"><mixed-citation publication-type="journal"><person-group person-group-type="author"><string-name><surname>Turnbull</surname>, <given-names>S.</given-names></string-name></person-group> (<year>2001</year>), “<article-title>Corporate ideology-meanings and contradictions for middle managers</article-title>”, <source>British Journal of Management</source>, Vol. <volume>12</volume> No. <issue>3</issue>, pp. <fpage>231</fpage>-<lpage>242</lpage>.</mixed-citation></ref><ref id="ref066"><mixed-citation publication-type="book"><person-group person-group-type="author"><string-name><surname>Unger</surname>, <given-names>R.M.</given-names></string-name></person-group> (<year>2004</year>), <source>False Necessity: Anti-necessitarian Social Theory in the Service of Radical Democracy: From Politics, a Work in Constructive Social Theory</source>, <publisher-name>Verso</publisher-name>, <publisher-loc>New York, NY</publisher-loc>.</mixed-citation></ref><ref id="ref067"><mixed-citation publication-type="journal"><person-group person-group-type="author"><string-name><surname>Vaara</surname>, <given-names>E.</given-names></string-name>, <string-name><surname>Kleymann</surname>, <given-names>B.</given-names></string-name> and <string-name><surname>Seristö</surname>, <given-names>H.</given-names></string-name></person-group> (<year>2004</year>), “<article-title>Strategies as discursive constructions: the case of airline alliances</article-title>”, <source>Journal of Management Studies</source>, Vol. <volume>41</volume> No. <issue>1</issue>, pp. <fpage>1</fpage>-<lpage>35</lpage>.</mixed-citation></ref><ref id="ref068"><mixed-citation publication-type="journal"><person-group person-group-type="author"><string-name><surname>Van Dijk</surname>, <given-names>T.A.</given-names></string-name></person-group> (<year>2006</year>), “<article-title>Ideology and discourse analysis</article-title>”, <source>Journal of Political Ideologies</source>, Vol. <volume>11</volume> No. <issue>2</issue>, pp. <fpage>115</fpage>-<lpage>140</lpage>.</mixed-citation></ref><ref id="ref077"><mixed-citation publication-type="journal"><person-group person-group-type="author"><string-name><surname>Van Maanen</surname>, <given-names>J.</given-names></string-name>, <string-name><surname>Sørensen</surname>, <given-names>J.B.</given-names></string-name> and <string-name><surname>Mitchell</surname>, <given-names>T.R.</given-names></string-name></person-group> (<year>2007</year>), “<article-title>The interplay between theory and method</article-title>”, <source>Academy of Management Review</source>, Vol. <volume>32</volume> No. <issue>4</issue>, pp. <fpage>1145</fpage>-<lpage>1154</lpage>.</mixed-citation></ref><ref id="ref069"><mixed-citation publication-type="book"><person-group person-group-type="author"><string-name><surname>Weick</surname>, <given-names>K.E.</given-names></string-name></person-group> (<year>1995</year>), <source>Sensemaking in Organizations</source>, Vol. <volume>3</volume>, <publisher-name>Sage</publisher-name>, <publisher-loc>London, LDN</publisher-loc>.</mixed-citation></ref><ref id="ref070"><mixed-citation publication-type="journal"><person-group person-group-type="author"><string-name><surname>Wilson</surname>, <given-names>A.M.</given-names></string-name></person-group> (<year>1998</year>), “<article-title>The role of mystery shopping in the measurement of service performance</article-title>”, <source>Managing Service Quality: An International Journal</source>, Vol. <volume>8</volume> No. <issue>6</issue>, pp. <fpage>414</fpage>-<lpage>420</lpage>.</mixed-citation></ref><ref id="ref071"><mixed-citation publication-type="journal"><person-group person-group-type="author"><string-name><surname>Ybema</surname>, <given-names>S.</given-names></string-name> and <string-name><surname>Byun</surname>, <given-names>H.</given-names></string-name></person-group> (<year>2009</year>), “<article-title>Cultivating cultural differences in asymmetric power relations</article-title>”, <source>International Journal of Cross Cultural Management</source>, Vol. <volume>9</volume> No. <issue>3</issue>, pp. <fpage>339</fpage>-<lpage>358</lpage>.</mixed-citation></ref><ref id="ref072"><mixed-citation publication-type="journal"><person-group person-group-type="author"><string-name><surname>Zhu</surname>, <given-names>Y.</given-names></string-name></person-group> (<year>2016</year>), “<article-title>Introducing omotenashi to the world: challenges to Japanese customer service in a cross-cultural setting</article-title>”, <source>Transcultural Management Review</source>, Vol. <volume>13</volume>, pp. <fpage>47</fpage>-<lpage>63</lpage>.</mixed-citation></ref></ref-list></back></article>