<?xml version="1.0" encoding="UTF-8"?>
<!DOCTYPE article PUBLIC "-//NLM//DTD JATS (Z39.96) Journal Archiving and Interchange DTD with MathML3 v1.1d1 20130915//EN" "JATS-archivearticle1-mathml3.dtd"><article xmlns:mml="http://www.w3.org/1998/Math/MathML" xmlns:xlink="http://www.w3.org/1999/xlink" article-type="research-article" dtd-version="1.1d1" xml:lang="en">
<front id="meta-hdr">
<journal-meta>
<journal-id journal-id-type="publisher-id">SCM</journal-id>
<journal-id journal-id-type="doi">10.1108/SCM</journal-id>
<journal-title-group>
<journal-title>Supply Chain Management: An International Journal</journal-title>
<abbrev-journal-title abbrev-type="publisher">SCM</abbrev-journal-title>
</journal-title-group>
<issn publication-format="print">1359-8546</issn>
<issn publication-format="online">1359-8546</issn>
<publisher>
<publisher-name>Emerald Publishing Limited</publisher-name>
</publisher>
</journal-meta>
<article-meta id="art-meta">
<article-id pub-id-type="publisher-id">701331</article-id>
<article-id pub-id-type="doi">10.1108/SCM-08-2022-0305</article-id>
<article-id pub-id-type="original-pdf">SCM-08-2022-0305.pdf</article-id>
<article-id pub-id-type="filename">SCM-08-2022-0305</article-id>
<article-categories>
<subj-group subj-group-type="type-of-publication">
<compound-subject>
<compound-subject-part content-type="code">research-article</compound-subject-part>
<compound-subject-part content-type="label">Research paper</compound-subject-part>
</compound-subject>
</subj-group>
<subj-group subj-group-type="subject">
<compound-subject>
<compound-subject-part content-type="code">cat-MSOP</compound-subject-part>
<compound-subject-part content-type="label">Management science &amp; operations</compound-subject-part>
</compound-subject>
<subj-group subj-group-type="subject">
<compound-subject>
<compound-subject-part content-type="code"/>
<compound-subject-part content-type="label"> Supply chain management</compound-subject-part>
</compound-subject>
</subj-group>
</subj-group>
</article-categories>
<title-group>
<article-title xml:lang="en">Sustainability in the supply chain – understanding suppliers’ resource allocation for sustainability issues</article-title>
</title-group>
<contrib-group>
<contrib contrib-type="author">
<name-alternatives>
<name name-style="western"><surname>Ingenbleek</surname><given-names>Paul T.M.</given-names></name>
<string-name name-style="western"><given-names>Paul T.M.</given-names> <surname>Ingenbleek</surname>
</string-name>
</name-alternatives><email>paul.ingenbleek@wur.nl</email><xref ref-type="aff" rid="aff1"/>
</contrib>
<contrib corresp="yes" contrib-type="author">
<name-alternatives>
<name name-style="western"><surname>Krampe</surname><given-names>Caspar</given-names></name>
<string-name name-style="western"><given-names>Caspar</given-names> <surname>Krampe</surname>
</string-name>
</name-alternatives><email>caspar.krampe@wur.nl</email><xref ref-type="aff" rid="aff1"/>
</contrib>
<aff id="aff1">Marketing and Consumer Behaviour Group, <institution-wrap><institution>Wageningen University</institution></institution-wrap>, Wageningen, The <country country="NL">Netherlands</country></aff>
</contrib-group>
<author-notes>
<corresp id="cor1">Caspar Krampe can be contacted at: <ext-link ext-link-type="email" xlink:href="mailto:caspar.krampe@wur.nl">caspar.krampe@wur.nl</ext-link></corresp></author-notes>
<pub-date publication-format="electronic" date-type="pub" iso-8601-date="2023-04-13"><day>13</day><month>04</month><year>2023</year></pub-date>
<pub-date publication-format="print" date-type="pub" iso-8601-date="2023-12-18"><day>18</day><month>12</month><year>2023</year></pub-date>
<volume>28</volume><issue>7</issue>
<fpage>28</fpage><lpage>42</lpage>
<history>
<date date-type="received" iso-8601-date="2022-08-02"><day>02</day><month>08</month><year>2022</year></date>
<date date-type="revised" iso-8601-date="2022-11-09"><day>09</day><month>11</month><year>2022</year></date>
<date date-type="revised" iso-8601-date="2022-12-12"><day>12</day><month>12</month><year>2022</year></date>
<date date-type="revised" iso-8601-date="2023-01-13"><day>13</day><month>01</month><year>2023</year></date>
<date date-type="revised" iso-8601-date="2023-02-20"><day>20</day><month>02</month><year>2023</year></date>
<date date-type="revised" iso-8601-date="2023-02-24"><day>24</day><month>02</month><year>2023</year></date>
<date date-type="accepted" iso-8601-date="2023-02-27"><day>27</day><month>02</month><year>2023</year></date>
</history>
<permissions>
<copyright-statement>© Paul T.M. Ingenbleek and Caspar Krampe.</copyright-statement>
<copyright-year>2023</copyright-year>
<copyright-holder>Paul T.M. Ingenbleek and Caspar Krampe.</copyright-holder>
<license license-type="open-access">
<license-p>Published by Emerald Publishing Limited. This article is published under the Creative Commons Attribution (CC BY 4.0) licence. Anyone may reproduce, distribute, translate and create derivative works of this article (for both commercial &amp; non-commercial purposes), subject to full attribution to the original publication and authors. The full terms of this licence may be seen at <ext-link ext-link-type="uri" xlink:href="http://creativecommons.org/licences/by/4.0/legalcode">http://creativecommons.org/licences/by/4.0/legalcode</ext-link></license-p>
</license>
</permissions>
<self-uri content-type="pdf" xlink:href="SCM-08-2022-0305.pdf"/>
<abstract abstract-type="structured" id="abstr1" xml:lang="en">
<sec>
<title content-type="abstract-subheading">Purpose</title>
<p>As corporate sustainability is systemic, it cannot be achieved without effective involvement of suppliers. This study aims to examine the drivers of supplier companies’ resource allocation to a sustainability issue that affects customer companies and society at large.</p>
</sec>
<sec>
<title content-type="abstract-subheading">Design/methodology/approach</title>
<p>Supplier companies’ resource allocation for a sustainability issue is explained from variables at the levels of the institutional, supply chain and internal environments of a supplier company. The framework is tested with a moderated regression model on 102 supplier companies in animal-based supply chains, focussing on their resource allocation for farm animal welfare.</p>
</sec>
<sec>
<title content-type="abstract-subheading">Findings</title>
<p>The findings show that supply chain factors have the strongest influence on suppliers’ resource allocation, including a strong effect of investment specificity and a U-shaped effect of chain integration. Also, significant effects from institutional variables, namely, the pressure on consumer companies, and an inverted U-shaped effect of sustainability competition are found. The innovativeness, referring to the internal environment of supplier companies, appears as another important factor for the allocation of resources to animal welfare, as a sustainability issue.</p>
</sec>
<sec>
<title content-type="abstract-subheading">Research limitations/implications</title>
<p>The results have implications for consumer market companies to deal with sustainability issues that require involvement of their suppliers, for supplier companies to increase their competitive positions and strengthen their relationships within the supply chain, and for policymakers seeking solutions for sustainability issues in the market domain.</p>
</sec>
<sec>
<title content-type="abstract-subheading">Originality/value</title>
<p>While existing literature focusses mostly on the corporate sustainability of highly visible and large consumer companies, to the best of the authors’ knowledge, this study is the first to examine the drivers of supplier companies’ resource allocation for a sustainability issue, namely, animal welfare. It provides insights on what drives supplier companies, usually operating outside the spotlight, to become part of a sustainability transition.</p>
</sec>
</abstract>
<kwd-group kwd-group-type="author-generated" xml:lang="en">
<kwd>Resource allocation</kwd><x xml:space="preserve">, </x>
<kwd>Corporate sustainability</kwd><x xml:space="preserve">, </x>
<kwd>Supply chain companies</kwd><x xml:space="preserve">, </x>
<kwd>Sustainability issues</kwd><x xml:space="preserve">, </x>
<kwd>Agribusiness supply chains</kwd>
</kwd-group>
<counts>
<fig-count count="2"/>
<table-count count="3"/>
<equation-count count="1"/>
<ref-count count="83"/>
<page-count count="15"/>
<word-count count="11509"/>
</counts>
<custom-meta-group>
<custom-meta>
<meta-name>copyright-code</meta-name>
<meta-value>Z</meta-value>
</custom-meta>
<custom-meta>
<meta-name>deliverables</meta-name>
<meta-value>Web-ready article package</meta-value>
</custom-meta>
<custom-meta>
<meta-name>peer-reviewed</meta-name>
<meta-value>Yes</meta-value>
</custom-meta>
<custom-meta>
<meta-name>academic-content</meta-name>
<meta-value>Yes</meta-value>
</custom-meta>
<custom-meta>
<meta-name>EContentType</meta-name>
<meta-value>JOURNAL</meta-value>
</custom-meta>
<custom-meta>
<meta-name>rightslink</meta-name>
<meta-value>excluded</meta-value>
</custom-meta>
</custom-meta-group>
</article-meta>
</front>

<back>
<ref-list id="refs1">
<title>References</title>
<ref id="ref001"><mixed-citation publication-type="journal"><person-group person-group-type="author"><string-name><surname>Abbasi</surname>, <given-names>M.</given-names></string-name> and <string-name><surname>Nilsson</surname>, <given-names>F.</given-names></string-name></person-group> (<year>2012</year>), “<article-title>Themes and challenges in making supply chains environmentally sustainable</article-title>”, <source>Supply Chain Management: An International Journal</source>, Vol. <volume>17</volume> No. <issue>5</issue>, pp. <fpage>517</fpage>-<lpage>530</lpage>.</mixed-citation></ref>
<ref id="ref00560"><mixed-citation publication-type="book"><person-group person-group-type="author"><string-name><surname>Aiken</surname>, <given-names>L.S.</given-names></string-name>, <string-name><surname>West</surname>, <given-names>S.G.</given-names></string-name> and <string-name><surname>Reno</surname>, <given-names>R.R.</given-names></string-name></person-group> (<year>1991</year>), <source>Multiple Regression: Testing and Interpreting Interactions</source>, <publisher-loc>Sage</publisher-loc>.</mixed-citation></ref>
<ref id="ref002"><mixed-citation publication-type="journal"><person-group person-group-type="author"><string-name><surname>Andersen</surname>, <given-names>M.</given-names></string-name> and <string-name><surname>Skjoett‐Larsen</surname>, <given-names>T.</given-names></string-name></person-group> (<year>2009</year>), “<article-title>Corporate social responsibility in global supply chains</article-title>”, <source>Supply Chain Management: An International Journal</source>, Vol. <volume>14</volume> No. <issue>2</issue>, pp. <fpage>75</fpage>-<lpage>86</lpage>.</mixed-citation></ref>
<ref id="ref003"><mixed-citation publication-type="journal"><person-group person-group-type="author"><string-name><surname>Aramyan</surname>, <given-names>L.</given-names></string-name>, <string-name><surname>Ingenbleek</surname>, <given-names>P.</given-names></string-name>, <string-name><surname>Backus</surname>, <given-names>G.</given-names></string-name>, <string-name><surname>de Roest</surname>, <given-names>K.</given-names></string-name> and <string-name><surname>Tranter</surname>, <given-names>R.</given-names></string-name></person-group> (<year>2013</year>), “<article-title>Evaluating the likelihood of the adoption of an animal welfare assessment system in European agri‐food supply chains</article-title>”, <source>International Journal of Quality &amp; Reliability Management</source>, Vol. <volume>30</volume> No. <issue>1</issue>.</mixed-citation></ref>
<ref id="ref0056"><mixed-citation publication-type="journal"><person-group person-group-type="author"><string-name><surname>Armstrong</surname>, <given-names>J.S.</given-names></string-name> and <string-name><surname>Overton</surname>, <given-names>T.S.</given-names></string-name></person-group> (<year>1977</year>), “<article-title>Estimating nonresponse bias in mail surveys</article-title>”, <source>Journal of Marketing Research</source>, Vol. <volume>14</volume> No. <issue>3</issue>, pp. <fpage>396</fpage>-<lpage>402</lpage>.</mixed-citation></ref>
<ref id="ref004"><mixed-citation publication-type="journal"><person-group person-group-type="author"><string-name><surname>Ataseven</surname>, <given-names>C.</given-names></string-name> and <string-name><surname>Nair</surname>, <given-names>A.</given-names></string-name></person-group> (<year>2017</year>), “<article-title>Assessment of supply chain integration and performance relationships: a meta-analytic investigation of the literature</article-title>”, <source>International Journal of Production Economics</source>, Vol. <volume>185</volume>, pp. <fpage>252</fpage>-<lpage>265</lpage>.</mixed-citation></ref>
<ref id="ref005"><mixed-citation publication-type="journal"><person-group person-group-type="author"><string-name><surname>Azadegan</surname>, <given-names>A.</given-names></string-name> and <string-name><surname>Dooley</surname>, <given-names>K.J.</given-names></string-name></person-group> (<year>2010</year>), “<article-title>Supplier innovativeness, organizational learning styles and manufacturer performance: an empirical assessment</article-title>”, <source>Journal of Operations Management</source>, Vol. <volume>28</volume> No. <issue>6</issue>, pp. <fpage>488</fpage>-<lpage>505</lpage>.</mixed-citation></ref>
<ref id="ref006"><mixed-citation publication-type="journal"><person-group person-group-type="author"><string-name><surname>Barney</surname>, <given-names>J.B.</given-names></string-name></person-group> (<year>1995</year>), “<article-title>Looking inside for competitive advantage</article-title>”, <source>Academy of Management Perspectives</source>, Vol. <volume>9</volume> No. <issue>4</issue>, pp. <fpage>49</fpage>-<lpage>61</lpage>.</mixed-citation></ref>
<ref id="ref007"><mixed-citation publication-type="journal"><person-group person-group-type="author"><string-name><surname>Bergh</surname>, <given-names>D.D.</given-names></string-name>, <string-name><surname>Ketchen</surname>, <given-names>D.J.</given-names>, <suffix>Jr</suffix></string-name>, <string-name><surname>Orlandi</surname>, <given-names>I.</given-names></string-name>, <string-name><surname>Heugens</surname>, <given-names>P.P.</given-names></string-name> and <string-name><surname>Boyd</surname>, <given-names>B.K.</given-names></string-name></person-group> (<year>2019</year>), “<article-title>Information asymmetry in management research: past accomplishments and future opportunities</article-title>”, <source>Journal of Management</source>, Vol. <volume>45</volume> No. <issue>1</issue>, pp. <fpage>122</fpage>-<lpage>158</lpage>.</mixed-citation></ref>
<ref id="ref008"><mixed-citation publication-type="journal"><person-group person-group-type="author"><string-name><surname>Braunscheidel</surname>, <given-names>M.J.</given-names></string-name> and <string-name><surname>Suresh</surname>, <given-names>N.C.</given-names></string-name></person-group> (<year>2009</year>), “<article-title>The organizational antecedents of a firm’s supply chain agility for risk mitigation and response</article-title>”, <source>Journal of Operations Management</source>, Vol. <volume>27</volume> No. <issue>2</issue>, pp. <fpage>119</fpage>-<lpage>140</lpage>.</mixed-citation></ref>
<ref id="ref009"><mixed-citation publication-type="journal"><person-group person-group-type="author"><string-name><surname>Burke</surname>, <given-names>P.F.</given-names></string-name>, <string-name><surname>Dowling</surname>, <given-names>G.</given-names></string-name> and <string-name><surname>Wei</surname>, <given-names>E.</given-names></string-name></person-group> (<year>2018</year>), “<article-title>The relative impact of corporate reputation on consumer choice: beyond a halo effect</article-title>”, <source>Journal of Marketing Management</source>, Vol. <volume>34</volume> Nos <issue>13/14</issue>, pp. <fpage>1227</fpage>-<lpage>1257</lpage>.</mixed-citation></ref>
<ref id="ref010"><mixed-citation publication-type="journal"><person-group person-group-type="author"><string-name><surname>Carter</surname>, <given-names>C.</given-names></string-name>, <string-name><surname>Ketchen</surname>, <given-names>D.</given-names></string-name> and <string-name><surname>Kaufmann</surname>, <given-names>L.</given-names></string-name></person-group> (<year>2021</year>), “<article-title>Configurational approaches to theory development in supply chain management: leveraging underexplored opportunities</article-title>”, <source>Journal of Supply Chain Management</source>, Vol. <volume>58</volume> No. <issue>3</issue>.</mixed-citation></ref>
<ref id="ref011"><mixed-citation publication-type="web"><person-group person-group-type="author"><collab>CBS</collab></person-group> (<year>2022</year>), <comment>available at: <ext-link ext-link-type="uri" xlink:href="http://www.cbs.nl/en-gb/news/2021/25/the-netherlands-is-the-eu-s-largest-meat-exporter">www.cbs.nl/en-gb/news/2021/25/the-netherlands-is-the-eu-s-largest-meat-exporter</ext-link></comment></mixed-citation></ref>
<ref id="ref012"><mixed-citation publication-type="journal"><person-group person-group-type="author"><string-name><surname>Chandy</surname>, <given-names>R.K.</given-names></string-name> and <string-name><surname>Tellis</surname>, <given-names>G.J.</given-names></string-name></person-group> (<year>1998</year>), “<article-title>Organizing for radical product innovation: the overlooked role of willingness to cannibalize</article-title>”, <source>Journal of Marketing Research</source>, Vol. <volume>35</volume> No. <issue>4</issue>, pp. <fpage>474</fpage>-<lpage>487</lpage>.</mixed-citation></ref>
<ref id="ref013"><mixed-citation publication-type="journal"><person-group person-group-type="author"><string-name><surname>Chatterji</surname>, <given-names>A.K.</given-names></string-name> and <string-name><surname>Toffel</surname>, <given-names>M.W.</given-names></string-name></person-group> (<year>2010</year>), “<article-title>How firms respond to being rated</article-title>”, <source>Strategic Management Journal</source>, Vol. <volume>31</volume> No. <issue>9</issue>, pp. <fpage>917</fpage>-<lpage>945</lpage>.</mixed-citation></ref>
<ref id="ref014"><mixed-citation publication-type="journal"><person-group person-group-type="author"><string-name><surname>Ciliberti</surname>, <given-names>F.</given-names></string-name>, <string-name><surname>Pontrandolfo</surname>, <given-names>P.</given-names></string-name> and <string-name><surname>Scozzi</surname>, <given-names>B.</given-names></string-name></person-group> (<year>2008</year>), “<article-title>Investigating corporate social responsibility in supply chains: a SME perspective</article-title>”, <source>Journal of Cleaner Production</source>, Vol. <volume>16</volume> No. <issue>15</issue>, pp. <fpage>1579</fpage>-<lpage>1588</lpage>.</mixed-citation></ref>
<ref id="ref015"><mixed-citation publication-type="book"><person-group person-group-type="author"><string-name><surname>Clarkson</surname>, <given-names>M.B.</given-names></string-name></person-group> (<year>2016</year>), <source>A Stakeholder Framework for Analysing and Evaluating Corporate Social Performance</source>, <publisher-name>University of Toronto Press</publisher-name>, pp. <fpage>243</fpage>-<lpage>274</lpage>.</mixed-citation></ref>
<ref id="ref016"><mixed-citation publication-type="journal"><person-group person-group-type="author"><string-name><surname>Day</surname>, <given-names>G.S.</given-names></string-name></person-group> (<year>1994</year>), “<article-title>The capabilities of market-driven organizations</article-title>”, <source>Journal of Marketing</source>, Vol. <volume>58</volume> No. <issue>4</issue>, pp. <fpage>37</fpage>-<lpage>52</lpage>.</mixed-citation></ref>
<ref id="ref017"><mixed-citation publication-type="journal"><person-group person-group-type="author"><string-name><surname>Deng</surname>, <given-names>W.</given-names></string-name>, <string-name><surname>Feng</surname>, <given-names>L.</given-names></string-name>, <string-name><surname>Zhao</surname>, <given-names>X.</given-names></string-name> and <string-name><surname>Lou</surname>, <given-names>Y.</given-names></string-name></person-group> (<year>2020</year>), “<article-title>Effects of supply chain competition on firms’ product sustainability strategy</article-title>”, <source>Journal of Cleaner Production</source>, Vol. <volume>275</volume>, p. <fpage>124061</fpage>.</mixed-citation></ref>
<ref id="ref018"><mixed-citation publication-type="journal"><person-group person-group-type="author"><string-name><surname>Du</surname>, <given-names>S.</given-names></string-name>, <string-name><surname>Bhattacharya</surname>, <given-names>C.B.</given-names></string-name> and <string-name><surname>Sen</surname>, <given-names>S.</given-names></string-name></person-group> (<year>2007</year>), “<article-title>Reaping relational rewards from corporate social responsibility: the role of competitive positioning</article-title>”, <source>International Journal of Research in Marketing</source>, Vol. <volume>24</volume> No. <issue>3</issue>, pp. <fpage>224</fpage>-<lpage>241</lpage>.</mixed-citation></ref>
<ref id="ref019"><mixed-citation publication-type="journal"><person-group person-group-type="author"><string-name><surname>Dwyer</surname>, <given-names>F.R.</given-names></string-name>, <string-name><surname>Schurr</surname>, <given-names>P.H.</given-names></string-name> and <string-name><surname>Oh</surname>, <given-names>S.</given-names></string-name></person-group> (<year>1987</year>), “<article-title>Developing buyer-seller relationships</article-title>”, <source>Journal of Marketing</source>, Vol. <volume>51</volume> No. <issue>2</issue>, pp. <fpage>11</fpage>-<lpage>27</lpage>.</mixed-citation></ref>
<ref id="ref020"><mixed-citation publication-type="journal"><person-group person-group-type="author"><string-name><surname>Eesley</surname>, <given-names>C.</given-names></string-name> and <string-name><surname>Lenox</surname>, <given-names>M.J.</given-names></string-name></person-group> (<year>2006</year>), “<article-title>Firm responses to secondary stakeholder action</article-title>”, <source>Strategic Management Journal</source>, Vol. <volume>27</volume> No. <issue>8</issue>, pp. <fpage>765</fpage>-<lpage>781</lpage>.</mixed-citation></ref>
<ref id="ref021"><mixed-citation publication-type="journal"><person-group person-group-type="author"><string-name><surname>Fan</surname>, <given-names>D.</given-names></string-name>, <string-name><surname>Xiao</surname>, <given-names>C.</given-names></string-name>, <string-name><surname>Zhang</surname>, <given-names>X.</given-names></string-name> and <string-name><surname>Guo</surname>, <given-names>Y.</given-names></string-name></person-group> (<year>2021</year>), “<article-title>Gaining customer satisfaction through sustainable supplier development: the role of firm reputation and marketing communication</article-title>”, <source>Transportation Research Part E: Logistics and Transportation Review</source>, Vol. <volume>154</volume>, p. <fpage>102453</fpage>.</mixed-citation></ref>
<ref id="ref022"><mixed-citation publication-type="journal"><person-group person-group-type="author"><string-name><surname>Fernando</surname>, <given-names>S.</given-names></string-name> and <string-name><surname>Lawrence</surname>, <given-names>S.</given-names></string-name></person-group> (<year>2014</year>), “<article-title>A theoretical framework for CSR practices: integrating legitimacy theory, stakeholder theory and institutional theory</article-title>”, <source>Journal of Theoretical Accounting Research</source>, Vol. <volume>10</volume> No. <issue>1</issue>, pp. <fpage>149</fpage>-<lpage>178</lpage>.</mixed-citation></ref>
<ref id="ref023"><mixed-citation publication-type="other"><person-group person-group-type="author"><string-name><surname>Flynn</surname>, <given-names>B.</given-names></string-name>, <string-name><surname>Pagell</surname>, <given-names>M.</given-names></string-name> and <string-name><surname>Fugate</surname>, <given-names>B.</given-names></string-name></person-group> (<year>2020</year>), “<article-title>From the editors: introduction to the emerging discourse incubator on the topic of emerging approaches for developing supply chain management theory</article-title>”.</mixed-citation></ref>
<ref id="ref024"><mixed-citation publication-type="journal"><person-group person-group-type="author"><string-name><surname>Foerstl</surname>, <given-names>K.</given-names></string-name>, <string-name><surname>Azadegan</surname>, <given-names>A.</given-names></string-name>, <string-name><surname>Leppelt</surname>, <given-names>T.</given-names></string-name> and <string-name><surname>Hartmann</surname>, <given-names>E.</given-names></string-name></person-group> (<year>2015</year>), “<article-title>Drivers of supplier sustainability: moving beyond compliance to commitment</article-title>”, <source>Journal of Supply Chain Management</source>, Vol. <volume>51</volume> No. <issue>1</issue>, pp. <fpage>67</fpage>-<lpage>92</lpage>.</mixed-citation></ref>
<ref id="ref025"><mixed-citation publication-type="book"><person-group person-group-type="author"><string-name><surname>Freeman</surname>, <given-names>R.E.</given-names></string-name>, <string-name><surname>Harrison</surname>, <given-names>J.S.</given-names></string-name> and <string-name><surname>Wicks</surname>, <given-names>A.</given-names></string-name></person-group> (<year>2008</year>), <source>Managing for Stakeholders: Survival, Reputation, and Success</source>, <publisher-name>Yale University Press</publisher-name>, <publisher-loc>New haven, CT</publisher-loc>.</mixed-citation></ref>
<ref id="ref026"><mixed-citation publication-type="journal"><person-group person-group-type="author"><string-name><surname>Frels</surname>, <given-names>J.K.</given-names></string-name>, <string-name><surname>Shervani</surname>, <given-names>T.</given-names></string-name> and <string-name><surname>Srivastava</surname>, <given-names>R.K.</given-names></string-name></person-group> (<year>2003</year>), “<article-title>The integrated networks model: explaining resource allocations in network markets</article-title>”, <source>Journal of Marketing</source>, Vol. <volume>67</volume> No. <issue>1</issue>, pp. <fpage>29</fpage>-<lpage>45</lpage>.</mixed-citation></ref>
<ref id="ref0010"><mixed-citation publication-type="journal"><person-group person-group-type="author"><string-name><surname>Geels</surname>, <given-names>F.W.</given-names></string-name></person-group> (<year>2020</year>), “<article-title>Micro-foundations of the multi-level perspective on socio-technical transitions: developing a multi-dimensional model of agency through crossovers between social constructivism, evolutionary economics and neo-institutional theory</article-title>”, <source>Technological Forecasting and Social Change</source>, Vol. <volume>152</volume>, p. <fpage>119894</fpage>.</mixed-citation></ref>
<ref id="ref027"><mixed-citation publication-type="journal"><person-group person-group-type="author"><string-name><surname>Ghosh</surname>, <given-names>M.</given-names></string-name> and <string-name><surname>John</surname>, <given-names>G.</given-names></string-name></person-group> (<year>1999</year>), “<article-title>Governance value analysis and marketing strategy</article-title>”, <source>Journal of Marketing</source>, Vol. <volume>63</volume> No. <issue>4_suppl1</issue>, pp. <fpage>131</fpage>-<lpage>145</lpage>.</mixed-citation></ref>
<ref id="ref028"><mixed-citation publication-type="journal"><person-group person-group-type="author"><string-name><surname>Glover</surname>, <given-names>J.L.</given-names></string-name>, <string-name><surname>Champion</surname>, <given-names>D.</given-names></string-name>, <string-name><surname>Daniels</surname>, <given-names>K.J.</given-names></string-name> and <string-name><surname>Dainty</surname>, <given-names>A.J.</given-names></string-name></person-group> (<year>2014</year>), “<article-title>An institutional theory perspective on sustainable practices across the dairy supply chain</article-title>”, <source>International Journal of Production Economics</source>, Vol. <volume>152</volume>, pp. <fpage>102</fpage>-<lpage>111</lpage>.</mixed-citation></ref>
<ref id="ref029"><mixed-citation publication-type="journal"><person-group person-group-type="author"><string-name><surname>Godfrey</surname>, <given-names>P.C.</given-names></string-name>, <string-name><surname>Merrill</surname>, <given-names>C.B.</given-names></string-name> and <string-name><surname>Hansen</surname>, <given-names>J.M.</given-names></string-name></person-group> (<year>2009</year>), “<article-title>The relationship between corporate social responsibility and shareholder value: an empirical test of the risk management hypothesis</article-title>”, <source>Strategic Management Journal</source>, Vol. <volume>30</volume> No. <issue>4</issue>, pp. <fpage>425</fpage>-<lpage>445</lpage>.</mixed-citation></ref>
<ref id="ref030"><mixed-citation publication-type="journal"><person-group person-group-type="author"><string-name><surname>Golder</surname>, <given-names>P.N.</given-names></string-name> and <string-name><surname>Tellis</surname>, <given-names>G.J.</given-names></string-name></person-group> (<year>1993</year>), “<article-title>Pioneer advantage: marketing logic or marketing legend</article-title>”, <source>Journal of Marketing Research</source>, Vol. <volume>30</volume> No. <issue>2</issue>, pp. <fpage>158</fpage>-<lpage>170</lpage>.</mixed-citation></ref>
<ref id="ref031"><mixed-citation publication-type="journal"><person-group person-group-type="author"><string-name><surname>Granovetter</surname>, <given-names>M.</given-names></string-name></person-group> (<year>1985</year>), “<article-title>Economic action and social structure: the problem of embeddedness</article-title>”, <source>American Journal of Sociology</source>, Vol. <volume>91</volume> No. <issue>3</issue>, pp. <fpage>481</fpage>-<lpage>510</lpage>.</mixed-citation></ref>
<ref id="ref032"><mixed-citation publication-type="journal"><person-group person-group-type="author"><string-name><surname>Grewal</surname>, <given-names>R.</given-names></string-name> and <string-name><surname>Dharwadkar</surname>, <given-names>R.W.</given-names></string-name></person-group> (<year>2002</year>), “<article-title>The role of the institutional environment in marketing channels</article-title>”, <source>Journal of Marketing</source>, Vol. <volume>66</volume> No. <issue>3</issue>, pp. <fpage>82</fpage>-<lpage>97</lpage>.</mixed-citation></ref>
<ref id="ref033"><mixed-citation publication-type="journal"><person-group person-group-type="author"><string-name><surname>Handelman</surname>, <given-names>J.M.</given-names></string-name> and <string-name><surname>Arnold</surname>, <given-names>S.J.</given-names></string-name></person-group> (<year>1999</year>), “<article-title>Marketing actions with a social dimension: appeals to the institutional environment</article-title>”, <source>Journal of Marketing</source>, Vol. <volume>63</volume> No. <issue>3</issue>, pp. <fpage>33</fpage>-<lpage>48</lpage>.</mixed-citation></ref>
<ref id="ref034"><mixed-citation publication-type="journal"><person-group person-group-type="author"><string-name><surname>Hartmann</surname>, <given-names>J.</given-names></string-name></person-group> (<year>2021</year>), “<article-title>Toward a more complete theory of sustainable supply chain management: the role of media attention</article-title>”, <source>Supply Chain Management: An International Journal</source>, Vol. <volume>26</volume> No. <issue>4</issue>.</mixed-citation></ref>
<ref id="ref035"><mixed-citation publication-type="journal"><person-group person-group-type="author"><string-name><surname>Herold</surname>, <given-names>D.M.</given-names></string-name></person-group> (<year>2018</year>), “<article-title>Demystifying the link between institutional theory and stakeholder theory in sustainability reporting</article-title>”, <source>Economics, Management and Sustainability</source>, Vol. <volume>3</volume> No. <issue>2</issue>, pp. <fpage>6</fpage>-<lpage>19</lpage>.</mixed-citation></ref>
<ref id="ref036"><mixed-citation publication-type="journal"><person-group person-group-type="author"><string-name><surname>Homburg</surname>, <given-names>C.</given-names></string-name>, <string-name><surname>Grozdanovic</surname>, <given-names>M.</given-names></string-name> and <string-name><surname>Klarmann</surname>, <given-names>M.</given-names></string-name></person-group> (<year>2007</year>), “<article-title>Responsiveness to customers and competitors: the role of affective and cognitive organizational systems</article-title>”, <source>Journal of Marketing</source>, Vol. <volume>71</volume> No. <issue>3</issue>, pp. <fpage>18</fpage>-<lpage>38</lpage>.</mixed-citation></ref>
<ref id="ref037"><mixed-citation publication-type="journal"><person-group person-group-type="author"><string-name><surname>Ingenbleek</surname>, <given-names>P.T.</given-names></string-name> and <string-name><surname>Dentoni</surname>, <given-names>D.</given-names></string-name></person-group> (<year>2016</year>), “<article-title>Learning from stakeholder pressure and embeddedness: the roles of absorptive capacity in the corporate social responsibility of Dutch agribusinesses</article-title>”, <source>Sustainability</source>, Vol. <volume>8</volume> No. <issue>10</issue>, p. <fpage>1026</fpage>.</mixed-citation></ref>
<ref id="ref038"><mixed-citation publication-type="journal"><person-group person-group-type="author"><string-name><surname>Ingenbleek</surname>, <given-names>P.T.M.</given-names></string-name> and <string-name><surname>Immink</surname>, <given-names>V.M.</given-names></string-name></person-group> (<year>2010</year>), “<article-title>Managing conflicting stakeholder interests: an exploratory case analysis of the formulation of AW standards in the Netherlands</article-title>”, <source>Journal of Public Policy &amp; Marketing</source>, Vol. <volume>29</volume> No. <issue>1</issue>, pp. <fpage>52</fpage>-<lpage>65</lpage>.</mixed-citation></ref>
<ref id="ref039"><mixed-citation publication-type="journal"><person-group person-group-type="author"><string-name><surname>Ingenbleek</surname>, <given-names>P.T.M.</given-names></string-name>, <string-name><surname>Binnekamp</surname>, <given-names>M.</given-names></string-name> and <string-name><surname>Goddijn</surname>, <given-names>S.</given-names></string-name></person-group> (<year>2007</year>), “<article-title>Setting standards for CSR: a comparative case study on criteria-formulating organizations</article-title>”, <source>Journal of Business Research</source>, Vol. <volume>60</volume> No. <issue>5</issue>, pp. <fpage>539</fpage>-<lpage>548</lpage>.</mixed-citation></ref>
<ref id="ref040"><mixed-citation publication-type="journal"><person-group person-group-type="author"><string-name><surname>Keim</surname>, <given-names>G.D.</given-names></string-name> and <string-name><surname>Zeithaml</surname>, <given-names>C.P.</given-names></string-name></person-group> (<year>1986</year>), “<article-title>Corporate political strategy and legislative decision making: a review and contingency approach</article-title>”, <source>The Academy of Management Review</source>, Vol. <volume>11</volume> No. <issue>4</issue>, pp. <fpage>828</fpage>-<lpage>843</lpage>.</mixed-citation></ref>
<ref id="ref041"><mixed-citation publication-type="journal"><person-group person-group-type="author"><string-name><surname>Kim</surname>, <given-names>M.</given-names></string-name> and <string-name><surname>Chai</surname>, <given-names>S.</given-names></string-name></person-group> (<year>2017</year>), “<article-title>The impact of supplier innovativeness, information sharing and strategic sourcing on improving supply chain agility: global supply chain perspective</article-title>”, <source>International Journal of Production Economics</source>, Vol. <volume>187</volume>, pp. <fpage>42</fpage>-<lpage>52</lpage>.</mixed-citation></ref>
<ref id="ref00010"><mixed-citation publication-type="journal"><person-group person-group-type="author"><string-name><surname>Köhler</surname>, <given-names>J.</given-names></string-name>, <string-name><surname>Geels</surname>, <given-names>F.W.</given-names></string-name>, <string-name><surname>Kern</surname>, <given-names>F.</given-names></string-name>, <string-name><surname>Markard</surname>, <given-names>J.</given-names></string-name>, <string-name><surname>Onsongo</surname>, <given-names>E.</given-names></string-name>, <string-name><surname>Wieczorek</surname>, <given-names>A.</given-names></string-name> … and <string-name><surname>Wells</surname>, <given-names>P.</given-names></string-name></person-group> (<year>2019</year>), “<article-title>An agenda for sustainability transitions research: state of the art and future directions</article-title>”, <source>Environmental Innovation and Societal Transitions</source>, Vol. <volume>31</volume>, pp. <fpage>1</fpage>-<lpage>32</lpage>.</mixed-citation></ref>
<ref id="ref042"><mixed-citation publication-type="journal"><person-group person-group-type="author"><string-name><surname>Kotler</surname>, <given-names>P.</given-names></string-name></person-group> (<year>2011</year>), “<article-title>Reinventing marketing to manage the environmental imperative</article-title>”, <source>Journal of Marketing</source>, Vol. <volume>75</volume> No. <issue>4</issue>, pp. <fpage>132</fpage>-<lpage>135</lpage>.</mixed-citation></ref>
<ref id="ref043"><mixed-citation publication-type="book"><person-group person-group-type="author"><string-name><surname>Kotler</surname>, <given-names>P.</given-names></string-name> and <string-name><surname>Keller</surname>, <given-names>K.L.</given-names></string-name></person-group> (<year>2022</year>), <source>Marketing Management</source>, <edition>16th ed.</edition>, <publisher-name>Prentice Hall</publisher-name>, <publisher-loc>Upper Saddle River, NJ</publisher-loc>.</mixed-citation></ref>
<ref id="ref044"><mixed-citation publication-type="journal"><person-group person-group-type="author"><string-name><surname>Krause</surname>, <given-names>D.R.</given-names></string-name>, <string-name><surname>Pagell</surname>, <given-names>M.</given-names></string-name> and <string-name><surname>Curkovic</surname>, <given-names>S.</given-names></string-name></person-group> (<year>2001</year>), “<article-title>Toward a measure of competitive priorities for purchasing</article-title>”, <source>Journal of Operations Management</source>, Vol. <volume>19</volume> No. <issue>4</issue>, pp. <fpage>497</fpage>-<lpage>512</lpage>.</mixed-citation></ref>
<ref id="ref045"><mixed-citation publication-type="journal"><person-group person-group-type="author"><string-name><surname>Kuhlman</surname>, <given-names>T.</given-names></string-name> and <string-name><surname>Farrington</surname>, <given-names>J.</given-names></string-name></person-group> (<year>2010</year>), “<article-title>What is sustainability?</article-title>”, <source>Sustainability</source>, Vol. <volume>2</volume> No. <issue>11</issue>, pp. <fpage>3436</fpage>-<lpage>3448</lpage>.</mixed-citation></ref>
<ref id="ref046"><mixed-citation publication-type="journal"><person-group person-group-type="author"><string-name><surname>Laplume</surname>, <given-names>A.O.</given-names></string-name>, <string-name><surname>Sonpar</surname>, <given-names>K.</given-names></string-name> and <string-name><surname>Litz</surname>, <given-names>R.A.</given-names></string-name></person-group> (<year>2008</year>), “<article-title>Stakeholder theory: reviewing a theory that moves us</article-title>”, <source>Journal of Management</source>, Vol. <volume>34</volume> No. <issue>6</issue>, pp. <fpage>1152</fpage>-<lpage>1189</lpage>.</mixed-citation></ref>
<ref id="ref047"><mixed-citation publication-type="journal"><person-group person-group-type="author"><string-name><surname>Lee</surname>, <given-names>H.H.M.</given-names></string-name>, <string-name><surname>Van Dolen</surname>, <given-names>W.</given-names></string-name> and <string-name><surname>Kolk</surname>, <given-names>A.</given-names></string-name></person-group> (<year>2013</year>), “<article-title>On the role of social media in the ‘responsible’ food business: blogger buzz on health and obesity issues</article-title>”, <source>Journal of Business Ethics</source>, Vol. <volume>118</volume> No. <issue>4</issue>, pp. <fpage>695</fpage>-<lpage>707</lpage>.</mixed-citation></ref>
<ref id="ref048"><mixed-citation publication-type="journal"><person-group person-group-type="author"><string-name><surname>Lin</surname>, <given-names>C.W.</given-names></string-name>, <string-name><surname>Wu</surname>, <given-names>L.Y.</given-names></string-name> and <string-name><surname>Chiou</surname>, <given-names>J.S.</given-names></string-name></person-group> (<year>2017</year>), “<article-title>The use of asset specific investments to increase customer dependence: a study of OEM suppliers</article-title>”, <source>Industrial Marketing Management</source>, Vol. <volume>67</volume>, pp. <fpage>174</fpage>-<lpage>184</lpage>.</mixed-citation></ref>
<ref id="ref049"><mixed-citation publication-type="journal"><person-group person-group-type="author"><string-name><surname>Lind</surname>, <given-names>J.T.</given-names></string-name> and <string-name><surname>Mehlum</surname>, <given-names>H.</given-names></string-name></person-group> (<year>2010</year>), “<article-title>With or without U? The appropriate test for a U‐shaped relationship</article-title>”, <source>Oxford Bulletin of Economics and Statistics</source>, Vol. <volume>72</volume> No. <issue>1</issue>, pp. <fpage>109</fpage>-<lpage>118</lpage>.</mixed-citation></ref>
<ref id="ref050"><mixed-citation publication-type="journal"><person-group person-group-type="author"><string-name><surname>Lonsdale</surname>, <given-names>C.</given-names></string-name></person-group> (<year>2001</year>), “<article-title>Locked-in to supplier dominance: on the dangers of asset specificity for the outsourcing decision</article-title>”, <source>The Journal of Supply Chain Management</source>, Vol. <volume>37</volume> No. <issue>2</issue>, p. <fpage>22</fpage>.</mixed-citation></ref>
<ref id="ref051"><mixed-citation publication-type="journal"><person-group person-group-type="author"><string-name><surname>Lozano</surname>, <given-names>R.</given-names></string-name></person-group> (<year>2015</year>), “<article-title>A holistic perspective on corporate sustainability drivers</article-title>”, <source>Corporate Social Responsibility and Environmental Management</source>, Vol. <volume>22</volume> No. <issue>1</issue>, pp. <fpage>32</fpage>-<lpage>44</lpage>.</mixed-citation></ref>
<ref id="ref052"><mixed-citation publication-type="journal"><person-group person-group-type="author"><string-name><surname>Luo</surname>, <given-names>X.</given-names></string-name> and <string-name><surname>Bhattacharya</surname>, <given-names>C.B.</given-names></string-name></person-group> (<year>2006</year>), “<article-title>Corporate social responsibility, customer satisfaction, and market value</article-title>”, <source>Journal of Marketing</source>, Vol. <volume>70</volume> No. <issue>4</issue>, pp. <fpage>1</fpage>-<lpage>18</lpage>.</mixed-citation></ref>
<ref id="ref0052"><mixed-citation publication-type="journal"><person-group person-group-type="author"><string-name><surname>Luo</surname>, <given-names>X.</given-names></string-name> and <string-name><surname>Du</surname>, <given-names>S.</given-names></string-name></person-group> (<year>2015</year>), “<article-title>Exploring the relationship between corporate social responsibility and firm innovation</article-title>”, <source>Marketing Letters</source>, Vol. <volume>26</volume>, pp. <fpage>703</fpage>-<lpage>714</lpage>.</mixed-citation></ref>
<ref id="ref053"><mixed-citation publication-type="journal"><person-group person-group-type="author"><string-name><surname>Maignan</surname>, <given-names>I.</given-names></string-name> and <string-name><surname>Ferrell</surname>, <given-names>O.C.</given-names></string-name></person-group> (<year>2004</year>), “<article-title>Corporate social responsibility and marketing: an integrative framework</article-title>”, <source>Journal of the Academy of Marketing Science</source>, Vol. <volume>32</volume> No. <issue>1</issue>, pp. <fpage>3</fpage>-<lpage>19</lpage>.</mixed-citation></ref>
<ref id="ref054"><mixed-citation publication-type="journal"><person-group person-group-type="author"><string-name><surname>Maltz</surname>, <given-names>E.</given-names></string-name> and <string-name><surname>Kohli</surname>, <given-names>A.K.</given-names></string-name></person-group> (<year>1996</year>), “<article-title>Market intelligence dissemination across functional boundaries</article-title>”, <source>Journal of Marketing Research</source>, Vol. <volume>33</volume> No. <issue>1</issue>, pp. <fpage>47</fpage>-<lpage>61</lpage>.</mixed-citation></ref>
<ref id="ref055"><mixed-citation publication-type="journal"><person-group person-group-type="author"><string-name><surname>Montabon</surname>, <given-names>F.</given-names></string-name>, <string-name><surname>Pagell</surname>, <given-names>M.</given-names></string-name> and <string-name><surname>Wu</surname>, <given-names>Z.</given-names></string-name></person-group> (<year>2016</year>), “<article-title>Making sustainability sustainable</article-title>”, <source>Journal of Supply Chain Management</source>, Vol. <volume>52</volume> No. <issue>2</issue>, pp. <fpage>11</fpage>-<lpage>27</lpage>.</mixed-citation></ref>
<ref id="ref056"><mixed-citation publication-type="journal"><person-group person-group-type="author"><string-name><surname>Narver</surname>, <given-names>J.C.</given-names></string-name>, <string-name><surname>Slater</surname>, <given-names>S.F.</given-names></string-name> and <string-name><surname>Maclachlan</surname>, <given-names>D.L.</given-names></string-name></person-group> (<year>2004</year>), “<article-title>Responsive and proactive market orientation and new product success</article-title>”, <source>Journal of Product Innovation Management</source>, Vol. <volume>21</volume> No. <issue>5</issue>, pp. <fpage>334</fpage>-<lpage>347</lpage>.</mixed-citation></ref>
<ref id="ref057"><mixed-citation publication-type="journal"><person-group person-group-type="author"><string-name><surname>Nidumolu</surname>, <given-names>R.</given-names></string-name>, <string-name><surname>Prahalad</surname>, <given-names>C.K.</given-names></string-name> and <string-name><surname>Rangaswami</surname>, <given-names>M.R.</given-names></string-name></person-group> (<year>2009</year>), “<article-title>Why sustainability is now the key driver of innovation</article-title>”, <source>Harvard Business Review</source>, Vol. <volume>87</volume> No. <issue>9</issue>, pp. <fpage>56</fpage>-<lpage>64</lpage>.</mixed-citation></ref>
<ref id="ref058"><mixed-citation publication-type="journal"><person-group person-group-type="author"><string-name><surname>Nijssen</surname>, <given-names>E.J.</given-names></string-name>, <string-name><surname>Hillebrand</surname>, <given-names>B.</given-names></string-name> and <string-name><surname>Vermeulen</surname>, <given-names>P.A.</given-names></string-name></person-group> (<year>2005</year>), “<article-title>Unraveling willingness to cannibalize: a closer look at the barrier to radical innovation</article-title>”, <source>Technovation</source>, Vol. <volume>25</volume> No. <issue>12</issue>, pp. <fpage>1400</fpage>-<lpage>1409</lpage>.</mixed-citation></ref>
<ref id="ref059"><mixed-citation publication-type="journal"><person-group person-group-type="author"><string-name><surname>North</surname>, <given-names>D.C.</given-names></string-name></person-group> (<year>1990</year>), “<article-title>A transaction cost theory of politics</article-title>”, <source>Journal of Theoretical Politics</source>, Vol. <volume>2</volume> No. <issue>4</issue>, pp. <fpage>355</fpage>-<lpage>367</lpage>.</mixed-citation></ref>
<ref id="ref060"><mixed-citation publication-type="journal"><person-group person-group-type="author"><string-name><surname>Palmatier</surname>, <given-names>R.W.</given-names></string-name>, <string-name><surname>Dant</surname>, <given-names>R.D.</given-names></string-name>, <string-name><surname>Grewal</surname>, <given-names>D.</given-names></string-name> and <string-name><surname>Evans</surname>, <given-names>K.R.</given-names></string-name></person-group> (<year>2006</year>), “<article-title>Factors influencing the effectiveness of relationship marketing: a meta-analysis</article-title>”, <source>Journal of Marketing</source>, Vol. <volume>70</volume> No. <issue>4</issue>, pp. <fpage>136</fpage>-<lpage>153</lpage>.</mixed-citation></ref>
<ref id="ref061"><mixed-citation publication-type="journal"><person-group person-group-type="author"><string-name><surname>Paulraj</surname>, <given-names>A.</given-names></string-name></person-group> (<year>2011</year>), “<article-title>Understanding the relationships between internal resources and capabilities, sustainable supply management and organizational sustainability</article-title>”, <source>Journal of Supply Chain Management</source>, Vol. <volume>47</volume> No. <issue>1</issue>, pp. <fpage>19</fpage>-<lpage>37</lpage>.</mixed-citation></ref>
<ref id="ref062"><mixed-citation publication-type="book"><person-group person-group-type="author"><string-name><surname>Pfeffer</surname>, <given-names>J.</given-names></string-name></person-group> (<year>1981</year>), <source>Power in Organizations</source>, <publisher-name>Pittman</publisher-name>, <publisher-loc>Marshfield, MA</publisher-loc>.</mixed-citation></ref>
<ref id="ref063"><mixed-citation publication-type="journal"><person-group person-group-type="author"><string-name><surname>Preuss</surname>, <given-names>L.</given-names></string-name></person-group> (<year>2005</year>), “<article-title>Rhetoric and reality of corporate greening: a view from the supply chain management function</article-title>”, <source>Business Strategy and the Environment</source>, Vol. <volume>14</volume> No. <issue>2</issue>, pp. <fpage>123</fpage>-<lpage>139</lpage>.</mixed-citation></ref>
<ref id="ref064"><mixed-citation publication-type="journal"><person-group person-group-type="author"><string-name><surname>Pullman</surname>, <given-names>M.E.</given-names></string-name>, <string-name><surname>Maloni</surname>, <given-names>M.J.</given-names></string-name> and <string-name><surname>Carter</surname>, <given-names>C.R.</given-names></string-name></person-group> (<year>2009</year>), “<article-title>Food for thought: social versus environmental sustainability practices and performance outcomes</article-title>”, <source>Journal of Supply Chain Management</source>, Vol. <volume>45</volume> No. <issue>4</issue>, pp. <fpage>38</fpage>-<lpage>54</lpage>.</mixed-citation></ref>
<ref id="ref065"><mixed-citation publication-type="journal"><person-group person-group-type="author"><string-name><surname>Reid</surname>, <given-names>E.M.</given-names></string-name> and <string-name><surname>Toffel</surname>, <given-names>M.W.</given-names></string-name></person-group> (<year>2009</year>), “<article-title>Responding to public and private politics: corporate disclosure of climate change strategies</article-title>”, <source>Strategic Management Journal</source>, Vol. <volume>30</volume> No. <issue>11</issue>, pp. <fpage>1157</fpage>-<lpage>1178</lpage>.</mixed-citation></ref>
<ref id="ref066"><mixed-citation publication-type="journal"><person-group person-group-type="author"><string-name><surname>Reinartz</surname>, <given-names>W.</given-names></string-name>, <string-name><surname>Thomas</surname>, <given-names>J.S.</given-names></string-name> and <string-name><surname>Kumar</surname>, <given-names>V.</given-names></string-name></person-group> (<year>2005</year>), “<article-title>Balancing acquisition and retention resources to maximize customer profitability</article-title>”, <source>Journal of Marketing</source>, Vol. <volume>69</volume> No. <issue>1</issue>, pp. <fpage>63</fpage>-<lpage>79</lpage>.</mixed-citation></ref>
<ref id="ref067"><mixed-citation publication-type="journal"><person-group person-group-type="author"><string-name><surname>Rindfleisch</surname>, <given-names>A.</given-names></string-name> and <string-name><surname>Heide</surname>, <given-names>J.B.</given-names></string-name></person-group> (<year>1997</year>), “<article-title>Transaction cost analysis: past, present and future applications</article-title>”, <source>Journal of Marketing</source>, Vol. <volume>61</volume> No. <issue>4</issue>, pp. <fpage>30</fpage>-<lpage>54</lpage>.</mixed-citation></ref>
<ref id="ref0078"><mixed-citation publication-type="journal"><person-group person-group-type="author"><string-name><surname>Rindfleisch</surname>, <given-names>A.</given-names></string-name>, <string-name><surname>Malter</surname>, <given-names>A.J.</given-names></string-name>, <string-name><surname>Ganesan</surname>, <given-names>S.</given-names></string-name> and <string-name><surname>Moorman</surname>, <given-names>C.</given-names></string-name></person-group> (<year>2008</year>), “<article-title>Cross-sectional versus longitudinal survey research: concepts, findings, and guidelines</article-title>”, <source>Journal of Marketing Research</source>, Vol. <volume>45</volume> No. <issue>3</issue>, pp. <fpage>261</fpage>-<lpage>279</lpage>.</mixed-citation></ref>
<ref id="ref068"><mixed-citation publication-type="journal"><person-group person-group-type="author"><string-name><surname>Rokkan</surname>, <given-names>A.I.</given-names></string-name>, <string-name><surname>Heide</surname>, <given-names>J.B.</given-names></string-name> and <string-name><surname>Wathne</surname>, <given-names>K.H.</given-names></string-name></person-group> (<year>2003</year>), “<article-title>Specific investments in marketing relationships: expropriation and bonding effects</article-title>”, <source>Journal of Marketing Research</source>, Vol. <volume>40</volume> No. <issue>2</issue>, pp. <fpage>210</fpage>-<lpage>224</lpage>.</mixed-citation></ref>
<ref id="ref069"><mixed-citation publication-type="journal"><person-group person-group-type="author"><string-name><surname>Sayed</surname>, <given-names>M.</given-names></string-name>, <string-name><surname>Hendry</surname>, <given-names>L.C.</given-names></string-name> and <string-name><surname>Bell</surname>, <given-names>M.Z.</given-names></string-name></person-group> (<year>2017</year>), “<article-title>Institutional complexity and sustainable supply chain management practices</article-title>”, <source>Supply Chain Management: An International Journal</source>, Vol. <volume>22</volume> No. <issue>6</issue>.</mixed-citation></ref>
<ref id="ref070"><mixed-citation publication-type="journal"><person-group person-group-type="author"><string-name><surname>Sen</surname>, <given-names>S.</given-names></string-name> and <string-name><surname>Bhattacharya</surname>, <given-names>C.B.</given-names></string-name></person-group> (<year>2001</year>), “<article-title>Does doing good always lead to doing better? Consumer reactions to corporate social responsibility</article-title>”, <source>Journal of Marketing Research</source>, Vol. <volume>38</volume> No. <issue>2</issue>, pp. <fpage>225</fpage>-<lpage>243</lpage>.</mixed-citation></ref>
<ref id="ref071"><mixed-citation publication-type="journal"><person-group person-group-type="author"><string-name><surname>Sheth</surname>, <given-names>J.N.</given-names></string-name> and <string-name><surname>Parvatiyar</surname>, <given-names>A.</given-names></string-name></person-group> (<year>2021</year>), “<article-title>Sustainable marketing: market-driving, not market-driven</article-title>”, <source>Journal of Macromarketing</source>, Vol. <volume>41</volume> No. <issue>1</issue>, pp. <fpage>150</fpage>-<lpage>165</lpage>.</mixed-citation></ref>
<ref id="ref072"><mixed-citation publication-type="journal"><person-group person-group-type="author"><string-name><surname>Sood</surname>, <given-names>A.</given-names></string-name> and <string-name><surname>Tellis</surname>, <given-names>G.J.</given-names></string-name></person-group> (<year>2005</year>), “<article-title>Technological evolution and product innovation</article-title>”, <source>Journal of Marketing</source>, Vol. <volume>69</volume> No. <issue>3</issue>, pp. <fpage>152</fpage>-<lpage>168</lpage>.</mixed-citation></ref>
<ref id="ref073"><mixed-citation publication-type="journal"><person-group person-group-type="author"><string-name><surname>Suchman</surname>, <given-names>M.C.</given-names></string-name></person-group> (<year>1995</year>), “<article-title>Managing legitimacy: strategic and institutional approaches</article-title>”, <source>The Academy of Management Review</source>, Vol. <volume>20</volume> No. <issue>3</issue>, pp. <fpage>571</fpage>-<lpage>610</lpage>.</mixed-citation></ref>
<ref id="ref074"><mixed-citation publication-type="journal"><person-group person-group-type="author"><string-name><surname>Urban</surname>, <given-names>G.L.</given-names></string-name></person-group> (<year>2005</year>), “<article-title>Customer advocacy: a new era in marketing?</article-title>”, <source>Journal of Public Policy &amp; Marketing</source>, Vol. <volume>24</volume> No. <issue>1</issue>, pp. <fpage>155</fpage>-<lpage>159</lpage>.</mixed-citation></ref>
<ref id="ref075"><mixed-citation publication-type="journal"><person-group person-group-type="author"><string-name><surname>Van der Bij</surname>, <given-names>H.</given-names></string-name>, <string-name><surname>Michael Song</surname>, <given-names>X.</given-names></string-name> and <string-name><surname>Weggeman</surname>, <given-names>M.</given-names></string-name></person-group> (<year>2003</year>), “<article-title>An empirical investigation into the antecedents of knowledge dissemination at the strategic business unit level</article-title>”, <source>Journal of Product Innovation Management</source>, Vol. <volume>20</volume> No. <issue>2</issue>, pp. <fpage>163</fpage>-<lpage>179</lpage>.</mixed-citation></ref>
<ref id="ref076"><mixed-citation publication-type="journal"><person-group person-group-type="author"><string-name><surname>Villena</surname>, <given-names>V.H.</given-names></string-name> and <string-name><surname>Gioia</surname>, <given-names>D.A.</given-names></string-name></person-group> (<year>2020</year>), “<article-title>A more sustainable supply chain</article-title>”, <source>Harvard Business Review</source>, Vol. <volume>98</volume> No. <issue>2</issue>, pp. <fpage>84</fpage>-<lpage>93</lpage>.</mixed-citation></ref>
<ref id="ref077"><mixed-citation publication-type="journal"><person-group person-group-type="author"><string-name><surname>Villena</surname>, <given-names>V.H.</given-names></string-name>, <string-name><surname>Wilhelm</surname>, <given-names>M.</given-names></string-name> and <string-name><surname>Xiao</surname>, <given-names>C.Y.</given-names></string-name></person-group> (<year>2021</year>), “<article-title>Untangling drivers for supplier environmental and social responsibility: an investigation in Philips Lighting’s Chinese supply chain</article-title>”, <source>Journal of Operations Management</source>, Vol. <volume>67</volume> No. <issue>4</issue>, pp. <fpage>476</fpage>-<lpage>510</lpage>.</mixed-citation></ref>
<ref id="ref078"><mixed-citation publication-type="journal"><person-group person-group-type="author"><string-name><surname>Waddock</surname>, <given-names>S.A.</given-names></string-name> and <string-name><surname>Graves</surname>, <given-names>S.B.</given-names></string-name></person-group> (<year>1997</year>), “<article-title>The corporate social performance-financial performance link</article-title>”, <source>Strategic Management Journal</source>, Vol. <volume>18</volume> No. <issue>4</issue>, pp. <fpage>303</fpage>-<lpage>319</lpage>.</mixed-citation></ref>
<ref id="ref079"><mixed-citation publication-type="journal"><person-group person-group-type="author"><string-name><surname>Walker</surname>, <given-names>H.</given-names></string-name> and <string-name><surname>Jones</surname>, <given-names>N.</given-names></string-name></person-group> (<year>2012</year>), “<article-title>Sustainable supply chain management across the UK private sector</article-title>”, <source>Supply Chain Management: An International Journal</source>, Vol. <volume>17</volume> No. <issue>1</issue>, pp. <fpage>15</fpage>-<lpage>28</lpage>.</mixed-citation></ref>
<ref id="ref080"><mixed-citation publication-type="journal"><person-group person-group-type="author"><string-name><surname>Wathne</surname>, <given-names>K.H.</given-names></string-name>, <string-name><surname>Heide</surname>, <given-names>J.B.</given-names></string-name>, <string-name><surname>Mooi</surname>, <given-names>E.A.</given-names></string-name> and <string-name><surname>Kumar</surname>, <given-names>A.</given-names></string-name></person-group> (<year>2018</year>), “<article-title>Relationship governance dynamics: the roles of partner selection efforts and mutual investments</article-title>”, <source>Journal of Marketing Research</source>, Vol. <volume>55</volume> No. <issue>5</issue>, pp. <fpage>704</fpage>-<lpage>721</lpage>.</mixed-citation></ref>
<ref id="ref081"><mixed-citation publication-type="journal"><person-group person-group-type="author"><string-name><surname>Williamson</surname>, <given-names>O.E.</given-names></string-name></person-group> (<year>1979</year>), “<article-title>Transaction-cost economics: the governance of contractual relations</article-title>”, <source>The Journal of Law and Economics</source>, Vol. <volume>22</volume> No. <issue>2</issue>, pp. <fpage>233</fpage>-<lpage>261</lpage>.</mixed-citation></ref>
<ref id="ref082"><mixed-citation publication-type="journal"><person-group person-group-type="author"><string-name><surname>Williamson</surname>, <given-names>O.E.</given-names></string-name></person-group> (<year>2000</year>), “<article-title>The new institutional economics: taking stock, looking ahead</article-title>”, <source>Journal of Economic Literature</source>, Vol. <volume>38</volume> No. <issue>3</issue>, pp. <fpage>595</fpage>-<lpage>613</lpage>.</mixed-citation></ref>
<ref id="ref083"><mixed-citation publication-type="journal"><person-group person-group-type="author"><string-name><surname>Wuyts</surname>, <given-names>S.</given-names></string-name>, <string-name><surname>Stremersch</surname>, <given-names>S.</given-names></string-name>, <string-name><surname>Van den Bulte</surname>, <given-names>C.</given-names></string-name> and <string-name><surname>Franses</surname>, <given-names>P.H.</given-names></string-name></person-group> (<year>2004</year>), “<article-title>Vertical marketing systems for complex products: a triadic perspective</article-title>”, <source>Journal of Marketing Research</source>, Vol. <volume>41</volume> No. <issue>4</issue>, pp. <fpage>479</fpage>-<lpage>487</lpage>.</mixed-citation></ref></ref-list></back>
</article>