<?xml version="1.0" encoding="UTF-8"?>
<!DOCTYPE article PUBLIC "-//NLM//DTD JATS (Z39.96) Journal Archiving and Interchange DTD with MathML3 v1.1d1 20130915//EN" "JATS-archivearticle1-mathml3.dtd"><article xmlns:mml="http://www.w3.org/1998/Math/MathML" xmlns:xsi="http://www.w3.org/2001/XMLSchema-instance" xmlns:xlink="http://www.w3.org/1999/xlink" article-type="research-article" dtd-version="1.1d1" xml:lang="en"><front id="meta-hdr"><journal-meta><journal-id journal-id-type="publisher-id">QROM</journal-id><journal-id journal-id-type="doi">10.1108/QROM</journal-id><journal-title-group><journal-title>Qualitative Research in Organizations and Management: An International Journal</journal-title><abbrev-journal-title abbrev-type="publisher">QROM</abbrev-journal-title></journal-title-group><issn publication-format="print">1746-5648</issn><publisher><publisher-name>Emerald Publishing Limited</publisher-name></publisher></journal-meta><article-meta id="art-meta"><article-id pub-id-type="publisher-id">708876</article-id><article-id pub-id-type="doi">10.1108/QROM-08-2021-2193</article-id><article-id pub-id-type="original-pdf">QROM-08-2021-2193.pdf</article-id><article-id pub-id-type="filename">QROM-08-2021-2193</article-id><article-categories><subj-group subj-group-type="type-of-publication"><compound-subject><compound-subject-part content-type="code">research-article</compound-subject-part><compound-subject-part content-type="label">Research paper</compound-subject-part></compound-subject></subj-group><subj-group subj-group-type="subject"><compound-subject><compound-subject-part content-type="code">cat-MSOP</compound-subject-part><compound-subject-part content-type="label">Management science &amp; operations</compound-subject-part></compound-subject></subj-group><subj-group subj-group-type="subject"><compound-subject><compound-subject-part content-type="code"/><compound-subject-part content-type="label">Management science/operations research</compound-subject-part></compound-subject></subj-group><subj-group subj-group-type="subject"><compound-subject><compound-subject-part content-type="code"/><compound-subject-part content-type="label">Qualitative techniques</compound-subject-part></compound-subject></subj-group><subj-group subj-group-type="subject"><compound-subject><compound-subject-part content-type="code"/><compound-subject-part content-type="label">Research methods</compound-subject-part></compound-subject></subj-group><subj-group subj-group-type="subject"><compound-subject><compound-subject-part content-type="code"/><compound-subject-part content-type="label">Qualitative research</compound-subject-part></compound-subject></subj-group></article-categories><title-group><article-title xml:lang="en">A thorn by any other name: the acceptability of terminology for subtle slights in UK workplaces</article-title><alt-title alt-title-type="running-head">Subtle slights in UK workplaces</alt-title></title-group><contrib-group><contrib contrib-type="author" corresp="yes"><contrib-id contrib-id-type="orcid">https://orcid.org/0000-0002-0971-3088</contrib-id><name-alternatives><name name-style="western"><surname>Smith</surname><given-names>Iain Alexander</given-names></name><string-name name-style="western"><given-names>Iain Alexander</given-names> <surname>Smith</surname></string-name></name-alternatives><email>iain.smith1@nottingham.ac.uk</email><xref ref-type="aff" rid="aff1"/></contrib><contrib contrib-type="author"><name-alternatives><name name-style="western"><surname>Griffiths</surname><given-names>Amanda</given-names></name><string-name name-style="western"><given-names>Amanda</given-names> <surname>Griffiths</surname></string-name></name-alternatives><email>amanda.griffiths@nottingham.ac.uk</email><xref ref-type="aff" rid="aff1"/></contrib><aff id="aff1"><institution-wrap><institution>School of Medicine</institution></institution-wrap>, <institution-wrap><institution>Mental Health and Neurosciences</institution></institution-wrap>, <institution-wrap><institution>University of Nottingham</institution></institution-wrap>, Nottingham, <country country="GB">UK</country></aff></contrib-group><author-notes><corresp id="cor1">Iain Alexander Smith can be contacted at: <ext-link ext-link-type="email" xlink:href="mailto:iain.smith1@nottingham.ac.uk">iain.smith1@nottingham.ac.uk</ext-link></corresp></author-notes><pub-date publication-format="electronic" date-type="pub" iso-8601-date="2023-09-07"><day>07</day><month>09</month><year>2023</year></pub-date><pub-date publication-format="print" date-type="pub" iso-8601-date="2023-11-07"><day>07</day><month>11</month><year>2023</year></pub-date><volume>18</volume><issue>4</issue><fpage>310</fpage><lpage>325</lpage><history><date date-type="received" iso-8601-date="2021-08-16"><day>16</day><month>08</month><year>2021</year></date><date date-type="revised" iso-8601-date="2022-05-30"><day>30</day><month>05</month><year>2022</year></date><date date-type="revised" iso-8601-date="2022-12-09"><day>09</day><month>12</month><year>2022</year></date><date date-type="revised" iso-8601-date="2023-08-01"><day>01</day><month>08</month><year>2023</year></date><date date-type="accepted" iso-8601-date="2023-08-11"><day>11</day><month>08</month><year>2023</year></date></history><permissions><copyright-statement>© Emerald Publishing Limited</copyright-statement><copyright-year>2023</copyright-year><copyright-holder>Emerald Publishing Limited</copyright-holder><license license-type="publisher"><license-p>Licensed re-use rights only</license-p></license></permissions><self-uri content-type="pdf" xlink:href="QROM-08-2021-2193.pdf"/><abstract abstract-type="structured" id="abstr1" xml:lang="en"><sec><title content-type="abstract-subheading">Purpose</title><p>Employers are increasingly attempting to mitigate subtle but harmful forms of employee rudeness and slights. These include “microaggressions”, “everyday discrimination” and “workplace incivility”, among others. It is unclear which of these various terms is most acceptable for introducing the topic in the workplace. This paper explores human resources (HR) leaders' considerations about the terms and the organisational context that allow for successful implementation.</p></sec><sec><title content-type="abstract-subheading">Design/methodology/approach</title><p>16 expert interviews were conducted with HR leaders from large organisations in the United Kingdom. Reflexive Thematic Analysis was used to explore interview transcripts.</p></sec><sec><title content-type="abstract-subheading">Findings</title><p>HR leaders reflected on various terms for subtle slights, largely according to how understandable (coherent) and emotionally resonant (provocative) they appeared. They did not converge on any universally accepted term. Less abstract terms were regarded as most acceptable for a broad audience. There was a view that leaders, often representing dominant groups, would find provocative terms such as microaggressions less acceptable than under-represented groups; the latter would find their experiences of subtle slights validated by terms such as microaggressions. Participants suggested that understanding the need for change was a necessary precursor to participation in training. Compliance-based approaches were considered less helpful. Implications for the design of training initiatives are presented whereby several terms could be used and explained.</p></sec><sec><title content-type="abstract-subheading">Originality/value</title><p>This is the first study to gather HR leaders' views on the acceptable terminology for subtle slights. Findings suggest employers may find value in adopting an implementation science approach to introducing diversity initiatives.</p></sec></abstract><kwd-group kwd-group-type="author-generated" xml:lang="en"><kwd>Microaggression</kwd><x xml:space="preserve">, </x><kwd>Subtle slights</kwd><x xml:space="preserve">, </x><kwd>Expert interviews</kwd><x xml:space="preserve">, </x><kwd>Everyday discrimination</kwd><x xml:space="preserve">, </x><kwd>Workplace incivility</kwd><x xml:space="preserve">, </x><kwd>Diversity</kwd><x xml:space="preserve">, </x><kwd>Inclusion</kwd></kwd-group><counts><fig-count count="1"/><table-count count="2"/><equation-count count="0"/><ref-count count="71"/><page-count count="16"/><word-count count="9150"/></counts><custom-meta-group><custom-meta><meta-name>peer-reviewed</meta-name><meta-value>Yes</meta-value></custom-meta><custom-meta><meta-name>academic-content</meta-name><meta-value>Yes</meta-value></custom-meta><custom-meta><meta-name>EContentType</meta-name><meta-value>Journal</meta-value></custom-meta><custom-meta><meta-name>rightslink</meta-name><meta-value>included</meta-value></custom-meta></custom-meta-group></article-meta></front><back><ref-list id="refs1"><title>References</title><ref id="ref001"><mixed-citation publication-type="journal"><person-group person-group-type="author"><string-name><surname>Andersson</surname>, <given-names>L.M.</given-names></string-name> and <string-name><surname>Pearson</surname>, <given-names>C.M.</given-names></string-name></person-group> (<year>1999</year>), “<article-title>Tit for tat? The spiraling effect of incivility in the workplace</article-title>”, <source>Academy of Management Review</source>, Vol. <volume>24</volume> No. <issue>3</issue>, pp. <fpage>452</fpage>-<lpage>471</lpage>.</mixed-citation></ref><ref id="ref002"><mixed-citation publication-type="journal"><person-group person-group-type="author"><string-name><surname>Ayala</surname>, <given-names>G.X.</given-names></string-name> and <string-name><surname>Elder</surname>, <given-names>J.P.</given-names></string-name></person-group> (<year>2011</year>), “<article-title>Qualitative methods to ensure acceptability of behavioral and social interventions to the target population</article-title>”, <source>Journal of Public Health Dentistry</source>, Vol. <volume>71</volume> No. <issue>1</issue>, pp. <fpage>69</fpage>-<lpage>79</lpage>.</mixed-citation></ref><ref id="ref003"><mixed-citation publication-type="journal"><person-group person-group-type="author"><string-name><surname>Bashir</surname>, <given-names>N.Y.</given-names></string-name>, <string-name><surname>Lockwood</surname>, <given-names>P.</given-names></string-name>, <string-name><surname>Chasteen</surname>, <given-names>A.L.</given-names></string-name>, <string-name><surname>Nadolny</surname>, <given-names>D.</given-names></string-name> and <string-name><surname>Noyes</surname>, <given-names>I.</given-names></string-name></person-group> (<year>2013</year>), “<article-title>The ironic impact of activists: negative stereotypes reduce social change influence</article-title>”, <source>European Journal of Social Psychology</source>, Vol. <volume>43</volume> No. <issue>7</issue>, pp. <fpage>614</fpage>-<lpage>626</lpage>.</mixed-citation></ref><ref id="ref004"><mixed-citation publication-type="journal"><person-group person-group-type="author"><string-name><surname>Bauer</surname>, <given-names>M.S.</given-names></string-name> and <string-name><surname>Kirchner</surname>, <given-names>J.A.</given-names></string-name></person-group> (<year>2020</year>), “<article-title>Implementation science: what is it and why should I care?</article-title>”, <source>Psychiatry Research</source>, Vol. <volume>283</volume>, pp. <fpage>1</fpage>-<lpage>6</lpage>.</mixed-citation></ref><ref id="ref005"><mixed-citation publication-type="journal"><person-group person-group-type="author"><string-name><surname>Bauer</surname>, <given-names>M.S.</given-names></string-name>, <string-name><surname>Damschroder</surname>, <given-names>L.</given-names></string-name>, <string-name><surname>Hagedorn</surname>, <given-names>H.</given-names></string-name>, <string-name><surname>Smith</surname>, <given-names>J.</given-names></string-name> and <string-name><surname>Kilbourne</surname>, <given-names>A.M.</given-names></string-name></person-group> (<year>2015</year>), “<article-title>An introduction to implementation science for the non-specialist</article-title>”, <source>BMC Psychology</source>, Vol. <volume>3</volume> No. <issue>1</issue>, pp. <fpage>1</fpage>-<lpage>12</lpage>.</mixed-citation></ref><ref id="ref006"><mixed-citation publication-type="journal"><person-group person-group-type="author"><string-name><surname>Bautista</surname>, <given-names>T.</given-names></string-name>, <string-name><surname>James</surname>, <given-names>D.</given-names></string-name> and <string-name><surname>Amaro</surname>, <given-names>H.</given-names></string-name></person-group> (<year>2019</year>), “<article-title>Acceptability of mindfulness-based interventions for substance use disorder: a systematic review</article-title>”, <source>Complementary Therapies in Clinical Practice</source>, Vol. <volume>35</volume>, pp. <fpage>201</fpage>-<lpage>207</lpage>.</mixed-citation></ref><ref id="ref007"><mixed-citation publication-type="journal"><person-group person-group-type="author"><string-name><surname>Bowen</surname>, <given-names>B.</given-names></string-name>, <string-name><surname>Privitera</surname>, <given-names>M.R.</given-names></string-name> and <string-name><surname>Bowie</surname>, <given-names>V.</given-names></string-name></person-group> (<year>2011</year>), “<article-title>Reducing workplace violence by creating healthy workplace environments</article-title>”, <source>Journal of Aggression, Conflict and Peace Research</source>, Vol. <volume>3</volume> No. <issue>4</issue>, pp. <fpage>185</fpage>-<lpage>198</lpage>.</mixed-citation></ref><ref id="ref008"><mixed-citation publication-type="journal"><person-group person-group-type="author"><string-name><surname>Brannon</surname>, <given-names>T.N.</given-names></string-name>, <string-name><surname>Carter</surname>, <given-names>E.R.</given-names></string-name>, <string-name><surname>Murdock-Perriera</surname>, <given-names>L.A.</given-names></string-name> and <string-name><surname>Higginbotham</surname>, <given-names>G.D.</given-names></string-name></person-group> (<year>2018</year>), “<article-title>From backlash to inclusion for all: instituting diversity efforts to maximize benefits across group lines</article-title>”, <source>Social Issues and Policy Review</source>, Vol. <volume>12</volume> No. <issue>1</issue>, pp. <fpage>57</fpage>-<lpage>90</lpage>.</mixed-citation></ref><ref id="ref009"><mixed-citation publication-type="journal"><person-group person-group-type="author"><string-name><surname>Braun</surname>, <given-names>V.</given-names></string-name> and <string-name><surname>Clarke</surname>, <given-names>V.</given-names></string-name></person-group> (<year>2019</year>), “<article-title>Reflecting on reflexive thematic analysis</article-title>”, <source>Qualitative Research in Sport, Exercise and Health</source>, Vol. <volume>11</volume> No. <issue>4</issue>, pp. <fpage>589</fpage>-<lpage>597</lpage>.</mixed-citation></ref><ref id="ref010"><mixed-citation publication-type="journal"><person-group person-group-type="author"><string-name><surname>Cloutier</surname>, <given-names>C.</given-names></string-name> and <string-name><surname>Ravasi</surname>, <given-names>D.</given-names></string-name></person-group> (<year>2021</year>), “<article-title>Using tables to enhance trustworthiness in qualitative research</article-title>”, <source>Strategic Organization</source>, Vol. <volume>19</volume> No. <issue>1</issue>, pp. <fpage>113</fpage>-<lpage>133</lpage>.</mixed-citation></ref><ref id="ref011"><mixed-citation publication-type="journal"><person-group person-group-type="author"><string-name><surname>Cortina</surname>, <given-names>L.M.</given-names></string-name>, <string-name><surname>Kabat-Farr</surname>, <given-names>D.</given-names></string-name>, <string-name><surname>Leskinen</surname>, <given-names>E.A.</given-names></string-name>, <string-name><surname>Huerta</surname>, <given-names>M.</given-names></string-name> and <string-name><surname>Magley</surname>, <given-names>V.J.</given-names></string-name></person-group> (<year>2013</year>), “<article-title>Selective incivility as modern discrimination in organizations: evidence and impact</article-title>”, <source>Journal of Management</source>, Vol. <volume>39</volume> No. <issue>6</issue>, pp. <fpage>1579</fpage>-<lpage>1605</lpage>.</mixed-citation></ref><ref id="ref012"><mixed-citation publication-type="journal"><person-group person-group-type="author"><string-name><surname>Cortina</surname>, <given-names>L.M.</given-names></string-name>, <string-name><surname>Kabat-Farr</surname>, <given-names>D.</given-names></string-name>, <string-name><surname>Magley</surname>, <given-names>V.J.</given-names></string-name> and <string-name><surname>Nelson</surname>, <given-names>K.</given-names></string-name></person-group> (<year>2017</year>), “<article-title>Researching rudeness: the past, present, and future of the science of incivility</article-title>”, <source>Journal of Occupational Health Psychology</source>, Vol. <volume>22</volume> No. <issue>3</issue>, pp. <fpage>299</fpage>-<lpage>313</lpage>.</mixed-citation></ref><ref id="ref013"><mixed-citation publication-type="journal"><person-group person-group-type="author"><string-name><surname>Crooks</surname>, <given-names>N.</given-names></string-name>, <string-name><surname>Donenberg</surname>, <given-names>G.</given-names></string-name> and <string-name><surname>Matthews</surname>, <given-names>A.</given-names></string-name></person-group> (<year>2021</year>), “<article-title>Ethics of research at the intersection of COVID-19 and black lives matter: a call to action</article-title>”, <source>Journal of Medical Ethics</source>, Vol. <volume>47</volume> No. <issue>4</issue>, pp. <fpage>205</fpage>-<lpage>207</lpage>.</mixed-citation></ref><ref id="ref014"><mixed-citation publication-type="journal"><person-group person-group-type="author"><string-name><surname>Devereux-Fitzgerald</surname>, <given-names>A.</given-names></string-name>, <string-name><surname>Powell</surname>, <given-names>R.</given-names></string-name>, <string-name><surname>Dewhurst</surname>, <given-names>A.</given-names></string-name> and <string-name><surname>French</surname>, <given-names>D.P.</given-names></string-name></person-group> (<year>2016</year>), “<article-title>The acceptability of physical activity interventions to older adults: a systematic review and meta-synthesis</article-title>”, <source>Social Science and Medicine</source>, Vol. <volume>158</volume>, pp. <fpage>14</fpage>-<lpage>23</lpage>.</mixed-citation></ref><ref id="ref015"><mixed-citation publication-type="journal"><person-group person-group-type="author"><string-name><surname>Dobbin</surname>, <given-names>F.</given-names></string-name>, <string-name><surname>Kalev</surname>, <given-names>A.</given-names></string-name> and <string-name><surname>Aviv</surname>, <given-names>T.</given-names></string-name></person-group> (<year>2019</year>), “<article-title>The promise and peril of sexual harassment programs</article-title>”, <source>PNAS</source>, Vol. <volume>116</volume> No. <issue>25</issue>, pp. <fpage>12255</fpage>-<lpage>12260</lpage>.</mixed-citation></ref><ref id="ref016"><mixed-citation publication-type="journal"><person-group person-group-type="author"><string-name><surname>Dover</surname>, <given-names>T.L.</given-names></string-name>, <string-name><surname>Major</surname>, <given-names>B.</given-names></string-name> and <string-name><surname>Kaiser</surname>, <given-names>C.R.</given-names></string-name></person-group> (<year>2016</year>), “<article-title>Members of high-status groups are threatened by pro-diversity organizational messages</article-title>”, <source>Journal of Experimental Social Psychology</source>, Vol. <volume>62</volume>, pp. <fpage>58</fpage>-<lpage>67</lpage>.</mixed-citation></ref><ref id="ref017"><mixed-citation publication-type="journal"><person-group person-group-type="author"><string-name><surname>Dover</surname>, <given-names>T.L.</given-names></string-name>, <string-name><surname>Kaiser</surname>, <given-names>C.R.</given-names></string-name> and <string-name><surname>Major</surname>, <given-names>B.</given-names></string-name></person-group> (<year>2020</year>), “<article-title>Mixed signals: the unintended effects of diversity initiatives</article-title>”, <source>Social Issues and Policy Review</source>, Vol. <volume>14</volume> No. <issue>1</issue>, pp. <fpage>152</fpage>-<lpage>181</lpage>.</mixed-citation></ref><ref id="ref018"><mixed-citation publication-type="journal"><person-group person-group-type="author"><string-name><surname>Elliott</surname>, <given-names>S.N.</given-names></string-name></person-group> (<year>2017</year>), “<article-title>The social validity of ‘acceptability of behavioral interventions used in classrooms’: inferences from longitudinal evidence</article-title>”, <source>Behavioral Disorders</source>, Vol. <volume>43</volume> No. <issue>1</issue>, pp. <fpage>269</fpage>-<lpage>273</lpage>.</mixed-citation></ref><ref id="ref019"><mixed-citation publication-type="journal"><person-group person-group-type="author"><string-name><surname>Espaillat</surname>, <given-names>A.</given-names></string-name>, <string-name><surname>Panna</surname>, <given-names>D.K.</given-names></string-name>, <string-name><surname>Goede</surname>, <given-names>D.L.</given-names></string-name>, <string-name><surname>Gurka</surname>, <given-names>M.J.</given-names></string-name>, <string-name><surname>Novak</surname>, <given-names>M.A.</given-names></string-name> and <string-name><surname>Zaidi</surname>, <given-names>Z.</given-names></string-name></person-group> (<year>2019</year>), “<article-title>An exploratory study on microaggressions in medical school: what are they and why should we care?</article-title>”, <source>Perspectives on Medical Education</source>, Vol. <volume>8</volume> No. <issue>3</issue>, pp. <fpage>143</fpage>-<lpage>151</lpage>.</mixed-citation></ref><ref id="ref020"><mixed-citation publication-type="journal"><person-group person-group-type="author"><string-name><surname>Farah</surname>, <given-names>H.</given-names></string-name></person-group> (<year>2022</year>), “<article-title>Workplace inclusion drives have almost trebled since BLM protests, survey shows</article-title>”, <source>The Guardian</source>, <comment>available at:</comment> <ext-link ext-link-type="uri" xlink:href="https://www.theguardian.com/money/2022/apr/17/workplace-inclusion-drives-have-almost-trebled-since-blm-protests-survey-shows?">https://www.theguardian.com/money/2022/apr/17/workplace-inclusion-drives-have-almost-trebled-since-blm-protests-survey-shows?</ext-link> (<comment>accessed</comment> <date-in-citation content-type="access-date">22 April 2022</date-in-citation>).</mixed-citation></ref><ref id="ref021"><mixed-citation publication-type="book-chapter"><person-group person-group-type="author"><string-name><surname>Gläser</surname>, <given-names>J.</given-names></string-name> and <string-name><surname>Laudel</surname>, <given-names>G.</given-names></string-name></person-group> (<year>2009</year>), “<chapter-title>On interviewing ‘good’ and ‘bad’ experts</chapter-title>”, in <person-group person-group-type="editor"><string-name><surname>Bogner</surname>, <given-names>A.</given-names></string-name>, <string-name><surname>Littig</surname>, <given-names>B.</given-names></string-name> and <string-name><surname>Menz</surname>, <given-names>W.</given-names></string-name></person-group> (Eds), <source>Interviewing Experts</source>, <publisher-name>Macmillan Publishers</publisher-name>, <publisher-loc>Basingstoke</publisher-loc>, pp. <fpage>117</fpage>-<lpage>137</lpage>.</mixed-citation></ref><ref id="ref022"><mixed-citation publication-type="journal"><person-group person-group-type="author"><string-name><surname>Gündemir</surname>, <given-names>S.</given-names></string-name>, <string-name><surname>Homan</surname>, <given-names>A.C.</given-names></string-name>, <string-name><surname>de Dreu</surname>, <given-names>C.K.W.</given-names></string-name> and <string-name><surname>van Vugt</surname>, <given-names>M.</given-names></string-name></person-group> (<year>2014</year>), “<article-title>Think leader, think white? Capturing and weakening an implicit pro-White leadership bias”, <italic>PLoS ONE</italic></article-title>”, <source>Public Library of Science</source>, Vol. <volume>9</volume> No. <issue>1</issue>, pp. <fpage>1</fpage>-<lpage>10</lpage>.</mixed-citation></ref><ref id="ref023"><mixed-citation publication-type="journal"><person-group person-group-type="author"><string-name><surname>Guest</surname>, <given-names>G.</given-names></string-name>, <string-name><surname>Bunce</surname>, <given-names>A.</given-names></string-name> and <string-name><surname>Johnson</surname>, <given-names>L.</given-names></string-name></person-group> (<year>2006</year>), “<article-title>How many interviews are enough?: an experiment with data saturation and variability</article-title>”, <source>Field Methods</source>, Vol. <volume>18</volume> No. <issue>1</issue>, pp. <fpage>59</fpage>-<lpage>82</lpage>.</mixed-citation></ref><ref id="ref024"><mixed-citation publication-type="journal"><person-group person-group-type="author"><string-name><surname>Gulker</surname>, <given-names>J.E.</given-names></string-name>, <string-name><surname>Mark</surname>, <given-names>A.Y.</given-names></string-name> and <string-name><surname>Monteith</surname>, <given-names>M.J.</given-names></string-name></person-group> (<year>2013</year>), “<article-title>Confronting prejudice: the who, what, and why of confrontation effectiveness</article-title>”, <source>Social Influence</source>, Vol. <volume>8</volume> No. <issue>4</issue>, pp. <fpage>280</fpage>-<lpage>293</lpage>.</mixed-citation></ref><ref id="ref025"><mixed-citation publication-type="journal"><person-group person-group-type="author"><string-name><surname>Gupta</surname>, <given-names>P.</given-names></string-name>, <string-name><surname>Gupta</surname>, <given-names>U.</given-names></string-name> and <string-name><surname>Wadhwa</surname>, <given-names>S.</given-names></string-name></person-group> (<year>2020</year>), “<article-title>Known and unknown aspects of workplace bullying: a systematic review of recent literature and future research agenda</article-title>”, <source>Human Resource Development Review</source>, Vol. <volume>19</volume> No. <issue>3</issue>, pp. <fpage>263</fpage>-<lpage>308</lpage>.</mixed-citation></ref><ref id="ref026"><mixed-citation publication-type="journal"><person-group person-group-type="author"><string-name><surname>Hershcovis</surname>, <given-names>M.S.</given-names></string-name></person-group> (<year>2011</year>), “<article-title>Incivility, social undermining, bullying… oh my!: a call to reconcile constructs within workplace aggression research</article-title>”, <source>Journal of Organizational Behavior</source>, Vol. <volume>32</volume> No. <issue>3</issue>, pp. <fpage>499</fpage>-<lpage>519</lpage>.</mixed-citation></ref><ref id="ref027"><mixed-citation publication-type="journal"><person-group person-group-type="author"><string-name><surname>Hershcovis</surname>, <given-names>M.S.</given-names></string-name> and <string-name><surname>Reich</surname>, <given-names>T.C.</given-names></string-name></person-group> (<year>2013</year>), “<article-title>Integrating workplace aggression research: relational, contextual, and method considerations</article-title>”, <source>Journal of Organizational Behavior</source>, Vol. <volume>34</volume> No. <issue>1</issue>, pp. <fpage>26</fpage>-<lpage>42</lpage>.</mixed-citation></ref><ref id="ref028"><mixed-citation publication-type="journal"><person-group person-group-type="author"><string-name><surname>Jones</surname>, <given-names>K.P.</given-names></string-name>, <string-name><surname>Peddie</surname>, <given-names>C.I.</given-names></string-name>, <string-name><surname>Gilrane</surname>, <given-names>V.L.</given-names></string-name>, <string-name><surname>King</surname>, <given-names>E.B.</given-names></string-name> and <string-name><surname>Gray</surname>, <given-names>A.L.</given-names></string-name></person-group> (<year>2016</year>), “<article-title>Not so subtle: a meta-analytic investigation of the correlates of subtle and overt discrimination</article-title>”, <source>Journal of Management</source>, Vol. <volume>42</volume> No. <issue>6</issue>, pp. <fpage>1588</fpage>-<lpage>1613</lpage>.</mixed-citation></ref><ref id="ref029"><mixed-citation publication-type="book"><person-group person-group-type="author"><string-name><surname>Kendi</surname>, <given-names>I.X.</given-names></string-name></person-group> (<year>2019</year>), <source>How to Be an Antiracist</source>, <publisher-name>Penguin Random House</publisher-name>, <publisher-loc>New York City, NY</publisher-loc>.</mixed-citation></ref><ref id="ref071"><mixed-citation publication-type="journal"><person-group person-group-type="author"><string-name><surname>Kidder</surname>, <given-names>D.L.</given-names></string-name>, <string-name><surname>Lankau</surname>, <given-names>M.J.</given-names></string-name>, <string-name><surname>Chrobot-Mason</surname>, <given-names>D</given-names></string-name>, <string-name><surname>Mollica</surname>, <given-names>K.A.</given-names></string-name> and <string-name><surname>Friedman</surname>, <given-names>R.A.</given-names></string-name></person-group> (<year>2004</year>), “<article-title>Backlash toward diversity initiatives: examining the impact of diversity program justification, personal and group outcomes</article-title>”, <source>The International Journal of Conflict Management</source>, Vol. <volume>15</volume> No. <issue>1</issue>, pp. <fpage>77</fpage>-<lpage>102</lpage>.</mixed-citation></ref><ref id="ref030"><mixed-citation publication-type="journal"><person-group person-group-type="author"><string-name><surname>Larsen</surname>, <given-names>S.E.</given-names></string-name>, <string-name><surname>Nye</surname>, <given-names>C.D.</given-names></string-name> and <string-name><surname>Fitzgerald</surname>, <given-names>L.F.</given-names></string-name></person-group> (<year>2019</year>), “<article-title>Sexual harassment expanded: an examination of the relationships among sexual harassment, sex discrimination, and aggression in the workplace</article-title>”, <source>Military Psychology</source>, Vol. <volume>31</volume> No. <issue>1</issue>, pp. <fpage>35</fpage>-<lpage>44</lpage>.</mixed-citation></ref><ref id="ref031"><mixed-citation publication-type="journal"><person-group person-group-type="author"><string-name><surname>Leigh</surname>, <given-names>A.</given-names></string-name> and <string-name><surname>Melwani</surname>, <given-names>S.</given-names></string-name></person-group> (<year>2019</year>), “<article-title>Blackemployeesmatter: mega-threats, identity fusion, and enacting positive deviance in organizations</article-title>”, <source>Academy of Management Review</source>, Vol. <volume>44</volume> No. <issue>3</issue>, pp. <fpage>564</fpage>-<lpage>591</lpage>.</mixed-citation></ref><ref id="ref032"><mixed-citation publication-type="journal"><person-group person-group-type="author"><string-name><surname>Lennartz</surname>, <given-names>C.</given-names></string-name>, <string-name><surname>Proost</surname>, <given-names>K.</given-names></string-name> and <string-name><surname>Brebels</surname>, <given-names>L.</given-names></string-name></person-group> (<year>2019</year>), “<article-title>Decreasing overt discrimination increases covert discrimination: adverse effects of equal opportunities policies</article-title>”, <source>International Journal of Selection and Assessment</source>, Vol. <volume>27</volume> No. <issue>2</issue>, pp. <fpage>129</fpage>-<lpage>138</lpage>.</mixed-citation></ref><ref id="ref033"><mixed-citation publication-type="book-chapter"><person-group person-group-type="author"><string-name><surname>Lerner</surname>, <given-names>M.J.</given-names></string-name></person-group> (<year>1980</year>), “<chapter-title>The belief in a just world</chapter-title>”, in <person-group person-group-type="editor"><string-name><surname>Lerner</surname>, <given-names>M.J.</given-names></string-name></person-group> (Ed.), <source>The Belief in a Just World: A Fundamental Delusion</source>, <publisher-name>Springer US</publisher-name>, <publisher-loc>Boston, MA</publisher-loc>, pp. <fpage>9</fpage>-<lpage>30</lpage>.</mixed-citation></ref><ref id="ref034"><mixed-citation publication-type="journal"><person-group person-group-type="author"><string-name><surname>Lerner</surname>, <given-names>J.S.</given-names></string-name>, <string-name><surname>Li</surname>, <given-names>Y.</given-names></string-name>, <string-name><surname>Valdesolo</surname>, <given-names>P.</given-names></string-name> and <string-name><surname>Kassam</surname>, <given-names>K.S.</given-names></string-name></person-group> (<year>2015</year>), “<article-title>Emotion and decision making</article-title>”, <source>Annual Review of Psychology</source>, Vol. <volume>66</volume>, pp. <fpage>799</fpage>-<lpage>823</lpage>.</mixed-citation></ref><ref id="ref035"><mixed-citation publication-type="journal"><person-group person-group-type="author"><string-name><surname>Leslie</surname>, <given-names>L.M.</given-names></string-name></person-group> (<year>2019</year>), “<article-title>Diversity initiative effectiveness: a typological theory of unintended consequences</article-title>”, <source>Academy of Management Review</source>, Vol. <volume>44</volume> No. <issue>3</issue>, pp. <fpage>538</fpage>-<lpage>563</lpage>.</mixed-citation></ref><ref id="ref036"><mixed-citation publication-type="journal"><person-group person-group-type="author"><string-name><surname>Lievens</surname>, <given-names>F.</given-names></string-name>, <string-name><surname>Harrison</surname>, <given-names>S.H.</given-names></string-name>, <string-name><surname>Mussel</surname>, <given-names>P.</given-names></string-name> and <string-name><surname>Litman</surname>, <given-names>J.A.</given-names></string-name></person-group> (<year>2022</year>), “<article-title>Killing the cat? A review of curiosity at work</article-title>”, <source>Academy of Management Annals</source>, Vol. <volume>16</volume> No. <issue>1</issue>, pp. <fpage>179</fpage>-<lpage>216</lpage>.</mixed-citation></ref><ref id="ref037"><mixed-citation publication-type="journal"><person-group person-group-type="author"><string-name><surname>Lilienfeld</surname>, <given-names>S.O.</given-names></string-name></person-group> (<year>2017</year>), “<article-title>Microaggressions: strong claims, inadequate evidence</article-title>”, <source>Perspectives on Psychological Science</source>, Vol. <volume>12</volume> No. <issue>1</issue>, pp. <fpage>138</fpage>-<lpage>169</lpage>.</mixed-citation></ref><ref id="ref038"><mixed-citation publication-type="journal"><person-group person-group-type="author"><string-name><surname>Litman</surname>, <given-names>J.A.</given-names></string-name></person-group> (<year>2005</year>), “<article-title>Curiosity and the pleasures of learning: wanting and liking new information</article-title>”, <source>Cognition and Emotion</source>, Vol. <volume>19</volume> No. <issue>6</issue>, pp. <fpage>793</fpage>-<lpage>814</lpage>.</mixed-citation></ref><ref id="ref039"><mixed-citation publication-type="journal"><person-group person-group-type="author"><string-name><surname>Lui</surname>, <given-names>P.</given-names></string-name>, <string-name><surname>Berkley</surname>, <given-names>S.R.</given-names></string-name>, <string-name><surname>Pham</surname>, <given-names>S.</given-names></string-name> and <string-name><surname>Sanders</surname>, <given-names>L.</given-names></string-name></person-group> (<year>2020</year>), “<article-title>Is microaggression an oxymoron? A mixed methods study on attitudes toward racial microaggressions among United States university students</article-title>”, <source>PLoS ONE</source>, Vol. <volume>15</volume> No. <issue>12</issue>, pp. <fpage>1</fpage>-<lpage>25</lpage>.</mixed-citation></ref><ref id="ref040"><mixed-citation publication-type="journal"><person-group person-group-type="author"><string-name><surname>Maner</surname>, <given-names>J.K.</given-names></string-name> and <string-name><surname>Mead</surname>, <given-names>N.L.</given-names></string-name></person-group> (<year>2010</year>), “<article-title>The essential tension between leadership and power: when leaders sacrifice group goals for the sake of self-interest</article-title>”, <source>Journal of Personality and Social Psychology</source>, Vol. <volume>99</volume> No. <issue>3</issue>, pp. <fpage>482</fpage>-<lpage>497</lpage>.</mixed-citation></ref><ref id="ref041"><mixed-citation publication-type="journal"><person-group person-group-type="author"><string-name><surname>Marshburn</surname>, <given-names>C.K.</given-names></string-name>, <string-name><surname>Harrington</surname>, <given-names>N.T.</given-names></string-name> and <string-name><surname>Ruggs</surname>, <given-names>E.N.</given-names></string-name></person-group> (<year>2017</year>), “<article-title>Taking the ambiguity out of subtle and interpersonal workplace discrimination</article-title>”, <source>Industrial and Organizational Psychology</source>, Vol. <volume>10</volume> No. <issue>1</issue>, pp. <fpage>87</fpage>-<lpage>93</lpage>.</mixed-citation></ref><ref id="ref042"><mixed-citation publication-type="journal"><person-group person-group-type="author"><string-name><surname>Metinyurt</surname>, <given-names>T.</given-names></string-name>, <string-name><surname>Haynes-Baratz</surname>, <given-names>M.C.</given-names></string-name> and <string-name><surname>Bond</surname>, <given-names>M.A.</given-names></string-name></person-group> (<year>2021</year>), “<article-title>A systematic review of interventions to address workplace bias: what we know, what we don't, and lessons learned</article-title>”, <source>New Ideas in Psychology</source>, Vol. <volume>63</volume> <issue>June</issue>, pp. <fpage>1</fpage>-<lpage>9</lpage>.</mixed-citation></ref><ref id="ref043"><mixed-citation publication-type="journal"><person-group person-group-type="author"><string-name><surname>Moss</surname>, <given-names>S.A.</given-names></string-name>, <string-name><surname>Ennis</surname>, <given-names>G.</given-names></string-name>, <string-name><surname>Zander</surname>, <given-names>K.Z.</given-names></string-name>, <string-name><surname>Bartram</surname>, <given-names>T.</given-names></string-name> and <string-name><surname>Hedley</surname>, <given-names>D.</given-names></string-name></person-group> (<year>2018</year>), “<article-title>Can workplaces foster an openness to diversity surreptitiously?</article-title>”, <source>Equality, Diversity and Inclusion</source>, Vol. <volume>37</volume> No. <issue>8</issue>, pp. <fpage>750</fpage>-<lpage>762</lpage>.</mixed-citation></ref><ref id="ref044"><mixed-citation publication-type="journal"><person-group person-group-type="author"><string-name><surname>Nadarzynski</surname>, <given-names>T.</given-names></string-name>, <string-name><surname>Miles</surname>, <given-names>O.</given-names></string-name>, <string-name><surname>Cowie</surname>, <given-names>A.</given-names></string-name> and <string-name><surname>Ridge</surname>, <given-names>D.</given-names></string-name></person-group> (<year>2019</year>), “<article-title>Acceptability of artificial intelligence (AI)-led chatbot services in healthcare: a mixed-methods study</article-title>”, <source>Digital Health</source>, Vol. <volume>5</volume>, pp. <fpage>1</fpage>-<lpage>12</lpage>.</mixed-citation></ref><ref id="ref045"><mixed-citation publication-type="journal"><person-group person-group-type="author"><string-name><surname>Nowell</surname>, <given-names>L.S.</given-names></string-name>, <string-name><surname>Norris</surname>, <given-names>J.M.</given-names></string-name>, <string-name><surname>White</surname>, <given-names>D.E.</given-names></string-name> and <string-name><surname>Moules</surname>, <given-names>N.J.</given-names></string-name></person-group> (<year>2017</year>), “<article-title>Thematic analysis: striving to meet the trustworthiness criteria</article-title>”, <source>International Journal of Qualitative Methods</source>, Vol. <volume>16</volume> No. <issue>1</issue>, pp. <fpage>1</fpage>-<lpage>13</lpage>.</mixed-citation></ref><ref id="ref046"><mixed-citation publication-type="book-chapter"><person-group person-group-type="author"><string-name><surname>Pierce</surname>, <given-names>C.</given-names></string-name>, <string-name><surname>Carew</surname>, <given-names>J.</given-names></string-name>, <string-name><surname>Pierce-Gonzalez</surname>, <given-names>D.</given-names></string-name> and <string-name><surname>Willis</surname>, <given-names>D.</given-names></string-name></person-group> (<year>1977</year>), “<chapter-title>An experiment in racism: TV commercials</chapter-title>”, in <person-group person-group-type="editor"><string-name><surname>Pierce</surname>, <given-names>C.</given-names></string-name></person-group> (Ed.), <source>Education and Urban Society</source>, <publisher-name>Sage</publisher-name>, <publisher-loc>Beverly Hills</publisher-loc>, Vol. <volume>10</volume> No. <issue>1</issue>, pp. <fpage>61</fpage>-<lpage>87</lpage>.</mixed-citation></ref><ref id="ref047"><mixed-citation publication-type="journal"><person-group person-group-type="author"><string-name><surname>Pieterse</surname>, <given-names>A.N.</given-names></string-name>, <string-name><surname>van Knippenberg</surname>, <given-names>D.</given-names></string-name> and <string-name><surname>van Dierendonck</surname>, <given-names>D.</given-names></string-name></person-group> (<year>2013</year>), “<article-title>Cultural diversity and team performance: the role of team member goal orientation</article-title>”, <source>Academy of Management Journal</source>, Vol. <volume>56</volume> No. <issue>3</issue>, pp. <fpage>782</fpage>-<lpage>804</lpage>.</mixed-citation></ref><ref id="ref048"><mixed-citation publication-type="journal"><person-group person-group-type="author"><string-name><surname>Porath</surname>, <given-names>C.</given-names></string-name> and <string-name><surname>Pearson</surname>, <given-names>C.</given-names></string-name></person-group> (<year>2013</year>), “<article-title>The price of incivility</article-title>”, <source>Harvard Business Review</source>, Vol. <volume>91</volume> Nos <issue>1-2</issue>, pp. <fpage>114</fpage>-<lpage>131</lpage>.</mixed-citation></ref><ref id="ref049"><mixed-citation publication-type="journal"><person-group person-group-type="author"><string-name><surname>Rabenu</surname>, <given-names>E.</given-names></string-name> and <string-name><surname>Chernyak-Hai</surname>, <given-names>L.</given-names></string-name></person-group> (<year>2017</year>), “<article-title>Subtle discrimination as natural ‘equal reaction’ to organizational actions, and practical ways to soften it</article-title>”, <source>Industrial and Organizational Psychology</source>, Vol. <volume>10</volume> No. <issue>1</issue>, pp. <fpage>111</fpage>-<lpage>118</lpage>.</mixed-citation></ref><ref id="ref050"><mixed-citation publication-type="journal"><person-group person-group-type="author"><string-name><surname>Reynolds</surname>, <given-names>J.P.</given-names></string-name>, <string-name><surname>Archer</surname>, <given-names>S.</given-names></string-name>, <string-name><surname>Pilling</surname>, <given-names>M.</given-names></string-name>, <string-name><surname>Kenny</surname>, <given-names>M.</given-names></string-name>, <string-name><surname>Hollands</surname>, <given-names>G.J.</given-names></string-name> and <string-name><surname>Marteau</surname>, <given-names>T.M.</given-names></string-name></person-group> (<year>2019</year>), “<article-title>Public acceptability of nudging and taxing to reduce consumption of alcohol, tobacco, and food: a population-based survey experiment</article-title>”, <source>Social Science and Medicine</source>, Vol. <volume>236</volume>, pp. <fpage>1</fpage>-<lpage>10</lpage>.</mixed-citation></ref><ref id="ref051"><mixed-citation publication-type="book"><person-group person-group-type="author"><string-name><surname>Rhodes</surname>, <given-names>C.</given-names></string-name></person-group> (<year>2019</year>), <source>Business Statistics, Briefing Paper No. 06152</source>, <publisher-name>House of Commons Library</publisher-name>, <publisher-loc>London</publisher-loc>.</mixed-citation></ref><ref id="ref052"><mixed-citation publication-type="journal"><person-group person-group-type="author"><string-name><surname>Rowe</surname>, <given-names>M.</given-names></string-name></person-group> (<year>1990</year>), “<article-title>Barriers to equality: the power of subtle discrimination to maintain unequal opportunity</article-title>”, <source>Employee Responsibilities and Rights Journal</source>, Vol. <volume>3</volume> No. <issue>2</issue>, pp. <fpage>153</fpage>-<lpage>163</lpage>.</mixed-citation></ref><ref id="ref053"><mixed-citation publication-type="journal"><person-group person-group-type="author"><string-name><surname>Sabat</surname>, <given-names>I.E.</given-names></string-name>, <string-name><surname>Lindsey</surname>, <given-names>A.P.</given-names></string-name>, <string-name><surname>King</surname>, <given-names>E.B.</given-names></string-name>, <string-name><surname>Winslow</surname>, <given-names>C.</given-names></string-name>, <string-name><surname>Jones</surname>, <given-names>K.P.</given-names></string-name>, <string-name><surname>Membere</surname>, <given-names>A.</given-names></string-name> and <string-name><surname>Smith</surname>, <given-names>N.A.</given-names></string-name></person-group> (<year>2020</year>), “<article-title>Stigma expression outcomes and boundary conditions: a meta-analysis</article-title>”, <source>Journal of Business and Psychology</source>, Vol. <volume>35</volume> No. <issue>2</issue>, pp. <fpage>171</fpage>-<lpage>186</lpage>.</mixed-citation></ref><ref id="ref054"><mixed-citation publication-type="journal"><person-group person-group-type="author"><string-name><surname>Scherer</surname>, <given-names>K.R.</given-names></string-name></person-group> (<year>1982</year>), “<article-title>Emotion as a process: function, origin and regulation</article-title>”, <source>Social Science Information</source>, Vol. <volume>21</volume> Nos <issue>4/5</issue>, pp. <fpage>555</fpage>-<lpage>570</lpage>.</mixed-citation></ref><ref id="ref055"><mixed-citation publication-type="book"><person-group person-group-type="author"><string-name><surname>Scherer</surname>, <given-names>K.R.</given-names></string-name>, <string-name><surname>Schorr</surname>, <given-names>A.</given-names></string-name> and <string-name><surname>Johnstone</surname>, <given-names>T.</given-names></string-name></person-group> (<year>2001</year>), <source>Appraisal Processes in Emotion</source>, <publisher-name>Oxford University Press</publisher-name>, <publisher-loc>New York, NY</publisher-loc>.</mixed-citation></ref><ref id="ref056"><mixed-citation publication-type="journal"><person-group person-group-type="author"><string-name><surname>Schilpzand</surname>, <given-names>P.</given-names></string-name>, <string-name><surname>De Pater</surname>, <given-names>I.E.</given-names></string-name> and <string-name><surname>Erez</surname>, <given-names>A.</given-names></string-name></person-group> (<year>2016</year>), “<article-title>Workplace incivility: a review of the literature and agenda for future research</article-title>”, <source>Journal of Organizational Behavior</source>, Vol. <volume>37</volume> No. <issue>1</issue>, pp. <fpage>57</fpage>-<lpage>88</lpage>.</mixed-citation></ref><ref id="ref057"><mixed-citation publication-type="journal"><person-group person-group-type="author"><string-name><surname>Sekhon</surname>, <given-names>M.</given-names></string-name>, <string-name><surname>Cartwright</surname>, <given-names>M.</given-names></string-name> and <string-name><surname>Francis</surname>, <given-names>J.J.</given-names></string-name></person-group> (<year>2017</year>), “<article-title>Acceptability of healthcare interventions: an overview of reviews and development of a theoretical framework</article-title>”, <source>BMC Health Services Research</source>, Vol. <volume>17</volume> No. <issue>1</issue>, doi: <pub-id pub-id-type="doi">10.1186/s12913-017-2031-8</pub-id>.</mixed-citation></ref><ref id="ref058"><mixed-citation publication-type="journal"><person-group person-group-type="author"><string-name><surname>Sekhon</surname>, <given-names>M.</given-names></string-name>, <string-name><surname>Cartwright</surname>, <given-names>M.</given-names></string-name> and <string-name><surname>Francis</surname>, <given-names>J.J.</given-names></string-name></person-group> (<year>2018</year>), “<article-title>Acceptability of health care interventions: a theoretical framework and proposed research agenda</article-title>”, <source>British Journal of Health Psychology</source>, Vol. <volume>23</volume> No. <issue>3</issue>, pp. <fpage>519</fpage>-<lpage>531</lpage>.</mixed-citation></ref><ref id="ref059"><mixed-citation publication-type="journal"><person-group person-group-type="author"><string-name><surname>Shepherd</surname>, <given-names>S.M.</given-names></string-name></person-group> (<year>2019</year>), “<article-title>Cultural awareness workshops: limitations and practical consequences</article-title>”, <source>BMC Medical Education</source>, Vol. <volume>19</volume> No. <issue>1</issue>, pp. <fpage>1</fpage>-<lpage>10</lpage>.</mixed-citation></ref><ref id="ref060"><mixed-citation publication-type="journal"><person-group person-group-type="author"><string-name><surname>Smith</surname>, <given-names>I.A.</given-names></string-name> and <string-name><surname>Griffiths</surname>, <given-names>A.</given-names></string-name></person-group> (<year>2022</year>), “<article-title>Microaggressions, everyday discrimination, workplace incivilities, and other subtle slights at work: a meta-synthesis</article-title>”, <source>Human Resource Development Review</source>, Vol. <volume>21</volume> No. <issue>3</issue>, pp. <fpage>275</fpage>-<lpage>299</lpage>.</mixed-citation></ref><ref id="ref061"><mixed-citation publication-type="journal"><person-group person-group-type="author"><string-name><surname>Sue</surname>, <given-names>D.W.</given-names></string-name>, <string-name><surname>Capodilupo</surname>, <given-names>C.M.</given-names></string-name>, <string-name><surname>Torino</surname>, <given-names>G.C.</given-names></string-name>, <string-name><surname>Bucceri</surname>, <given-names>J.M.</given-names></string-name>, <string-name><surname>Holder</surname>, <given-names>A.M.B.</given-names></string-name>, <string-name><surname>Nadal</surname>, <given-names>K.L.</given-names></string-name> and <string-name><surname>Esquilin</surname>, <given-names>M.</given-names></string-name></person-group> (<year>2007</year>), “<article-title>Racial microaggressions in everyday life: implications for clinical practice</article-title>”, <source>American Psychologist</source>, Vol. <volume>62</volume> No. <issue>4</issue>, pp. <fpage>271</fpage>-<lpage>286</lpage>.</mixed-citation></ref><ref id="ref070"><mixed-citation publication-type="journal"><person-group person-group-type="author"><string-name><surname>Thomas</surname>, <given-names>D.R.</given-names></string-name></person-group> (<year>2017</year>), “<article-title>Feedback from research participants: are member checks useful in qualitative research?</article-title>”, <source>Qualitative Research in Psychology</source>, Vol. <volume>14</volume> No. <issue>1</issue>, pp. <fpage>23</fpage>-<lpage>41</lpage>, doi: <pub-id pub-id-type="doi">10.1080/14780887.2016.1219435</pub-id>.</mixed-citation></ref><ref id="ref062"><mixed-citation publication-type="journal"><person-group person-group-type="author"><string-name><surname>Tremmel</surname>, <given-names>S.</given-names></string-name> and <string-name><surname>Sonnentag</surname>, <given-names>S.</given-names></string-name></person-group> (<year>2018</year>), “<article-title>A sorrow halved? A daily diary study on talking about experienced workplace incivility and next-morning negative affect</article-title>”, <source>Journal of Occupational Health Psychology</source>, Vol. <volume>23</volume> No. <issue>4</issue>, pp. <fpage>568</fpage>-<lpage>583</lpage>.</mixed-citation></ref><ref id="ref063"><mixed-citation publication-type="journal"><person-group person-group-type="author"><string-name><surname>van Laer</surname>, <given-names>K.</given-names></string-name> and <string-name><surname>Janssens</surname>, <given-names>M.</given-names></string-name></person-group> (<year>2011</year>), “<article-title>Ethnic minority professionals' experiences with subtle discrimination in the workplace</article-title>”, <source>Human Relations</source>, Vol. <volume>64</volume> No. <issue>9</issue>, p. <fpage>1203</fpage>.</mixed-citation></ref><ref id="ref064"><mixed-citation publication-type="journal"><person-group person-group-type="author"><string-name><surname>Wiggins-Romesburg</surname>, <given-names>C.A.</given-names></string-name> and <string-name><surname>Githens</surname>, <given-names>R.P.</given-names></string-name></person-group> (<year>2018</year>), “<article-title>The psychology of diversity resistance and integration</article-title>”, <source>Human Resource Development Review</source>, Vol. <volume>17</volume> No. <issue>2</issue>, pp. <fpage>179</fpage>-<lpage>198</lpage>.</mixed-citation></ref><ref id="ref065"><mixed-citation publication-type="journal"><person-group person-group-type="author"><string-name><surname>Williams</surname>, <given-names>M.T.</given-names></string-name></person-group> (<year>2020</year>), “<article-title>Microaggressions: clarification, evidence, and impact</article-title>”, <source>Perspectives on Psychological Science</source>, Vol. <volume>15</volume> No. <issue>1</issue>, pp. <fpage>3</fpage>-<lpage>26</lpage>.</mixed-citation></ref><ref id="ref066"><mixed-citation publication-type="journal"><person-group person-group-type="author"><string-name><surname>Williams</surname>, <given-names>D.R.</given-names></string-name>, <string-name><surname>Yan</surname>, <given-names>Yu</given-names></string-name>, <string-name><surname>Jackson</surname>, <given-names>J.S.</given-names></string-name> and <string-name><surname>Anderson</surname>, <given-names>N.B.</given-names></string-name></person-group> (<year>1997</year>), “<article-title>Racial differences in physical and mental health</article-title>”, <source>Journal of Health Psychology</source>, Vol. <volume>2</volume> No. <issue>3</issue>, pp. <fpage>335</fpage>-<lpage>351</lpage>.</mixed-citation></ref><ref id="ref067"><mixed-citation publication-type="journal"><person-group person-group-type="author"><string-name><surname>Witt</surname>, <given-names>J.C.</given-names></string-name>, <string-name><surname>Elliott</surname>, <given-names>S.N.</given-names></string-name> and <string-name><surname>Martens</surname>, <given-names>B.K.</given-names></string-name></person-group> (<year>1984</year>), “<article-title>Acceptability of behavioral interventions used in classrooms: the influence of amount of teacher time, severity of behavior problem, and type of intervention</article-title>”, <source>Behavioral Disorders</source>, Vol. <volume>9</volume> No. <issue>2</issue>, pp. <fpage>95</fpage>-<lpage>104</lpage>.</mixed-citation></ref><ref id="ref068"><mixed-citation publication-type="journal"><person-group person-group-type="author"><string-name><surname>Woodrow</surname>, <given-names>C.</given-names></string-name> and <string-name><surname>Guest</surname>, <given-names>D.E.</given-names></string-name></person-group> (<year>2014</year>), “<article-title>When good HR gets bad results: exploring the challenge of HR implementation in the case of workplace bullying</article-title>”, <source>Human Resource Management Journal</source>, Vol. <volume>24</volume> No. <issue>1</issue>, pp. <fpage>38</fpage>-<lpage>56</lpage>.</mixed-citation></ref><ref id="ref069"><mixed-citation publication-type="journal"><person-group person-group-type="author"><string-name><surname>Yardley</surname>, <given-names>L.</given-names></string-name>, <string-name><surname>Ainsworth</surname>, <given-names>B.</given-names></string-name>, <string-name><surname>Arden-Close</surname>, <given-names>E.</given-names></string-name> and <string-name><surname>Muller</surname>, <given-names>I.</given-names></string-name></person-group> (<year>2015</year>), “<article-title>The person-based approach to enhancing the acceptability and feasibility of interventions</article-title>”, <source>Pilot and Feasibility Studies</source>, Vol. <volume>1</volume> No. <issue>1</issue>, doi: <pub-id pub-id-type="doi">10.1186/s40814-015-0033-z</pub-id>.</mixed-citation></ref></ref-list></back></article>