<?xml version="1.0" encoding="UTF-8"?>
<!DOCTYPE article PUBLIC "-//NLM//DTD JATS (Z39.96) Journal Archiving and Interchange DTD with MathML3 v1.1d1 20130915//EN" "JATS-archivearticle1-mathml3.dtd"><article xmlns:mml="http://www.w3.org/1998/Math/MathML" xmlns:xlink="http://www.w3.org/1999/xlink" article-type="case-report" dtd-version="1.1d1" xml:lang="en">
<front id="meta-hdr">
<journal-meta>
<journal-id journal-id-type="publisher-id">SCM</journal-id>
<journal-id journal-id-type="doi">10.1108/SCM</journal-id>
<journal-title-group>
<journal-title>Supply Chain Management: An International Journal</journal-title>
<abbrev-journal-title abbrev-type="publisher">SCM</abbrev-journal-title>
</journal-title-group>
<issn publication-format="print">1359-8546</issn>
<issn publication-format="online">1359-8546</issn>
<publisher>
<publisher-name>Emerald Publishing Limited</publisher-name>
</publisher>
</journal-meta>
<article-meta id="art-meta">
<article-id pub-id-type="publisher-id">703239</article-id>
<article-id pub-id-type="doi">10.1108/SCM-10-2022-0393</article-id>
<article-id pub-id-type="original-pdf">SCM-10-2022-0393.pdf</article-id>
<article-id pub-id-type="filename">SCM-10-2022-0393</article-id>
<article-categories>
<subj-group subj-group-type="type-of-publication">
<compound-subject>
<compound-subject-part content-type="code">case-report</compound-subject-part>
<compound-subject-part content-type="label">Case study</compound-subject-part>
</compound-subject>
</subj-group>
<subj-group subj-group-type="subject">
<compound-subject>
<compound-subject-part content-type="code">cat-MSOP</compound-subject-part>
<compound-subject-part content-type="label">Management science &amp; operations</compound-subject-part>
</compound-subject>
<subj-group subj-group-type="subject">
<compound-subject>
<compound-subject-part content-type="code"/>
<compound-subject-part content-type="label"> Supply chain management</compound-subject-part>
</compound-subject>
</subj-group>
</subj-group>
</article-categories>
<title-group>
<article-title xml:lang="en">Exploring supply chain finance along different supply chain stages: a case-based research in the agri-food industry</article-title>
</title-group>
<contrib-group>
<contrib corresp="yes" contrib-type="author">
<name-alternatives>
<name name-style="western"><surname>Medina</surname><given-names>Elisa</given-names></name>
<string-name name-style="western"><given-names>Elisa</given-names> <surname>Medina</surname>
</string-name>
</name-alternatives><email>elisa.medina@polimi.it</email><xref ref-type="aff" rid="aff1"/>
</contrib>
<contrib contrib-type="author">
<name-alternatives>
<name name-style="western"><surname>Caniato</surname><given-names>Federico</given-names></name>
<string-name name-style="western"><given-names>Federico</given-names> <surname>Caniato</surname>
</string-name>
</name-alternatives><email>federico.caniato@polimi.it</email><xref ref-type="aff" rid="aff1"/>
</contrib>
<contrib contrib-type="author">
<name-alternatives>
<name name-style="western"><surname>Moretto</surname><given-names>Antonella Maria</given-names></name>
<string-name name-style="western"><given-names>Antonella Maria</given-names> <surname>Moretto</surname>
</string-name>
</name-alternatives><email>antonella.moretto@polimi.it</email><xref ref-type="aff" rid="aff1"/>
</contrib>
<aff id="aff1">School of Management, <institution-wrap><institution>Politecnico di Milano</institution></institution-wrap>, Milan, <country country="IT">Italy</country></aff>
</contrib-group>
<author-notes>
<corresp id="cor1">Elisa Medina can be contacted at: <ext-link ext-link-type="email" xlink:href="mailto:elisa.medina@polimi.it">elisa.medina@polimi.it</ext-link></corresp></author-notes>
<pub-date publication-format="electronic" date-type="pub" iso-8601-date="2023-05-17"><day>17</day><month>05</month><year>2023</year></pub-date>
<pub-date publication-format="print" date-type="pub" iso-8601-date="2023-12-18"><day>18</day><month>12</month><year>2023</year></pub-date>
<volume>28</volume><issue>7</issue>
<fpage>77</fpage><lpage>96</lpage>
<history>
<date date-type="received" iso-8601-date="2022-10-07"><day>07</day><month>10</month><year>2022</year></date>
<date date-type="revised" iso-8601-date="2023-02-08"><day>08</day><month>02</month><year>2023</year></date>
<date date-type="revised" iso-8601-date="2023-03-30"><day>30</day><month>03</month><year>2023</year></date>
<date date-type="accepted" iso-8601-date="2023-03-31"><day>31</day><month>03</month><year>2023</year></date>
</history>
<permissions>
<copyright-statement>© Elisa Medina, Federico Caniato and Antonella Maria Moretto.</copyright-statement>
<copyright-year>2023</copyright-year>
<copyright-holder>Elisa Medina, Federico Caniato and Antonella Maria Moretto.</copyright-holder>
<license license-type="open-access">
<license-p>Published by Emerald Publishing Limited. This article is published under the Creative Commons Attribution (CC BY 4.0) licence. Anyone may reproduce, distribute, translate and create derivative works of this article (for both commercial &amp; non-commercial purposes), subject to full attribution to the original publication and authors. The full terms of this licence may be seen at <ext-link ext-link-type="uri" xlink:href="http://creativecommons.org/licences/by/4.0/legalcode">http://creativecommons.org/licences/by/4.0/legalcode</ext-link></license-p>
</license>
</permissions>
<self-uri content-type="pdf" xlink:href="SCM-10-2022-0393.pdf"/>
<abstract abstract-type="structured" id="abstr1" xml:lang="en">
<sec>
<title content-type="abstract-subheading">Purpose</title>
<p>Since 2008’s financial crisis, attention toward supply chain finance (SCF) has increased. However, most research investigates SCF considering single supply chain (SC) stages or buyer–supplier dyads and focuses on a single SCF solution. It is important to see how different solutions are adopted at different SC stages, by actors with different financing needs. This study aims to analyze SCF at different SC stages, to understand why different solutions are implemented at different SC stages and the contingency factors (regulation, SC stage, product category and size) influencing their adoption.</p>
</sec>
<sec>
<title content-type="abstract-subheading">Design/methodology/approach</title>
<p>The paper is based on multiple exploratory case studies in the Italian agri-food industry, considering firms distributed at different SC stages and adopting multiple SCF solutions. The paper exploits a contingent approach (Sousa and Voss, 2008) to analyze how contingent factors influence SCF adoption at different SC stages.</p>
</sec>
<sec>
<title content-type="abstract-subheading">Findings</title>
<p>Findings explain how and why different SC stages (producer, cooperative, processor and retailer) implement different SCF solutions (reverse factoring, dynamic discounting, inventory finance and Minibond), describing contingency variables’ impact on their adoption.</p>
</sec>
<sec>
<title content-type="abstract-subheading">Originality/value</title>
<p>To the best of the authors’ knowledge, the research is original in its description of SCF at different SC stages, considering different SC actors’ drivers and barriers, and questioning the importance of a coordinated approach in SCF adoption along an entire SC. Moreover, the paper adopts a contingent approach, contributing to SCF research, seldomly based on theoretical lenses.</p>
</sec>
</abstract>
<kwd-group kwd-group-type="author-generated" xml:lang="en"><kwd>Supply chain finance</kwd><x xml:space="preserve">, </x><kwd>Agri-food industry</kwd><x xml:space="preserve">, </x><kwd>Reverse factoring</kwd><x xml:space="preserve">, </x><kwd>Dynamic discounting</kwd><x xml:space="preserve">, </x><kwd>Inventory finance</kwd>
</kwd-group>
<counts>
<fig-count count="2"/>
<table-count count="14"/>
<equation-count count="0"/>
<ref-count count="45"/>
<page-count count="20"/>
<word-count count="12242"/>
</counts>
<custom-meta-group>
<custom-meta>
<meta-name>copyright-code</meta-name>
<meta-value>Z</meta-value>
</custom-meta>
<custom-meta>
<meta-name>deliverables</meta-name>
<meta-value>Web-ready article package</meta-value>
</custom-meta>
<custom-meta>
<meta-name>peer-reviewed</meta-name>
<meta-value>Yes</meta-value>
</custom-meta>
<custom-meta>
<meta-name>academic-content</meta-name>
<meta-value>Yes</meta-value>
</custom-meta>
<custom-meta>
<meta-name>EContentType</meta-name>
<meta-value>JOURNAL</meta-value>
</custom-meta>
<custom-meta>
<meta-name>rightslink</meta-name>
<meta-value>excluded</meta-value>
</custom-meta>
</custom-meta-group>
</article-meta>
</front>

<back>

<ref-list id="refs1">
<title>References</title>
<ref id="ref001"><mixed-citation publication-type="journal"><person-group person-group-type="author"><string-name><surname>Abbasi</surname>, <given-names>W.A.</given-names></string-name>, <string-name><surname>Wang</surname>, <given-names>Z.</given-names></string-name>, and <string-name><surname>Alsakarneh</surname></string-name></person-group>, A. (<year>2018</year>), “<article-title>Overcoming SMEs financing and supply chain obstacles by introducing supply chain finance</article-title>”, <source>Journal of Business and Public Administration</source>, Vol. <volume>9</volume>, pp. <fpage>7</fpage>-<lpage>22</lpage>, doi: <pub-id pub-id-type="doi">10.5539/ijbm.v13n6p165</pub-id>.</mixed-citation></ref>
<ref id="ref002"><mixed-citation publication-type="journal"><person-group person-group-type="author"><string-name><surname>Altman</surname>, <given-names>E.</given-names></string-name>, <string-name><surname>Esentato</surname>, <given-names>M.</given-names></string-name> and <string-name><surname>Sabato</surname>, <given-names>G.</given-names></string-name></person-group> (<year>2018</year>), “<article-title>Assessing the credit worthiness of Italian SMEs</article-title>”, <source>Global Finance Journal</source>, Vol. <volume>43</volume> doi: <pub-id pub-id-type="doi">10.1016/j.gfj.2018.09.003</pub-id>.</mixed-citation></ref>
<ref id="ref003"><mixed-citation publication-type="journal"><person-group person-group-type="author"><string-name><surname>Ardic</surname>, <given-names>O.</given-names></string-name>, <string-name><surname>Mylenko</surname>, <given-names>N.</given-names></string-name> and <string-name><surname>Salta</surname>, <given-names>V.</given-names></string-name></person-group> (<year>2011</year>), <source>Small and Medium Enterprises: A Cross-Country Analysis with a New Data Set</source>, doi: <pub-id pub-id-type="doi">10.1596/1813-9450-5538</pub-id>.</mixed-citation></ref>
<ref id="ref004"><mixed-citation publication-type="journal"><person-group person-group-type="author"><string-name><surname>Bal</surname>, <given-names>M.</given-names></string-name> and <string-name><surname>Pawlicka</surname>, <given-names>K.</given-names></string-name></person-group> (<year>2021</year>), “<article-title>Supply chain finance and challenges of modern supply chains</article-title>”, <source>Logforum</source>, Vol. <volume>17</volume> No. <issue>1</issue>, pp. <fpage>71</fpage>-<lpage>82</lpage>, doi: <pub-id pub-id-type="doi">10.17270/J.LOG.2021.525</pub-id>.</mixed-citation></ref>
<ref id="ref005"><mixed-citation publication-type="journal"><person-group person-group-type="author"><string-name><surname>Bals</surname>, <given-names>C.</given-names></string-name></person-group> (<year>2019</year>), “<article-title>Toward a supply chain finance (SCF) ecosystem – proposing a framework and agenda for future research</article-title>”, <source>Journal of Purchasing and Supply Management</source>, Vol. <volume>25</volume> No. <issue>2</issue>, pp. <fpage>105</fpage>-<lpage>117</lpage>, doi: <pub-id pub-id-type="doi">10.1016/j.pursup.2018.07.005</pub-id>.</mixed-citation></ref>
<ref id="ref006"><mixed-citation publication-type="journal"><person-group person-group-type="author"><string-name><surname>Bonazzi</surname>, <given-names>G.</given-names></string-name> and <string-name><surname>Iotti</surname>, <given-names>M.</given-names></string-name></person-group> (<year>2014</year>), “<article-title>Agricultural cooperatives firms: budgetary adjustments and analysis of credit access applying scoring systems</article-title>”, <source>American Journal of Applied Sciences</source>, Vol. <volume>11</volume> No. <issue>7</issue>, pp. <fpage>1181</fpage>-<lpage>1192</lpage>, doi: <pub-id pub-id-type="doi">10.3844/ajassp.2014.1181.1192</pub-id>.</mixed-citation></ref>
<ref id="ref007"><mixed-citation publication-type="journal"><person-group person-group-type="author"><string-name><surname>Bonzani</surname>, <given-names>A.</given-names></string-name>, <string-name><surname>Caniato</surname>, <given-names>F.</given-names></string-name> and <string-name><surname>Moretto</surname>, <given-names>A.</given-names></string-name></person-group> (<year>2018</year>), “<article-title>Costs and benefits of supply chain finance</article-title>”, <source>The Supply Chain Finance Essential Knowledge Series</source>.</mixed-citation></ref>
<ref id="ref008"><mixed-citation publication-type="journal"><person-group person-group-type="author"><string-name><surname>Cagliano</surname>, <given-names>R.</given-names></string-name>, <string-name><surname>Worley</surname>, <given-names>C.G.</given-names></string-name> and <string-name><surname>Caniato</surname>, <given-names>F.</given-names></string-name></person-group> (<year>2016</year>), “<article-title>The challenge of sustainable innovation in agri-food supply chains</article-title>”, <source>Organizing Supply Chain Processes for Sustainable Innovation in the Agri-Food Industry</source>, Vol. <volume>5</volume>, pp. <fpage>1</fpage>-<lpage>30</lpage>, doi: <pub-id pub-id-type="doi">10.1108/S2045-060520160000005009</pub-id>.</mixed-citation></ref>
<ref id="ref009"><mixed-citation publication-type="journal"><person-group person-group-type="author"><string-name><surname>Caniato</surname>, <given-names>F.</given-names></string-name>, <string-name><surname>Gelsomino</surname>, <given-names>L.M.</given-names></string-name>, <string-name><surname>Perego</surname>, <given-names>A.</given-names></string-name> and <string-name><surname>Ronchi</surname>, <given-names>S.</given-names></string-name></person-group> (<year>2016</year>), “<article-title>Does finance solve the supply chain financing problem?</article-title>”, <source>Supply Chain Management: An International Journal</source>, Vol. <volume>21</volume> No. <issue>5</issue>, pp. <fpage>534</fpage>-<lpage>549</lpage>, doi: <pub-id pub-id-type="doi">10.1108/SCM-11-2015-0436</pub-id>.</mixed-citation></ref>
<ref id="ref010"><mixed-citation publication-type="journal"><person-group person-group-type="author"><string-name><surname>Caniato</surname>, <given-names>F.</given-names></string-name>, <string-name><surname>Henke</surname>, <given-names>M.</given-names></string-name> and <string-name><surname>Zsidisin</surname>, <given-names>G.A.</given-names></string-name></person-group> (<year>2019</year>), “<article-title>Supply chain finance: historical foundations, current research, future developments</article-title>”, <source>Journal of Purchasing and Supply Management</source>, Vol. <volume>25</volume> No. <issue>2</issue>, pp. <fpage>99</fpage>-<lpage>104</lpage>, doi: <pub-id pub-id-type="doi">10.1016/j.pursup.2019.02.002</pub-id>.</mixed-citation></ref>
<ref id="ref011"><mixed-citation publication-type="journal"><person-group person-group-type="author"><string-name><surname>Cho</surname>, <given-names>W.</given-names></string-name>, <string-name><surname>Fisher Ke</surname>, <given-names>J-y.</given-names></string-name> and <string-name><surname>Han</surname>, <given-names>C.</given-names></string-name></person-group> (<year>2019</year>), “<article-title>An empirical examination of the use of bargaining power and its impacts on supply chain financial performance</article-title>”, <source>Journal of Purchasing and Supply Management</source>, Vol. <volume>25</volume> No. <issue>4</issue>, p. <fpage>100550</fpage>, doi: <pub-id pub-id-type="doi">10.1016/j.pursup.2019.100550</pub-id>.</mixed-citation></ref>
<ref id="ref012"><mixed-citation publication-type="journal"><person-group person-group-type="author"><string-name><surname>De Goeij</surname>, <given-names>C.</given-names></string-name>, <string-name><surname>Gelsomino</surname>, <given-names>L.M.</given-names></string-name>, <string-name><surname>Caniato</surname>, <given-names>F.</given-names></string-name>, <string-name><surname>Moretto</surname>, <given-names>A.</given-names></string-name> and <string-name><surname>Steeman</surname>, <given-names>M.</given-names></string-name></person-group> (<year>2021</year>), “<article-title>Understanding SME suppliers' response to supply chain finance: a transaction cost economics perspective</article-title>”, <source>International Journal of Physical Distribution &amp; Logistics Management</source>, Vol. <volume>51</volume> No. <issue>8</issue>, pp. <fpage>813</fpage>-<lpage>836</lpage>, doi: <pub-id pub-id-type="doi">10.1108/IJPDLM-04-2020-0125</pub-id>.</mixed-citation></ref>
<ref id="ref013"><mixed-citation publication-type="journal"><person-group person-group-type="author"><string-name><surname>Dello Iacono</surname>, <given-names>U.</given-names></string-name>, <string-name><surname>Reindorp</surname>, <given-names>M.</given-names></string-name> and <string-name><surname>Dellaert</surname>, <given-names>N.</given-names></string-name></person-group> (<year>2007</year>), “<article-title>Market adoption of reverse factoring</article-title>”, <source>International Journal of Physical Distribution &amp; Logistics Management</source>, Vol. <volume>45</volume> No. <issue>3</issue>, pp. <fpage>170</fpage>-<lpage>181</lpage>, doi: <pub-id pub-id-type="doi">10.1108/IJPDLM-10-2013-0258</pub-id>.</mixed-citation></ref>
<ref id="ref014"><mixed-citation publication-type="journal"><person-group person-group-type="author"><string-name><surname>Extra</surname>, <given-names>W.</given-names></string-name>, <string-name><surname>Kortman</surname>, <given-names>R.</given-names></string-name>, <string-name><surname>Siemes</surname>, <given-names>S.</given-names></string-name>, <string-name><surname>Caniato</surname>, <given-names>F.</given-names></string-name>, <string-name><surname>Gelsomino</surname>, <given-names>L.M.</given-names></string-name> and <string-name><surname>Moretto</surname>, <given-names>A.</given-names></string-name></person-group> (<year>2018</year>), “<article-title>SCF barometer 2018/2019</article-title>”, <source>Entering a New Era of Maturity and Solutions. PwC and Supply Chain Finance Community</source>, Vol. <volume>51</volume>, pp. <fpage>813</fpage>-<lpage>836</lpage>.</mixed-citation></ref>
<ref id="ref015"><mixed-citation publication-type="journal"><person-group person-group-type="author"><string-name><surname>Gelsomino</surname>, <given-names>L.M.</given-names></string-name>, <string-name><surname>de Boer</surname>, <given-names>R.</given-names></string-name>, <string-name><surname>Steeman</surname>, <given-names>M.</given-names></string-name> and <string-name><surname>Perego</surname>, <given-names>A.</given-names></string-name></person-group> (<year>2019</year>), “<article-title>An optimisation strategy for concurrent supply chain finance schemes</article-title>”, <source>Journal of Purchasing and Supply Management</source>, Vol. <volume>25</volume> No. <issue>2</issue>, pp. <fpage>185</fpage>-<lpage>196</lpage>, doi: <pub-id pub-id-type="doi">10.1016/j.pursup.2018.07.004</pub-id>.</mixed-citation></ref>
<ref id="ref016"><mixed-citation publication-type="journal"><person-group person-group-type="author"><string-name><surname>Gelsomino</surname>, <given-names>L.</given-names></string-name>, <string-name><surname>Mangiaracina</surname>, <given-names>R.</given-names></string-name>, <string-name><surname>Perego</surname>, <given-names>A.</given-names></string-name> and <string-name><surname>Tumino</surname>, <given-names>A.</given-names></string-name></person-group> (<year>2016</year>), “<article-title>Supply chain finance: a literature review</article-title>”, <source>International Journal of Physical Distribution &amp; Logistics Management</source>, Vol. <volume>46</volume> No. <issue>4</issue>, pp. <fpage>1</fpage>-<lpage>19</lpage>, doi: <pub-id pub-id-type="doi">10.1108/IJPDLM-08-2014-0173</pub-id>.</mixed-citation></ref>
<ref id="ref017"><mixed-citation publication-type="journal"><person-group person-group-type="author"><string-name><surname>Golini</surname>, <given-names>R.</given-names></string-name>, <string-name><surname>Moretto</surname>, <given-names>A.</given-names></string-name>, <string-name><surname>Caniato</surname>, <given-names>F.</given-names></string-name>, <string-name><surname>Caridi</surname>, <given-names>M.</given-names></string-name> and <string-name><surname>Kalchschmidt</surname>, <given-names>M.</given-names></string-name></person-group> (<year>2017</year>), “<article-title>Developing sustainability in the Italian meat supply chain: an empirical investigation</article-title>”, <source>International Journal of Production Research</source>, Vol. <volume>55</volume> No. <issue>4</issue>, pp. <fpage>1183</fpage>-<lpage>1209</lpage>, doi: <pub-id pub-id-type="doi">10.1080/00207543.2016.1234724</pub-id>.</mixed-citation></ref>
<ref id="ref018"><mixed-citation publication-type="journal"><person-group person-group-type="author"><string-name><surname>Guida</surname>, <given-names>M.</given-names></string-name>, <string-name><surname>Moretto</surname>, <given-names>A.</given-names></string-name> and <string-name><surname>Caniato</surname>, <given-names>F.</given-names></string-name></person-group> (<year>2021</year>), “<article-title>How to select a supply chain finance solution?</article-title>”, <source>Journal of Purchasing and Supply Management</source>, Vol. <volume>27</volume> No. <issue>4</issue>, p. <fpage>100701</fpage>, doi: <pub-id pub-id-type="doi">10.1016/j.pursup.2021.100701</pub-id>.</mixed-citation></ref>
<ref id="ref019"><mixed-citation publication-type="journal"><person-group person-group-type="author"><string-name><surname>Hanedar</surname>, <given-names>E.Y.</given-names></string-name>, <string-name><surname>Broccardo</surname>, <given-names>E.</given-names></string-name> and <string-name><surname>Bazzana</surname>, <given-names>F.</given-names></string-name></person-group> (<year>2014</year>), “<article-title>Collateral requirements of SMEs: the evidence from less-developed countries</article-title>”, <source>Journal of Banking &amp; Finance</source>, Vol. <volume>38</volume>, pp. <fpage>106</fpage>-<lpage>121</lpage>, doi: <pub-id pub-id-type="doi">10.1016/j.jbankfin.2013.09.019</pub-id>.</mixed-citation></ref>
<ref id="ref020"><mixed-citation publication-type="journal"><person-group person-group-type="author"><string-name><surname>Hofmann</surname>, <given-names>E.</given-names></string-name></person-group> (<year>2009</year>), “<article-title>Inventory financing in supply chains</article-title>”, <source>International Journal of Physical Distribution &amp; Logistics Management</source>, Vol. <volume>39</volume> No. <issue>9</issue>, pp. <fpage>716</fpage>-<lpage>740</lpage>, doi: <pub-id pub-id-type="doi">10.1108/09600030911008175</pub-id>.</mixed-citation></ref>
<ref id="ref021"><mixed-citation publication-type="book"><person-group person-group-type="author"><string-name><surname>Hofmann</surname>, <given-names>E.</given-names></string-name> and <string-name><surname>Belin</surname>, <given-names>O.</given-names></string-name></person-group> (<year>2011</year>), <source>Supply Chain Finance Solutions</source>, <publisher-name>Springer</publisher-name>, <publisher-loc>Berlin, Heidelberg</publisher-loc>.</mixed-citation></ref>
<ref id="ref022"><mixed-citation publication-type="journal"><person-group person-group-type="author"><string-name><surname>Iotti</surname>, <given-names>M.</given-names></string-name> and <string-name><surname>Bonazzi</surname>, <given-names>G.</given-names></string-name></person-group> (<year>2015</year>), “<article-title>Economic and financial flow generation in tomato industry in Italy</article-title>”, <source>American Journal of Applied Sciences</source>, Vol. <volume>12</volume> No. <issue>2</issue>, pp. <fpage>99</fpage>-<lpage>111</lpage>, doi: <pub-id pub-id-type="doi">10.3844/ajassp.2015.99.111</pub-id>.</mixed-citation></ref>
<ref id="ref023"><mixed-citation publication-type="journal"><person-group person-group-type="author"><string-name><surname>Jia</surname>, <given-names>F.</given-names></string-name>, <string-name><surname>Zhang</surname>, <given-names>T.</given-names></string-name> and <string-name><surname>Chen</surname>, <given-names>L.</given-names></string-name></person-group> (<year>2020</year>), “<article-title>Sustainable supply chain finance: towards a research agenda</article-title>”, <source>Journal of Cleaner Production</source>, Vol. <volume>243</volume>, p. <fpage>118680</fpage>, doi: <pub-id pub-id-type="doi">10.1016/j.jclepro.2019.118680</pub-id>.</mixed-citation></ref>
<ref id="ref024"><mixed-citation publication-type="journal"><person-group person-group-type="author"><string-name><surname>Lekkakos</surname>, <given-names>D.S.</given-names></string-name> and <string-name><surname>Serrano</surname>, <given-names>A.</given-names></string-name></person-group> (<year>2016</year>), “<article-title>Supply chain finance for small and medium sized enterprises: the case of reverse factoring</article-title>”, <source>International Journal of Physical Distribution &amp; Logistics Management</source>, Vol. <volume>46</volume> No. <issue>4</issue>, pp. <fpage>367</fpage>-<lpage>392</lpage>, doi: <pub-id pub-id-type="doi">10.1108/IJPDLM-07-2014-0165</pub-id>.</mixed-citation></ref>
<ref id="ref025"><mixed-citation publication-type="journal"><person-group person-group-type="author"><string-name><surname>Leòn Bravo</surname>, <given-names>V.</given-names></string-name>, <string-name><surname>Caniato</surname>, <given-names>F.</given-names></string-name> and <string-name><surname>Caridi</surname>, <given-names>M.</given-names></string-name></person-group> (<year>2018</year>), “<article-title>Sustainability in multiple stages of the food supply chain in Italy: practices, performance and reputation</article-title>”, <source>Operations Management Research</source>, Vol. <volume>12</volume> Nos <issue>1/2</issue>, pp. <fpage>40</fpage>-<lpage>61</lpage>, doi: <pub-id pub-id-type="doi">10.1007/s12063-018-0136-9</pub-id>.</mixed-citation></ref>
<ref id="ref026"><mixed-citation publication-type="journal"><person-group person-group-type="author"><string-name><surname>Liebl</surname>, <given-names>J.</given-names></string-name>, <string-name><surname>Hartmann</surname>, <given-names>E.</given-names></string-name> and <string-name><surname>Feisel</surname>, <given-names>E.</given-names></string-name></person-group> (<year>2016</year>), “<article-title>Reverse factoring in the supply chain: objectives, antecedents and implementation barriers</article-title>”, <source>International Journal of Physical Distribution &amp; Logistics Management</source>, Vol. <volume>46</volume> No. <issue>4</issue>, doi: <pub-id pub-id-type="doi">10.1108/IJPDLM-08-2014-0171</pub-id>.</mixed-citation></ref>
<ref id="ref027"><mixed-citation publication-type="journal"><person-group person-group-type="author"><string-name><surname>Martin</surname>, <given-names>J.</given-names></string-name> and <string-name><surname>Hofmann</surname>, <given-names>E.</given-names></string-name></person-group> (<year>2019</year>), “<article-title>Towards a framework for supply chain finance for the supply side</article-title>”, <source>Journal of Purchasing and Supply Management</source>, Vol. <volume>25</volume> No. <issue>2</issue>, pp. <fpage>157</fpage>-<lpage>171</lpage>, doi: <pub-id pub-id-type="doi">10.1016/j.pursup.2018.08.004</pub-id>.</mixed-citation></ref>
<ref id="ref028"><mixed-citation publication-type="book"><person-group person-group-type="author"><string-name><surname>Miller</surname>, <given-names>C.</given-names></string-name> and <string-name><surname>Jones</surname>, <given-names>L.</given-names></string-name></person-group> (<year>2010</year>), <source>Agricultural Value Chain Finance</source>, <publisher-name>Tools and lessons, Food and Agriculture Organization of the United Nations and Practical Action Publishing</publisher-name>, <publisher-loc>Schumacher Centre for Technology and Development, Bourton on Dunsmore, Rugby</publisher-loc>.</mixed-citation></ref>
<ref id="ref029"><mixed-citation publication-type="journal"><person-group person-group-type="author"><string-name><surname>More</surname>, <given-names>D.</given-names></string-name> and <string-name><surname>Basu</surname>, <given-names>P.</given-names></string-name></person-group> (<year>2013</year>), “<article-title>Challenges of supply chain finance: a detailed study and a hierarchical model</article-title>”, <source>Business Process Management Journal</source>, Vol. <volume>19</volume> No. <issue>4</issue>, pp. <fpage>197</fpage>-<lpage>217</lpage>, doi: <pub-id pub-id-type="doi">10.1108/BPMJ-09-2012-0093</pub-id>.</mixed-citation></ref>
<ref id="ref030"><mixed-citation publication-type="journal"><person-group person-group-type="author"><string-name><surname>Moretto</surname>, <given-names>A.</given-names></string-name> and <string-name><surname>Caniato</surname>, <given-names>F.</given-names></string-name></person-group> (<year>2021</year>), “<article-title>Can supply chain finance help mitigate the financial disruption brought by covid-19?</article-title>”, <source>Journal of Purchasing and Supply Management</source>, Vol. <volume>27</volume> No. <issue>4</issue>, p. <fpage>100713</fpage>, doi: <pub-id pub-id-type="doi">10.1016/j.pursup.2021.100713</pub-id>.</mixed-citation></ref>
<ref id="ref031"><mixed-citation publication-type="book"><person-group person-group-type="author"><collab>Osservatorio Minibond</collab></person-group> (<year>2020</year>), <source>6° Report Italiano Sui Minibond</source>, <publisher-name>Politecnico di Milano – Dipartimento di Ingegneria Gestionale</publisher-name>, <publisher-loc>Milan</publisher-loc>.</mixed-citation></ref>
<ref id="ref032"><mixed-citation publication-type="journal"><person-group person-group-type="author"><string-name><surname>Ronchini</surname>, <given-names>A.</given-names></string-name>, <string-name><surname>Moretto</surname>, <given-names>A.</given-names></string-name> and <string-name><surname>Caniato</surname>, <given-names>F.</given-names></string-name></person-group> (<year>2021</year>), “<article-title>A decision framework for inventory- and equipment-based supply chain finance solutions</article-title>”, <source>Journal of Purchasing and Supply Management</source>, Vol. <volume>27</volume> No. <issue>4</issue>, doi: <pub-id pub-id-type="doi">10.1016/j.pursup.2021.100712</pub-id>.</mixed-citation></ref>
<ref id="ref033"><mixed-citation publication-type="other"><person-group person-group-type="author"><string-name><surname>Ruete</surname>, <given-names>M.</given-names></string-name></person-group> (<year>2015</year>), “<article-title>Financing for agriculture: how to boost opportunities in developing countries</article-title>”.</mixed-citation></ref>
<ref id="ref034"><mixed-citation publication-type="journal"><person-group person-group-type="author"><string-name><surname>Smith</surname>, <given-names>B.G.</given-names></string-name></person-group> (<year>2007</year>), “<article-title>Developing sustainable food supply chains</article-title>”, <source>Philosophical Transactions of the Royal Society B: Biological Sciences</source>, Vol. <volume>363</volume> No. <issue>1492</issue>, pp. <fpage>849</fpage>-<lpage>861</lpage>, doi: <pub-id pub-id-type="doi">10.1098/rstb.2007.2187</pub-id>.</mixed-citation></ref>
<ref id="ref035"><mixed-citation publication-type="journal"><person-group person-group-type="author"><string-name><surname>Sousa</surname>, <given-names>R.</given-names></string-name> and <string-name><surname>Voss</surname>, <given-names>C.</given-names></string-name></person-group> (<year>2008</year>), “<article-title>Contingency research in operations management practices</article-title>”, <source>Journal of Operations Management</source>, Vol. <volume>26</volume> No. <issue>6</issue>, pp. <fpage>697</fpage>-<lpage>713</lpage>, doi: <pub-id pub-id-type="doi">10.1016/j.jom.2008.06.001</pub-id>.</mixed-citation></ref>
<ref id="ref036"><mixed-citation publication-type="journal"><person-group person-group-type="author"><string-name><surname>Tanrisever</surname>, <given-names>F.</given-names></string-name>, <string-name><surname>Cetinay</surname>, <given-names>H.</given-names></string-name>, <string-name><surname>Reindorp</surname>, <given-names>M.</given-names></string-name> and <string-name><surname>Fransoo</surname>, <given-names>J.</given-names></string-name></person-group> (<year>2012</year>), “<article-title>Value of reverse factoring in multi-stage supply chain</article-title>”, <source>SSRN Electronic Journal</source>, doi: <pub-id pub-id-type="doi">10.2139/ssrn.2183991</pub-id>.</mixed-citation></ref>
<ref id="ref037"><mixed-citation publication-type="journal"><person-group person-group-type="author"><string-name><surname>Tseng</surname>, <given-names>M.-L.</given-names></string-name>, <string-name><surname>Bui</surname>, <given-names>T.-D.</given-names></string-name>, <string-name><surname>Tsai</surname>, <given-names>F.</given-names></string-name> and <string-name><surname>Tan</surname>, <given-names>R.</given-names></string-name></person-group> (<year>2021</year>), “<article-title>Comparing world regional sustainable supply chain finance using big data analytics: a bibliometric analysis</article-title>”, <source>Industrial Management &amp; Data Systems</source>, Vol. <volume>121</volume> No. <issue>3</issue>, pp. <fpage>657</fpage>-<lpage>700</lpage>, doi: <pub-id pub-id-type="doi">10.1108/IMDS-09-2020-0521</pub-id>.</mixed-citation></ref>
<ref id="ref038"><mixed-citation publication-type="journal"><person-group person-group-type="author"><string-name><surname>Tsolakis</surname>, <given-names>N.K.</given-names></string-name>, <string-name><surname>Keramydas</surname>, <given-names>C.A.</given-names></string-name>, <string-name><surname>Toka</surname>, <given-names>A.K.</given-names></string-name>, <string-name><surname>Aidonis</surname>, <given-names>D.A.</given-names></string-name> and <string-name><surname>Iakovou</surname>, <given-names>E.T.</given-names></string-name></person-group> (<year>2014</year>), “<article-title>Agrifood supply chain management: a comprehensive hierarchical decision-making framework and a critical taxonomy</article-title>”, <source>Biosystems Engineering</source>, Vol. <volume>120</volume>, pp. <fpage>47</fpage>-<lpage>64</lpage>, doi: <pub-id pub-id-type="doi">10.1016/j.biosystemseng.2013.10.014</pub-id>.</mixed-citation></ref>
<ref id="ref039"><mixed-citation publication-type="journal"><person-group person-group-type="author"><string-name><surname>Van Bergen</surname>, <given-names>M.</given-names></string-name>, <string-name><surname>Steeman</surname>, <given-names>M.</given-names></string-name>, <string-name><surname>Reindorp</surname>, <given-names>M.</given-names></string-name> and <string-name><surname>Gelsomino</surname>, <given-names>L.</given-names></string-name></person-group> (<year>2019</year>), “<article-title>Supply chain finance schemes in the procurement of agricultural products</article-title>”, <source>Journal of Purchasing and Supply Management</source>, Vol. <volume>25</volume> No. <issue>2</issue>, pp. <fpage>172</fpage>-<lpage>184</lpage>, doi: <pub-id pub-id-type="doi">10.1016/j.pursup.2018.08.003</pub-id>.</mixed-citation></ref>
<ref id="ref040"><mixed-citation publication-type="book"><person-group person-group-type="author"><string-name><surname>Welch</surname>, <given-names>M.</given-names></string-name>, <string-name><surname>Waller</surname>, <given-names>M.L.</given-names></string-name>, <string-name><surname>Amosson</surname>, <given-names>S.H.</given-names></string-name> and <string-name><surname>Tierney</surname>, <given-names>W.I.</given-names></string-name></person-group> (<year>2011</year>), <source>Seasonality and Its Effect on Crop Markets</source>, <publisher-name>Texas A&amp;M University, Agrilife Extension</publisher-name>.</mixed-citation></ref>
<ref id="ref041"><mixed-citation publication-type="journal"><person-group person-group-type="author"><string-name><surname>Wuttke</surname>, <given-names>D.A.</given-names></string-name>, <string-name><surname>Blome</surname>, <given-names>C.</given-names></string-name>, <string-name><surname>Foerstl</surname>, <given-names>K.</given-names></string-name> and <string-name><surname>Henke</surname>, <given-names>M.</given-names></string-name></person-group> (<year>2013</year>), “<article-title>Managing the innovation adoption of supply chain finance – empirical evidence from six europen case studies</article-title>”, <source>Journal of Business Logistics</source>, Vol. <volume>34</volume> No. <issue>2</issue>, pp. <fpage>148</fpage>-<lpage>166</lpage>, doi: <pub-id pub-id-type="doi">10.1111/jbl.12016</pub-id>.</mixed-citation></ref>
<ref id="ref042"><mixed-citation publication-type="journal"><person-group person-group-type="author"><string-name><surname>Xu</surname>, <given-names>X.</given-names></string-name>, <string-name><surname>Chen</surname>, <given-names>X.</given-names></string-name>, <string-name><surname>Jia</surname>, <given-names>F.</given-names></string-name>, <string-name><surname>Brown</surname>, <given-names>S.</given-names></string-name>, <string-name><surname>Gong</surname>, <given-names>Y.</given-names></string-name> and <string-name><surname>Xu</surname>, <given-names>Y.</given-names></string-name></person-group> (<year>2018</year>), “<article-title>Supply chain finance: a systematic literature review and bibliometric analysis</article-title>”, <source>International Journal of Production Economics</source>, Vol. <volume>204</volume>, pp. <fpage>160</fpage>-<lpage>173</lpage>, doi: <pub-id pub-id-type="doi">10.1016/j.ijpe.2018.08.003</pub-id>.</mixed-citation></ref>
<ref id="ref043"><mixed-citation publication-type="book"><person-group person-group-type="author"><string-name><surname>Yin</surname>, <given-names>R.K.</given-names></string-name></person-group> (<year>1984</year>), <source>Case Studys Research: Design and Methods</source>, <publisher-name>SAGE Publications</publisher-name>, <publisher-loc>London</publisher-loc>.</mixed-citation></ref>
<ref id="ref044"><mixed-citation publication-type="journal"><person-group person-group-type="author"><string-name><surname>Zhan</surname>, <given-names>J.</given-names></string-name>, <string-name><surname>Li</surname>, <given-names>S.</given-names></string-name> and <string-name><surname>Chen</surname>, <given-names>X.</given-names></string-name></person-group> (<year>2018</year>), “<article-title>The impact of financing mechanism on supply chain sustainability and efficiency</article-title>”, <source>Journal of Cleaner Production</source>, Vol. <volume>205</volume>, pp. <fpage>407</fpage>-<lpage>418</lpage>, doi: <pub-id pub-id-type="doi">10.1016/j.jclepro.2018.08.347</pub-id>.</mixed-citation></ref>
<ref id="ref045"><mixed-citation publication-type="journal"><person-group person-group-type="author"><string-name><surname>Zhuo</surname>, <given-names>Q.</given-names></string-name>, <string-name><surname>Chen</surname>, <given-names>X.</given-names></string-name> and <string-name><surname>Li</surname>, <given-names>S.</given-names></string-name></person-group> (<year>2018</year>), “<article-title>Innovative financial approach for agricultural sustainability: a case study of alibaba</article-title>”, <source>Sustainability</source>, Vol. <volume>10</volume> No. <issue>3</issue>, p. <fpage>891</fpage>, doi: <pub-id pub-id-type="doi">10.3390/su10030891</pub-id>.</mixed-citation></ref></ref-list>
</back>
</article>